order_item_id,order_id,product_id,quantity,unit_price,line_gmv
1,1,15,1,173.9,173.9
2,2,40,1,202.48,202.48
3,3,32,2,12.22,24.44
4,3,30,1,67.9,67.9
5,3,14,1,61.39,61.39
6,4,47,2,21.34,42.68
7,4,8,1,20.47,20.47
8,5,14,1,61.39,61.39
9,6,8,1,20.47,20.47
10,6,14,1,61.39,61.39
11,7,28,1,84.15,84.15
12,7,8,2,20.47,40.94
13,8,8,1,20.47,20.47
14,8,6,1,88.2,88.2
15,9,6,2,88.2,176.4
16,10,15,1,173.9,173.9
17,11,44,1,69.13,69.13
18,12,44,1,69.13,69.13
19,13,19,1,152.53,152.53
20,13,35,1,157.65,157.65
21,13,12,2,117.99,235.98
22,14,20,1,42.3,42.3
23,14,8,1,20.47,20.47
24,14,21,1,78.32,78.32
25,15,14,2,61.39,122.78
26,16,31,1,19.71,19.71
27,17,36,1,53.45,53.45
28,18,40,1,202.48,202.48
29,19,14,1,61.39,61.39
30,19,40,3,202.48,607.44
31,19,11,2,115.23,230.46
32,20,44,1,69.13,69.13
33,20,13,1,34.71,34.71
34,21,8,2,20.47,40.94
35,22,43,1,24.61,24.61
36,23,25,1,43.73,43.73
37,24,10,1,163.05,163.05
38,25,40,1,2429.76,2429.76
39,26,19,1,152.53,152.53
40,27,23,1,83.16,83.16
41,27,10,2,163.05,326.1
42,28,23,2,83.16,166.32
43,29,28,2,84.15,168.3
44,30,14,1,61.39,61.39
45,31,33,2,171.28,342.56
46,32,46,1,125.88,125.88
47,33,36,1,53.45,53.45
48,34,36,1,53.45,53.45
49,35,13,1,34.71,34.71
50,36,32,1,12.22,12.22
51,36,10,1,163.05,163.05
52,36,35,1,157.65,157.65
53,37,23,1,83.16,83.16
54,38,44,1,69.13,69.13
55,39,8,1,20.47,20.47
56,40,32,1,12.22,12.22
57,40,15,1,173.9,173.9
58,41,11,3,115.23,345.69
59,42,28,1,84.15,84.15
60,43,35,1,157.65,157.65
61,44,35,2,157.65,315.3
62,45,43,2,24.61,49.22
63,46,9,1,59.69,59.69
64,46,25,1,43.73,43.73
65,47,21,1,78.32,78.32
66,48,14,1,61.39,61.39
67,48,36,1,53.45,53.45
68,49,26,1,124.26,124.26
69,50,25,3,43.73,131.19
70,51,12,1,117.99,117.99
71,52,14,1,61.39,61.39
72,53,36,1,53.45,53.45
73,54,19,2,152.53,305.06
74,54,8,1,20.47,20.47
75,55,29,1,9.2,9.2
76,55,26,1,124.26,124.26
77,56,12,1,117.99,117.99
78,56,25,1,43.73,43.73
79,57,20,1,42.3,42.3
80,58,19,1,152.53,152.53
81,59,40,3,202.48,607.44
82,60,28,1,84.15,84.15
83,61,25,2,43.73,87.46
84,62,27,1,24.68,24.68
85,63,5,2,61.15,122.3
86,63,36,1,53.45,53.45
87,64,25,1,43.73,43.73
88,64,31,1,19.71,19.71
89,65,35,1,157.65,157.65
90,66,22,1,75.66,75.66
91,67,47,1,21.34,21.34
92,67,15,2,173.9,347.8
93,68,13,2,34.71,69.42
94,68,11,1,115.23,115.23
95,68,23,1,83.16,83.16
96,69,22,1,75.66,75.66
97,70,20,1,42.3,42.3
98,71,34,1,43.74,43.74
99,72,3,1,57.71,57.71
100,73,22,1,75.66,75.66
101,73,21,1,78.32,78.32
102,74,43,1,24.61,24.61
103,75,20,1,42.3,42.3
104,75,33,1,171.28,171.28
105,76,42,2,138.05,276.1
106,76,8,1,20.47,20.47
107,77,3,1,57.71,57.71
108,78,43,1,24.61,24.61
109,78,20,1,42.3,42.3
110,79,12,2,117.99,235.98
111,79,36,2,53.45,106.9
112,80,14,3,61.39,184.17
113,81,45,1,31.58,31.58
114,82,47,1,21.34,21.34
115,83,43,2,24.61,49.22
116,83,13,1,34.71,34.71
117,84,13,1,34.71,34.71
118,85,15,2,173.9,347.8
119,86,13,2,34.71,69.42
120,87,31,1,19.71,19.71
121,88,8,1,20.47,20.47
122,89,46,2,125.88,251.76
123,90,23,1,83.16,83.16
124,90,48,1,101.03,101.03
125,91,23,1,83.16,83.16
126,92,8,1,20.47,20.47
127,93,9,1,59.69,59.69
128,94,35,1,157.65,157.65
129,95,12,1,117.99,117.99
130,96,46,2,125.88,251.76
131,97,8,3,20.47,61.41
132,97,23,1,83.16,83.16
133,98,41,1,49.55,49.55
134,99,37,1,141.93,141.93
135,100,36,1,53.45,53.45
136,100,14,1,61.39,61.39
137,101,32,1,12.22,12.22
138,102,12,2,117.99,235.98
139,102,6,1,88.2,88.2
140,102,7,1,143.57,143.57
141,103,28,1,84.15,84.15
142,104,18,1,37.74,37.74
143,105,21,1,78.32,78.32
144,106,10,1,163.05,163.05
145,107,26,2,124.26,248.52
146,108,37,1,141.93,141.93
147,108,35,1,157.65,157.65
148,109,14,1,61.39,61.39
149,110,36,1,53.45,53.45
150,111,42,1,138.05,138.05
151,112,31,1,19.71,19.71
152,113,15,1,173.9,173.9
153,113,44,1,69.13,69.13
154,114,3,1,57.71,57.71
155,114,41,1,49.55,49.55
156,115,8,3,20.47,61.41
157,116,47,1,21.34,21.34
158,117,35,1,157.65,157.65
159,118,21,1,78.32,78.32
160,118,47,1,21.34,21.34
161,118,44,2,69.13,138.26
162,119,31,1,19.71,19.71
163,119,37,1,141.93,141.93
164,120,6,1,88.2,88.2
165,120,17,2,101.25,202.5
166,121,35,1,157.65,157.65
167,122,43,1,24.61,24.61
168,123,36,1,53.45,53.45
169,124,36,1,53.45,53.45
170,124,32,2,12.22,24.44
171,124,41,1,49.55,49.55
172,125,8,1,20.47,20.47
173,126,8,1,20.47,20.47
174,126,46,2,125.88,251.76
175,127,10,2,163.05,326.1
176,128,36,1,53.45,53.45
177,128,42,1,138.05,138.05
178,129,19,1,152.53,152.53
179,129,20,1,42.3,42.3
180,130,10,2,163.05,326.1
181,131,14,1,61.39,61.39
182,132,36,1,53.45,53.45
183,133,37,1,141.93,141.93
184,133,27,1,24.68,24.68
185,134,21,1,78.32,78.32
186,135,12,1,117.99,117.99
187,136,43,1,24.61,24.61
188,137,21,1,78.32,78.32
189,138,44,1,69.13,69.13
190,139,21,2,78.32,156.64
191,140,22,1,75.66,75.66
192,141,22,1,75.66,75.66
193,141,18,1,37.74,37.74
194,142,40,3,202.48,607.44
195,143,36,1,53.45,53.45
196,143,33,2,171.28,342.56
197,143,48,1,101.03,101.03
198,144,47,1,21.34,21.34
199,144,36,1,53.45,53.45
200,145,22,1,75.66,75.66
201,146,21,1,78.32,78.32
202,147,45,1,31.58,31.58
203,148,14,1,61.39,61.39
204,148,18,1,37.74,37.74
205,149,21,1,78.32,78.32
206,150,44,1,69.13,69.13
207,151,3,2,57.71,115.42
208,151,10,2,163.05,326.1
209,152,8,1,20.47,20.47
210,152,23,1,83.16,83.16
211,153,12,1,117.99,117.99
212,154,21,1,78.32,78.32
213,155,20,1,42.3,42.3
214,155,21,1,78.32,78.32
215,156,3,1,57.71,57.71
216,157,36,1,53.45,53.45
217,157,19,1,152.53,152.53
218,157,6,2,88.2,176.4
219,158,23,1,83.16,83.16
220,159,34,2,43.74,87.48
221,159,8,1,20.47,20.47
222,160,13,1,34.71,34.71
223,160,42,1,138.05,138.05
224,161,14,1,61.39,61.39
225,162,45,1,31.58,31.58
226,163,17,1,101.25,101.25
227,164,41,1,49.55,49.55
228,164,20,2,42.3,84.6
229,164,23,1,83.16,83.16
230,165,9,1,59.69,59.69
231,165,35,1,157.65,157.65
232,166,35,1,157.65,157.65
233,167,8,1,20.47,20.47
234,168,26,1,124.26,124.26
235,168,36,1,53.45,53.45
236,169,1,1,114.06,114.06
237,169,30,1,67.9,67.9
238,170,6,1,88.2,88.2
239,171,19,1,152.53,152.53
240,172,10,1,163.05,163.05
241,173,8,1,20.47,20.47
242,174,23,1,83.16,83.16
243,174,34,1,43.74,43.74
244,175,31,1,19.71,19.71
245,176,15,1,173.9,173.9
246,177,26,1,124.26,124.26
247,178,15,1,173.9,173.9
248,179,19,1,152.53,152.53
249,180,25,1,43.73,43.73
250,181,5,2,61.15,122.3
251,182,8,1,20.47,20.47
252,183,8,1,20.47,20.47
253,184,8,1,20.47,20.47
254,185,44,1,69.13,69.13
255,186,37,1,141.93,141.93
256,187,35,1,157.65,157.65
257,187,23,2,83.16,166.32
258,188,5,2,61.15,122.3
259,189,10,1,163.05,163.05
260,190,10,1,163.05,163.05
261,191,14,1,61.39,61.39
262,191,31,2,19.71,39.42
263,192,35,1,157.65,157.65
264,192,10,1,163.05,163.05
265,193,23,1,83.16,83.16
266,194,44,1,69.13,69.13
267,195,18,1,37.74,37.74
268,195,21,1,78.32,78.32
269,196,20,1,42.3,42.3
270,197,8,1,20.47,20.47
271,198,4,1,72.47,72.47
272,199,23,1,83.16,83.16
273,200,42,2,138.05,276.1
274,201,8,1,20.47,20.47
275,202,32,1,12.22,12.22
276,203,46,1,125.88,125.88
277,203,32,1,12.22,12.22
278,203,11,1,115.23,115.23
279,204,35,1,157.65,157.65
280,205,34,1,43.74,43.74
281,206,36,1,53.45,53.45
282,207,44,1,69.13,69.13
283,207,47,1,21.34,21.34
284,208,8,1,20.47,20.47
285,209,47,1,21.34,21.34
286,210,43,1,24.61,24.61
287,211,22,1,75.66,75.66
288,212,36,1,53.45,53.45
289,213,45,1,31.58,31.58
290,214,32,1,12.22,12.22
291,215,3,1,57.71,57.71
292,216,3,1,57.71,57.71
293,217,32,2,12.22,24.44
294,218,42,1,138.05,138.05
295,218,13,1,34.71,34.71
296,219,44,2,69.13,138.26
297,219,47,1,21.34,21.34
298,220,30,1,67.9,67.9
299,221,11,1,115.23,115.23
300,222,33,2,171.28,342.56
301,222,47,1,21.34,21.34
302,223,40,1,202.48,202.48
303,223,32,1,12.22,12.22
304,223,28,2,84.15,168.3
305,224,20,1,42.3,42.3
306,224,43,1,24.61,24.61
307,225,32,1,12.22,12.22
308,226,18,1,37.74,37.74
309,227,45,1,31.58,31.58
310,227,8,1,20.47,20.47
311,228,44,1,69.13,69.13
312,229,33,1,171.28,171.28
313,230,44,2,69.13,138.26
314,230,14,1,61.39,61.39
315,230,11,1,115.23,115.23
316,231,22,2,75.66,151.32
317,232,8,1,20.47,20.47
318,233,14,1,61.39,61.39
319,233,22,2,75.66,151.32
320,234,21,1,78.32,78.32
321,234,8,1,20.47,20.47
322,234,45,2,31.58,63.16
323,235,11,1,115.23,115.23
324,236,33,2,171.28,342.56
325,237,47,2,21.34,42.68
326,238,21,1,78.32,78.32
327,238,32,1,12.22,12.22
328,239,31,1,19.71,19.71
329,239,40,1,202.48,202.48
330,240,8,1,20.47,20.47
331,241,37,2,141.93,283.86
332,242,14,1,61.39,61.39
333,243,32,1,12.22,12.22
334,244,33,1,171.28,171.28
335,245,34,1,43.74,43.74
336,246,35,1,157.65,157.65
337,246,38,1,81.08,81.08
338,247,26,2,124.26,248.52
339,248,23,2,83.16,166.32
340,249,42,1,138.05,138.05
341,250,8,2,20.47,40.94
342,251,8,2,20.47,40.94
343,251,11,2,115.23,230.46
344,252,34,1,43.74,43.74
345,252,31,1,19.71,19.71
346,253,42,1,138.05,138.05
347,253,32,1,12.22,12.22
348,254,26,2,124.26,248.52
349,255,19,1,152.53,152.53
350,256,14,1,61.39,61.39
351,256,8,1,20.47,20.47
352,257,15,2,173.9,347.8
353,257,26,1,124.26,124.26
354,258,22,1,75.66,75.66
355,259,15,1,173.9,173.9
356,260,10,1,163.05,163.05
357,260,21,1,78.32,78.32
358,260,25,1,43.73,43.73
359,261,13,1,34.71,34.71
360,262,19,1,152.53,152.53
361,263,36,1,53.45,53.45
362,263,46,1,125.88,125.88
363,263,20,1,42.3,42.3
364,264,14,1,61.39,61.39
365,265,9,1,59.69,59.69
366,266,37,1,141.93,141.93
367,266,14,1,61.39,61.39
368,267,43,1,24.61,24.61
369,268,36,1,53.45,53.45
370,268,4,1,72.47,72.47
371,269,8,1,20.47,20.47
372,270,21,1,78.32,78.32
373,271,40,2,202.48,404.96
374,271,11,1,115.23,115.23
375,272,39,2,124.06,248.12
376,272,3,1,57.71,57.71
377,273,14,2,61.39,122.78
378,274,13,2,34.71,69.42
379,275,8,1,20.47,20.47
380,276,21,2,78.32,156.64
381,277,11,1,115.23,115.23
382,278,35,1,157.65,157.65
383,279,36,1,53.45,53.45
384,280,19,2,152.53,305.06
385,281,40,2,202.48,404.96
386,282,3,1,57.71,57.71
387,282,46,1,125.88,125.88
388,283,26,1,124.26,124.26
389,284,25,1,43.73,43.73
390,284,30,1,67.9,67.9
391,285,5,1,61.15,61.15
392,286,30,1,67.9,67.9
393,286,34,1,43.74,43.74
394,286,47,1,21.34,21.34
395,287,14,1,61.39,61.39
396,288,8,1,20.47,20.47
397,288,19,1,152.53,152.53
398,288,3,1,57.71,57.71
399,289,8,1,20.47,20.47
400,290,14,1,61.39,61.39
401,291,45,1,31.58,31.58
402,292,15,2,173.9,347.8
403,293,37,1,141.93,141.93
404,293,32,1,12.22,12.22
405,294,37,1,141.93,141.93
406,295,47,1,21.34,21.34
407,296,36,1,53.45,53.45
408,297,3,1,57.71,57.71
409,298,25,1,43.73,43.73
410,299,4,1,72.47,72.47
411,300,36,1,53.45,53.45
412,300,25,1,43.73,43.73
413,300,5,1,61.15,61.15
414,301,32,1,12.22,12.22
415,301,26,1,124.26,124.26
416,302,32,1,12.22,12.22
417,303,5,1,61.15,61.15
418,304,23,1,83.16,83.16
419,305,45,1,31.58,31.58
420,306,28,1,84.15,84.15
421,307,19,1,152.53,152.53
422,307,34,1,43.74,43.74
423,308,28,2,84.15,168.3
424,309,9,2,59.69,119.38
425,309,10,1,163.05,163.05
426,310,40,1,202.48,202.48
427,311,23,3,83.16,249.48
428,312,3,1,57.71,57.71
429,313,32,3,12.22,36.66
430,313,43,1,24.61,24.61
431,314,46,1,125.88,125.88
432,314,44,1,69.13,69.13
433,314,8,1,20.47,20.47
434,315,6,2,88.2,176.4
435,316,35,3,157.65,472.95
436,317,8,1,20.47,20.47
437,318,32,1,12.22,12.22
438,319,21,1,78.32,78.32
439,320,34,1,43.74,43.74
440,321,3,1,57.71,57.71
441,322,44,1,69.13,69.13
442,322,10,1,163.05,163.05
443,323,17,1,101.25,101.25
444,324,13,2,34.71,69.42
445,324,23,1,83.16,83.16
446,325,23,1,83.16,83.16
447,325,12,1,117.99,117.99
448,326,44,1,69.13,69.13
449,327,11,1,115.23,115.23
450,327,25,1,43.73,43.73
451,328,3,1,57.71,57.71
452,328,8,3,20.47,61.41
453,329,42,1,138.05,138.05
454,329,26,2,124.26,248.52
455,329,8,1,20.47,20.47
456,330,8,2,20.47,40.94
457,331,43,1,24.61,24.61
458,331,8,1,20.47,20.47
459,331,14,2,61.39,122.78
460,332,23,2,83.16,166.32
461,332,12,2,117.99,235.98
462,332,44,1,69.13,69.13
463,333,21,1,78.32,78.32
464,334,12,1,117.99,117.99
465,334,32,1,12.22,12.22
466,335,31,2,19.71,39.42
467,335,6,2,88.2,176.4
468,336,21,1,78.32,78.32
469,337,48,1,101.03,101.03
470,338,47,1,21.34,21.34
471,338,20,1,42.3,42.3
472,338,12,2,117.99,235.98
473,339,40,1,202.48,202.48
474,340,43,1,24.61,24.61
475,341,1,1,114.06,114.06
476,341,13,1,34.71,34.71
477,342,23,1,83.16,83.16
478,342,34,3,43.74,131.22
479,343,40,2,202.48,404.96
480,343,32,2,12.22,24.44
481,344,44,3,69.13,207.39
482,345,45,1,31.58,31.58
483,346,45,1,31.58,31.58
484,347,13,2,34.71,69.42
485,347,35,1,157.65,157.65
486,348,21,1,78.32,78.32
487,349,12,1,117.99,117.99
488,350,4,1,72.47,72.47
489,350,28,1,84.15,84.15
490,351,42,1,138.05,138.05
491,352,35,1,157.65,157.65
492,353,28,2,84.15,168.3
493,354,28,2,84.15,168.3
494,355,19,2,152.53,305.06
495,355,3,1,57.71,57.71
496,355,28,1,84.15,84.15
497,356,32,1,12.22,12.22
498,357,42,1,138.05,138.05
499,357,44,1,69.13,69.13
500,358,44,1,69.13,69.13
501,359,35,1,157.65,157.65
502,360,5,1,61.15,61.15
503,360,33,1,171.28,171.28
504,361,12,1,117.99,117.99
505,362,25,1,43.73,43.73
506,363,35,2,157.65,315.3
507,363,32,1,12.22,12.22
508,364,3,1,57.71,57.71
509,364,28,1,84.15,84.15
510,365,20,1,42.3,42.3
511,365,23,2,83.16,166.32
512,365,35,1,157.65,157.65
513,366,4,1,72.47,72.47
514,367,32,2,12.22,24.44
515,368,25,3,43.73,131.19
516,368,3,1,57.71,57.71
517,368,44,1,69.13,69.13
518,369,43,1,24.61,24.61
519,369,41,1,49.55,49.55
520,369,36,1,53.45,53.45
521,370,8,1,20.47,20.47
522,371,13,1,34.71,34.71
523,372,14,1,61.39,61.39
524,373,18,1,37.74,37.74
525,374,3,1,57.71,57.71
526,375,36,1,53.45,53.45
527,376,6,1,88.2,88.2
528,376,23,1,83.16,83.16
529,377,23,1,83.16,83.16
530,378,13,1,34.71,34.71
531,379,27,2,24.68,49.36
532,380,8,2,20.47,40.94
533,380,33,1,171.28,171.28
534,380,21,1,78.32,78.32
535,381,9,1,59.69,59.69
536,382,35,1,157.65,157.65
537,383,33,3,171.28,513.84
538,383,10,1,163.05,163.05
539,384,8,3,20.47,61.41
540,385,8,1,20.47,20.47
541,385,30,1,67.9,67.9
542,386,47,1,21.34,21.34
543,387,14,1,61.39,61.39
544,387,8,1,20.47,20.47
545,388,42,1,138.05,138.05
546,389,37,2,141.93,283.86
547,390,13,1,34.71,34.71
548,391,43,1,24.61,24.61
549,391,14,1,61.39,61.39
550,392,31,1,19.71,19.71
551,393,32,1,12.22,12.22
552,393,35,1,157.65,157.65
553,393,42,1,138.05,138.05
554,394,18,1,37.74,37.74
555,395,44,1,69.13,69.13
556,396,35,1,157.65,157.65
557,397,23,1,83.16,83.16
558,398,43,3,24.61,73.83
559,399,23,1,83.16,83.16
560,400,20,2,42.3,84.6
561,400,23,2,83.16,166.32
562,401,11,1,115.23,115.23
563,402,34,1,43.74,43.74
564,403,15,1,173.9,173.9
565,403,20,1,42.3,42.3
566,404,10,1,163.05,163.05
567,405,18,1,37.74,37.74
568,405,3,3,57.71,173.13
569,405,11,1,115.23,115.23
570,406,47,1,21.34,21.34
571,407,20,2,42.3,84.6
572,408,28,1,84.15,84.15
573,408,8,1,20.47,20.47
574,408,15,1,173.9,173.9
575,409,33,1,171.28,171.28
576,409,14,1,61.39,61.39
577,409,13,1,34.71,34.71
578,410,36,1,53.45,53.45
579,411,11,1,115.23,115.23
580,412,26,1,124.26,124.26
581,413,10,1,163.05,163.05
582,414,43,3,24.61,73.83
583,414,20,1,42.3,42.3
584,415,32,1,12.22,12.22
585,415,44,1,69.13,69.13
586,415,25,1,43.73,43.73
587,416,36,1,53.45,53.45
588,417,18,1,37.74,37.74
589,418,23,1,83.16,83.16
590,418,13,1,34.71,34.71
591,419,22,2,75.66,151.32
592,419,33,2,171.28,342.56
593,419,42,1,138.05,138.05
594,420,8,1,20.47,20.47
595,420,37,2,141.93,283.86
596,421,45,1,31.58,31.58
597,421,21,1,78.32,78.32
598,421,20,1,42.3,42.3
599,422,21,1,78.32,78.32
600,423,28,1,84.15,84.15
601,423,44,1,69.13,69.13
602,424,36,1,53.45,53.45
603,425,46,2,125.88,251.76
604,426,23,1,83.16,83.16
605,426,36,1,53.45,53.45
606,426,42,2,138.05,276.1
607,427,36,1,53.45,53.45
608,428,20,1,42.3,42.3
609,429,22,2,75.66,151.32
610,430,8,1,20.47,20.47
611,431,27,1,24.68,24.68
612,431,44,1,69.13,69.13
613,432,19,2,152.53,305.06
614,432,10,3,163.05,489.15
615,432,35,1,157.65,157.65
616,433,25,1,43.73,43.73
617,434,20,1,42.3,42.3
618,435,26,2,124.26,248.52
619,436,10,1,163.05,163.05
620,436,40,2,202.48,404.96
621,437,6,1,88.2,88.2
622,437,36,1,53.45,53.45
623,438,36,1,53.45,53.45
624,438,39,2,124.06,248.12
625,438,34,2,43.74,87.48
626,439,47,2,21.34,42.68
627,439,35,1,157.65,157.65
628,440,8,1,20.47,20.47
629,441,30,1,67.9,67.9
630,442,21,1,78.32,78.32
631,443,11,1,115.23,115.23
632,443,37,2,141.93,283.86
633,444,10,1,163.05,163.05
634,445,23,1,83.16,83.16
635,446,8,1,20.47,20.47
636,447,44,1,69.13,69.13
637,447,12,1,117.99,117.99
638,448,32,1,12.22,12.22
639,449,23,1,83.16,83.16
640,449,44,1,69.13,69.13
641,450,24,1,29.56,29.56
642,450,36,1,53.45,53.45
643,451,16,1,144.13,144.13
644,452,39,1,124.06,124.06
645,452,19,3,152.53,457.59
646,452,44,1,69.13,69.13
647,453,46,1,125.88,125.88
648,454,8,1,20.47,20.47
649,454,29,1,9.2,9.2
650,455,20,2,42.3,84.6
651,456,16,2,144.13,288.26
652,457,3,1,57.71,57.71
653,457,45,2,31.58,63.16
654,458,3,2,57.71,115.42
655,459,48,2,101.03,202.06
656,460,25,2,43.73,87.46
657,461,46,1,125.88,125.88
658,461,23,1,83.16,83.16
659,462,14,1,61.39,61.39
660,462,12,1,117.99,117.99
661,463,10,1,163.05,163.05
662,463,44,1,69.13,69.13
663,464,6,1,88.2,88.2
664,465,48,1,101.03,101.03
665,465,40,1,202.48,202.48
666,466,27,2,24.68,49.36
667,467,43,1,24.61,24.61
668,468,8,1,20.47,20.47
669,469,14,1,61.39,61.39
670,470,41,2,49.55,99.1
671,471,36,1,53.45,53.45
672,472,14,1,61.39,61.39
673,473,28,1,84.15,84.15
674,474,36,1,53.45,53.45
675,474,38,3,81.08,243.24
676,475,1,3,114.06,342.18
677,475,43,1,24.61,24.61
678,476,36,1,53.45,53.45
679,476,13,1,34.71,34.71
680,477,36,1,53.45,53.45
681,477,8,1,20.47,20.47
682,478,24,2,29.56,59.12
683,478,10,1,163.05,163.05
684,479,31,3,19.71,59.13
685,480,45,1,31.58,31.58
686,481,5,1,61.15,61.15
687,481,13,1,34.71,34.71
688,482,8,1,20.47,20.47
689,482,21,1,78.32,78.32
690,483,42,1,138.05,138.05
691,484,33,2,171.28,342.56
692,485,21,1,78.32,78.32
693,486,25,1,43.73,43.73
694,487,28,1,84.15,84.15
695,488,8,1,20.47,20.47
696,489,23,1,83.16,83.16
697,490,11,1,115.23,115.23
698,491,42,3,138.05,414.15
699,491,46,1,125.88,125.88
700,492,40,1,202.48,202.48
701,492,30,1,67.9,67.9
702,492,35,1,157.65,157.65
703,493,21,1,78.32,78.32
704,494,21,1,78.32,78.32
705,495,8,1,20.47,20.47
706,495,23,1,83.16,83.16
707,496,4,1,72.47,72.47
708,497,8,2,20.47,40.94
709,498,15,1,173.9,173.9
710,499,35,1,157.65,157.65
711,500,28,1,84.15,84.15
712,501,45,2,31.58,63.16
713,501,44,2,69.13,138.26
714,502,15,1,173.9,173.9
715,503,27,1,24.68,24.68
716,503,8,1,20.47,20.47
717,504,43,1,24.61,24.61
718,504,3,1,57.71,57.71
719,505,10,1,163.05,163.05
720,505,25,1,43.73,43.73
721,506,30,1,67.9,67.9
722,506,18,1,37.74,37.74
723,507,40,2,202.48,404.96
724,508,8,1,20.47,20.47
725,508,43,1,24.61,24.61
726,509,36,1,53.45,53.45
727,510,8,1,20.47,20.47
728,511,32,1,12.22,12.22
729,511,14,1,61.39,61.39
730,512,30,2,67.9,135.8
731,512,13,1,34.71,34.71
732,512,37,1,141.93,141.93
733,513,22,1,75.66,75.66
734,513,36,2,53.45,106.9
735,514,39,1,124.06,124.06
736,515,28,1,84.15,84.15
737,516,21,1,78.32,78.32
738,517,10,1,163.05,163.05
739,517,14,1,61.39,61.39
740,517,42,1,138.05,138.05
741,518,8,1,20.47,20.47
742,519,44,1,69.13,69.13
743,520,40,2,202.48,404.96
744,521,32,1,12.22,12.22
745,522,44,1,69.13,69.13
746,523,23,1,83.16,83.16
747,524,36,3,53.45,160.35
748,525,21,1,78.32,78.32
749,526,23,1,83.16,83.16
750,526,44,1,69.13,69.13
751,527,28,1,84.15,84.15
752,527,25,1,43.73,43.73
753,528,44,1,69.13,69.13
754,529,31,1,19.71,19.71
755,530,40,1,202.48,202.48
756,531,25,1,43.73,43.73
757,532,16,1,144.13,144.13
758,533,30,1,67.9,67.9
759,534,37,1,141.93,141.93
760,535,21,1,78.32,78.32
761,535,15,2,173.9,347.8
762,535,44,2,69.13,138.26
763,536,3,1,57.71,57.71
764,536,28,1,84.15,84.15
765,537,26,1,124.26,124.26
766,538,40,2,202.48,404.96
767,539,12,1,117.99,117.99
768,540,30,3,67.9,203.7
769,541,6,1,88.2,88.2
770,541,39,1,124.06,124.06
771,542,38,1,81.08,81.08
772,543,47,2,21.34,42.68
773,544,19,1,152.53,152.53
774,545,14,1,61.39,61.39
775,546,32,1,12.22,12.22
776,546,23,1,83.16,83.16
777,547,18,1,37.74,37.74
778,548,44,1,69.13,69.13
779,549,22,1,75.66,75.66
780,549,42,1,138.05,138.05
781,550,36,1,53.45,53.45
782,551,36,1,53.45,53.45
783,551,40,1,202.48,202.48
784,551,14,1,61.39,61.39
785,552,8,1,20.47,20.47
786,552,36,1,53.45,53.45
787,553,47,2,21.34,42.68
788,553,43,1,24.61,24.61
789,554,40,1,202.48,202.48
790,554,46,1,125.88,125.88
791,554,4,1,72.47,72.47
792,555,21,1,78.32,78.32
793,555,31,1,19.71,19.71
794,556,25,2,43.73,87.46
795,556,35,1,157.65,157.65
796,557,1,1,114.06,114.06
797,557,29,1,9.2,9.2
798,558,6,1,88.2,88.2
799,558,45,1,31.58,31.58
800,558,1,2,114.06,228.12
801,559,14,1,61.39,61.39
802,560,47,1,21.34,21.34
803,560,3,2,57.71,115.42
804,561,42,1,138.05,138.05
805,561,28,2,84.15,168.3
806,562,20,1,42.3,42.3
807,563,35,1,157.65,157.65
808,563,8,2,20.47,40.94
809,564,21,2,78.32,156.64
810,564,3,1,57.71,57.71
811,564,46,1,125.88,125.88
812,565,47,1,21.34,21.34
813,566,32,1,12.22,12.22
814,567,3,1,57.71,57.71
815,568,40,1,202.48,202.48
816,569,28,1,84.15,84.15
817,569,17,3,101.25,303.75
818,570,31,2,19.71,39.42
819,570,20,1,42.3,42.3
820,571,4,1,72.47,72.47
821,572,44,1,69.13,69.13
822,572,6,2,88.2,176.4
823,573,29,1,9.2,9.2
824,574,26,2,124.26,248.52
825,574,15,1,173.9,173.9
826,575,47,1,21.34,21.34
827,576,35,1,157.65,157.65
828,577,42,1,138.05,138.05
829,577,5,1,61.15,61.15
830,578,14,1,61.39,61.39
831,579,23,1,83.16,83.16
832,580,33,1,171.28,171.28
833,581,46,1,125.88,125.88
834,582,1,1,114.06,114.06
835,582,33,1,171.28,171.28
836,583,8,2,20.47,40.94
837,584,21,1,78.32,78.32
838,585,13,1,34.71,34.71
839,586,33,2,171.28,342.56
840,586,43,2,24.61,49.22
841,586,46,1,125.88,125.88
842,587,15,1,173.9,173.9
843,588,47,1,21.34,21.34
844,589,26,1,124.26,124.26
845,589,45,1,31.58,31.58
846,590,8,1,20.47,20.47
847,591,47,1,21.34,21.34
848,592,22,2,75.66,151.32
849,593,28,2,84.15,168.3
850,594,30,1,67.9,67.9
851,595,28,1,84.15,84.15
852,596,32,1,12.22,12.22
853,597,14,2,61.39,122.78
854,598,35,1,157.65,157.65
855,598,28,1,84.15,84.15
856,599,3,1,57.71,57.71
857,599,28,1,84.15,84.15
858,599,31,1,19.71,19.71
859,600,36,1,53.45,53.45
860,601,39,1,124.06,124.06
861,602,15,3,173.9,521.7
862,603,23,1,83.16,83.16
863,604,21,1,78.32,78.32
864,605,14,2,61.39,122.78
865,606,10,1,163.05,163.05
866,607,33,1,171.28,171.28
867,608,4,1,72.47,72.47
868,609,27,1,24.68,24.68
869,610,43,1,24.61,24.61
870,611,44,1,69.13,69.13
871,612,14,1,61.39,61.39
872,612,19,1,152.53,152.53
873,613,34,1,43.74,43.74
874,614,34,1,43.74,43.74
875,614,26,1,124.26,124.26
876,615,32,1,12.22,12.22
877,616,44,1,69.13,69.13
878,617,43,1,24.61,24.61
879,618,36,1,53.45,53.45
880,619,47,1,21.34,21.34
881,620,13,1,34.71,34.71
882,621,30,2,67.9,135.8
883,621,3,1,57.71,57.71
884,622,18,2,37.74,75.48
885,623,13,1,34.71,34.71
886,624,13,1,34.71,34.71
887,624,25,1,43.73,43.73
888,625,43,1,24.61,24.61
889,626,22,1,75.66,75.66
890,626,46,1,125.88,125.88
891,626,47,1,21.34,21.34
892,627,8,1,20.47,20.47
893,628,47,2,21.34,42.68
894,629,30,2,67.9,135.8
895,630,42,2,138.05,276.1
896,631,8,1,20.47,20.47
897,632,29,2,9.2,18.4
898,632,45,1,31.58,31.58
899,633,43,1,24.61,24.61
900,633,36,1,53.45,53.45
901,634,26,1,124.26,124.26
902,635,8,1,20.47,20.47
903,636,14,1,61.39,61.39
904,637,12,1,117.99,117.99
905,638,31,1,19.71,19.71
906,638,9,1,59.69,59.69
907,639,15,1,173.9,173.9
908,640,25,1,43.73,43.73
909,641,47,1,21.34,21.34
910,641,22,1,75.66,75.66
911,642,32,2,12.22,24.44
912,642,43,1,24.61,24.61
913,643,8,1,20.47,20.47
914,644,48,1,101.03,101.03
915,645,20,1,42.3,42.3
916,646,21,1,78.32,78.32
917,647,13,1,34.71,34.71
918,648,3,1,57.71,57.71
919,649,13,1,34.71,34.71
920,649,40,1,202.48,202.48
921,650,10,1,163.05,163.05
922,651,35,1,157.65,157.65
923,651,43,2,24.61,49.22
924,652,18,2,37.74,75.48
925,653,3,1,57.71,57.71
926,653,45,1,31.58,31.58
927,654,44,1,69.13,69.13
928,655,44,2,69.13,138.26
929,656,19,1,152.53,152.53
930,657,43,1,24.61,24.61
931,658,2,1,100.26,100.26
932,659,30,1,67.9,67.9
933,659,44,1,69.13,69.13
934,660,8,3,20.47,61.41
935,660,41,1,49.55,49.55
936,661,28,2,84.15,168.3
937,662,28,1,84.15,84.15
938,663,45,1,31.58,31.58
939,663,36,1,53.45,53.45
940,664,8,1,20.47,20.47
941,665,47,1,21.34,21.34
942,666,14,2,61.39,122.78
943,666,5,2,61.15,122.3
944,667,19,1,152.53,152.53
945,668,17,2,101.25,202.5
946,668,24,1,29.56,29.56
947,668,20,1,42.3,42.3
948,669,14,1,61.39,61.39
949,669,28,1,84.15,84.15
950,670,2,1,100.26,100.26
951,670,21,1,78.32,78.32
952,671,14,1,61.39,61.39
953,672,32,1,12.22,12.22
954,673,36,1,53.45,53.45
955,673,20,1,42.3,42.3
956,674,47,1,21.34,21.34
957,675,36,2,53.45,106.9
958,676,33,1,171.28,171.28
959,677,35,1,157.65,157.65
960,678,46,2,125.88,251.76
961,679,3,1,57.71,57.71
962,679,44,3,69.13,207.39
963,680,28,1,84.15,84.15
964,681,21,1,78.32,78.32
965,681,8,1,20.47,20.47
966,681,28,1,84.15,84.15
967,682,32,3,12.22,36.66
968,683,8,1,20.47,20.47
969,684,30,1,67.9,67.9
970,684,44,1,69.13,69.13
971,685,32,2,12.22,24.44
972,686,37,1,141.93,141.93
973,687,28,2,84.15,168.3
974,688,46,1,125.88,125.88
975,689,25,1,43.73,43.73
976,690,12,1,117.99,117.99
977,691,23,1,83.16,83.16
978,692,23,2,83.16,166.32
979,693,44,1,69.13,69.13
980,694,45,1,31.58,31.58
981,694,44,1,69.13,69.13
982,695,44,1,69.13,69.13
983,696,43,1,24.61,24.61
984,697,21,1,78.32,78.32
985,697,14,1,61.39,61.39
986,697,23,1,83.16,83.16
987,698,42,1,138.05,138.05
988,698,48,2,101.03,202.06
989,699,35,2,157.65,315.3
990,699,4,2,72.47,144.94
991,699,11,1,115.23,115.23
992,700,17,2,101.25,202.5
993,701,44,1,69.13,69.13
994,701,40,1,202.48,202.48
995,702,32,1,12.22,12.22
996,703,15,2,173.9,347.8
997,703,35,1,157.65,157.65
998,704,47,1,21.34,21.34
999,705,32,2,12.22,24.44
1000,706,12,1,117.99,117.99
1001,707,2,1,100.26,100.26
1002,707,10,1,163.05,163.05
1003,707,3,1,57.71,57.71
1004,708,6,1,88.2,88.2
1005,709,39,1,124.06,124.06
1006,710,14,1,61.39,61.39
1007,711,32,1,12.22,12.22
1008,712,25,1,43.73,43.73
1009,713,36,2,53.45,106.9
1010,714,2,1,100.26,100.26
1011,715,19,1,152.53,152.53
1012,716,47,3,21.34,64.02
1013,716,28,1,84.15,84.15
1014,716,40,1,202.48,202.48
1015,717,26,1,124.26,124.26
1016,717,12,2,117.99,235.98
1017,717,13,1,34.71,34.71
1018,718,47,1,21.34,21.34
1019,719,10,1,163.05,163.05
1020,720,40,1,202.48,202.48
1021,720,21,1,78.32,78.32
1022,720,13,1,34.71,34.71
1023,721,46,1,125.88,125.88
1024,722,14,1,61.39,61.39
1025,722,10,1,163.05,163.05
1026,723,40,1,202.48,202.48
1027,724,36,2,53.45,106.9
1028,725,12,2,117.99,235.98
1029,726,8,2,20.47,40.94
1030,726,42,1,138.05,138.05
1031,727,36,1,53.45,53.45
1032,728,44,1,69.13,69.13
1033,729,35,1,157.65,157.65
1034,729,14,2,61.39,122.78
1035,730,20,1,42.3,42.3
1036,731,44,3,69.13,207.39
1037,732,12,1,117.99,117.99
1038,733,35,3,157.65,472.95
1039,733,30,2,67.9,135.8
1040,734,10,1,163.05,163.05
1041,735,47,1,21.34,21.34
1042,736,28,1,84.15,84.15
1043,737,8,1,20.47,20.47
1044,738,25,1,43.73,43.73
1045,738,8,2,20.47,40.94
1046,739,22,2,75.66,151.32
1047,740,19,2,152.53,305.06
1048,740,10,1,163.05,163.05
1049,740,45,1,31.58,31.58
1050,741,23,1,83.16,83.16
1051,742,20,1,42.3,42.3
1052,742,1,1,114.06,114.06
1053,743,17,1,101.25,101.25
1054,744,23,1,83.16,83.16
1055,744,20,1,42.3,42.3
1056,745,8,1,20.47,20.47
1057,745,35,1,157.65,157.65
1058,746,41,1,49.55,49.55
1059,747,43,1,24.61,24.61
1060,747,35,1,157.65,157.65
1061,748,22,1,75.66,75.66
1062,749,6,1,88.2,88.2
1063,750,14,1,61.39,61.39
1064,751,39,1,124.06,124.06
1065,752,3,1,57.71,57.71
1066,753,36,3,53.45,160.35
1067,754,13,2,34.71,69.42
1068,755,21,1,78.32,78.32
1069,756,12,1,117.99,117.99
1070,757,42,1,138.05,138.05
1071,758,30,1,67.9,67.9
1072,759,44,2,69.13,138.26
1073,760,12,1,117.99,117.99
1074,761,12,1,117.99,117.99
1075,761,30,2,67.9,135.8
1076,762,20,1,42.3,42.3
1077,762,14,1,61.39,61.39
1078,763,37,2,141.93,283.86
1079,764,38,3,81.08,243.24
1080,765,11,1,115.23,115.23
1081,766,28,1,84.15,84.15
1082,767,15,2,173.9,347.8
1083,768,39,2,124.06,248.12
1084,769,44,1,69.13,69.13
1085,770,47,1,21.34,21.34
1086,770,3,1,57.71,57.71
1087,771,37,1,141.93,141.93
1088,772,37,1,141.93,141.93
1089,772,44,1,69.13,69.13
1090,773,35,1,157.65,157.65
1091,774,23,1,83.16,83.16
1092,775,21,1,78.32,78.32
1093,775,3,1,57.71,57.71
1094,776,10,1,163.05,163.05
1095,777,10,1,163.05,163.05
1096,778,28,2,84.15,168.3
1097,778,40,1,202.48,202.48
1098,779,8,1,20.47,20.47
1099,780,21,3,78.32,234.96
1100,780,48,1,101.03,101.03
1101,781,47,1,21.34,21.34
1102,782,27,1,24.68,24.68
1103,782,43,1,24.61,24.61
1104,783,45,1,31.58,31.58
1105,784,3,1,57.71,57.71
1106,785,46,1,125.88,125.88
1107,785,31,1,19.71,19.71
1108,786,23,1,83.16,83.16
1109,786,24,3,29.56,88.68
1110,786,35,1,157.65,157.65
1111,787,23,1,83.16,83.16
1112,788,6,1,88.2,88.2
1113,789,18,2,37.74,75.48
1114,789,45,1,31.58,31.58
1115,789,32,2,12.22,24.44
1116,790,35,1,157.65,157.65
1117,791,44,1,69.13,69.13
1118,792,25,1,43.73,43.73
1119,793,43,1,24.61,24.61
1120,794,14,1,61.39,61.39
1121,795,32,3,12.22,36.66
1122,795,4,1,72.47,72.47
1123,796,23,1,83.16,83.16
1124,796,44,3,69.13,207.39
1125,797,14,1,61.39,61.39
1126,798,6,1,88.2,88.2
1127,799,12,1,117.99,117.99
1128,799,36,2,53.45,106.9
1129,800,27,1,24.68,24.68
1130,801,21,1,78.32,78.32
1131,801,44,1,69.13,69.13
1132,802,28,1,84.15,84.15
1133,803,27,1,24.68,24.68
1134,803,23,1,83.16,83.16
1135,804,14,1,61.39,61.39
1136,805,28,1,84.15,84.15
1137,805,6,3,88.2,264.6
1138,806,33,2,171.28,342.56
1139,807,40,1,202.48,202.48
1140,807,21,1,78.32,78.32
1141,808,8,1,20.47,20.47
1142,809,25,1,43.73,43.73
1143,810,10,1,163.05,163.05
1144,810,43,1,24.61,24.61
1145,811,38,1,81.08,81.08
1146,811,40,1,202.48,202.48
1147,812,20,1,42.3,42.3
1148,813,43,1,24.61,24.61
1149,813,11,1,115.23,115.23
1150,814,43,2,24.61,49.22
1151,815,6,2,88.2,176.4
1152,816,3,1,57.71,57.71
1153,817,2,1,100.26,100.26
1154,818,14,1,61.39,61.39
1155,818,20,1,42.3,42.3
1156,819,27,1,24.68,24.68
1157,820,31,1,19.71,19.71
1158,820,33,2,171.28,342.56
1159,821,25,1,43.73,43.73
1160,822,35,1,157.65,157.65
1161,823,45,1,31.58,31.58
1162,824,23,1,83.16,83.16
1163,825,36,2,53.45,106.9
1164,825,35,1,157.65,157.65
1165,825,47,1,21.34,21.34
1166,826,20,2,42.3,84.6
1167,827,15,3,173.9,521.7
1168,827,23,1,83.16,83.16
1169,828,25,1,43.73,43.73
1170,829,14,1,61.39,61.39
1171,829,32,1,12.22,12.22
1172,829,3,1,57.71,57.71
1173,830,20,1,42.3,42.3
1174,830,47,3,21.34,64.02
1175,830,21,1,78.32,78.32
1176,831,26,1,124.26,124.26
1177,832,46,1,125.88,125.88
1178,832,32,1,12.22,12.22
1179,832,14,1,61.39,61.39
1180,833,25,1,43.73,43.73
1181,834,18,1,37.74,37.74
1182,835,18,1,37.74,37.74
1183,836,25,2,43.73,87.46
1184,837,42,2,138.05,276.1
1185,838,32,1,12.22,12.22
1186,839,47,1,21.34,21.34
1187,839,36,1,53.45,53.45
1188,840,45,1,31.58,31.58
1189,841,35,1,157.65,157.65
1190,842,42,2,138.05,276.1
1191,843,45,3,31.58,94.74
1192,844,45,1,31.58,31.58
1193,844,3,1,57.71,57.71
1194,845,23,1,83.16,83.16
1195,846,43,1,24.61,24.61
1196,847,36,1,53.45,53.45
1197,847,23,1,83.16,83.16
1198,848,36,1,53.45,53.45
1199,849,46,1,125.88,125.88
1200,849,18,1,37.74,37.74
1201,849,6,3,88.2,264.6
1202,850,30,1,67.9,67.9
1203,851,40,1,202.48,202.48
1204,851,11,1,115.23,115.23
1205,851,18,1,37.74,37.74
1206,852,10,2,163.05,326.1
1207,853,8,1,20.47,20.47
1208,853,37,1,141.93,141.93
1209,854,40,1,202.48,202.48
1210,854,28,2,84.15,168.3
1211,855,10,1,163.05,163.05
1212,856,14,2,61.39,122.78
1213,856,21,1,78.32,78.32
1214,857,37,1,141.93,141.93
1215,858,14,1,61.39,61.39
1216,859,32,1,12.22,12.22
1217,859,2,1,100.26,100.26
1218,859,14,2,61.39,122.78
1219,860,39,1,124.06,124.06
1220,861,36,1,53.45,53.45
1221,862,4,1,72.47,72.47
1222,863,43,2,24.61,49.22
1223,864,14,1,61.39,61.39
1224,864,23,2,83.16,166.32
1225,865,32,1,12.22,12.22
1226,866,8,1,20.47,20.47
1227,867,37,1,141.93,141.93
1228,867,31,1,19.71,19.71
1229,868,14,1,61.39,61.39
1230,869,18,2,37.74,75.48
1231,869,28,1,84.15,84.15
1232,870,41,2,49.55,99.1
1233,871,48,1,101.03,101.03
1234,871,32,2,12.22,24.44
1235,871,11,1,115.23,115.23
1236,872,23,1,83.16,83.16
1237,873,34,1,43.74,43.74
1238,874,21,2,78.32,156.64
1239,875,19,1,152.53,152.53
1240,875,10,2,163.05,326.1
1241,876,21,1,78.32,78.32
1242,877,32,1,12.22,12.22
1243,877,3,2,57.71,115.42
1244,878,28,1,84.15,84.15
1245,879,14,1,61.39,61.39
1246,880,42,1,138.05,138.05
1247,881,8,2,20.47,40.94
1248,882,44,1,69.13,69.13
1249,882,13,1,34.71,34.71
1250,882,8,1,20.47,20.47
1251,883,8,1,20.47,20.47
1252,884,8,1,20.47,20.47
1253,885,8,1,20.47,20.47
1254,885,35,2,157.65,315.3
1255,886,4,2,72.47,144.94
1256,886,46,1,125.88,125.88
1257,887,8,1,20.47,20.47
1258,888,34,2,43.74,87.48
1259,889,28,1,84.15,84.15
1260,889,35,1,157.65,157.65
1261,889,33,1,171.28,171.28
1262,890,33,1,171.28,171.28
1263,891,30,1,67.9,67.9
1264,892,47,1,21.34,21.34
1265,893,11,1,115.23,115.23
1266,893,3,1,57.71,57.71
1267,894,32,1,12.22,12.22
1268,895,14,1,61.39,61.39
1269,895,10,1,163.05,163.05
1270,896,39,1,124.06,124.06
1271,896,14,1,61.39,61.39
1272,897,45,1,31.58,31.58
1273,898,4,1,72.47,72.47
1274,899,44,1,69.13,69.13
1275,899,41,1,49.55,49.55
1276,900,11,1,115.23,115.23
1277,901,22,1,75.66,75.66
1278,902,14,1,61.39,61.39
1279,902,3,1,57.71,57.71
1280,903,3,1,57.71,57.71
1281,903,10,1,163.05,163.05
1282,903,33,1,171.28,171.28
1283,904,42,1,138.05,138.05
1284,905,33,2,171.28,342.56
1285,905,19,1,152.53,152.53
1286,906,10,1,163.05,163.05
1287,906,17,1,101.25,101.25
1288,907,12,1,117.99,117.99
1289,908,19,1,152.53,152.53
1290,908,10,1,163.05,163.05
1291,909,27,3,24.68,74.04
1292,910,30,1,67.9,67.9
1293,911,14,2,61.39,122.78
1294,912,40,2,202.48,404.96
1295,913,19,1,152.53,152.53
1296,913,12,1,117.99,117.99
1297,914,42,1,138.05,138.05
1298,915,36,1,53.45,53.45
1299,915,32,1,12.22,12.22
1300,916,43,1,24.61,24.61
1301,917,31,1,19.71,19.71
1302,918,36,1,53.45,53.45
1303,919,12,1,117.99,117.99
1304,920,21,1,78.32,78.32
1305,921,28,1,84.15,84.15
1306,922,21,1,78.32,78.32
1307,923,35,1,157.65,157.65
1308,923,42,1,138.05,138.05
1309,924,18,1,37.74,37.74
1310,925,8,1,20.47,20.47
1311,925,11,1,115.23,115.23
1312,926,44,1,69.13,69.13
1313,926,41,1,49.55,49.55
1314,927,28,1,84.15,84.15
1315,928,30,1,67.9,67.9
1316,928,26,2,124.26,248.52
1317,929,10,1,163.05,163.05
1318,930,25,1,43.73,43.73
1319,930,28,1,84.15,84.15
1320,931,10,1,163.05,163.05
1321,931,43,1,24.61,24.61
1322,932,37,1,141.93,141.93
1323,932,1,1,114.06,114.06
1324,933,30,1,67.9,67.9
1325,934,43,1,24.61,24.61
1326,935,3,1,57.71,57.71
1327,935,36,1,53.45,53.45
1328,936,12,1,117.99,117.99
1329,937,8,1,20.47,20.47
1330,938,40,2,202.48,404.96
1331,938,23,1,83.16,83.16
1332,939,34,2,43.74,87.48
1333,940,35,1,157.65,157.65
1334,941,37,3,141.93,425.79
1335,941,39,1,124.06,124.06
1336,942,42,2,138.05,276.1
1337,942,13,1,34.71,34.71
1338,943,25,2,43.73,87.46
1339,944,31,1,19.71,19.71
1340,945,35,1,157.65,157.65
1341,946,10,2,163.05,326.1
1342,947,17,1,101.25,101.25
1343,947,6,1,88.2,88.2
1344,948,23,1,83.16,83.16
1345,949,34,1,43.74,43.74
1346,950,29,2,9.2,18.4
1347,951,47,1,21.34,21.34
1348,951,34,1,43.74,43.74
1349,952,42,1,138.05,138.05
1350,952,28,1,84.15,84.15
1351,953,46,1,125.88,125.88
1352,953,45,1,31.58,31.58
1353,953,36,1,53.45,53.45
1354,954,13,1,34.71,34.71
1355,954,22,3,75.66,226.98
1356,955,21,2,78.32,156.64
1357,956,28,1,84.15,84.15
1358,957,8,1,20.47,20.47
1359,957,12,2,117.99,235.98
1360,957,27,1,24.68,24.68
1361,958,32,2,12.22,24.44
1362,958,14,1,61.39,61.39
1363,959,15,1,173.9,173.9
1364,960,40,2,202.48,404.96
1365,961,35,2,157.65,315.3
1366,962,30,1,67.9,67.9
1367,962,19,1,152.53,152.53
1368,963,35,1,157.65,157.65
1369,963,8,1,20.47,20.47
1370,963,6,1,88.2,88.2
1371,964,44,2,69.13,138.26
1372,965,8,2,20.47,40.94
1373,965,32,1,12.22,12.22
1374,966,13,2,34.71,69.42
1375,966,6,1,88.2,88.2
1376,966,4,1,72.47,72.47
1377,967,45,1,31.58,31.58
1378,967,23,1,83.16,83.16
1379,968,12,2,117.99,235.98
1380,969,28,1,84.15,84.15
1381,970,3,1,57.71,57.71
1382,970,23,2,83.16,166.32
1383,971,21,1,78.32,78.32
1384,971,30,1,67.9,67.9
1385,972,20,1,42.3,42.3
1386,973,22,1,75.66,75.66
1387,974,2,1,100.26,100.26
1388,975,37,1,141.93,141.93
1389,976,23,1,83.16,83.16
1390,977,13,2,34.71,69.42
1391,978,28,1,84.15,84.15
1392,979,26,1,124.26,124.26
1393,980,19,2,152.53,305.06
1394,981,36,2,53.45,106.9
1395,982,37,1,141.93,141.93
1396,983,34,1,43.74,43.74
1397,983,22,1,75.66,75.66
1398,983,42,2,138.05,276.1
1399,984,46,1,125.88,125.88
1400,985,47,1,21.34,21.34
1401,986,44,1,69.13,69.13
1402,987,41,1,49.55,49.55
1403,988,8,1,20.47,20.47
1404,988,14,2,61.39,122.78
1405,989,32,2,12.22,24.44
1406,990,33,1,171.28,171.28
1407,991,30,2,67.9,135.8
1408,992,1,2,114.06,228.12
1409,993,36,1,53.45,53.45
1410,994,35,1,157.65,157.65
1411,995,28,2,84.15,168.3
1412,996,25,1,43.73,43.73
1413,997,10,1,163.05,163.05
1414,997,3,1,57.71,57.71
1415,998,36,1,53.45,53.45
1416,999,3,2,57.71,115.42
1417,1000,40,1,202.48,202.48
1418,1001,44,1,69.13,69.13
1419,1001,37,1,141.93,141.93
1420,1001,46,3,125.88,377.64
1421,1002,10,1,163.05,163.05
1422,1003,38,1,81.08,81.08
1423,1004,35,1,157.65,157.65
1424,1005,32,1,12.22,12.22
1425,1006,17,1,101.25,101.25
1426,1007,3,1,57.71,57.71
1427,1008,4,3,72.47,217.41
1428,1009,8,1,20.47,20.47
1429,1009,1,1,114.06,114.06
1430,1010,44,1,69.13,69.13
1431,1011,43,1,24.61,24.61
1432,1011,23,1,83.16,83.16
1433,1012,43,1,24.61,24.61
1434,1013,44,1,69.13,69.13
1435,1014,22,1,75.66,75.66
1436,1014,35,1,157.65,157.65
1437,1015,28,1,84.15,84.15
1438,1016,41,3,49.55,148.65
1439,1016,25,1,43.73,43.73
1440,1016,20,1,42.3,42.3
1441,1017,26,2,124.26,248.52
1442,1018,14,2,61.39,122.78
1443,1018,8,1,20.47,20.47
1444,1019,43,1,24.61,24.61
1445,1019,36,1,53.45,53.45
1446,1020,17,3,101.25,303.75
1447,1021,18,1,37.74,37.74
1448,1022,28,1,84.15,84.15
1449,1022,19,1,152.53,152.53
1450,1023,28,1,84.15,84.15
1451,1024,3,1,57.71,57.71
1452,1025,12,2,117.99,235.98
1453,1026,44,1,69.13,69.13
1454,1026,36,2,53.45,106.9
1455,1026,15,1,173.9,173.9
1456,1027,12,1,117.99,117.99
1457,1028,28,2,84.15,168.3
1458,1029,22,1,75.66,75.66
1459,1030,47,1,21.34,21.34
1460,1031,4,1,72.47,72.47
1461,1032,8,1,20.47,20.47
1462,1033,11,1,115.23,115.23
1463,1033,44,1,69.13,69.13
1464,1034,35,1,157.65,157.65
1465,1034,6,1,88.2,88.2
1466,1034,20,2,42.3,84.6
1467,1035,15,1,173.9,173.9
1468,1036,39,1,124.06,124.06
1469,1037,14,1,61.39,61.39
1470,1038,3,1,57.71,57.71
1471,1039,36,1,53.45,53.45
1472,1040,21,2,78.32,156.64
1473,1041,32,1,12.22,12.22
1474,1042,23,2,83.16,166.32
1475,1042,27,1,24.68,24.68
1476,1043,14,1,61.39,61.39
1477,1044,43,1,24.61,24.61
1478,1045,32,1,12.22,12.22
1479,1046,26,2,124.26,248.52
1480,1046,14,1,61.39,61.39
1481,1047,43,1,24.61,24.61
1482,1047,11,1,115.23,115.23
1483,1047,20,1,42.3,42.3
1484,1048,29,1,9.2,9.2
1485,1049,10,1,163.05,163.05
1486,1050,28,1,84.15,84.15
1487,1051,1,1,114.06,114.06
1488,1052,21,2,78.32,156.64
1489,1052,34,1,43.74,43.74
1490,1053,20,1,42.3,42.3
1491,1054,31,2,19.71,39.42
1492,1055,28,1,84.15,84.15
1493,1055,47,1,21.34,21.34
1494,1056,39,1,124.06,124.06
1495,1056,2,2,100.26,200.52
1496,1057,15,1,173.9,173.9
1497,1058,13,1,34.71,34.71
1498,1058,5,1,61.15,61.15
1499,1059,8,1,20.47,20.47
1500,1060,10,2,163.05,326.1
1501,1060,14,1,61.39,61.39
1502,1060,32,1,12.22,12.22
1503,1061,42,1,138.05,138.05
1504,1061,18,1,37.74,37.74
1505,1062,19,1,152.53,152.53
1506,1063,22,1,75.66,75.66
1507,1063,47,2,21.34,42.68
1508,1064,36,1,53.45,53.45
1509,1065,25,2,43.73,87.46
1510,1066,15,1,173.9,173.9
1511,1066,27,1,24.68,24.68
1512,1066,8,1,20.47,20.47
1513,1067,37,1,141.93,141.93
1514,1068,9,1,59.69,59.69
1515,1069,40,2,202.48,404.96
1516,1070,23,1,83.16,83.16
1517,1070,42,1,138.05,138.05
1518,1070,3,1,57.71,57.71
1519,1071,13,1,34.71,34.71
1520,1072,12,2,117.99,235.98
1521,1072,15,1,173.9,173.9
1522,1073,8,1,20.47,20.47
1523,1074,45,1,31.58,31.58
1524,1075,36,1,53.45,53.45
1525,1075,32,1,12.22,12.22
1526,1076,5,1,61.15,61.15
1527,1077,19,1,152.53,152.53
1528,1078,41,1,49.55,49.55
1529,1079,28,1,84.15,84.15
1530,1080,10,2,163.05,326.1
1531,1081,36,1,53.45,53.45
1532,1081,3,1,57.71,57.71
1533,1082,44,1,69.13,69.13
1534,1083,32,3,12.22,36.66
1535,1084,40,2,202.48,404.96
1536,1084,12,1,117.99,117.99
1537,1085,28,1,84.15,84.15
1538,1085,10,1,163.05,163.05
1539,1086,26,1,124.26,124.26
1540,1087,26,2,124.26,248.52
1541,1088,21,1,78.32,78.32
1542,1089,35,1,157.65,157.65
1543,1090,42,1,138.05,138.05
1544,1090,35,2,157.65,315.3
1545,1090,6,1,88.2,88.2
1546,1091,35,1,157.65,157.65
1547,1092,24,1,29.56,29.56
1548,1093,29,1,9.2,9.2
1549,1093,14,2,61.39,122.78
1550,1093,43,2,24.61,49.22
1551,1094,10,2,163.05,326.1
1552,1095,42,1,138.05,138.05
1553,1096,36,1,53.45,53.45
1554,1097,19,1,152.53,152.53
1555,1097,23,2,83.16,166.32
1556,1098,30,1,67.9,67.9
1557,1098,11,1,115.23,115.23
1558,1099,35,1,157.65,157.65
1559,1100,21,1,78.32,78.32
1560,1101,37,1,141.93,141.93
1561,1102,44,1,69.13,69.13
1562,1102,8,1,20.47,20.47
1563,1103,12,1,117.99,117.99
1564,1103,40,1,202.48,202.48
1565,1104,32,1,12.22,12.22
1566,1104,25,2,43.73,87.46
1567,1105,14,2,61.39,122.78
1568,1106,12,1,117.99,117.99
1569,1107,45,1,31.58,31.58
1570,1108,32,1,12.22,12.22
1571,1108,44,1,69.13,69.13
1572,1109,46,1,125.88,125.88
1573,1109,35,1,157.65,157.65
1574,1110,44,1,69.13,69.13
1575,1110,23,1,83.16,83.16
1576,1111,19,2,152.53,305.06
1577,1112,44,1,69.13,69.13
1578,1113,43,2,24.61,49.22
1579,1114,46,2,125.88,251.76
1580,1115,8,3,20.47,61.41
1581,1115,47,1,21.34,21.34
1582,1115,23,1,83.16,83.16
1583,1116,42,1,138.05,138.05
1584,1116,35,1,157.65,157.65
1585,1116,14,1,61.39,61.39
1586,1117,44,1,69.13,69.13
1587,1118,10,1,163.05,163.05
1588,1118,18,1,37.74,37.74
1589,1119,43,3,24.61,73.83
1590,1119,31,2,19.71,39.42
1591,1119,47,2,21.34,42.68
1592,1120,8,1,20.47,20.47
1593,1120,4,1,72.47,72.47
1594,1121,5,1,61.15,61.15
1595,1122,10,1,163.05,163.05
1596,1123,46,2,125.88,251.76
1597,1124,30,1,67.9,67.9
1598,1125,28,1,84.15,84.15
1599,1126,36,1,53.45,53.45
1600,1127,3,1,57.71,57.71
1601,1128,43,1,24.61,24.61
1602,1129,18,1,37.74,37.74
1603,1130,40,2,202.48,404.96
1604,1130,47,1,21.34,21.34
1605,1131,25,1,43.73,43.73
1606,1132,42,2,138.05,276.1
1607,1132,21,3,78.32,234.96
1608,1132,47,1,21.34,21.34
1609,1133,34,1,43.74,43.74
1610,1133,43,1,24.61,24.61
1611,1134,14,1,61.39,61.39
1612,1135,39,1,124.06,124.06
1613,1136,35,1,157.65,157.65
1614,1137,8,1,20.47,20.47
1615,1138,28,1,84.15,84.15
1616,1139,19,1,152.53,152.53
1617,1140,28,2,84.15,168.3
1618,1141,8,1,20.47,20.47
1619,1141,3,1,57.71,57.71
1620,1142,40,1,202.48,202.48
1621,1143,23,1,83.16,83.16
1622,1144,23,2,83.16,166.32
1623,1144,48,1,101.03,101.03
1624,1145,44,1,69.13,69.13
1625,1146,10,1,163.05,163.05
1626,1147,14,1,61.39,61.39
1627,1148,36,1,53.45,53.45
1628,1149,20,1,42.3,42.3
1629,1149,43,3,24.61,73.83
1630,1149,13,1,34.71,34.71
1631,1150,47,1,21.34,21.34
1632,1151,40,1,202.48,202.48
1633,1152,21,1,78.32,78.32
1634,1153,30,1,67.9,67.9
1635,1154,21,1,78.32,78.32
1636,1155,8,1,20.47,20.47
1637,1155,46,2,125.88,251.76
1638,1156,28,1,84.15,84.15
1639,1157,35,1,157.65,157.65
1640,1157,46,1,125.88,125.88
1641,1157,11,1,115.23,115.23
1642,1158,21,1,78.32,78.32
1643,1159,8,1,20.47,20.47
1644,1160,14,1,61.39,61.39
1645,1161,21,1,78.32,78.32
1646,1161,44,1,69.13,69.13
1647,1162,20,1,42.3,42.3
1648,1163,12,1,117.99,117.99
1649,1164,2,1,100.26,100.26
1650,1164,14,1,61.39,61.39
1651,1164,10,1,163.05,163.05
1652,1165,43,1,24.61,24.61
1653,1166,15,3,173.9,521.7
1654,1166,47,1,21.34,21.34
1655,1167,10,1,163.05,163.05
1656,1168,42,1,138.05,138.05
1657,1169,15,1,173.9,173.9
1658,1170,12,1,117.99,117.99
1659,1171,39,2,124.06,248.12
1660,1171,42,3,138.05,414.15
1661,1172,11,1,115.23,115.23
1662,1173,17,1,101.25,101.25
1663,1174,20,1,42.3,42.3
1664,1174,32,1,12.22,12.22
1665,1175,47,1,21.34,21.34
1666,1176,25,1,43.73,43.73
1667,1177,3,1,57.71,57.71
1668,1178,14,1,61.39,61.39
1669,1179,8,1,20.47,20.47
1670,1180,11,2,115.23,230.46
1671,1180,32,1,12.22,12.22
1672,1181,43,1,24.61,24.61
1673,1182,8,1,20.47,20.47
1674,1182,22,1,75.66,75.66
1675,1183,28,1,84.15,84.15
1676,1184,35,1,157.65,157.65
1677,1185,48,3,101.03,303.09
1678,1186,25,1,43.73,43.73
1679,1187,25,1,43.73,43.73
1680,1187,8,1,20.47,20.47
1681,1188,4,1,72.47,72.47
1682,1189,2,1,100.26,100.26
1683,1190,4,1,72.47,72.47
1684,1191,30,1,67.9,67.9
1685,1192,12,1,117.99,117.99
1686,1193,34,1,43.74,43.74
1687,1194,21,1,78.32,78.32
1688,1194,23,2,83.16,166.32
1689,1195,25,2,43.73,87.46
1690,1195,21,1,78.32,78.32
1691,1196,45,1,31.58,31.58
1692,1197,14,1,61.39,61.39
1693,1198,2,1,100.26,100.26
1694,1199,3,1,57.71,57.71
1695,1200,21,1,78.32,78.32
1696,1200,20,1,42.3,42.3
1697,1201,28,1,84.15,84.15
1698,1202,40,1,202.48,202.48
1699,1203,35,1,157.65,157.65
1700,1204,37,2,141.93,283.86
1701,1204,16,1,144.13,144.13
1702,1205,40,1,202.48,202.48
1703,1206,42,1,138.05,138.05
1704,1207,30,1,67.9,67.9
1705,1208,37,1,141.93,141.93
1706,1208,8,1,20.47,20.47
1707,1209,32,2,12.22,24.44
1708,1210,15,2,173.9,347.8
1709,1211,43,1,24.61,24.61
1710,1212,37,2,141.93,283.86
1711,1212,12,1,117.99,117.99
1712,1213,36,1,53.45,53.45
1713,1214,8,2,20.47,40.94
1714,1215,44,1,69.13,69.13
1715,1216,23,1,83.16,83.16
1716,1216,14,1,61.39,61.39
1717,1217,28,2,84.15,168.3
1718,1217,35,1,157.65,157.65
1719,1217,14,2,61.39,122.78
1720,1218,43,1,24.61,24.61
1721,1219,21,2,78.32,156.64
1722,1220,9,1,59.69,59.69
1723,1220,23,1,83.16,83.16
1724,1221,21,1,78.32,78.32
1725,1222,23,1,83.16,83.16
1726,1223,20,1,42.3,42.3
1727,1224,12,1,117.99,117.99
1728,1225,15,1,173.9,173.9
1729,1226,21,2,78.32,156.64
1730,1227,47,1,21.34,21.34
1731,1228,47,1,21.34,21.34
1732,1229,9,1,59.69,59.69
1733,1230,28,1,84.15,84.15
1734,1230,43,2,24.61,49.22
1735,1231,15,1,173.9,173.9
1736,1232,40,1,202.48,202.48
1737,1233,35,1,157.65,157.65
1738,1234,35,1,157.65,157.65
1739,1235,28,3,84.15,252.45
1740,1236,25,2,43.73,87.46
1741,1236,14,1,61.39,61.39
1742,1237,14,1,61.39,61.39
1743,1237,32,1,12.22,12.22
1744,1238,33,1,171.28,171.28
1745,1238,47,1,21.34,21.34
1746,1239,19,1,152.53,152.53
1747,1239,43,1,24.61,24.61
1748,1239,20,1,42.3,42.3
1749,1240,23,1,83.16,83.16
1750,1241,36,1,53.45,53.45
1751,1241,47,1,21.34,21.34
1752,1241,41,1,49.55,49.55
1753,1242,44,2,69.13,138.26
1754,1243,44,1,69.13,69.13
1755,1244,3,3,57.71,173.13
1756,1245,33,1,171.28,171.28
1757,1245,21,1,78.32,78.32
1758,1246,27,1,24.68,24.68
1759,1247,3,2,57.71,115.42
1760,1248,39,1,124.06,124.06
1761,1248,30,1,67.9,67.9
1762,1249,21,2,78.32,156.64
1763,1250,8,1,20.47,20.47
1764,1251,22,1,75.66,75.66
1765,1252,42,2,138.05,276.1
1766,1252,18,1,37.74,37.74
1767,1252,44,1,69.13,69.13
1768,1253,42,1,138.05,138.05
1769,1253,35,1,157.65,157.65
1770,1254,47,1,21.34,21.34
1771,1255,18,1,37.74,37.74
1772,1255,17,2,101.25,202.5
1773,1256,13,1,34.71,34.71
1774,1257,42,1,138.05,138.05
1775,1257,11,1,115.23,115.23
1776,1258,26,1,124.26,124.26
1777,1259,23,2,83.16,166.32
1778,1259,36,1,53.45,53.45
1779,1260,36,1,53.45,53.45
1780,1261,35,2,157.65,315.3
1781,1261,19,1,152.53,152.53
1782,1262,32,1,12.22,12.22
1783,1263,6,1,88.2,88.2
1784,1264,31,1,19.71,19.71
1785,1265,35,1,157.65,157.65
1786,1266,21,1,78.32,78.32
1787,1266,4,1,72.47,72.47
1788,1266,14,1,61.39,61.39
1789,1267,20,2,42.3,84.6
1790,1267,23,1,83.16,83.16
1791,1268,44,1,69.13,69.13
1792,1269,13,1,34.71,34.71
1793,1269,3,1,57.71,57.71
1794,1270,8,1,20.47,20.47
1795,1271,35,1,157.65,157.65
1796,1272,6,1,88.2,88.2
1797,1273,25,1,43.73,43.73
1798,1274,46,1,125.88,125.88
1799,1275,8,1,20.47,20.47
1800,1275,3,1,57.71,57.71
1801,1276,46,1,125.88,125.88
1802,1277,11,2,115.23,230.46
1803,1278,10,2,163.05,326.1
1804,1278,35,1,157.65,157.65
1805,1279,11,1,115.23,115.23
1806,1280,45,1,31.58,31.58
1807,1280,15,1,173.9,173.9
1808,1281,5,1,61.15,61.15
1809,1282,16,1,144.13,144.13
1810,1283,44,1,69.13,69.13
1811,1284,36,1,53.45,53.45
1812,1284,14,1,61.39,61.39
1813,1285,20,1,42.3,42.3
1814,1285,41,2,49.55,99.1
1815,1286,25,1,43.73,43.73
1816,1287,40,2,202.48,404.96
1817,1287,5,1,61.15,61.15
1818,1288,13,1,34.71,34.71
1819,1289,14,1,61.39,61.39
1820,1290,8,1,20.47,20.47
1821,1290,40,1,202.48,202.48
1822,1291,32,1,12.22,12.22
1823,1292,23,1,83.16,83.16
1824,1292,35,1,157.65,157.65
1825,1293,48,1,101.03,101.03
1826,1294,8,2,20.47,40.94
1827,1294,43,1,24.61,24.61
1828,1294,44,1,69.13,69.13
1829,1295,43,1,24.61,24.61
1830,1295,20,2,42.3,84.6
1831,1296,17,2,101.25,202.5
1832,1297,23,1,83.16,83.16
1833,1298,3,1,57.71,57.71
1834,1299,21,1,78.32,78.32
1835,1300,36,1,53.45,53.45
1836,1301,35,1,157.65,157.65
1837,1301,9,1,59.69,59.69
1838,1302,12,1,117.99,117.99
1839,1303,18,1,37.74,37.74
1840,1304,9,1,59.69,59.69
1841,1304,35,1,157.65,157.65
1842,1305,28,1,84.15,84.15
1843,1305,45,1,31.58,31.58
1844,1306,31,1,19.71,19.71
1845,1307,34,1,43.74,43.74
1846,1308,28,1,84.15,84.15
1847,1309,45,1,31.58,31.58
1848,1310,3,1,57.71,57.71
1849,1310,1,1,114.06,114.06
1850,1311,25,1,43.73,43.73
1851,1311,8,1,20.47,20.47
1852,1311,28,1,84.15,84.15
1853,1312,15,1,173.9,173.9
1854,1313,47,1,21.34,21.34
1855,1313,36,1,53.45,53.45
1856,1313,14,1,61.39,61.39
1857,1314,33,1,171.28,171.28
1858,1314,11,1,115.23,115.23
1859,1315,34,1,43.74,43.74
1860,1316,44,1,69.13,69.13
1861,1316,21,2,78.32,156.64
1862,1317,26,1,124.26,124.26
1863,1318,3,2,57.71,115.42
1864,1319,9,1,59.69,59.69
1865,1320,38,1,81.08,81.08
1866,1320,40,2,202.48,404.96
1867,1321,10,1,163.05,163.05
1868,1321,32,1,12.22,12.22
1869,1322,25,1,43.73,43.73
1870,1322,43,1,24.61,24.61
1871,1322,14,1,61.39,61.39
1872,1323,12,1,117.99,117.99
1873,1324,36,1,53.45,53.45
1874,1325,18,1,37.74,37.74
1875,1326,42,1,138.05,138.05
1876,1327,23,1,83.16,83.16
1877,1327,22,1,75.66,75.66
1878,1328,5,1,61.15,61.15
1879,1328,18,1,37.74,37.74
1880,1329,40,1,202.48,202.48
1881,1329,12,1,117.99,117.99
1882,1330,45,1,31.58,31.58
1883,1331,40,1,202.48,202.48
1884,1332,15,1,173.9,173.9
1885,1333,8,2,20.47,40.94
1886,1333,15,1,173.9,173.9
1887,1334,31,3,19.71,59.13
1888,1334,27,1,24.68,24.68
1889,1335,34,1,43.74,43.74
1890,1335,21,1,78.32,78.32
1891,1336,13,1,34.71,34.71
1892,1336,42,1,138.05,138.05
1893,1337,40,1,202.48,202.48
1894,1338,32,2,12.22,24.44
1895,1339,36,2,53.45,106.9
1896,1339,20,1,42.3,42.3
1897,1339,3,2,57.71,115.42
1898,1340,35,1,157.65,157.65
1899,1340,23,1,83.16,83.16
1900,1341,31,2,19.71,39.42
1901,1342,11,1,115.23,115.23
1902,1342,23,1,83.16,83.16
1903,1342,35,1,157.65,157.65
1904,1343,41,1,49.55,49.55
1905,1343,47,1,21.34,21.34
1906,1344,39,1,124.06,124.06
1907,1345,32,1,12.22,12.22
1908,1346,44,1,69.13,69.13
1909,1347,34,2,43.74,87.48
1910,1348,11,1,115.23,115.23
1911,1348,20,1,42.3,42.3
1912,1349,23,3,83.16,249.48
1913,1349,42,2,138.05,276.1
1914,1349,27,1,24.68,24.68
1915,1350,36,1,53.45,53.45
1916,1351,28,1,84.15,84.15
1917,1352,14,2,61.39,122.78
1918,1352,13,1,34.71,34.71
1919,1353,32,1,12.22,12.22
1920,1353,41,2,49.55,99.1
1921,1354,41,2,49.55,99.1
1922,1355,42,1,138.05,138.05
1923,1355,34,1,43.74,43.74
1924,1355,23,1,83.16,83.16
1925,1356,32,1,12.22,12.22
1926,1356,27,1,24.68,24.68
1927,1357,10,1,163.05,163.05
1928,1357,21,1,78.32,78.32
1929,1358,22,2,75.66,151.32
1930,1359,19,1,152.53,152.53
1931,1360,35,2,157.65,315.3
1932,1361,12,1,117.99,117.99
1933,1362,47,2,21.34,42.68
1934,1362,18,1,37.74,37.74
1935,1362,6,1,88.2,88.2
1936,1363,33,1,171.28,171.28
1937,1364,45,1,31.58,31.58
1938,1365,35,1,157.65,157.65
1939,1365,23,1,83.16,83.16
1940,1366,42,1,138.05,138.05
1941,1367,44,1,69.13,69.13
1942,1367,37,2,141.93,283.86
1943,1368,36,1,53.45,53.45
1944,1369,42,1,138.05,138.05
1945,1369,22,1,75.66,75.66
1946,1370,44,1,69.13,69.13
1947,1370,36,2,53.45,106.9
1948,1371,15,1,173.9,173.9
1949,1372,22,1,75.66,75.66
1950,1373,9,1,59.69,59.69
1951,1373,14,1,61.39,61.39
1952,1374,36,1,53.45,53.45
1953,1375,10,3,163.05,489.15
1954,1376,10,1,163.05,163.05
1955,1377,10,1,163.05,163.05
1956,1378,36,1,53.45,53.45
1957,1379,10,2,163.05,326.1
1958,1380,44,1,69.13,69.13
1959,1381,44,2,69.13,138.26
1960,1381,46,1,125.88,125.88
1961,1382,34,3,43.74,131.22
1962,1383,13,1,34.71,34.71
1963,1384,8,1,20.47,20.47
1964,1384,35,1,157.65,157.65
1965,1385,3,2,57.71,115.42
1966,1386,35,1,157.65,157.65
1967,1387,44,1,69.13,69.13
1968,1387,19,2,152.53,305.06
1969,1388,42,1,138.05,138.05
1970,1388,31,1,19.71,19.71
1971,1389,1,1,114.06,114.06
1972,1390,8,2,20.47,40.94
1973,1391,10,1,163.05,163.05
1974,1391,40,3,202.48,607.44
1975,1392,33,1,171.28,171.28
1976,1393,42,1,138.05,138.05
1977,1394,8,1,20.47,20.47
1978,1394,37,1,141.93,141.93
1979,1395,11,1,115.23,115.23
1980,1396,14,1,61.39,61.39
1981,1397,42,1,138.05,138.05
1982,1397,44,1,69.13,69.13
1983,1397,36,1,53.45,53.45
1984,1398,1,1,114.06,114.06
1985,1398,13,1,34.71,34.71
1986,1399,33,2,171.28,342.56
1987,1400,39,1,124.06,124.06
1988,1400,12,1,117.99,117.99
1989,1401,35,1,157.65,157.65
1990,1401,11,1,115.23,115.23
1991,1402,3,1,57.71,57.71
1992,1403,6,1,88.2,88.2
1993,1404,28,2,84.15,168.3
1994,1405,23,1,83.16,83.16
1995,1406,47,1,21.34,21.34
1996,1407,23,1,83.16,83.16
1997,1408,30,1,67.9,67.9
1998,1409,10,1,163.05,163.05
1999,1410,37,1,141.93,141.93
2000,1411,8,1,20.47,20.47
2001,1412,39,1,124.06,124.06
2002,1413,31,2,19.71,39.42
2003,1414,8,1,20.47,20.47
2004,1415,47,1,21.34,21.34
2005,1415,28,2,84.15,168.3
2006,1416,10,2,163.05,326.1
2007,1417,47,1,21.34,21.34
2008,1418,44,1,69.13,69.13
2009,1419,23,3,83.16,249.48
2010,1420,2,1,100.26,100.26
2011,1421,43,2,24.61,49.22
2012,1422,44,1,69.13,69.13
2013,1423,8,1,20.47,20.47
2014,1424,19,1,152.53,152.53
2015,1425,23,1,83.16,83.16
2016,1425,39,1,124.06,124.06
2017,1425,8,1,20.47,20.47
2018,1426,33,1,171.28,171.28
2019,1427,26,1,124.26,124.26
2020,1428,23,1,83.16,83.16
2021,1429,3,1,57.71,57.71
2022,1429,44,1,69.13,69.13
2023,1429,19,2,152.53,305.06
2024,1430,35,1,157.65,157.65
2025,1431,13,2,34.71,69.42
2026,1432,21,1,78.32,78.32
2027,1432,32,1,12.22,12.22
2028,1433,32,1,12.22,12.22
2029,1433,35,2,157.65,315.3
2030,1434,28,1,84.15,84.15
2031,1435,21,1,78.32,78.32
2032,1436,15,1,173.9,173.9
2033,1436,24,1,29.56,29.56
2034,1437,37,1,141.93,141.93
2035,1438,44,1,69.13,69.13
2036,1438,30,1,67.9,67.9
2037,1439,47,1,21.34,21.34
2038,1440,14,1,61.39,61.39
2039,1440,23,1,83.16,83.16
2040,1440,43,2,24.61,49.22
2041,1441,10,1,163.05,163.05
2042,1442,35,1,157.65,157.65
2043,1443,14,1,61.39,61.39
2044,1443,25,1,43.73,43.73
2045,1443,22,1,75.66,75.66
2046,1444,32,1,12.22,12.22
2047,1445,25,2,43.73,87.46
2048,1446,18,1,37.74,37.74
2049,1447,3,1,57.71,57.71
2050,1448,11,1,115.23,115.23
2051,1449,47,1,21.34,21.34
2052,1449,31,1,19.71,19.71
2053,1450,33,1,171.28,171.28
2054,1451,47,1,21.34,21.34
2055,1452,25,3,43.73,131.19
2056,1453,28,1,84.15,84.15
2057,1454,14,2,61.39,122.78
2058,1455,45,1,31.58,31.58
2059,1455,13,1,34.71,34.71
2060,1456,8,1,20.47,20.47
2061,1456,46,3,125.88,377.64
2062,1457,26,1,124.26,124.26
2063,1457,8,1,20.47,20.47
2064,1457,27,1,24.68,24.68
2065,1458,1,1,114.06,114.06
2066,1458,32,1,12.22,12.22
2067,1459,19,1,152.53,152.53
2068,1460,3,1,57.71,57.71
2069,1460,23,1,83.16,83.16
2070,1461,36,1,53.45,53.45
2071,1461,40,1,202.48,202.48
2072,1462,35,1,157.65,157.65
2073,1463,31,2,19.71,39.42
2074,1464,35,1,157.65,157.65
2075,1465,29,1,9.2,9.2
2076,1466,36,1,53.45,53.45
2077,1467,18,1,37.74,37.74
2078,1468,44,2,69.13,138.26
2079,1468,23,1,83.16,83.16
2080,1469,14,1,61.39,61.39
2081,1470,28,2,84.15,168.3
2082,1471,27,3,24.68,74.04
2083,1472,45,1,31.58,31.58
2084,1473,37,1,141.93,141.93
2085,1473,19,1,152.53,152.53
2086,1474,31,1,19.71,19.71
2087,1475,14,3,61.39,184.17
2088,1476,36,2,53.45,106.9
2089,1476,40,2,202.48,404.96
2090,1476,47,1,21.34,21.34
2091,1477,41,1,49.55,49.55
2092,1478,15,1,173.9,173.9
2093,1479,28,1,84.15,84.15
2094,1479,14,1,61.39,61.39
2095,1479,41,2,49.55,99.1
2096,1480,37,1,141.93,141.93
2097,1481,8,1,20.47,20.47
2098,1482,33,1,171.28,171.28
2099,1483,44,1,69.13,69.13
2100,1483,33,1,171.28,171.28
2101,1484,26,1,124.26,124.26
2102,1485,15,1,173.9,173.9
2103,1485,13,1,34.71,34.71
2104,1486,31,1,19.71,19.71
2105,1487,23,2,83.16,166.32
2106,1488,19,1,152.53,152.53
2107,1489,27,1,24.68,24.68
2108,1490,33,2,171.28,342.56
2109,1491,44,1,69.13,69.13
2110,1492,23,1,83.16,83.16
2111,1493,3,1,57.71,57.71
2112,1494,33,1,171.28,171.28
2113,1495,8,2,20.47,40.94
2114,1496,36,1,53.45,53.45
2115,1496,30,1,67.9,67.9
2116,1497,12,1,117.99,117.99
2117,1497,39,1,124.06,124.06
2118,1498,21,1,78.32,78.32
2119,1498,33,1,171.28,171.28
2120,1499,28,2,84.15,168.3
2121,1499,12,1,117.99,117.99
2122,1500,14,2,61.39,122.78
2123,1500,35,1,157.65,157.65
2124,1500,13,1,34.71,34.71
2125,1501,46,1,125.88,125.88
2126,1501,10,1,163.05,163.05
2127,1501,5,1,61.15,61.15
2128,1502,15,1,173.9,173.9
2129,1503,42,1,138.05,138.05
2130,1504,42,3,138.05,414.15
2131,1504,18,1,37.74,37.74
2132,1505,27,1,24.68,24.68
2133,1505,31,1,19.71,19.71
2134,1506,38,1,81.08,81.08
2135,1507,32,1,12.22,12.22
2136,1507,43,1,24.61,24.61
2137,1508,14,3,61.39,184.17
2138,1509,23,1,83.16,83.16
2139,1509,47,1,21.34,21.34
2140,1510,3,1,57.71,57.71
2141,1511,12,1,117.99,117.99
2142,1512,32,1,12.22,12.22
2143,1512,8,1,20.47,20.47
2144,1513,14,1,61.39,61.39
2145,1513,43,2,24.61,49.22
2146,1514,21,1,78.32,78.32
2147,1514,40,1,202.48,202.48
2148,1515,3,1,57.71,57.71
2149,1516,20,2,42.3,84.6
2150,1517,10,3,163.05,489.15
2151,1518,20,1,42.3,42.3
2152,1519,14,2,61.39,122.78
2153,1519,20,1,42.3,42.3
2154,1519,22,1,75.66,75.66
2155,1520,20,2,42.3,84.6
2156,1521,38,1,81.08,81.08
2157,1521,40,1,202.48,202.48
2158,1522,12,1,117.99,117.99
2159,1523,14,1,61.39,61.39
2160,1524,3,2,57.71,115.42
2161,1525,32,1,12.22,12.22
2162,1525,21,1,78.32,78.32
2163,1525,44,1,69.13,69.13
2164,1526,8,1,20.47,20.47
2165,1527,39,1,124.06,124.06
2166,1528,3,2,57.71,115.42
2167,1529,7,1,143.57,143.57
2168,1530,10,1,163.05,163.05
2169,1531,3,1,57.71,57.71
2170,1531,45,1,31.58,31.58
2171,1532,43,1,24.61,24.61
2172,1533,3,1,57.71,57.71
2173,1534,37,2,141.93,283.86
2174,1535,32,1,12.22,12.22
2175,1535,28,2,84.15,168.3
2176,1536,20,1,42.3,42.3
2177,1537,3,3,57.71,173.13
2178,1538,15,1,173.9,173.9
2179,1538,40,1,202.48,202.48
2180,1539,8,1,20.47,20.47
2181,1539,3,1,57.71,57.71
2182,1540,36,1,53.45,53.45
2183,1541,8,1,20.47,20.47
2184,1542,32,1,12.22,12.22
2185,1543,23,1,83.16,83.16
2186,1544,30,1,67.9,67.9
2187,1544,26,1,124.26,124.26
2188,1545,43,1,24.61,24.61
2189,1545,48,1,101.03,101.03
2190,1546,46,3,125.88,377.64
2191,1546,1,1,114.06,114.06
2192,1547,48,1,101.03,101.03
2193,1547,5,1,61.15,61.15
2194,1548,8,1,20.47,20.47
2195,1549,45,3,31.58,94.74
2196,1549,23,2,83.16,166.32
2197,1550,26,1,124.26,124.26
2198,1550,1,1,114.06,114.06
2199,1550,33,1,171.28,171.28
2200,1551,45,2,31.58,63.16
2201,1552,45,1,31.58,31.58
2202,1553,35,1,157.65,157.65
2203,1553,20,3,42.3,126.9
2204,1553,1,1,114.06,114.06
2205,1554,20,1,42.3,42.3
2206,1554,13,1,34.71,34.71
2207,1554,27,1,24.68,24.68
2208,1555,3,1,57.71,57.71
2209,1556,34,2,43.74,87.48
2210,1557,43,2,24.61,49.22
2211,1558,43,1,24.61,24.61
2212,1558,1,1,114.06,114.06
2213,1559,10,2,163.05,326.1
2214,1560,19,1,152.53,152.53
2215,1561,20,1,42.3,42.3
2216,1562,14,1,61.39,61.39
2217,1562,23,2,83.16,166.32
2218,1563,47,1,21.34,21.34
2219,1564,47,1,21.34,21.34
2220,1565,40,2,202.48,404.96
2221,1565,36,3,53.45,160.35
2222,1565,35,1,157.65,157.65
2223,1566,19,1,152.53,152.53
2224,1566,36,1,53.45,53.45
2225,1566,31,1,19.71,19.71
2226,1567,15,1,173.9,173.9
2227,1568,28,2,84.15,168.3
2228,1569,8,1,20.47,20.47
2229,1569,12,1,117.99,117.99
2230,1570,47,1,21.34,21.34
2231,1571,32,1,12.22,12.22
2232,1572,30,1,67.9,67.9
2233,1573,42,1,138.05,138.05
2234,1574,28,1,84.15,84.15
2235,1574,31,1,19.71,19.71
2236,1575,2,1,100.26,100.26
2237,1576,23,3,83.16,249.48
2238,1577,23,1,83.16,83.16
2239,1577,21,2,78.32,156.64
2240,1578,28,1,84.15,84.15
2241,1579,8,2,20.47,40.94
2242,1579,21,1,78.32,78.32
2243,1580,1,1,114.06,114.06
2244,1581,23,1,83.16,83.16
2245,1581,41,1,49.55,49.55
2246,1582,21,1,78.32,78.32
2247,1583,19,1,152.53,152.53
2248,1584,28,1,84.15,84.15
2249,1585,13,1,34.71,34.71
2250,1586,47,1,21.34,21.34
2251,1587,44,2,69.13,138.26
2252,1588,25,1,43.73,43.73
2253,1589,8,1,20.47,20.47
2254,1590,10,1,163.05,163.05
2255,1591,19,2,152.53,305.06
2256,1592,20,1,42.3,42.3
2257,1593,22,1,75.66,75.66
2258,1594,10,1,163.05,163.05
2259,1594,37,1,141.93,141.93
2260,1595,14,3,61.39,184.17
2261,1595,20,1,42.3,42.3
2262,1596,23,1,83.16,83.16
2263,1597,21,1,78.32,78.32
2264,1598,14,1,61.39,61.39
2265,1599,8,1,20.47,20.47
2266,1599,13,1,34.71,34.71
2267,1600,23,1,83.16,83.16
2268,1601,36,1,53.45,53.45
2269,1602,9,1,59.69,59.69
2270,1603,8,1,20.47,20.47
2271,1603,35,1,157.65,157.65
2272,1604,43,1,24.61,24.61
2273,1605,30,1,67.9,67.9
2274,1605,15,3,173.9,521.7
2275,1606,25,1,43.73,43.73
2276,1607,25,1,43.73,43.73
2277,1608,47,1,21.34,21.34
2278,1609,12,1,117.99,117.99
2279,1609,36,1,53.45,53.45
2280,1610,14,1,61.39,61.39
2281,1611,28,2,84.15,168.3
2282,1612,46,1,125.88,125.88
2283,1612,47,2,21.34,42.68
2284,1613,19,1,152.53,152.53
2285,1614,47,1,21.34,21.34
2286,1614,1,1,114.06,114.06
2287,1615,43,1,24.61,24.61
2288,1616,14,1,61.39,61.39
2289,1616,28,1,84.15,84.15
2290,1616,21,3,78.32,234.96
2291,1617,13,1,34.71,34.71
2292,1618,15,1,173.9,173.9
2293,1619,32,1,12.22,12.22
2294,1620,15,1,173.9,173.9
2295,1620,35,1,157.65,157.65
2296,1620,23,1,83.16,83.16
2297,1621,23,1,83.16,83.16
2298,1622,15,1,173.9,173.9
2299,1623,45,2,31.58,63.16
2300,1624,8,1,20.47,20.47
2301,1625,23,1,83.16,83.16
2302,1626,18,1,37.74,37.74
2303,1627,20,1,42.3,42.3
2304,1627,32,1,12.22,12.22
2305,1627,36,1,53.45,53.45
2306,1628,8,1,20.47,20.47
2307,1629,11,1,115.23,115.23
2308,1630,15,1,173.9,173.9
2309,1631,15,1,173.9,173.9
2310,1632,22,1,75.66,75.66
2311,1632,27,1,24.68,24.68
2312,1633,35,1,157.65,157.65
2313,1633,28,1,84.15,84.15
2314,1633,21,1,78.32,78.32
2315,1634,8,1,20.47,20.47
2316,1634,43,1,24.61,24.61
2317,1635,36,1,53.45,53.45
2318,1636,15,1,173.9,173.9
2319,1636,3,1,57.71,57.71
2320,1637,24,1,29.56,29.56
2321,1637,3,1,57.71,57.71
2322,1638,38,1,81.08,81.08
2323,1639,43,1,24.61,24.61
2324,1640,31,3,19.71,59.13
2325,1640,10,1,163.05,163.05
2326,1640,43,2,24.61,49.22
2327,1641,20,1,42.3,42.3
2328,1642,44,3,69.13,207.39
2329,1643,21,1,78.32,78.32
2330,1644,45,1,31.58,31.58
2331,1644,36,2,53.45,106.9
2332,1645,37,2,141.93,283.86
2333,1646,44,1,69.13,69.13
2334,1647,43,2,24.61,49.22
2335,1647,44,1,69.13,69.13
2336,1648,35,1,157.65,157.65
2337,1648,24,1,29.56,29.56
2338,1649,33,1,171.28,171.28
2339,1650,26,1,124.26,124.26
2340,1651,10,1,163.05,163.05
2341,1652,28,2,84.15,168.3
2342,1652,45,2,31.58,63.16
2343,1652,41,1,49.55,49.55
2344,1653,12,1,117.99,117.99
2345,1654,47,2,21.34,42.68
2346,1654,36,1,53.45,53.45
2347,1655,45,1,31.58,31.58
2348,1655,12,2,117.99,235.98
2349,1655,25,1,43.73,43.73
2350,1656,26,2,124.26,248.52
2351,1656,28,1,84.15,84.15
2352,1657,42,1,138.05,138.05
2353,1657,4,1,72.47,72.47
2354,1658,13,1,34.71,34.71
2355,1659,43,1,24.61,24.61
2356,1660,9,2,59.69,119.38
2357,1661,41,1,49.55,49.55
2358,1661,28,1,84.15,84.15
2359,1662,23,1,83.16,83.16
2360,1662,28,3,84.15,252.45
2361,1663,42,1,138.05,138.05
2362,1663,4,1,72.47,72.47
2363,1664,14,1,61.39,61.39
2364,1664,47,1,21.34,21.34
2365,1665,13,2,34.71,69.42
2366,1665,19,1,152.53,152.53
2367,1665,39,1,124.06,124.06
2368,1666,10,1,163.05,163.05
2369,1667,3,1,57.71,57.71
2370,1668,47,1,21.34,21.34
2371,1669,33,1,171.28,171.28
2372,1669,41,3,49.55,148.65
2373,1670,23,2,83.16,166.32
2374,1670,31,1,19.71,19.71
2375,1671,36,2,53.45,106.9
2376,1671,23,1,83.16,83.16
2377,1672,19,1,152.53,152.53
2378,1673,10,1,163.05,163.05
2379,1674,9,1,59.69,59.69
2380,1674,35,1,157.65,157.65
2381,1675,19,1,152.53,152.53
2382,1676,12,2,117.99,235.98
2383,1677,28,1,84.15,84.15
2384,1678,45,1,31.58,31.58
2385,1679,40,1,202.48,202.48
2386,1680,10,1,163.05,163.05
2387,1681,19,1,152.53,152.53
2388,1682,23,2,83.16,166.32
2389,1683,36,1,53.45,53.45
2390,1683,44,1,69.13,69.13
2391,1684,35,1,157.65,157.65
2392,1685,30,2,67.9,135.8
2393,1685,42,1,138.05,138.05
2394,1686,19,2,152.53,305.06
2395,1687,8,1,20.47,20.47
2396,1688,33,1,171.28,171.28
2397,1689,22,1,75.66,75.66
2398,1689,46,1,125.88,125.88
2399,1690,37,1,141.93,141.93
2400,1691,10,1,163.05,163.05
2401,1691,35,1,157.65,157.65
2402,1692,31,1,19.71,19.71
2403,1692,47,1,21.34,21.34
2404,1693,34,1,43.74,43.74
2405,1693,47,1,21.34,21.34
2406,1694,10,2,163.05,326.1
2407,1695,40,1,202.48,202.48
2408,1695,36,1,53.45,53.45
2409,1695,45,1,31.58,31.58
2410,1696,43,1,24.61,24.61
2411,1697,26,1,124.26,124.26
2412,1698,18,1,37.74,37.74
2413,1699,3,1,57.71,57.71
2414,1700,21,1,78.32,78.32
2415,1701,14,1,61.39,61.39
2416,1701,21,1,78.32,78.32
2417,1702,26,1,124.26,124.26
2418,1702,21,1,78.32,78.32
2419,1703,23,2,83.16,166.32
2420,1704,4,1,72.47,72.47
2421,1705,23,3,83.16,249.48
2422,1706,13,1,34.71,34.71
2423,1707,40,3,202.48,607.44
2424,1707,6,1,88.2,88.2
2425,1708,43,2,24.61,49.22
2426,1709,8,1,20.47,20.47
2427,1709,36,2,53.45,106.9
2428,1710,42,1,138.05,138.05
2429,1711,2,1,100.26,100.26
2430,1711,5,2,61.15,122.3
2431,1712,44,2,69.13,138.26
2432,1713,43,1,24.61,24.61
2433,1714,21,1,78.32,78.32
2434,1715,34,2,43.74,87.48
2435,1716,26,1,124.26,124.26
2436,1717,26,1,124.26,124.26
2437,1718,6,1,88.2,88.2
2438,1718,42,2,138.05,276.1
2439,1719,15,1,173.9,173.9
2440,1719,10,1,163.05,163.05
2441,1720,43,1,24.61,24.61
2442,1720,44,1,69.13,69.13
2443,1721,19,1,152.53,152.53
2444,1722,43,2,24.61,49.22
2445,1723,44,1,60.83,60.83
2446,1724,34,1,38.49,38.49
2447,1725,32,1,10.75,10.75
2448,1726,19,1,134.23,134.23
2449,1727,42,1,121.48,121.48
2450,1728,13,1,30.54,30.54
2451,1728,5,1,53.81,53.81
2452,1729,42,1,121.48,121.48
2453,1730,23,1,73.18,73.18
2454,1731,46,2,110.77,221.54
2455,1732,10,1,143.48,143.48
2456,1733,47,1,18.78,18.78
2457,1734,3,1,50.78,50.78
2458,1735,45,1,27.79,27.79
2459,1735,47,1,18.78,18.78
2460,1736,28,2,74.05,148.1
2461,1737,25,1,38.48,38.48
2462,1738,10,2,143.48,286.96
2463,1739,14,1,54.02,54.02
2464,1740,19,2,134.23,268.46
2465,1740,35,2,138.73,277.46
2466,1741,8,1,18.01,18.01
2467,1741,23,1,73.18,73.18
2468,1741,30,1,59.75,59.75
2469,1742,23,1,73.18,73.18
2470,1742,14,1,54.02,54.02
2471,1743,12,2,103.83,207.66
2472,1744,8,1,18.01,18.01
2473,1745,40,2,178.18,356.36
2474,1746,31,1,17.34,17.34
2475,1747,31,1,17.34,17.34
2476,1748,40,1,178.18,178.18
2477,1749,28,1,74.05,74.05
2478,1750,2,2,88.23,176.46
2479,1751,8,1,18.01,18.01
2480,1752,10,1,143.48,143.48
2481,1752,33,3,150.73,452.19
2482,1753,11,1,101.4,101.4
2483,1753,40,1,178.18,178.18
2484,1754,40,1,178.18,178.18
2485,1755,44,1,60.83,60.83
2486,1756,28,1,74.05,74.05
2487,1757,2,1,88.23,88.23
2488,1758,43,1,21.66,21.66
2489,1758,30,1,59.75,59.75
2490,1759,11,2,101.4,202.8
2491,1760,6,1,77.62,77.62
2492,1760,43,2,21.66,43.32
2493,1761,35,1,138.73,138.73
2494,1762,3,2,50.78,101.56
2495,1762,11,1,101.4,101.4
2496,1763,28,1,74.05,74.05
2497,1764,47,3,18.78,56.34
2498,1765,40,3,178.18,534.54
2499,1766,44,1,60.83,60.83
2500,1766,18,1,33.21,33.21
2501,1767,23,2,73.18,146.36
2502,1768,10,2,143.48,286.96
2503,1769,42,1,121.48,121.48
2504,1770,23,1,73.18,73.18
2505,1770,25,1,38.48,38.48
2506,1771,9,1,52.53,52.53
2507,1772,44,1,60.83,60.83
2508,1772,3,2,50.78,101.56
2509,1773,32,1,10.75,10.75
2510,1773,39,1,109.17,109.17
2511,1774,14,1,54.02,54.02
2512,1775,11,1,101.4,101.4
2513,1776,19,1,134.23,134.23
2514,1777,40,3,178.18,534.54
2515,1777,18,1,33.21,33.21
2516,1777,2,3,88.23,264.69
2517,1778,14,1,54.02,54.02
2518,1779,23,3,73.18,219.54
2519,1780,13,1,30.54,30.54
2520,1781,3,1,50.78,50.78
2521,1782,35,1,138.73,138.73
2522,1783,46,1,110.77,110.77
2523,1784,23,1,73.18,73.18
2524,1784,18,1,33.21,33.21
2525,1784,21,1,68.92,68.92
2526,1785,14,1,54.02,54.02
2527,1785,12,1,103.83,103.83
2528,1785,8,1,18.01,18.01
2529,1786,33,1,150.73,150.73
2530,1786,44,1,60.83,60.83
2531,1786,25,3,38.48,115.44
2532,1787,27,3,21.72,65.16
2533,1787,3,1,50.78,50.78
2534,1788,33,2,150.73,301.46
2535,1788,3,1,50.78,50.78
2536,1789,23,1,73.18,73.18
2537,1790,6,2,77.62,155.24
2538,1791,27,1,21.72,21.72
2539,1792,46,1,110.77,110.77
2540,1793,14,1,54.02,54.02
2541,1794,6,1,77.62,77.62
2542,1795,32,1,10.75,10.75
2543,1795,28,2,74.05,148.1
2544,1795,11,2,101.4,202.8
2545,1796,28,1,74.05,74.05
2546,1797,23,1,73.18,73.18
2547,1797,19,1,134.23,134.23
2548,1798,47,2,18.78,37.56
2549,1799,32,1,10.75,10.75
2550,1799,47,1,18.78,18.78
2551,1800,35,1,138.73,138.73
2552,1801,13,1,30.54,30.54
2553,1801,23,1,73.18,73.18
2554,1802,3,1,50.78,50.78
2555,1803,18,1,33.21,33.21
2556,1804,6,1,77.62,77.62
2557,1805,32,1,10.75,10.75
2558,1805,44,1,60.83,60.83
2559,1806,40,2,178.18,356.36
2560,1807,33,1,150.73,150.73
2561,1808,36,1,47.04,47.04
2562,1809,8,1,18.01,18.01
2563,1810,36,1,47.04,47.04
2564,1811,40,1,178.18,178.18
2565,1812,19,1,134.23,134.23
2566,1813,13,1,30.54,30.54
2567,1814,8,1,18.01,18.01
2568,1815,5,2,53.81,107.62
2569,1815,47,1,18.78,18.78
2570,1815,14,1,54.02,54.02
2571,1816,35,1,138.73,138.73
2572,1817,23,1,73.18,73.18
2573,1817,15,2,153.03,306.06
2574,1818,4,1,63.77,63.77
2575,1818,45,1,27.79,27.79
2576,1819,45,1,27.79,27.79
2577,1820,8,1,18.01,18.01
2578,1820,40,3,178.18,534.54
2579,1821,23,2,73.18,146.36
2580,1822,17,2,89.1,178.2
2581,1822,3,1,50.78,50.78
2582,1823,20,1,37.22,37.22
2583,1824,3,1,50.78,50.78
2584,1824,35,1,138.73,138.73
2585,1825,8,1,18.01,18.01
2586,1826,14,1,54.02,54.02
2587,1827,42,1,121.48,121.48
2588,1828,10,1,143.48,143.48
2589,1828,11,1,101.4,101.4
2590,1829,19,1,134.23,134.23
2591,1829,28,2,74.05,148.1
2592,1829,14,1,54.02,54.02
2593,1830,23,1,73.18,73.18
2594,1831,34,1,38.49,38.49
2595,1832,19,2,134.23,268.46
2596,1833,18,1,33.21,33.21
2597,1834,19,1,134.23,134.23
2598,1835,36,1,47.04,47.04
2599,1836,14,1,54.02,54.02
2600,1836,15,2,153.03,306.06
2601,1837,41,1,43.6,43.6
2602,1838,3,1,50.78,50.78
2603,1839,28,1,74.05,74.05
2604,1839,42,2,121.48,242.96
2605,1840,36,1,47.04,47.04
2606,1841,45,1,27.79,27.79
2607,1842,20,1,37.22,37.22
2608,1842,43,1,21.66,21.66
2609,1843,40,1,178.18,178.18
2610,1844,32,1,10.75,10.75
2611,1844,14,1,54.02,54.02
2612,1844,25,1,38.48,38.48
2613,1845,34,1,38.49,38.49
2614,1846,28,1,74.05,74.05
2615,1847,37,2,124.9,249.8
2616,1847,47,1,18.78,18.78
2617,1848,21,1,68.92,68.92
2618,1849,38,1,71.35,71.35
2619,1850,3,2,50.78,101.56
2620,1851,37,1,124.9,124.9
2621,1852,5,2,53.81,107.62
2622,1853,6,1,77.62,77.62
2623,1854,48,1,88.91,88.91
2624,1854,23,1,73.18,73.18
2625,1855,27,1,21.72,21.72
2626,1856,32,1,10.75,10.75
2627,1857,43,3,21.66,64.98
2628,1858,42,1,121.48,121.48
2629,1859,34,1,38.49,38.49
2630,1860,28,1,74.05,74.05
2631,1860,26,1,109.35,109.35
2632,1860,1,1,100.37,100.37
2633,1861,42,1,121.48,121.48
2634,1862,28,1,74.05,74.05
2635,1862,40,1,178.18,178.18
2636,1863,41,1,43.6,43.6
2637,1864,44,1,60.83,60.83
2638,1865,14,1,54.02,54.02
2639,1866,14,1,54.02,54.02
2640,1866,35,1,138.73,138.73
2641,1867,37,1,124.9,124.9
2642,1868,31,3,17.34,52.02
2643,1869,32,1,10.75,10.75
2644,1870,36,1,47.04,47.04
2645,1870,45,1,27.79,27.79
2646,1870,47,1,18.78,18.78
2647,1871,2,1,88.23,88.23
2648,1872,19,1,134.23,134.23
2649,1872,26,1,109.35,109.35
2650,1873,3,1,50.78,50.78
2651,1873,32,1,10.75,10.75
2652,1873,20,1,37.22,37.22
2653,1874,32,1,10.75,10.75
2654,1874,12,1,103.83,103.83
2655,1874,47,1,18.78,18.78
2656,1875,28,1,74.05,74.05
2657,1876,43,1,21.66,21.66
2658,1876,34,2,38.49,76.98
2659,1876,37,2,124.9,249.8
2660,1877,42,2,121.48,242.96
2661,1878,35,1,138.73,138.73
2662,1878,29,1,8.1,8.1
2663,1879,35,1,138.73,138.73
2664,1879,37,1,124.9,124.9
2665,1879,14,1,54.02,54.02
2666,1880,36,1,47.04,47.04
2667,1881,14,1,54.02,54.02
2668,1882,8,3,18.01,54.03
2669,1882,32,1,10.75,10.75
2670,1883,30,2,59.75,119.5
2671,1883,10,2,143.48,286.96
2672,1884,23,1,73.18,73.18
2673,1884,25,1,38.48,38.48
2674,1885,18,1,33.21,33.21
2675,1886,44,1,60.83,60.83
2676,1886,37,2,124.9,249.8
2677,1887,43,2,21.66,43.32
2678,1888,43,1,21.66,21.66
2679,1888,15,2,153.03,306.06
2680,1889,43,2,21.66,43.32
2681,1890,8,1,18.01,18.01
2682,1891,47,2,18.78,37.56
2683,1892,45,1,27.79,27.79
2684,1893,3,1,50.78,50.78
2685,1893,4,1,63.77,63.77
2686,1894,3,1,50.78,50.78
2687,1894,46,1,110.77,110.77
2688,1895,21,1,68.92,68.92
2689,1895,19,1,134.23,134.23
2690,1896,45,1,27.79,27.79
2691,1896,43,1,21.66,21.66
2692,1897,42,1,121.48,121.48
2693,1898,40,2,178.18,356.36
2694,1898,42,1,121.48,121.48
2695,1899,35,1,138.73,138.73
2696,1900,8,1,18.01,18.01
2697,1901,31,1,17.34,17.34
2698,1902,21,1,68.92,68.92
2699,1903,6,1,77.62,77.62
2700,1904,4,1,63.77,63.77
2701,1905,42,2,121.48,242.96
2702,1906,25,1,38.48,38.48
2703,1907,42,1,121.48,121.48
2704,1907,15,1,153.03,153.03
2705,1908,42,2,121.48,242.96
2706,1908,23,1,73.18,73.18
2707,1909,19,2,134.23,268.46
2708,1910,12,1,103.83,103.83
2709,1910,34,2,38.49,76.98
2710,1911,46,1,110.77,110.77
2711,1911,18,3,33.21,99.63
2712,1911,44,1,60.83,60.83
2713,1912,19,1,134.23,134.23
2714,1913,46,1,110.77,110.77
2715,1913,24,1,26.01,26.01
2716,1913,25,1,38.48,38.48
2717,1914,43,1,21.66,21.66
2718,1915,28,1,74.05,74.05
2719,1916,18,1,33.21,33.21
2720,1917,11,1,101.4,101.4
2721,1918,28,1,74.05,74.05
2722,1918,21,1,68.92,68.92
2723,1919,32,2,10.75,21.5
2724,1920,37,1,124.9,124.9
2725,1920,19,1,134.23,134.23
2726,1921,14,1,54.02,54.02
2727,1922,8,1,18.01,18.01
2728,1922,13,1,30.54,30.54
2729,1923,13,1,30.54,30.54
2730,1924,36,1,47.04,47.04
2731,1925,5,1,53.81,53.81
2732,1926,35,1,138.73,138.73
2733,1927,11,1,101.4,101.4
2734,1928,43,1,21.66,21.66
2735,1929,8,1,18.01,18.01
2736,1930,12,1,103.83,103.83
2737,1931,23,1,73.18,73.18
2738,1931,37,2,124.9,249.8
2739,1932,35,1,138.73,138.73
2740,1933,43,1,21.66,21.66
2741,1934,37,1,124.9,124.9
2742,1935,23,1,73.18,73.18
2743,1935,10,1,143.48,143.48
2744,1936,8,1,18.01,18.01
2745,1937,44,2,60.83,121.66
2746,1938,8,1,18.01,18.01
2747,1938,3,1,50.78,50.78
2748,1938,36,1,47.04,47.04
2749,1939,20,1,37.22,37.22
2750,1940,8,1,18.01,18.01
2751,1940,27,3,21.72,65.16
2752,1941,45,1,27.79,27.79
2753,1942,44,1,60.83,60.83
2754,1942,18,2,33.21,66.42
2755,1943,14,1,54.02,54.02
2756,1944,38,2,71.35,142.7
2757,1945,42,1,121.48,121.48
2758,1945,8,1,18.01,18.01
2759,1946,25,1,38.48,38.48
2760,1947,46,1,110.77,110.77
2761,1948,23,1,73.18,73.18
2762,1949,42,1,121.48,121.48
2763,1950,44,1,60.83,60.83
2764,1950,31,1,17.34,17.34
2765,1951,35,1,138.73,138.73
2766,1952,39,1,109.17,109.17
2767,1953,1,1,100.37,100.37
2768,1954,34,1,38.49,38.49
2769,1955,36,1,47.04,47.04
2770,1956,37,2,124.9,249.8
2771,1957,20,1,37.22,37.22
2772,1957,21,1,68.92,68.92
2773,1958,31,1,17.34,17.34
2774,1958,15,1,153.03,153.03
2775,1959,14,2,54.02,108.04
2776,1959,10,1,143.48,143.48
2777,1960,12,1,103.83,103.83
2778,1961,10,1,143.48,143.48
2779,1961,37,1,124.9,124.9
2780,1962,21,2,68.92,137.84
2781,1963,36,2,47.04,94.08
2782,1964,28,1,74.05,74.05
2783,1965,23,1,73.18,73.18
2784,1966,45,1,27.79,27.79
2785,1967,20,3,37.22,111.66
2786,1968,19,1,134.23,134.23
2787,1969,11,1,101.4,101.4
2788,1970,19,2,134.23,268.46
2789,1970,10,1,143.48,143.48
2790,1971,21,1,68.92,68.92
2791,1971,40,1,178.18,178.18
2792,1972,14,1,54.02,54.02
2793,1972,37,1,124.9,124.9
2794,1973,3,1,50.78,50.78
2795,1974,32,1,10.75,10.75
2796,1974,18,1,33.21,33.21
2797,1975,40,2,178.18,356.36
2798,1975,14,2,54.02,108.04
2799,1975,8,1,18.01,18.01
2800,1976,10,1,143.48,143.48
2801,1977,34,1,38.49,38.49
2802,1978,19,1,134.23,134.23
2803,1978,43,2,21.66,43.32
2804,1979,37,1,124.9,124.9
2805,1980,40,1,178.18,178.18
2806,1980,22,1,66.58,66.58
2807,1981,3,1,50.78,50.78
2808,1982,28,1,74.05,74.05
2809,1982,38,1,71.35,71.35
2810,1982,26,1,109.35,109.35
2811,1983,3,1,50.78,50.78
2812,1984,38,1,71.35,71.35
2813,1985,12,2,103.83,207.66
2814,1985,23,1,73.18,73.18
2815,1985,25,1,38.48,38.48
2816,1986,36,2,47.04,94.08
2817,1987,32,1,10.75,10.75
2818,1987,45,1,27.79,27.79
2819,1988,27,1,21.72,21.72
2820,1988,2,2,88.23,176.46
2821,1989,10,1,143.48,143.48
2822,1989,4,2,63.77,127.54
2823,1990,14,3,54.02,162.06
2824,1990,42,2,121.48,242.96
2825,1991,32,1,10.75,10.75
2826,1992,34,3,38.49,115.47
2827,1993,21,3,68.92,206.76
2828,1994,21,1,68.92,68.92
2829,1995,10,2,143.48,286.96
2830,1996,14,1,54.02,54.02
2831,1997,33,1,150.73,150.73
2832,1998,28,1,74.05,74.05
2833,1998,36,1,47.04,47.04
2834,1999,21,1,68.92,68.92
2835,2000,36,1,47.04,47.04
2836,2000,30,1,59.75,59.75
2837,2000,20,1,37.22,37.22
2838,2001,1,1,100.37,100.37
2839,2002,8,1,18.01,18.01
2840,2003,8,1,18.01,18.01
2841,2004,18,1,33.21,33.21
2842,2004,3,2,50.78,101.56
2843,2005,27,1,21.72,21.72
2844,2005,5,2,53.81,107.62
2845,2006,3,1,50.78,50.78
2846,2007,35,1,138.73,138.73
2847,2007,32,1,10.75,10.75
2848,2008,3,3,50.78,152.34
2849,2009,32,1,10.75,10.75
2850,2010,15,1,153.03,153.03
2851,2010,12,1,103.83,103.83
2852,2011,46,2,110.77,221.54
2853,2012,21,1,68.92,68.92
2854,2013,42,1,121.48,121.48
2855,2013,10,1,143.48,143.48
2856,2014,23,1,73.18,73.18
2857,2015,2,1,88.23,88.23
2858,2016,2,1,88.23,88.23
2859,2016,15,2,153.03,306.06
2860,2017,36,1,47.04,47.04
2861,2017,19,1,134.23,134.23
2862,2018,44,1,60.83,60.83
2863,2019,46,1,110.77,110.77
2864,2020,37,1,124.9,124.9
2865,2020,46,1,110.77,110.77
2866,2021,29,1,8.1,8.1
2867,2021,37,1,124.9,124.9
2868,2022,21,1,68.92,68.92
2869,2023,10,1,143.48,143.48
2870,2024,14,1,54.02,54.02
2871,2025,1,1,100.37,100.37
2872,2026,19,1,134.23,134.23
2873,2027,13,1,30.54,30.54
2874,2028,30,1,59.75,59.75
2875,2028,9,1,52.53,52.53
2876,2029,14,1,54.02,54.02
2877,2030,11,1,101.4,101.4
2878,2030,10,1,143.48,143.48
2879,2031,8,1,18.01,18.01
2880,2031,20,2,37.22,74.44
2881,2032,33,1,150.73,150.73
2882,2032,46,2,110.77,221.54
2883,2033,45,1,27.79,27.79
2884,2034,45,1,27.79,27.79
2885,2035,23,2,73.18,146.36
2886,2036,44,1,60.83,60.83
2887,2036,13,1,30.54,30.54
2888,2037,21,1,68.92,68.92
2889,2037,14,1,54.02,54.02
2890,2037,35,1,138.73,138.73
2891,2038,8,1,18.01,18.01
2892,2039,12,1,103.83,103.83
2893,2040,35,1,138.73,138.73
2894,2041,34,2,38.49,76.98
2895,2042,8,1,18.01,18.01
2896,2043,43,1,21.66,21.66
2897,2044,44,1,60.83,60.83
2898,2044,8,1,18.01,18.01
2899,2045,9,2,52.53,105.06
2900,2046,32,1,10.75,10.75
2901,2047,38,1,71.35,71.35
2902,2048,36,1,47.04,47.04
2903,2048,28,1,74.05,74.05
2904,2049,19,2,134.23,268.46
2905,2050,39,1,109.17,109.17
2906,2051,33,1,150.73,150.73
2907,2052,42,1,121.48,121.48
2908,2053,22,1,66.58,66.58
2909,2054,36,1,47.04,47.04
2910,2054,37,1,124.9,124.9
2911,2054,8,2,18.01,36.02
2912,2055,36,1,47.04,47.04
2913,2056,47,1,18.78,18.78
2914,2057,27,1,21.72,21.72
2915,2057,15,1,153.03,153.03
2916,2058,30,2,59.75,119.5
2917,2059,30,1,59.75,59.75
2918,2060,45,1,27.79,27.79
2919,2061,32,1,10.75,10.75
2920,2062,26,2,109.35,218.7
2921,2063,36,1,47.04,47.04
2922,2064,44,1,60.83,60.83
2923,2065,35,1,138.73,138.73
2924,2065,32,1,10.75,10.75
2925,2066,14,1,54.02,54.02
2926,2067,42,1,121.48,121.48
2927,2068,21,1,68.92,68.92
2928,2069,32,1,10.75,10.75
2929,2070,43,2,21.66,43.32
2930,2071,33,1,150.73,150.73
2931,2072,14,1,54.02,54.02
2932,2072,18,1,33.21,33.21
2933,2073,47,1,18.78,18.78
2934,2074,21,1,68.92,68.92
2935,2075,23,1,73.18,73.18
2936,2076,41,1,43.6,43.6
2937,2076,47,1,18.78,18.78
2938,2077,32,1,10.75,10.75
2939,2078,9,1,52.53,52.53
2940,2079,6,2,77.62,155.24
2941,2079,35,1,138.73,138.73
2942,2080,21,1,68.92,68.92
2943,2081,12,1,103.83,103.83
2944,2082,20,1,37.22,37.22
2945,2083,23,1,73.18,73.18
2946,2084,10,1,143.48,143.48
2947,2084,14,1,54.02,54.02
2948,2084,36,1,47.04,47.04
2949,2085,20,1,37.22,37.22
2950,2086,8,1,18.01,18.01
2951,2087,40,1,178.18,178.18
2952,2087,23,1,73.18,73.18
2953,2088,43,1,21.66,21.66
2954,2089,41,1,43.6,43.6
2955,2089,31,1,17.34,17.34
2956,2090,33,3,150.73,452.19
2957,2090,6,1,77.62,77.62
2958,2091,14,1,54.02,54.02
2959,2091,18,1,33.21,33.21
2960,2091,8,1,18.01,18.01
2961,2092,46,1,110.77,110.77
2962,2093,44,1,60.83,60.83
2963,2094,10,1,143.48,143.48
2964,2095,14,1,54.02,54.02
2965,2095,10,1,143.48,143.48
2966,2096,43,1,21.66,21.66
2967,2097,14,1,54.02,54.02
2968,2097,19,1,134.23,134.23
2969,2098,46,1,110.77,110.77
2970,2099,33,1,150.73,150.73
2971,2100,44,3,60.83,182.49
2972,2101,21,1,68.92,68.92
2973,2102,21,1,68.92,68.92
2974,2103,36,1,47.04,47.04
2975,2103,6,1,77.62,77.62
2976,2103,23,1,73.18,73.18
2977,2104,3,1,50.78,50.78
2978,2104,4,1,63.77,63.77
2979,2105,20,1,37.22,37.22
2980,2105,25,1,38.48,38.48
2981,2106,21,1,68.92,68.92
2982,2107,27,1,21.72,21.72
2983,2107,14,1,54.02,54.02
2984,2108,11,1,101.4,101.4
2985,2109,43,1,21.66,21.66
2986,2110,44,1,60.83,60.83
2987,2110,9,1,52.53,52.53
2988,2111,35,1,138.73,138.73
2989,2112,22,1,66.58,66.58
2990,2112,41,1,43.6,43.6
2991,2113,36,1,47.04,47.04
2992,2114,36,1,47.04,47.04
2993,2114,47,3,18.78,56.34
2994,2115,46,1,110.77,110.77
2995,2115,37,1,124.9,124.9
2996,2116,44,1,60.83,60.83
2997,2116,9,1,52.53,52.53
2998,2116,3,3,50.78,152.34
2999,2117,28,2,74.05,148.1
3000,2118,8,1,18.01,18.01
3001,2119,14,1,54.02,54.02
3002,2120,23,1,73.18,73.18
3003,2121,42,1,121.48,121.48
3004,2122,46,1,110.77,110.77
3005,2123,21,1,68.92,68.92
3006,2123,39,1,109.17,109.17
3007,2123,37,1,124.9,124.9
3008,2124,12,2,103.83,207.66
3009,2124,8,1,18.01,18.01
3010,2124,19,1,134.23,134.23
3011,2125,26,1,109.35,109.35
3012,2126,8,1,18.01,18.01
3013,2127,23,1,73.18,73.18
3014,2127,8,1,18.01,18.01
3015,2127,28,2,74.05,148.1
3016,2128,35,1,138.73,138.73
3017,2129,33,2,150.73,301.46
3018,2130,12,1,103.83,103.83
3019,2131,47,1,18.78,18.78
3020,2131,46,1,110.77,110.77
3021,2131,35,2,138.73,277.46
3022,2132,10,2,143.48,286.96
3023,2132,35,1,138.73,138.73
3024,2133,28,1,74.05,74.05
3025,2134,34,1,38.49,38.49
3026,2135,4,1,63.77,63.77
3027,2136,14,1,54.02,54.02
3028,2137,12,1,103.83,103.83
3029,2138,36,2,47.04,94.08
3030,2138,21,2,68.92,137.84
3031,2138,32,1,10.75,10.75
3032,2139,40,1,178.18,178.18
3033,2140,10,1,143.48,143.48
3034,2141,30,1,59.75,59.75
3035,2142,19,1,134.23,134.23
3036,2142,31,1,17.34,17.34
3037,2142,20,1,37.22,37.22
3038,2143,47,1,18.78,18.78
3039,2144,2,1,88.23,88.23
3040,2145,19,1,134.23,134.23
3041,2146,10,1,143.48,143.48
3042,2146,46,1,110.77,110.77
3043,2147,3,1,50.78,50.78
3044,2147,14,1,54.02,54.02
3045,2148,46,1,110.77,110.77
3046,2149,31,1,17.34,17.34
3047,2149,33,1,150.73,150.73
3048,2150,36,2,47.04,94.08
3049,2150,35,1,138.73,138.73
3050,2151,36,1,47.04,47.04
3051,2152,3,1,50.78,50.78
3052,2153,4,3,63.77,191.31
3053,2154,8,1,18.01,18.01
3054,2154,35,1,138.73,138.73
3055,2155,42,1,121.48,121.48
3056,2156,3,1,50.78,50.78
3057,2157,19,1,134.23,134.23
3058,2158,42,1,121.48,121.48
3059,2158,13,1,30.54,30.54
3060,2159,18,1,33.21,33.21
3061,2160,23,1,73.18,73.18
3062,2160,35,1,138.73,138.73
3063,2161,8,1,18.01,18.01
3064,2162,14,1,54.02,54.02
3065,2162,8,1,18.01,18.01
3066,2163,36,1,47.04,47.04
3067,2164,23,1,73.18,73.18
3068,2165,40,3,178.18,534.54
3069,2166,48,1,88.91,88.91
3070,2167,32,1,10.75,10.75
3071,2168,47,1,18.78,18.78
3072,2169,15,1,153.03,153.03
3073,2170,33,2,150.73,301.46
3074,2171,26,2,109.35,218.7
3075,2172,8,1,18.01,18.01
3076,2173,12,1,103.83,103.83
3077,2174,23,1,73.18,73.18
3078,2175,14,1,54.02,54.02
3079,2175,19,1,134.23,134.23
3080,2176,3,1,50.78,50.78
3081,2177,10,1,143.48,143.48
3082,2178,33,1,150.73,150.73
3083,2179,21,1,68.92,68.92
3084,2179,29,1,8.1,8.1
3085,2180,40,1,178.18,178.18
3086,2181,23,1,73.18,73.18
3087,2182,4,2,63.77,127.54
3088,2182,22,1,66.58,66.58
3089,2183,47,1,18.78,18.78
3090,2184,30,1,59.75,59.75
3091,2184,27,2,21.72,43.44
3092,2185,8,1,18.01,18.01
3093,2185,45,1,27.79,27.79
3094,2186,44,3,60.83,182.49
3095,2186,35,1,138.73,138.73
3096,2187,40,1,178.18,178.18
3097,2188,3,1,50.78,50.78
3098,2189,47,1,18.78,18.78
3099,2189,15,2,153.03,306.06
3100,2190,47,1,18.78,18.78
3101,2191,23,1,73.18,73.18
3102,2192,20,1,37.22,37.22
3103,2193,33,2,150.73,301.46
3104,2193,10,2,143.48,286.96
3105,2194,10,2,143.48,286.96
3106,2194,32,2,10.75,21.5
3107,2195,10,1,143.48,143.48
3108,2195,41,1,43.6,43.6
3109,2196,6,1,77.62,77.62
3110,2196,46,1,110.77,110.77
3111,2197,32,1,10.75,10.75
3112,2198,8,1,18.01,18.01
3113,2199,33,1,150.73,150.73
3114,2200,33,1,150.73,150.73
3115,2201,15,1,153.03,153.03
3116,2201,11,1,101.4,101.4
3117,2201,45,1,27.79,27.79
3118,2202,28,1,74.05,74.05
3119,2203,44,2,60.83,121.66
3120,2203,23,2,73.18,146.36
3121,2204,47,1,18.78,18.78
3122,2204,48,1,88.91,88.91
3123,2205,14,3,54.02,162.06
3124,2206,29,1,8.1,8.1
3125,2206,44,3,60.83,182.49
3126,2207,40,2,178.18,356.36
3127,2207,44,2,60.83,121.66
3128,2208,48,1,88.91,88.91
3129,2209,14,2,54.02,108.04
3130,2209,3,1,50.78,50.78
3131,2210,29,2,8.1,16.2
3132,2210,8,1,18.01,18.01
3133,2210,43,1,21.66,21.66
3134,2211,19,1,134.23,134.23
3135,2212,44,1,60.83,60.83
3136,2213,26,2,109.35,218.7
3137,2214,44,1,60.83,60.83
3138,2215,14,1,54.02,54.02
3139,2216,14,1,54.02,54.02
3140,2216,35,1,138.73,138.73
3141,2217,8,2,18.01,36.02
3142,2218,8,1,18.01,18.01
3143,2219,6,1,77.62,77.62
3144,2220,14,1,54.02,54.02
3145,2221,14,2,54.02,108.04
3146,2222,47,1,18.78,18.78
3147,2223,20,1,37.22,37.22
3148,2224,44,1,60.83,60.83
3149,2225,8,1,18.01,18.01
3150,2225,13,1,30.54,30.54
3151,2226,3,1,50.78,50.78
3152,2227,6,1,77.62,77.62
3153,2228,8,1,18.01,18.01
3154,2228,36,1,47.04,47.04
3155,2229,42,1,121.48,121.48
3156,2229,32,1,10.75,10.75
3157,2229,35,1,138.73,138.73
3158,2230,23,1,73.18,73.18
3159,2230,13,1,30.54,30.54
3160,2231,34,1,38.49,38.49
3161,2232,43,1,21.66,21.66
3162,2233,35,1,138.73,138.73
3163,2233,25,2,38.48,76.96
3164,2234,10,1,143.48,143.48
3165,2235,11,1,101.4,101.4
3166,2235,36,2,47.04,94.08
3167,2236,23,2,73.18,146.36
3168,2237,40,2,178.18,356.36
3169,2238,25,2,38.48,76.96
3170,2239,45,1,27.79,27.79
3171,2239,36,1,47.04,47.04
3172,2239,12,1,103.83,103.83
3173,2240,23,1,73.18,73.18
3174,2241,23,1,73.18,73.18
3175,2242,6,2,77.62,155.24
3176,2242,36,1,47.04,47.04
3177,2243,23,1,73.18,73.18
3178,2243,10,2,143.48,286.96
3179,2244,27,1,21.72,21.72
3180,2244,42,2,121.48,242.96
3181,2244,33,1,150.73,150.73
3182,2245,1,2,100.37,200.74
3183,2246,14,2,54.02,108.04
3184,2247,19,1,134.23,134.23
3185,2247,42,1,121.48,121.48
3186,2248,43,1,24.61,24.61
3187,2249,44,1,69.13,69.13
3188,2249,19,3,152.53,457.59
3189,2249,35,1,157.65,157.65
3190,2250,34,1,43.74,43.74
3191,2251,21,1,78.32,78.32
3192,2251,44,1,69.13,69.13
3193,2252,40,1,202.48,202.48
3194,2252,12,2,117.99,235.98
3195,2253,40,1,202.48,202.48
3196,2254,8,1,20.47,20.47
3197,2254,21,1,78.32,78.32
3198,2255,15,2,173.9,347.8
3199,2255,46,1,125.88,125.88
3200,2256,23,1,83.16,83.16
3201,2256,32,1,12.22,12.22
3202,2257,14,1,61.39,61.39
3203,2258,44,1,69.13,69.13
3204,2259,37,1,141.93,141.93
3205,2260,44,1,69.13,69.13
3206,2261,23,2,83.16,166.32
3207,2261,25,1,43.73,43.73
3208,2262,23,1,83.16,83.16
3209,2263,18,1,37.74,37.74
3210,2264,44,1,69.13,69.13
3211,2265,10,1,163.05,163.05
3212,2266,32,1,12.22,12.22
3213,2267,32,1,12.22,12.22
3214,2268,14,1,61.39,61.39
3215,2269,15,1,173.9,173.9
3216,2270,1,1,114.06,114.06
3217,2271,25,1,43.73,43.73
3218,2272,23,1,83.16,83.16
3219,2273,18,1,37.74,37.74
3220,2274,21,1,78.32,78.32
3221,2274,38,1,81.08,81.08
3222,2275,10,1,163.05,163.05
3223,2275,18,1,37.74,37.74
3224,2276,27,1,24.68,24.68
3225,2277,15,1,173.9,173.9
3226,2278,10,1,163.05,163.05
3227,2278,20,1,42.3,42.3
3228,2279,34,2,43.74,87.48
3229,2280,33,1,171.28,171.28
3230,2280,19,1,152.53,152.53
3231,2281,23,1,83.16,83.16
3232,2282,36,1,53.45,53.45
3233,2283,20,1,42.3,42.3
3234,2283,8,1,20.47,20.47
3235,2284,35,1,157.65,157.65
3236,2285,25,1,43.73,43.73
3237,2286,36,2,53.45,106.9
3238,2286,12,1,117.99,117.99
3239,2287,8,1,20.47,20.47
3240,2287,46,2,125.88,251.76
3241,2287,36,3,53.45,160.35
3242,2288,14,2,61.39,122.78
3243,2288,32,1,12.22,12.22
3244,2289,35,2,157.65,315.3
3245,2290,36,1,53.45,53.45
3246,2291,41,1,49.55,49.55
3247,2292,23,1,83.16,83.16
3248,2292,6,2,88.2,176.4
3249,2293,32,1,12.22,12.22
3250,2294,21,1,78.32,78.32
3251,2295,23,1,83.16,83.16
3252,2296,13,1,34.71,34.71
3253,2296,35,1,157.65,157.65
3254,2297,47,1,21.34,21.34
3255,2297,33,1,171.28,171.28
3256,2298,14,1,61.39,61.39
3257,2299,8,1,20.47,20.47
3258,2300,31,1,19.71,19.71
3259,2300,1,2,114.06,228.12
3260,2300,11,1,115.23,115.23
3261,2301,25,2,43.73,87.46
3262,2302,38,1,81.08,81.08
3263,2303,10,1,163.05,163.05
3264,2304,14,1,61.39,61.39
3265,2304,18,1,37.74,37.74
3266,2305,23,1,83.16,83.16
3267,2305,9,3,59.69,179.07
3268,2306,32,1,12.22,12.22
3269,2307,11,1,115.23,115.23
3270,2307,46,2,125.88,251.76
3271,2308,36,1,53.45,53.45
3272,2308,22,2,75.66,151.32
3273,2308,21,1,78.32,78.32
3274,2309,43,2,24.61,49.22
3275,2310,41,1,49.55,49.55
3276,2311,23,1,83.16,83.16
3277,2312,47,3,21.34,64.02
3278,2312,35,1,157.65,157.65
3279,2313,26,1,124.26,124.26
3280,2314,21,1,78.32,78.32
3281,2314,13,1,34.71,34.71
3282,2314,44,1,69.13,69.13
3283,2315,32,2,12.22,24.44
3284,2316,46,1,125.88,125.88
3285,2316,45,1,31.58,31.58
3286,2317,30,1,67.9,67.9
3287,2318,42,2,138.05,276.1
3288,2319,14,1,61.39,61.39
3289,2320,14,1,61.39,61.39
3290,2320,21,1,78.32,78.32
3291,2321,23,1,83.16,83.16
3292,2322,8,1,20.47,20.47
3293,2323,42,1,138.05,138.05
3294,2324,43,1,24.61,24.61
3295,2325,12,1,117.99,117.99
3296,2326,25,3,43.73,131.19
3297,2326,21,1,78.32,78.32
3298,2326,34,1,43.74,43.74
3299,2327,12,1,117.99,117.99
3300,2328,40,1,202.48,202.48
3301,2329,2,1,100.26,100.26
3302,2329,27,1,24.68,24.68
3303,2330,36,1,53.45,53.45
3304,2330,23,1,83.16,83.16
3305,2330,26,1,124.26,124.26
3306,2331,46,1,125.88,125.88
3307,2332,21,1,78.32,78.32
3308,2332,35,1,157.65,157.65
3309,2332,44,1,69.13,69.13
3310,2333,44,1,69.13,69.13
3311,2334,14,2,61.39,122.78
3312,2335,12,1,117.99,117.99
3313,2335,20,1,42.3,42.3
3314,2335,4,1,72.47,72.47
3315,2336,21,2,78.32,156.64
3316,2337,47,1,21.34,21.34
3317,2337,3,1,57.71,57.71
3318,2337,12,1,117.99,117.99
3319,2338,2,1,100.26,100.26
3320,2339,25,1,43.73,43.73
3321,2339,15,1,173.9,173.9
3322,2339,41,1,49.55,49.55
3323,2340,35,1,157.65,157.65
3324,2341,44,2,69.13,138.26
3325,2342,13,2,34.71,69.42
3326,2343,3,1,57.71,57.71
3327,2343,44,1,69.13,69.13
3328,2344,45,2,31.58,63.16
3329,2345,3,1,57.71,57.71
3330,2346,15,1,173.9,173.9
3331,2347,23,1,83.16,83.16
3332,2348,33,1,171.28,171.28
3333,2349,13,1,34.71,34.71
3334,2349,14,1,61.39,61.39
3335,2350,10,1,163.05,163.05
3336,2351,43,1,24.61,24.61
3337,2352,45,1,31.58,31.58
3338,2353,23,1,83.16,83.16
3339,2353,10,2,163.05,326.1
3340,2353,12,1,117.99,117.99
3341,2354,12,1,117.99,117.99
3342,2355,27,1,24.68,24.68
3343,2355,15,1,173.9,173.9
3344,2355,40,1,202.48,202.48
3345,2356,5,1,61.15,61.15
3346,2357,36,1,53.45,53.45
3347,2358,37,1,141.93,141.93
3348,2359,13,1,34.71,34.71
3349,2359,36,1,53.45,53.45
3350,2359,15,3,173.9,521.7
3351,2360,3,2,57.71,115.42
3352,2361,32,1,12.22,12.22
3353,2361,38,1,81.08,81.08
3354,2362,18,3,37.74,113.22
3355,2362,32,1,12.22,12.22
3356,2363,26,1,124.26,124.26
3357,2364,32,2,12.22,24.44
3358,2365,32,1,12.22,12.22
3359,2365,8,1,20.47,20.47
3360,2366,40,1,202.48,202.48
3361,2366,12,1,117.99,117.99
3362,2367,34,2,43.74,87.48
3363,2367,13,1,34.71,34.71
3364,2368,6,2,88.2,176.4
3365,2368,35,1,157.65,157.65
3366,2368,36,1,53.45,53.45
3367,2369,39,2,124.06,248.12
3368,2370,43,1,24.61,24.61
3369,2371,46,2,125.88,251.76
3370,2372,27,3,24.68,74.04
3371,2373,36,1,53.45,53.45
3372,2373,14,3,61.39,184.17
3373,2374,40,1,202.48,202.48
3374,2374,36,1,53.45,53.45
3375,2374,26,1,124.26,124.26
3376,2375,32,1,12.22,12.22
3377,2375,14,1,61.39,61.39
3378,2376,48,1,101.03,101.03
3379,2376,47,1,21.34,21.34
3380,2376,36,2,53.45,106.9
3381,2377,8,1,20.47,20.47
3382,2378,26,1,124.26,124.26
3383,2379,40,1,202.48,202.48
3384,2379,3,1,57.71,57.71
3385,2380,36,3,53.45,160.35
3386,2381,35,1,157.65,157.65
3387,2382,13,1,34.71,34.71
3388,2383,14,1,61.39,61.39
3389,2384,43,1,24.61,24.61
3390,2384,47,1,21.34,21.34
3391,2385,14,1,61.39,61.39
3392,2385,29,1,9.2,9.2
3393,2386,8,2,20.47,40.94
3394,2386,32,1,12.22,12.22
3395,2387,20,1,42.3,42.3
3396,2388,7,2,143.57,287.14
3397,2389,8,1,20.47,20.47
3398,2390,45,1,31.58,31.58
3399,2391,31,1,19.71,19.71
3400,2392,36,1,53.45,53.45
3401,2393,48,1,101.03,101.03
3402,2393,44,1,69.13,69.13
3403,2393,25,1,43.73,43.73
3404,2394,35,1,157.65,157.65
3405,2395,14,2,61.39,122.78
3406,2396,36,1,53.45,53.45
3407,2397,47,1,21.34,21.34
3408,2398,28,1,84.15,84.15
3409,2398,35,2,157.65,315.3
3410,2399,6,2,88.2,176.4
3411,2400,34,2,43.74,87.48
3412,2401,14,1,61.39,61.39
3413,2402,47,1,21.34,21.34
3414,2402,21,1,78.32,78.32
3415,2402,19,1,152.53,152.53
3416,2403,6,1,88.2,88.2
3417,2404,42,1,138.05,138.05
3418,2405,36,1,53.45,53.45
3419,2406,44,1,69.13,69.13
3420,2407,23,1,83.16,83.16
3421,2407,40,2,202.48,404.96
3422,2408,32,1,12.22,12.22
3423,2409,23,1,83.16,83.16
3424,2410,19,1,152.53,152.53
3425,2410,11,1,115.23,115.23
3426,2411,12,1,117.99,117.99
3427,2411,3,3,57.71,173.13
3428,2412,13,1,34.71,34.71
3429,2412,18,2,37.74,75.48
3430,2413,21,1,78.32,78.32
3431,2414,17,2,101.25,202.5
3432,2414,10,1,163.05,163.05
3433,2415,14,1,61.39,61.39
3434,2416,26,1,124.26,124.26
3435,2416,10,2,163.05,326.1
3436,2417,12,1,117.99,117.99
3437,2418,37,1,141.93,141.93
3438,2419,9,1,59.69,59.69
3439,2420,10,1,163.05,163.05
3440,2421,14,1,61.39,61.39
3441,2422,11,1,115.23,115.23
3442,2422,22,3,75.66,226.98
3443,2423,8,1,20.47,20.47
3444,2424,41,2,49.55,99.1
3445,2425,20,1,42.3,42.3
3446,2426,45,1,31.58,31.58
3447,2427,44,1,69.13,69.13
3448,2427,28,1,84.15,84.15
3449,2427,35,1,157.65,157.65
3450,2428,14,1,61.39,61.39
3451,2429,23,1,83.16,83.16
3452,2429,28,1,84.15,84.15
3453,2430,3,2,57.71,115.42
3454,2431,45,1,31.58,31.58
3455,2432,39,1,124.06,124.06
3456,2433,32,1,12.22,12.22
3457,2434,6,3,88.2,264.6
3458,2435,31,1,19.71,19.71
3459,2435,4,2,72.47,144.94
3460,2436,13,1,34.71,34.71
3461,2437,35,1,157.65,157.65
3462,2438,27,2,24.68,49.36
3463,2438,30,1,67.9,67.9
3464,2438,44,1,69.13,69.13
3465,2439,46,1,125.88,125.88
3466,2440,12,1,117.99,117.99
3467,2441,37,1,141.93,141.93
3468,2441,22,1,75.66,75.66
3469,2442,35,1,157.65,157.65
3470,2442,13,1,34.71,34.71
3471,2443,36,1,53.45,53.45
3472,2444,9,1,59.69,59.69
3473,2445,47,1,21.34,21.34
3474,2446,3,1,57.71,57.71
3475,2447,44,1,69.13,69.13
3476,2448,23,1,83.16,83.16
3477,2448,5,1,61.15,61.15
3478,2449,21,1,78.32,78.32
3479,2450,25,2,43.73,87.46
3480,2450,23,2,83.16,166.32
3481,2451,19,1,152.53,152.53
3482,2452,36,1,53.45,53.45
3483,2452,43,1,24.61,24.61
3484,2453,3,1,57.71,57.71
3485,2454,14,2,61.39,122.78
3486,2454,37,1,141.93,141.93
3487,2455,47,2,21.34,42.68
3488,2456,45,1,31.58,31.58
3489,2457,14,1,61.39,61.39
3490,2458,11,2,115.23,230.46
3491,2459,29,1,9.2,9.2
3492,2460,43,1,24.61,24.61
3493,2461,33,2,171.28,342.56
3494,2461,32,1,12.22,12.22
3495,2462,43,1,24.61,24.61
3496,2463,8,1,20.47,20.47
3497,2464,43,1,24.61,24.61
3498,2464,18,1,37.74,37.74
3499,2465,35,1,157.65,157.65
3500,2466,43,1,24.61,24.61
3501,2467,14,2,61.39,122.78
3502,2468,1,1,114.06,114.06
3503,2468,44,1,69.13,69.13
3504,2468,8,1,20.47,20.47
3505,2469,40,1,202.48,202.48
3506,2469,3,1,57.71,57.71
3507,2469,36,1,53.45,53.45
3508,2470,18,2,37.74,75.48
3509,2470,3,1,57.71,57.71
3510,2470,36,1,53.45,53.45
3511,2471,32,2,12.22,24.44
3512,2471,3,1,57.71,57.71
3513,2472,27,1,24.68,24.68
3514,2472,43,1,24.61,24.61
3515,2473,44,1,69.13,69.13
3516,2473,25,2,43.73,87.46
3517,2474,32,1,12.22,12.22
3518,2475,21,1,78.32,78.32
3519,2476,23,3,83.16,249.48
3520,2477,37,3,141.93,425.79
3521,2478,19,1,152.53,152.53
3522,2478,21,1,78.32,78.32
3523,2478,25,1,43.73,43.73
3524,2479,40,1,202.48,202.48
3525,2480,9,1,59.69,59.69
3526,2481,32,1,12.22,12.22
3527,2482,28,1,84.15,84.15
3528,2482,44,1,69.13,69.13
3529,2483,18,2,37.74,75.48
3530,2484,4,1,72.47,72.47
3531,2485,5,1,61.15,61.15
3532,2486,4,1,72.47,72.47
3533,2487,4,1,72.47,72.47
3534,2488,23,1,83.16,83.16
3535,2489,14,1,61.39,61.39
3536,2489,35,1,157.65,157.65
3537,2490,20,2,42.3,84.6
3538,2490,40,1,202.48,202.48
3539,2491,27,1,24.68,24.68
3540,2492,36,1,53.45,53.45
3541,2493,43,1,24.61,24.61
3542,2494,36,1,53.45,53.45
3543,2495,28,1,84.15,84.15
3544,2495,25,1,43.73,43.73
3545,2496,19,2,152.53,305.06
3546,2496,23,1,83.16,83.16
3547,2497,47,1,21.34,21.34
3548,2497,8,1,20.47,20.47
3549,2497,6,1,88.2,88.2
3550,2498,22,1,75.66,75.66
3551,2499,42,1,138.05,138.05
3552,2500,37,1,141.93,141.93
3553,2501,36,1,53.45,53.45
3554,2502,26,2,124.26,248.52
3555,2503,44,1,69.13,69.13
3556,2503,22,1,75.66,75.66
3557,2504,13,1,34.71,34.71
3558,2505,8,1,20.47,20.47
3559,2506,35,2,157.65,315.3
3560,2507,21,1,78.32,78.32
3561,2508,3,1,57.71,57.71
3562,2509,36,1,53.45,53.45
3563,2510,35,2,157.65,315.3
3564,2510,32,2,12.22,24.44
3565,2511,6,1,88.2,88.2
3566,2512,37,1,141.93,141.93
3567,2512,12,2,117.99,235.98
3568,2513,44,2,69.13,138.26
3569,2513,38,1,81.08,81.08
3570,2514,35,1,157.65,157.65
3571,2515,8,1,20.47,20.47
3572,2516,3,1,57.71,57.71
3573,2516,40,1,202.48,202.48
3574,2517,24,1,29.56,29.56
3575,2517,47,1,21.34,21.34
3576,2517,10,1,163.05,163.05
3577,2518,28,1,84.15,84.15
3578,2518,40,1,202.48,202.48
3579,2519,4,1,72.47,72.47
3580,2520,23,1,83.16,83.16
3581,2520,45,1,31.58,31.58
3582,2521,3,1,57.71,57.71
3583,2522,20,1,42.3,42.3
3584,2522,37,2,141.93,283.86
3585,2523,8,2,20.47,40.94
3586,2524,10,1,163.05,163.05
3587,2525,8,1,20.47,20.47
3588,2526,36,1,53.45,53.45
3589,2526,32,3,12.22,36.66
3590,2527,37,2,141.93,283.86
3591,2528,41,1,49.55,49.55
3592,2529,6,1,88.2,88.2
3593,2529,36,1,53.45,53.45
3594,2530,45,1,31.58,31.58
3595,2531,8,2,20.47,40.94
3596,2532,12,1,117.99,117.99
3597,2533,44,2,69.13,138.26
3598,2534,14,1,61.39,61.39
3599,2535,3,1,57.71,57.71
3600,2536,31,2,19.71,39.42
3601,2537,5,1,61.15,61.15
3602,2537,6,1,88.2,88.2
3603,2538,36,1,53.45,53.45
3604,2539,45,1,31.58,31.58
3605,2539,13,1,34.71,34.71
3606,2540,46,1,125.88,125.88
3607,2541,28,2,84.15,168.3
3608,2542,4,1,72.47,72.47
3609,2542,43,2,24.61,49.22
3610,2542,8,1,20.47,20.47
3611,2543,35,2,157.65,315.3
3612,2544,4,2,72.47,144.94
3613,2545,26,1,124.26,124.26
3614,2546,45,1,31.58,31.58
3615,2547,1,1,114.06,114.06
3616,2548,45,2,31.58,63.16
3617,2549,48,1,101.03,101.03
3618,2550,29,1,9.2,9.2
3619,2551,14,2,61.39,122.78
3620,2552,25,1,43.73,43.73
3621,2553,40,1,202.48,202.48
3622,2554,24,1,29.56,29.56
3623,2555,3,1,57.71,57.71
3624,2556,40,1,202.48,202.48
3625,2557,44,1,69.13,69.13
3626,2558,38,1,81.08,81.08
3627,2559,23,1,83.16,83.16
3628,2560,3,1,57.71,57.71
3629,2561,43,1,24.61,24.61
3630,2562,6,1,88.2,88.2
3631,2562,40,2,202.48,404.96
3632,2562,47,1,21.34,21.34
3633,2563,43,1,24.61,24.61
3634,2564,35,2,157.65,315.3
3635,2565,34,1,43.74,43.74
3636,2565,8,1,20.47,20.47
3637,2565,23,1,83.16,83.16
3638,2566,45,1,31.58,31.58
3639,2566,4,1,72.47,72.47
3640,2566,28,1,84.15,84.15
3641,2567,9,1,59.69,59.69
3642,2567,47,1,21.34,21.34
3643,2568,47,1,21.34,21.34
3644,2569,23,1,83.16,83.16
3645,2570,1,1,114.06,114.06
3646,2571,28,1,84.15,84.15
3647,2572,40,1,202.48,202.48
3648,2572,23,1,83.16,83.16
3649,2573,42,1,138.05,138.05
3650,2574,23,3,83.16,249.48
3651,2575,3,1,57.71,57.71
3652,2575,32,1,12.22,12.22
3653,2576,47,1,21.34,21.34
3654,2577,47,1,21.34,21.34
3655,2578,10,1,163.05,163.05
3656,2578,36,1,53.45,53.45
3657,2579,35,1,157.65,157.65
3658,2580,28,1,84.15,84.15
3659,2581,44,1,69.13,69.13
3660,2581,23,2,83.16,166.32
3661,2581,29,1,9.2,9.2
3662,2582,10,1,163.05,163.05
3663,2583,41,2,49.55,99.1
3664,2584,1,1,114.06,114.06
3665,2584,36,2,53.45,106.9
3666,2585,13,1,34.71,34.71
3667,2586,10,1,163.05,163.05
3668,2587,44,1,69.13,69.13
3669,2587,10,1,163.05,163.05
3670,2588,15,1,173.9,173.9
3671,2588,40,1,202.48,202.48
3672,2588,8,1,20.47,20.47
3673,2589,40,1,202.48,202.48
3674,2589,28,1,84.15,84.15
3675,2590,35,1,157.65,157.65
3676,2591,12,2,117.99,235.98
3677,2591,8,1,20.47,20.47
3678,2592,32,1,12.22,12.22
3679,2593,14,1,61.39,61.39
3680,2593,46,1,125.88,125.88
3681,2594,2,1,100.26,100.26
3682,2594,14,1,61.39,61.39
3683,2595,46,1,125.88,125.88
3684,2596,46,1,125.88,125.88
3685,2597,3,1,57.71,57.71
3686,2597,40,2,202.48,404.96
3687,2597,20,1,42.3,42.3
3688,2598,8,1,20.47,20.47
3689,2598,41,1,49.55,49.55
3690,2598,10,1,163.05,163.05
3691,2599,14,1,61.39,61.39
3692,2600,37,1,141.93,141.93
3693,2601,38,1,81.08,81.08
3694,2602,15,1,173.9,173.9
3695,2603,23,1,83.16,83.16
3696,2604,33,1,171.28,171.28
3697,2605,36,1,53.45,53.45
3698,2606,8,1,20.47,20.47
3699,2607,14,2,61.39,122.78
3700,2608,14,2,61.39,122.78
3701,2609,46,2,125.88,251.76
3702,2610,37,1,141.93,141.93
3703,2611,35,1,157.65,157.65
3704,2612,25,1,43.73,43.73
3705,2613,4,1,72.47,72.47
3706,2614,2,1,100.26,100.26
3707,2614,34,1,43.74,43.74
3708,2615,39,1,124.06,124.06
3709,2616,10,1,163.05,163.05
3710,2617,14,1,61.39,61.39
3711,2618,32,2,12.22,24.44
3712,2619,46,1,125.88,125.88
3713,2620,39,1,124.06,124.06
3714,2621,11,1,115.23,115.23
3715,2622,44,1,69.13,69.13
3716,2623,8,1,20.47,20.47
3717,2624,23,1,83.16,83.16
3718,2625,44,1,69.13,69.13
3719,2625,40,1,202.48,202.48
3720,2626,27,1,24.68,24.68
3721,2627,25,1,43.73,43.73
3722,2628,38,2,81.08,162.16
3723,2629,28,1,84.15,84.15
3724,2629,11,1,115.23,115.23
3725,2629,8,1,20.47,20.47
3726,2630,23,1,83.16,83.16
3727,2631,43,1,24.61,24.61
3728,2631,32,1,12.22,12.22
3729,2631,25,1,43.73,43.73
3730,2632,32,1,12.22,12.22
3731,2633,28,3,84.15,252.45
3732,2634,26,1,124.26,124.26
3733,2635,30,1,67.9,67.9
3734,2635,16,1,144.13,144.13
3735,2636,21,1,78.32,78.32
3736,2636,19,3,152.53,457.59
3737,2636,18,1,37.74,37.74
3738,2637,10,1,163.05,163.05
3739,2638,43,1,24.61,24.61
3740,2638,32,1,12.22,12.22
3741,2638,8,1,20.47,20.47
3742,2639,21,1,78.32,78.32
3743,2639,44,1,69.13,69.13
3744,2640,36,1,53.45,53.45
3745,2640,28,2,84.15,168.3
3746,2640,44,1,69.13,69.13
3747,2641,28,1,84.15,84.15
3748,2642,3,1,57.71,57.71
3749,2643,37,1,141.93,141.93
3750,2644,10,3,163.05,489.15
3751,2644,14,1,61.39,61.39
3752,2644,40,1,202.48,202.48
3753,2645,14,1,61.39,61.39
3754,2646,36,1,53.45,53.45
3755,2646,21,2,78.32,156.64
3756,2647,36,1,53.45,53.45
3757,2647,4,1,72.47,72.47
3758,2648,3,1,57.71,57.71
3759,2649,10,1,163.05,163.05
3760,2649,8,1,20.47,20.47
3761,2650,18,1,37.74,37.74
3762,2651,45,2,31.58,63.16
3763,2652,14,1,61.39,61.39
3764,2652,10,1,163.05,163.05
3765,2653,36,1,53.45,53.45
3766,2654,15,2,173.9,347.8
3767,2655,12,1,117.99,117.99
3768,2656,21,1,78.32,78.32
3769,2656,35,1,157.65,157.65
3770,2657,4,1,72.47,72.47
3771,2657,19,1,152.53,152.53
3772,2658,42,1,138.05,138.05
3773,2659,10,1,163.05,163.05
3774,2659,14,2,61.39,122.78
3775,2660,47,1,21.34,21.34
3776,2661,8,1,20.47,20.47
3777,2661,29,1,9.2,9.2
3778,2662,11,3,115.23,345.69
3779,2662,4,2,72.47,144.94
3780,2663,23,1,83.16,83.16
3781,2664,44,1,69.13,69.13
3782,2665,31,1,19.71,19.71
3783,2666,35,1,157.65,157.65
3784,2667,14,1,61.39,61.39
3785,2667,10,1,163.05,163.05
3786,2668,35,1,157.65,157.65
3787,2669,4,1,72.47,72.47
3788,2670,14,1,61.39,61.39
3789,2670,20,1,42.3,42.3
3790,2671,28,1,84.15,84.15
3791,2671,43,2,24.61,49.22
3792,2672,31,1,19.71,19.71
3793,2673,8,1,20.47,20.47
3794,2674,15,2,173.9,347.8
3795,2674,44,2,69.13,138.26
3796,2675,28,1,84.15,84.15
3797,2676,46,1,125.88,125.88
3798,2677,43,2,24.61,49.22
3799,2677,14,1,61.39,61.39
3800,2678,34,2,43.74,87.48
3801,2678,12,1,117.99,117.99
3802,2679,36,2,53.45,106.9
3803,2680,8,1,20.47,20.47
3804,2680,23,1,83.16,83.16
3805,2681,42,1,138.05,138.05
3806,2682,26,1,124.26,124.26
3807,2683,47,1,21.34,21.34
3808,2683,25,1,43.73,43.73
3809,2684,44,1,69.13,69.13
3810,2685,45,1,31.58,31.58
3811,2686,8,1,20.47,20.47
3812,2687,20,1,42.3,42.3
3813,2688,19,1,152.53,152.53
3814,2689,16,1,144.13,144.13
3815,2689,44,1,69.13,69.13
3816,2690,13,2,34.71,69.42
3817,2691,42,1,138.05,138.05
3818,2691,31,2,19.71,39.42
3819,2692,30,1,67.9,67.9
3820,2692,21,1,78.32,78.32
3821,2693,27,1,24.68,24.68
3822,2694,34,1,43.74,43.74
3823,2695,14,1,61.39,61.39
3824,2696,20,2,42.3,84.6
3825,2696,33,1,171.28,171.28
3826,2697,34,1,43.74,43.74
3827,2698,14,3,61.39,184.17
3828,2699,28,1,84.15,84.15
3829,2699,47,1,21.34,21.34
3830,2700,3,2,57.71,115.42
3831,2701,32,1,12.22,12.22
3832,2701,23,1,83.16,83.16
3833,2702,26,1,124.26,124.26
3834,2702,10,1,163.05,163.05
3835,2703,46,1,125.88,125.88
3836,2704,27,1,24.68,24.68
3837,2704,14,1,61.39,61.39
3838,2705,35,1,157.65,157.65
3839,2706,6,1,88.2,88.2
3840,2706,23,2,83.16,166.32
3841,2707,30,2,67.9,135.8
3842,2708,14,2,61.39,122.78
3843,2709,34,2,43.74,87.48
3844,2710,38,1,81.08,81.08
3845,2710,5,1,61.15,61.15
3846,2710,47,1,21.34,21.34
3847,2711,33,1,171.28,171.28
3848,2712,23,1,83.16,83.16
3849,2713,35,1,157.65,157.65
3850,2713,46,1,125.88,125.88
3851,2714,23,2,83.16,166.32
3852,2714,8,1,20.47,20.47
3853,2715,28,1,84.15,84.15
3854,2715,20,1,42.3,42.3
3855,2716,11,1,115.23,115.23
3856,2717,3,1,57.71,57.71
3857,2718,40,1,202.48,202.48
3858,2718,46,1,125.88,125.88
3859,2719,21,1,78.32,78.32
3860,2720,21,1,78.32,78.32
3861,2720,10,1,163.05,163.05
3862,2721,13,1,34.71,34.71
3863,2722,18,2,37.74,75.48
3864,2723,32,1,12.22,12.22
3865,2723,15,1,173.9,173.9
3866,2724,40,2,202.48,404.96
3867,2724,26,1,124.26,124.26
3868,2725,36,3,53.45,160.35
3869,2725,8,1,20.47,20.47
3870,2726,46,1,125.88,125.88
3871,2726,32,3,12.22,36.66
3872,2726,47,1,21.34,21.34
3873,2727,27,1,24.68,24.68
3874,2727,3,1,57.71,57.71
3875,2727,18,2,37.74,75.48
3876,2728,23,1,83.16,83.16
3877,2729,6,1,88.2,88.2
3878,2730,35,3,157.65,472.95
3879,2730,28,1,84.15,84.15
3880,2731,24,1,29.56,29.56
3881,2732,20,1,42.3,42.3
3882,2733,35,1,157.65,157.65
3883,2733,23,1,83.16,83.16
3884,2733,8,1,20.47,20.47
3885,2734,21,1,78.32,78.32
3886,2735,25,1,43.73,43.73
3887,2736,10,1,163.05,163.05
3888,2736,14,1,61.39,61.39
3889,2737,20,1,42.3,42.3
3890,2738,10,1,163.05,163.05
3891,2739,45,2,31.58,63.16
3892,2740,20,1,42.3,42.3
3893,2741,6,2,88.2,176.4
3894,2741,21,1,78.32,78.32
3895,2742,8,1,20.47,20.47
3896,2742,15,1,173.9,173.9
3897,2743,35,1,157.65,157.65
3898,2743,37,1,141.93,141.93
3899,2744,14,1,61.39,61.39
3900,2744,44,1,69.13,69.13
3901,2744,46,1,125.88,125.88
3902,2745,35,1,157.65,157.65
3903,2746,8,1,20.47,20.47
3904,2747,23,1,83.16,83.16
3905,2748,28,1,84.15,84.15
3906,2749,8,1,20.47,20.47
3907,2750,28,2,84.15,168.3
3908,2751,20,1,42.3,42.3
3909,2751,28,2,84.15,168.3
3910,2752,4,2,72.47,144.94
3911,2752,36,1,53.45,53.45
3912,2753,47,2,21.34,42.68
3913,2753,4,1,72.47,72.47
3914,2754,36,1,53.45,53.45
3915,2754,14,1,61.39,61.39
3916,2755,44,2,69.13,138.26
3917,2755,36,1,53.45,53.45
3918,2756,43,3,24.61,73.83
3919,2757,34,1,43.74,43.74
3920,2757,44,1,69.13,69.13
3921,2758,23,1,83.16,83.16
3922,2759,36,1,53.45,53.45
3923,2759,8,2,20.47,40.94
3924,2760,14,1,61.39,61.39
3925,2761,34,1,43.74,43.74
3926,2761,26,2,124.26,248.52
3927,2761,43,1,24.61,24.61
3928,2762,22,3,75.66,226.98
3929,2763,14,1,61.39,61.39
3930,2764,28,1,84.15,84.15
3931,2765,3,1,57.71,57.71
3932,2765,45,1,31.58,31.58
3933,2765,6,1,88.2,88.2
3934,2766,23,1,83.16,83.16
3935,2767,21,1,78.32,78.32
3936,2768,37,2,141.93,283.86
3937,2769,10,1,163.05,163.05
3938,2769,11,2,115.23,230.46
3939,2770,19,1,152.53,152.53
3940,2771,23,1,83.16,83.16
3941,2772,11,1,115.23,115.23
3942,2773,44,1,69.13,69.13
3943,2773,28,1,84.15,84.15
3944,2773,31,1,19.71,19.71
3945,2774,10,1,163.05,163.05
3946,2775,26,1,124.26,124.26
3947,2776,25,1,43.73,43.73
3948,2776,47,1,21.34,21.34
3949,2777,10,2,163.05,326.1
3950,2778,8,2,20.47,40.94
3951,2779,30,1,67.9,67.9
3952,2779,1,1,114.06,114.06
3953,2779,11,1,115.23,115.23
3954,2780,31,1,19.71,19.71
3955,2781,35,3,157.65,472.95
3956,2782,20,1,42.3,42.3
3957,2782,28,1,84.15,84.15
3958,2783,32,2,12.22,24.44
3959,2784,21,1,78.32,78.32
3960,2785,4,1,72.47,72.47
3961,2786,21,1,78.32,78.32
3962,2787,32,1,12.22,12.22
3963,2788,45,1,31.58,31.58
3964,2789,13,1,34.71,34.71
3965,2789,11,1,115.23,115.23
3966,2790,10,1,163.05,163.05
3967,2791,40,1,202.48,202.48
3968,2791,35,1,157.65,157.65
3969,2792,35,1,157.65,157.65
3970,2793,42,2,138.05,276.1
3971,2794,45,3,31.58,94.74
3972,2795,36,2,53.45,106.9
3973,2796,32,2,12.22,24.44
3974,2797,30,1,67.9,67.9
3975,2798,12,3,117.99,353.97
3976,2799,37,3,141.93,425.79
3977,2800,37,2,141.93,283.86
3978,2800,13,1,34.71,34.71
3979,2801,15,2,173.9,347.8
3980,2802,23,1,83.16,83.16
3981,2803,25,1,43.73,43.73
3982,2803,30,1,67.9,67.9
3983,2804,47,2,21.34,42.68
3984,2805,30,1,67.9,67.9
3985,2806,37,1,141.93,141.93
3986,2807,1,1,114.06,114.06
3987,2807,36,1,53.45,53.45
3988,2808,10,1,163.05,163.05
3989,2809,23,1,83.16,83.16
3990,2810,14,1,61.39,61.39
3991,2811,10,1,163.05,163.05
3992,2812,14,1,61.39,61.39
3993,2813,8,1,20.47,20.47
3994,2814,44,1,69.13,69.13
3995,2815,21,2,78.32,156.64
3996,2815,20,1,42.3,42.3
3997,2816,28,1,84.15,84.15
3998,2817,14,1,61.39,61.39
3999,2818,44,2,69.13,138.26
4000,2819,28,1,84.15,84.15
4001,2820,10,1,163.05,163.05
4002,2821,14,1,61.39,61.39
4003,2822,43,1,24.61,24.61
4004,2822,19,1,152.53,152.53
4005,2823,46,2,125.88,251.76
4006,2824,3,1,57.71,57.71
4007,2825,47,1,21.34,21.34
4008,2825,37,2,141.93,283.86
4009,2826,30,1,67.9,67.9
4010,2827,23,1,83.16,83.16
4011,2828,5,1,61.15,61.15
4012,2828,33,1,171.28,171.28
4013,2829,32,1,12.22,12.22
4014,2829,35,2,157.65,315.3
4015,2829,45,1,31.58,31.58
4016,2830,14,1,61.39,61.39
4017,2831,1,1,114.06,114.06
4018,2831,42,2,138.05,276.1
4019,2832,40,1,202.48,202.48
4020,2832,14,1,61.39,61.39
4021,2832,44,2,69.13,138.26
4022,2833,37,1,141.93,141.93
4023,2833,14,1,61.39,61.39
4024,2834,42,1,138.05,138.05
4025,2834,23,1,83.16,83.16
4026,2835,8,1,20.47,20.47
4027,2836,10,1,163.05,163.05
4028,2836,15,1,173.9,173.9
4029,2836,14,2,61.39,122.78
4030,2837,25,1,43.73,43.73
4031,2837,8,1,20.47,20.47
4032,2838,37,1,141.93,141.93
4033,2838,35,1,157.65,157.65
4034,2839,10,1,163.05,163.05
4035,2840,35,1,157.65,157.65
4036,2840,40,2,202.48,404.96
4037,2841,12,2,117.99,235.98
4038,2841,28,1,84.15,84.15
4039,2842,5,1,61.15,61.15
4040,2843,38,1,81.08,81.08
4041,2844,23,1,83.16,83.16
4042,2845,32,1,12.22,12.22
4043,2846,4,1,72.47,72.47
4044,2847,13,1,34.71,34.71
4045,2848,19,1,152.53,152.53
4046,2849,36,1,53.45,53.45
4047,2850,8,1,20.47,20.47
4048,2850,25,1,43.73,43.73
4049,2851,23,1,83.16,83.16
4050,2851,44,1,69.13,69.13
4051,2852,9,1,59.69,59.69
4052,2853,21,1,78.32,78.32
4053,2854,42,3,138.05,414.15
4054,2855,46,1,125.88,125.88
4055,2856,47,1,21.34,21.34
4056,2856,45,1,31.58,31.58
4057,2857,3,1,57.71,57.71
4058,2858,15,1,173.9,173.9
4059,2859,3,1,57.71,57.71
4060,2860,37,1,141.93,141.93
4061,2861,36,1,53.45,53.45
4062,2862,43,1,24.61,24.61
4063,2862,10,3,163.05,489.15
4064,2862,1,2,114.06,228.12
4065,2863,10,1,163.05,163.05
4066,2864,32,1,12.22,12.22
4067,2865,35,1,157.65,157.65
4068,2866,27,1,24.68,24.68
4069,2867,40,1,202.48,202.48
4070,2867,23,1,83.16,83.16
4071,2868,32,1,12.22,12.22
4072,2869,10,3,163.05,489.15
4073,2869,47,1,21.34,21.34
4074,2870,21,1,78.32,78.32
4075,2870,3,1,57.71,57.71
4076,2871,34,3,43.74,131.22
4077,2872,8,1,20.47,20.47
4078,2873,22,3,75.66,226.98
4079,2873,10,1,163.05,163.05
4080,2874,32,1,12.22,12.22
4081,2875,6,1,88.2,88.2
4082,2876,45,1,31.58,31.58
4083,2877,20,1,42.3,42.3
4084,2878,47,2,21.34,42.68
4085,2879,19,1,152.53,152.53
4086,2880,21,1,78.32,78.32
4087,2881,47,1,21.34,21.34
4088,2882,8,1,20.47,20.47
4089,2882,35,1,157.65,157.65
4090,2882,23,1,83.16,83.16
4091,2883,44,1,69.13,69.13
4092,2884,32,1,12.22,12.22
4093,2885,23,1,83.16,83.16
4094,2885,44,1,69.13,69.13
4095,2886,23,2,83.16,166.32
4096,2887,35,1,157.65,157.65
4097,2888,28,1,84.15,84.15
4098,2888,26,1,124.26,124.26
4099,2889,20,1,42.3,42.3
4100,2890,8,1,20.47,20.47
4101,2891,14,1,61.39,61.39
4102,2892,36,1,53.45,53.45
4103,2893,11,1,115.23,115.23
4104,2894,16,1,144.13,144.13
4105,2894,8,1,20.47,20.47
4106,2895,40,1,202.48,202.48
4107,2896,30,2,67.9,135.8
4108,2897,28,1,84.15,84.15
4109,2898,25,2,43.73,87.46
4110,2899,23,1,83.16,83.16
4111,2899,10,1,163.05,163.05
4112,2900,42,1,138.05,138.05
4113,2901,37,1,141.93,141.93
4114,2902,28,1,84.15,84.15
4115,2902,11,1,115.23,115.23
4116,2903,36,1,53.45,53.45
4117,2903,19,1,152.53,152.53
4118,2904,35,1,157.65,157.65
4119,2904,21,1,78.32,78.32
4120,2905,35,1,157.65,157.65
4121,2906,19,1,152.53,152.53
4122,2907,44,1,69.13,69.13
4123,2908,40,1,202.48,202.48
4124,2908,21,1,78.32,78.32
4125,2908,36,1,53.45,53.45
4126,2909,47,1,21.34,21.34
4127,2910,14,1,61.39,61.39
4128,2910,34,1,43.74,43.74
4129,2911,10,1,163.05,163.05
4130,2912,1,1,114.06,114.06
4131,2913,4,1,72.47,72.47
4132,2913,28,1,84.15,84.15
4133,2914,31,2,19.71,39.42
4134,2915,13,1,34.71,34.71
4135,2915,33,1,171.28,171.28
4136,2915,32,2,12.22,24.44
4137,2916,23,1,83.16,83.16
4138,2917,45,1,31.58,31.58
4139,2918,36,1,53.45,53.45
4140,2919,43,2,24.61,49.22
4141,2920,26,1,124.26,124.26
4142,2920,15,1,173.9,173.9
4143,2920,22,1,75.66,75.66
4144,2921,39,2,124.06,248.12
4145,2922,8,1,20.47,20.47
4146,2923,13,1,34.71,34.71
4147,2924,6,1,88.2,88.2
4148,2924,42,2,138.05,276.1
4149,2925,3,1,57.71,57.71
4150,2925,30,1,67.9,67.9
4151,2926,4,1,72.47,72.47
4152,2926,32,1,12.22,12.22
4153,2927,43,3,24.61,73.83
4154,2928,45,1,31.58,31.58
4155,2928,25,1,43.73,43.73
4156,2928,46,1,125.88,125.88
4157,2929,30,1,67.9,67.9
4158,2929,1,3,114.06,342.18
4159,2930,32,2,12.22,24.44
4160,2931,14,2,61.39,122.78
4161,2932,37,1,141.93,141.93
4162,2933,12,1,117.99,117.99
4163,2934,12,1,117.99,117.99
4164,2934,4,1,72.47,72.47
4165,2935,28,1,84.15,84.15
4166,2936,34,1,43.74,43.74
4167,2937,40,1,202.48,202.48
4168,2937,16,1,144.13,144.13
4169,2938,23,1,83.16,83.16
4170,2939,12,1,117.99,117.99
4171,2940,20,1,42.3,42.3
4172,2941,46,1,125.88,125.88
4173,2942,36,1,53.45,53.45
4174,2943,44,2,69.13,138.26
4175,2944,35,1,157.65,157.65
4176,2944,44,1,69.13,69.13
4177,2945,8,3,20.47,61.41
4178,2946,47,3,21.34,64.02
4179,2947,46,1,125.88,125.88
4180,2948,14,2,61.39,122.78
4181,2948,11,1,115.23,115.23
4182,2949,44,1,69.13,69.13
4183,2950,3,1,57.71,57.71
4184,2951,10,3,163.05,489.15
4185,2951,43,1,24.61,24.61
4186,2952,36,1,53.45,53.45
4187,2952,24,1,29.56,29.56
4188,2953,23,1,83.16,83.16
4189,2954,36,1,53.45,53.45
4190,2955,36,1,53.45,53.45
4191,2955,14,1,61.39,61.39
4192,2956,15,2,173.9,347.8
4193,2957,41,1,49.55,49.55
4194,2958,35,1,157.65,157.65
4195,2958,3,1,57.71,57.71
4196,2958,22,1,75.66,75.66
4197,2959,10,1,163.05,163.05
4198,2960,34,1,43.74,43.74
4199,2961,47,1,21.34,21.34
4200,2962,37,1,141.93,141.93
4201,2963,46,1,125.88,125.88
4202,2964,32,1,12.22,12.22
4203,2964,25,1,43.73,43.73
4204,2964,46,1,125.88,125.88
4205,2965,2,2,100.26,200.52
4206,2966,42,2,138.05,276.1
4207,2967,35,1,157.65,157.65
4208,2968,36,1,53.45,53.45
4209,2969,39,1,124.06,124.06
4210,2970,26,1,124.26,124.26
4211,2970,17,3,101.25,303.75
4212,2971,36,1,53.45,53.45
4213,2972,10,1,163.05,163.05
4214,2972,28,1,84.15,84.15
4215,2973,8,1,20.47,20.47
4216,2974,13,1,34.71,34.71
4217,2975,28,1,84.15,84.15
4218,2976,42,2,138.05,276.1
4219,2977,30,2,67.9,135.8
4220,2978,16,1,144.13,144.13
4221,2979,23,2,83.16,166.32
4222,2980,20,1,42.3,42.3
4223,2980,6,1,88.2,88.2
4224,2981,23,1,83.16,83.16
4225,2982,28,1,84.15,84.15
4226,2982,32,1,12.22,12.22
4227,2983,29,1,9.2,9.2
4228,2983,8,1,20.47,20.47
4229,2983,14,1,61.39,61.39
4230,2984,36,1,53.45,53.45
4231,2985,21,1,78.32,78.32
4232,2986,45,1,31.58,31.58
4233,2986,33,1,171.28,171.28
4234,2986,32,1,12.22,12.22
4235,2987,22,1,75.66,75.66
4236,2988,27,1,24.68,24.68
4237,2989,23,1,83.16,83.16
4238,2990,45,2,31.58,63.16
4239,2990,28,1,84.15,84.15
4240,2991,15,2,173.9,347.8
4241,2992,45,1,31.58,31.58
4242,2993,21,1,78.32,78.32
4243,2994,37,1,141.93,141.93
4244,2995,27,2,24.68,49.36
4245,2996,28,1,84.15,84.15
4246,2997,40,1,202.48,202.48
4247,2997,23,1,83.16,83.16
4248,2998,18,3,37.74,113.22
4249,2998,3,1,57.71,57.71
4250,2999,40,2,202.48,404.96
4251,3000,36,2,53.45,106.9
4252,3000,47,1,21.34,21.34
4253,3001,32,1,12.22,12.22
4254,3001,12,3,117.99,353.97
4255,3002,19,1,152.53,152.53
4256,3002,8,1,20.47,20.47
4257,3003,17,1,101.25,101.25
4258,3003,10,1,163.05,163.05
4259,3004,43,1,24.61,24.61
4260,3005,14,1,61.39,61.39
4261,3006,43,1,24.61,24.61
4262,3007,21,2,78.32,156.64
4263,3008,42,3,138.05,414.15
4264,3008,3,1,57.71,57.71
4265,3008,13,2,34.71,69.42
4266,3009,19,2,152.53,305.06
4267,3009,3,1,57.71,57.71
4268,3010,13,1,34.71,34.71
4269,3011,35,1,157.65,157.65
4270,3012,8,1,20.47,20.47
4271,3012,44,2,69.13,138.26
4272,3013,25,1,43.73,43.73
4273,3014,27,1,24.68,24.68
4274,3015,34,2,43.74,87.48
4275,3015,35,2,157.65,315.3
4276,3016,32,1,12.22,12.22
4277,3016,8,1,20.47,20.47
4278,3017,8,1,20.47,20.47
4279,3018,47,2,21.34,42.68
4280,3019,19,1,152.53,152.53
4281,3019,22,1,75.66,75.66
4282,3020,21,1,78.32,78.32
4283,3020,28,1,84.15,84.15
4284,3021,40,1,202.48,202.48
4285,3022,18,1,37.74,37.74
4286,3022,15,1,173.9,173.9
4287,3022,21,2,78.32,156.64
4288,3023,26,2,124.26,248.52
4289,3024,40,1,202.48,202.48
4290,3025,8,2,20.47,40.94
4291,3025,34,1,43.74,43.74
4292,3026,15,1,173.9,173.9
4293,3026,6,1,88.2,88.2
4294,3027,8,1,20.47,20.47
4295,3028,28,1,84.15,84.15
4296,3028,40,1,202.48,202.48
4297,3028,20,2,42.3,84.6
4298,3029,14,1,61.39,61.39
4299,3030,45,1,31.58,31.58
4300,3031,36,1,53.45,53.45
4301,3032,12,2,117.99,235.98
4302,3033,1,2,114.06,228.12
4303,3034,35,1,157.65,157.65
4304,3035,38,2,81.08,162.16
4305,3035,47,1,21.34,21.34
4306,3036,19,1,152.53,152.53
4307,3036,21,1,78.32,78.32
4308,3037,8,1,20.47,20.47
4309,3038,23,1,83.16,83.16
4310,3039,23,1,83.16,83.16
4311,3040,4,1,72.47,72.47
4312,3041,20,1,42.3,42.3
4313,3041,47,1,21.34,21.34
4314,3042,10,3,163.05,489.15
4315,3043,45,1,31.58,31.58
4316,3044,13,1,34.71,34.71
4317,3045,44,1,69.13,69.13
4318,3045,3,2,57.71,115.42
4319,3045,31,1,19.71,19.71
4320,3046,8,1,20.47,20.47
4321,3046,42,3,138.05,414.15
4322,3047,13,1,34.71,34.71
4323,3048,14,1,61.39,61.39
4324,3049,10,1,163.05,163.05
4325,3050,36,1,53.45,53.45
4326,3051,32,1,12.22,12.22
4327,3051,14,1,61.39,61.39
4328,3052,42,3,138.05,414.15
4329,3053,8,1,20.47,20.47
4330,3054,10,1,163.05,163.05
4331,3055,3,1,57.71,57.71
4332,3056,14,1,61.39,61.39
4333,3057,10,1,163.05,163.05
4334,3058,8,1,20.47,20.47
4335,3059,28,1,84.15,84.15
4336,3060,20,1,42.3,42.3
4337,3061,25,1,43.73,43.73
4338,3062,14,1,61.39,61.39
4339,3063,13,1,34.71,34.71
4340,3063,10,1,163.05,163.05
4341,3064,19,1,152.53,152.53
4342,3065,21,1,78.32,78.32
4343,3066,30,1,67.9,67.9
4344,3066,44,2,69.13,138.26
4345,3067,8,2,20.47,40.94
4346,3068,18,1,37.74,37.74
4347,3069,33,1,171.28,171.28
4348,3070,46,1,125.88,125.88
4349,3071,32,2,12.22,24.44
4350,3071,33,1,171.28,171.28
4351,3072,3,1,57.71,57.71
4352,3073,20,1,42.3,42.3
4353,3073,8,1,20.47,20.47
4354,3074,14,1,61.39,61.39
4355,3075,35,1,157.65,157.65
4356,3075,28,1,84.15,84.15
4357,3076,45,1,31.58,31.58
4358,3076,36,1,53.45,53.45
4359,3077,8,1,20.47,20.47
4360,3078,40,1,202.48,202.48
4361,3079,18,2,37.74,75.48
4362,3080,45,1,31.58,31.58
4363,3080,44,1,69.13,69.13
4364,3081,20,1,42.3,42.3
4365,3082,14,1,61.39,61.39
4366,3083,35,1,157.65,157.65
4367,3083,20,2,42.3,84.6
4368,3084,40,1,202.48,202.48
4369,3085,6,1,88.2,88.2
4370,3086,8,1,20.47,20.47
4371,3087,42,2,138.05,276.1
4372,3088,32,1,12.22,12.22
4373,3089,18,1,37.74,37.74
4374,3090,31,1,19.71,19.71
4375,3091,15,3,173.9,521.7
4376,3092,8,1,20.47,20.47
4377,3093,36,2,53.45,106.9
4378,3094,37,1,141.93,141.93
4379,3095,26,1,124.26,124.26
4380,3095,11,1,115.23,115.23
4381,3096,23,1,83.16,83.16
4382,3097,6,1,88.2,88.2
4383,3097,12,1,117.99,117.99
4384,3097,3,1,57.71,57.71
4385,3098,30,1,67.9,67.9
4386,3099,36,1,53.45,53.45
4387,3100,44,1,69.13,69.13
4388,3100,10,1,163.05,163.05
4389,3101,35,1,157.65,157.65
4390,3102,36,1,53.45,53.45
4391,3103,23,1,83.16,83.16
4392,3103,27,1,24.68,24.68
4393,3103,36,1,53.45,53.45
4394,3104,19,2,152.53,305.06
4395,3104,47,1,21.34,21.34
4396,3105,32,1,12.22,12.22
4397,3106,46,1,125.88,125.88
4398,3106,21,2,78.32,156.64
4399,3107,33,1,171.28,171.28
4400,3107,28,1,84.15,84.15
4401,3108,3,1,57.71,57.71
4402,3108,36,1,53.45,53.45
4403,3109,14,1,61.39,61.39
4404,3110,22,1,75.66,75.66
4405,3111,34,1,43.74,43.74
4406,3111,30,2,67.9,135.8
4407,3112,35,1,157.65,157.65
4408,3113,23,1,83.16,83.16
4409,3114,30,1,67.9,67.9
4410,3114,44,1,69.13,69.13
4411,3115,28,1,84.15,84.15
4412,3116,42,1,138.05,138.05
4413,3117,35,2,157.65,315.3
4414,3117,18,1,37.74,37.74
4415,3118,26,1,124.26,124.26
4416,3119,8,2,20.47,40.94
4417,3119,3,1,57.71,57.71
4418,3119,35,1,157.65,157.65
4419,3120,32,3,12.22,36.66
4420,3121,42,3,138.05,414.15
4421,3121,18,2,37.74,75.48
4422,3121,19,1,152.53,152.53
4423,3122,47,2,21.34,42.68
4424,3123,12,1,117.99,117.99
4425,3124,11,2,115.23,230.46
4426,3124,23,1,83.16,83.16
4427,3125,4,3,72.47,217.41
4428,3126,36,1,53.45,53.45
4429,3127,36,1,53.45,53.45
4430,3127,9,1,59.69,59.69
4431,3128,13,3,34.71,104.13
4432,3129,20,1,42.3,42.3
4433,3130,32,1,12.22,12.22
4434,3130,21,1,78.32,78.32
4435,3131,41,1,49.55,49.55
4436,3132,2,1,100.26,100.26
4437,3132,33,1,171.28,171.28
4438,3133,32,1,12.22,12.22
4439,3134,44,3,69.13,207.39
4440,3134,46,2,125.88,251.76
4441,3135,8,2,20.47,40.94
4442,3135,20,2,42.3,84.6
4443,3136,34,1,43.74,43.74
4444,3137,32,1,12.22,12.22
4445,3138,21,1,78.32,78.32
4446,3139,12,1,117.99,117.99
4447,3140,27,1,24.68,24.68
4448,3140,36,1,53.45,53.45
4449,3141,36,1,53.45,53.45
4450,3142,8,1,20.47,20.47
4451,3142,23,1,83.16,83.16
4452,3143,26,1,124.26,124.26
4453,3143,20,1,42.3,42.3
4454,3144,36,1,53.45,53.45
4455,3144,15,2,173.9,347.8
4456,3145,32,1,12.22,12.22
4457,3146,44,1,69.13,69.13
4458,3147,29,1,9.2,9.2
4459,3148,24,1,29.56,29.56
4460,3149,23,1,83.16,83.16
4461,3149,14,1,61.39,61.39
4462,3149,35,1,157.65,157.65
4463,3150,42,1,138.05,138.05
4464,3151,36,1,53.45,53.45
4465,3152,9,1,59.69,59.69
4466,3152,8,2,20.47,40.94
4467,3152,14,1,61.39,61.39
4468,3153,28,1,84.15,84.15
4469,3153,30,2,67.9,135.8
4470,3154,12,1,117.99,117.99
4471,3155,36,1,53.45,53.45
4472,3156,44,1,69.13,69.13
4473,3157,21,1,78.32,78.32
4474,3157,28,1,84.15,84.15
4475,3158,19,1,152.53,152.53
4476,3159,33,1,171.28,171.28
4477,3160,28,1,84.15,84.15
4478,3161,38,1,81.08,81.08
4479,3161,3,1,57.71,57.71
4480,3162,15,1,173.9,173.9
4481,3163,8,1,20.47,20.47
4482,3164,23,2,83.16,166.32
4483,3165,37,1,141.93,141.93
4484,3165,15,1,173.9,173.9
4485,3166,48,2,101.03,202.06
4486,3166,32,1,12.22,12.22
4487,3167,44,2,69.13,138.26
4488,3168,19,1,152.53,152.53
4489,3168,14,1,61.39,61.39
4490,3169,23,1,83.16,83.16
4491,3170,8,1,20.47,20.47
4492,3171,42,1,138.05,138.05
4493,3172,47,1,21.34,21.34
4494,3173,23,1,83.16,83.16
4495,3174,18,1,37.74,37.74
4496,3175,46,1,125.88,125.88
4497,3175,44,1,69.13,69.13
4498,3176,19,2,152.53,305.06
4499,3176,38,1,81.08,81.08
4500,3176,23,2,83.16,166.32
4501,3177,40,1,202.48,202.48
4502,3178,20,1,42.3,42.3
4503,3179,18,1,37.74,37.74
4504,3179,21,1,78.32,78.32
4505,3180,44,3,69.13,207.39
4506,3181,35,1,157.65,157.65
4507,3182,3,1,57.71,57.71
4508,3183,21,2,78.32,156.64
4509,3184,20,1,42.3,42.3
4510,3184,13,1,34.71,34.71
4511,3185,26,2,124.26,248.52
4512,3185,30,1,67.9,67.9
4513,3186,14,2,61.39,122.78
4514,3187,31,1,19.71,19.71
4515,3188,10,1,163.05,163.05
4516,3189,9,1,59.69,59.69
4517,3190,34,1,43.74,43.74
4518,3191,36,2,53.45,106.9
4519,3192,26,1,124.26,124.26
4520,3193,3,1,57.71,57.71
4521,3194,43,1,24.61,24.61
4522,3195,28,2,84.15,168.3
4523,3196,42,2,138.05,276.1
4524,3197,12,1,117.99,117.99
4525,3198,46,1,125.88,125.88
4526,3198,11,1,115.23,115.23
4527,3198,23,2,83.16,166.32
4528,3199,8,2,20.47,40.94
4529,3199,6,1,88.2,88.2
4530,3199,37,2,141.93,283.86
4531,3200,3,1,57.71,57.71
4532,3200,23,1,83.16,83.16
4533,3201,18,1,37.74,37.74
4534,3201,14,1,61.39,61.39
4535,3201,8,1,20.47,20.47
4536,3202,36,1,53.45,53.45
4537,3203,23,1,83.16,83.16
4538,3204,18,1,37.74,37.74
4539,3204,26,1,124.26,124.26
4540,3205,10,2,163.05,326.1
4541,3206,30,1,67.9,67.9
4542,3207,3,1,57.71,57.71
4543,3208,32,1,12.22,12.22
4544,3209,14,1,61.39,61.39
4545,3210,10,1,163.05,163.05
4546,3211,20,1,42.3,42.3
4547,3212,14,1,61.39,61.39
4548,3213,4,1,72.47,72.47
4549,3214,45,1,31.58,31.58
4550,3215,27,1,24.68,24.68
4551,3215,42,1,138.05,138.05
4552,3215,4,1,72.47,72.47
4553,3216,20,1,42.3,42.3
4554,3217,35,2,157.65,315.3
4555,3218,28,3,84.15,252.45
4556,3219,21,2,78.32,156.64
4557,3220,28,1,84.15,84.15
4558,3221,6,2,88.2,176.4
4559,3222,14,1,61.39,61.39
4560,3222,23,1,83.16,83.16
4561,3222,30,1,67.9,67.9
4562,3223,4,1,72.47,72.47
4563,3223,22,1,75.66,75.66
4564,3224,36,2,53.45,106.9
4565,3225,14,1,61.39,61.39
4566,3226,11,1,115.23,115.23
4567,3227,23,1,83.16,83.16
4568,3228,22,1,75.66,75.66
4569,3229,17,1,101.25,101.25
4570,3230,17,1,101.25,101.25
4571,3231,30,1,67.9,67.9
4572,3231,45,1,31.58,31.58
4573,3232,35,1,157.65,157.65
4574,3233,8,1,20.47,20.47
4575,3234,4,1,72.47,72.47
4576,3235,3,2,57.71,115.42
4577,3235,8,2,20.47,40.94
4578,3236,12,1,117.99,117.99
4579,3237,42,1,138.05,138.05
4580,3238,44,1,69.13,69.13
4581,3238,43,2,24.61,49.22
4582,3239,10,1,163.05,163.05
4583,3239,27,2,24.68,49.36
4584,3240,8,1,20.47,20.47
4585,3240,38,1,81.08,81.08
4586,3241,47,1,21.34,21.34
4587,3241,45,1,31.58,31.58
4588,3242,26,1,124.26,124.26
4589,3242,14,1,61.39,61.39
4590,3243,31,1,19.71,19.71
4591,3244,32,1,12.22,12.22
4592,3245,21,1,78.32,78.32
4593,3246,28,1,84.15,84.15
4594,3246,26,1,124.26,124.26
4595,3247,48,1,101.03,101.03
4596,3247,6,1,88.2,88.2
4597,3248,23,1,83.16,83.16
4598,3249,47,1,21.34,21.34
4599,3250,35,1,157.65,157.65
4600,3250,28,1,84.15,84.15
4601,3251,37,2,141.93,283.86
4602,3252,10,1,163.05,163.05
4603,3253,13,2,34.71,69.42
4604,3254,36,1,53.45,53.45
4605,3255,34,1,43.74,43.74
4606,3256,23,1,83.16,83.16
4607,3256,36,2,53.45,106.9
4608,3256,31,2,19.71,39.42
4609,3257,25,1,43.73,43.73
4610,3258,30,1,67.9,67.9
4611,3259,27,1,24.68,24.68
4612,3259,8,1,20.47,20.47
4613,3260,47,3,21.34,64.02
4614,3261,32,1,12.22,12.22
4615,3262,44,1,69.13,69.13
4616,3263,23,1,83.16,83.16
4617,3264,3,2,57.71,115.42
4618,3264,13,1,34.71,34.71
4619,3265,28,2,84.15,168.3
4620,3265,13,2,34.71,69.42
4621,3266,45,2,31.58,63.16
4622,3266,32,1,12.22,12.22
4623,3267,47,1,21.34,21.34
4624,3268,22,2,75.66,151.32
4625,3269,44,1,69.13,69.13
4626,3270,32,2,12.22,24.44
4627,3270,45,1,31.58,31.58
4628,3271,45,2,31.58,63.16
4629,3271,3,2,57.71,115.42
4630,3272,26,1,124.26,124.26
4631,3273,6,1,88.2,88.2
4632,3274,41,1,49.55,49.55
4633,3274,40,1,202.48,202.48
4634,3274,3,1,57.71,57.71
4635,3275,21,2,78.32,156.64
4636,3275,23,1,83.16,83.16
4637,3276,23,2,83.16,166.32
4638,3276,19,1,152.53,152.53
4639,3277,23,1,83.16,83.16
4640,3277,46,1,125.88,125.88
4641,3278,28,1,84.15,84.15
4642,3278,19,1,152.53,152.53
4643,3279,25,1,43.73,43.73
4644,3279,9,1,59.69,59.69
4645,3280,36,1,53.45,53.45
4646,3281,21,1,78.32,78.32
4647,3282,19,1,152.53,152.53
4648,3283,34,1,43.74,43.74
4649,3284,42,1,138.05,138.05
4650,3285,44,1,69.13,69.13
4651,3286,12,1,117.99,117.99
4652,3287,12,1,117.99,117.99
4653,3287,18,1,37.74,37.74
4654,3288,23,1,83.16,83.16
4655,3289,46,1,125.88,125.88
4656,3289,6,1,88.2,88.2
4657,3290,14,1,61.39,61.39
4658,3290,21,1,78.32,78.32
4659,3291,47,1,21.34,21.34
4660,3292,15,1,173.9,173.9
4661,3293,22,1,75.66,75.66
4662,3293,42,2,138.05,276.1
4663,3294,13,1,34.71,34.71
4664,3295,32,1,12.22,12.22
4665,3296,12,1,117.99,117.99
4666,3296,10,1,163.05,163.05
4667,3297,14,1,61.39,61.39
4668,3298,4,1,72.47,72.47
4669,3299,23,1,83.16,83.16
4670,3300,18,1,37.74,37.74
4671,3301,25,1,43.73,43.73
4672,3302,21,1,78.32,78.32
4673,3302,12,1,117.99,117.99
4674,3303,40,2,202.48,404.96
4675,3303,4,1,72.47,72.47
4676,3304,21,2,78.32,156.64
4677,3305,47,1,21.34,21.34
4678,3306,10,1,163.05,163.05
4679,3307,10,1,163.05,163.05
4680,3308,13,1,34.71,34.71
4681,3309,45,1,31.58,31.58
4682,3309,44,1,69.13,69.13
4683,3310,23,1,83.16,83.16
4684,3311,32,2,12.22,24.44
4685,3312,48,1,101.03,101.03
4686,3313,43,1,24.61,24.61
4687,3314,35,1,157.65,157.65
4688,3315,35,1,157.65,157.65
4689,3316,28,1,84.15,84.15
4690,3316,40,1,202.48,202.48
4691,3317,42,2,138.05,276.1
4692,3318,36,1,53.45,53.45
4693,3318,3,2,57.71,115.42
4694,3319,25,2,43.73,87.46
4695,3320,37,1,141.93,141.93
4696,3321,33,1,171.28,171.28
4697,3322,32,1,12.22,12.22
4698,3323,46,1,125.88,125.88
4699,3324,12,3,117.99,353.97
4700,3325,27,1,24.68,24.68
4701,3326,35,1,157.65,157.65
4702,3327,20,2,42.3,84.6
4703,3328,23,1,83.16,83.16
4704,3329,8,1,20.47,20.47
4705,3330,14,1,61.39,61.39
4706,3331,40,1,202.48,202.48
4707,3332,10,2,163.05,326.1
4708,3333,26,1,124.26,124.26
4709,3334,10,1,163.05,163.05
4710,3334,15,1,173.9,173.9
4711,3335,10,1,163.05,163.05
4712,3336,28,1,84.15,84.15
4713,3336,23,1,83.16,83.16
4714,3337,36,1,53.45,53.45
4715,3338,3,3,57.71,173.13
4716,3339,47,1,21.34,21.34
4717,3340,11,2,115.23,230.46
4718,3340,38,1,81.08,81.08
4719,3341,35,1,157.65,157.65
4720,3341,27,1,24.68,24.68
4721,3342,20,1,42.3,42.3
4722,3342,29,1,9.2,9.2
4723,3343,33,1,171.28,171.28
4724,3344,10,1,163.05,163.05
4725,3344,23,1,83.16,83.16
4726,3345,27,1,24.68,24.68
4727,3345,10,1,163.05,163.05
4728,3346,15,1,173.9,173.9
4729,3347,26,1,124.26,124.26
4730,3348,27,1,24.68,24.68
4731,3348,42,1,138.05,138.05
4732,3349,47,2,21.34,42.68
4733,3349,44,1,69.13,69.13
4734,3349,39,1,124.06,124.06
4735,3350,10,1,163.05,163.05
4736,3350,8,2,20.47,40.94
4737,3351,28,1,84.15,84.15
4738,3351,35,1,157.65,157.65
4739,3352,44,1,69.13,69.13
4740,3353,8,1,20.47,20.47
4741,3354,28,1,84.15,84.15
4742,3355,6,1,88.2,88.2
4743,3355,26,2,124.26,248.52
4744,3356,47,2,21.34,42.68
4745,3356,44,1,69.13,69.13
4746,3357,3,1,57.71,57.71
4747,3358,48,3,101.03,303.09
4748,3359,28,2,84.15,168.3
4749,3359,26,1,124.26,124.26
4750,3360,47,1,21.34,21.34
4751,3361,9,1,59.69,59.69
4752,3361,27,1,24.68,24.68
4753,3361,8,2,20.47,40.94
4754,3362,3,1,57.71,57.71
4755,3363,23,1,83.16,83.16
4756,3364,37,1,141.93,141.93
4757,3365,1,1,114.06,114.06
4758,3365,21,1,78.32,78.32
4759,3366,23,1,83.16,83.16
4760,3366,18,1,37.74,37.74
4761,3367,3,1,57.71,57.71
4762,3368,48,2,101.03,202.06
4763,3368,31,1,19.71,19.71
4764,3369,35,3,157.65,472.95
4765,3370,25,1,43.73,43.73
4766,3371,18,1,37.74,37.74
4767,3372,6,1,88.2,88.2
4768,3372,21,3,78.32,234.96
4769,3372,3,1,57.71,57.71
4770,3373,8,1,20.47,20.47
4771,3374,45,1,31.58,31.58
4772,3374,14,1,61.39,61.39
4773,3374,28,1,84.15,84.15
4774,3375,23,2,83.16,166.32
4775,3376,23,1,83.16,83.16
4776,3377,14,1,61.39,61.39
4777,3377,32,1,12.22,12.22
4778,3377,47,1,21.34,21.34
4779,3378,47,1,21.34,21.34
4780,3379,14,1,61.39,61.39
4781,3379,36,1,53.45,53.45
4782,3380,23,2,83.16,166.32
4783,3380,30,2,67.9,135.8
4784,3381,13,1,34.71,34.71
4785,3382,42,1,138.05,138.05
4786,3382,23,1,83.16,83.16
4787,3383,36,1,53.45,53.45
4788,3384,43,1,24.61,24.61
4789,3385,44,1,69.13,69.13
4790,3386,18,1,37.74,37.74
4791,3387,23,2,83.16,166.32
4792,3388,24,2,29.56,59.12
4793,3389,27,2,24.68,49.36
4794,3390,21,2,78.32,156.64
4795,3390,25,2,43.73,87.46
4796,3391,21,1,78.32,78.32
4797,3391,46,1,125.88,125.88
4798,3392,23,3,83.16,249.48
4799,3393,8,1,20.47,20.47
4800,3394,8,1,20.47,20.47
4801,3395,44,1,69.13,69.13
4802,3396,14,1,61.39,61.39
4803,3397,8,2,20.47,40.94
4804,3397,19,1,152.53,152.53
4805,3398,2,1,100.26,100.26
4806,3399,40,1,202.48,202.48
4807,3400,5,1,61.15,61.15
4808,3400,38,1,81.08,81.08
4809,3400,19,1,152.53,152.53
4810,3401,17,1,101.25,101.25
4811,3402,3,1,57.71,57.71
4812,3403,12,2,117.99,235.98
4813,3404,18,1,37.74,37.74
4814,3405,20,1,42.3,42.3
4815,3406,8,1,20.47,20.47
4816,3407,21,1,78.32,78.32
4817,3408,23,1,83.16,83.16
4818,3408,10,2,163.05,326.1
4819,3409,37,1,141.93,141.93
4820,3410,45,1,31.58,31.58
4821,3411,37,1,141.93,141.93
4822,3411,42,1,138.05,138.05
4823,3412,11,1,115.23,115.23
4824,3413,8,1,20.47,20.47
4825,3414,37,1,141.93,141.93
4826,3414,32,1,12.22,12.22
4827,3415,28,1,84.15,84.15
4828,3416,23,2,83.16,166.32
4829,3416,18,1,37.74,37.74
4830,3417,23,2,83.16,166.32
4831,3418,44,1,69.13,69.13
4832,3418,28,1,84.15,84.15
4833,3419,18,1,37.74,37.74
4834,3419,36,1,53.45,53.45
4835,3420,35,1,157.65,157.65
4836,3421,3,1,57.71,57.71
4837,3421,34,1,43.74,43.74
4838,3422,36,2,53.45,106.9
4839,3422,32,1,12.22,12.22
4840,3423,26,1,124.26,124.26
4841,3424,14,1,61.39,61.39
4842,3424,34,1,43.74,43.74
4843,3424,44,1,69.13,69.13
4844,3425,3,1,57.71,57.71
4845,3426,36,1,53.45,53.45
4846,3426,10,1,163.05,163.05
4847,3427,8,1,20.47,20.47
4848,3427,12,1,117.99,117.99
4849,3428,21,1,78.32,78.32
4850,3429,25,1,43.73,43.73
4851,3429,13,2,34.71,69.42
4852,3430,2,2,100.26,200.52
4853,3430,40,1,202.48,202.48
4854,3431,43,1,24.61,24.61
4855,3431,42,1,138.05,138.05
4856,3431,40,2,202.48,404.96
4857,3432,27,1,24.68,24.68
4858,3433,21,1,78.32,78.32
4859,3433,31,1,19.71,19.71
4860,3434,36,1,53.45,53.45
4861,3435,8,1,20.47,20.47
4862,3436,14,1,61.39,61.39
4863,3436,46,2,125.88,251.76
4864,3437,35,1,157.65,157.65
4865,3437,26,1,124.26,124.26
4866,3437,44,1,69.13,69.13
4867,3438,20,1,42.3,42.3
4868,3439,42,1,138.05,138.05
4869,3439,43,2,24.61,49.22
4870,3439,36,1,53.45,53.45
4871,3440,34,1,43.74,43.74
4872,3441,44,1,69.13,69.13
4873,3442,23,1,83.16,83.16
4874,3443,19,2,152.53,305.06
4875,3444,47,1,21.34,21.34
4876,3445,23,1,83.16,83.16
4877,3445,6,2,88.2,176.4
4878,3446,33,1,171.28,171.28
4879,3447,47,2,21.34,42.68
4880,3447,13,2,34.71,69.42
4881,3448,40,1,202.48,202.48
4882,3449,15,2,173.9,347.8
4883,3450,3,1,57.71,57.71
4884,3451,8,1,20.47,20.47
4885,3452,32,1,12.22,12.22
4886,3453,21,1,78.32,78.32
4887,3453,14,3,61.39,184.17
4888,3454,10,1,163.05,163.05
4889,3455,8,1,20.47,20.47
4890,3455,42,3,138.05,414.15
4891,3456,28,2,84.15,168.3
4892,3457,23,1,83.16,83.16
4893,3458,21,1,78.32,78.32
4894,3459,42,1,138.05,138.05
4895,3459,8,1,20.47,20.47
4896,3459,28,1,84.15,84.15
4897,3460,35,2,157.65,315.3
4898,3460,43,1,24.61,24.61
4899,3460,8,1,20.47,20.47
4900,3461,8,1,20.47,20.47
4901,3462,15,1,173.9,173.9
4902,3462,43,1,24.61,24.61
4903,3463,35,1,157.65,157.65
4904,3464,6,2,88.2,176.4
4905,3464,32,1,12.22,12.22
4906,3465,8,1,20.47,20.47
4907,3466,35,2,157.65,315.3
4908,3467,3,1,57.71,57.71
4909,3468,2,1,100.26,100.26
4910,3469,3,1,57.71,57.71
4911,3470,3,1,57.71,57.71
4912,3470,14,1,61.39,61.39
4913,3471,30,2,67.9,135.8
4914,3472,23,1,83.16,83.16
4915,3473,12,1,117.99,117.99
4916,3473,8,2,20.47,40.94
4917,3474,33,1,171.28,171.28
4918,3475,21,1,78.32,78.32
4919,3476,9,1,59.69,59.69
4920,3477,31,1,19.71,19.71
4921,3477,14,1,61.39,61.39
4922,3478,36,1,53.45,53.45
4923,3479,3,1,57.71,57.71
4924,3480,34,1,43.74,43.74
4925,3481,5,1,61.15,61.15
4926,3482,15,1,173.9,173.9
4927,3482,19,1,152.53,152.53
4928,3483,45,1,31.58,31.58
4929,3483,44,1,69.13,69.13
4930,3484,45,1,31.58,31.58
4931,3485,15,1,173.9,173.9
4932,3486,15,1,173.9,173.9
4933,3486,1,1,114.06,114.06
4934,3487,34,1,43.74,43.74
4935,3488,40,2,202.48,404.96
4936,3489,35,1,157.65,157.65
4937,3490,47,1,21.34,21.34
4938,3490,13,1,34.71,34.71
4939,3491,23,2,83.16,166.32
4940,3492,33,1,171.28,171.28
4941,3492,47,1,21.34,21.34
4942,3493,42,1,138.05,138.05
4943,3494,47,3,21.34,64.02
4944,3495,28,1,84.15,84.15
4945,3496,13,1,34.71,34.71
4946,3497,45,1,31.58,31.58
4947,3498,25,3,43.73,131.19
4948,3499,14,1,61.39,61.39
4949,3499,43,2,24.61,49.22
4950,3499,19,1,152.53,152.53
4951,3500,25,3,43.73,131.19
4952,3500,40,2,202.48,404.96
4953,3501,19,1,152.53,152.53
4954,3502,8,1,20.47,20.47
4955,3502,23,1,83.16,83.16
4956,3503,20,1,42.3,42.3
4957,3503,21,1,78.32,78.32
4958,3504,14,1,61.39,61.39
4959,3504,46,1,125.88,125.88
4960,3505,14,1,61.39,61.39
4961,3505,23,1,83.16,83.16
4962,3505,39,2,124.06,248.12
4963,3506,13,1,34.71,34.71
4964,3507,35,1,157.65,157.65
4965,3507,26,1,124.26,124.26
4966,3508,8,1,20.47,20.47
4967,3509,44,1,69.13,69.13
4968,3510,23,1,83.16,83.16
4969,3510,28,1,84.15,84.15
4970,3511,8,1,20.47,20.47
4971,3512,28,3,84.15,252.45
4972,3513,44,1,69.13,69.13
4973,3514,12,1,117.99,117.99
4974,3515,31,1,19.71,19.71
4975,3516,5,1,61.15,61.15
4976,3517,4,2,72.47,144.94
4977,3518,45,1,31.58,31.58
4978,3519,34,2,43.74,87.48
4979,3519,33,1,171.28,171.28
4980,3519,45,2,31.58,63.16
4981,3520,20,1,42.3,42.3
4982,3520,23,1,83.16,83.16
4983,3520,35,1,157.65,157.65
4984,3521,11,1,115.23,115.23
4985,3522,17,1,101.25,101.25
4986,3522,11,1,115.23,115.23
4987,3523,45,2,31.58,63.16
4988,3523,20,1,42.3,42.3
4989,3524,23,1,83.16,83.16
4990,3524,30,2,67.9,135.8
4991,3525,4,1,72.47,72.47
4992,3526,44,2,69.13,138.26
4993,3526,40,1,202.48,202.48
4994,3526,21,1,78.32,78.32
4995,3527,8,1,20.47,20.47
4996,3528,20,2,42.3,84.6
4997,3529,47,1,21.34,21.34
4998,3529,23,1,83.16,83.16
4999,3529,19,3,152.53,457.59
5000,3530,13,1,34.71,34.71
5001,3531,23,1,83.16,83.16
5002,3531,34,1,43.74,43.74
5003,3532,21,2,78.32,156.64
5004,3533,26,1,124.26,124.26
5005,3533,14,1,61.39,61.39
5006,3533,27,1,24.68,24.68
5007,3534,23,1,83.16,83.16
5008,3535,14,1,61.39,61.39
5009,3535,8,1,20.47,20.47
5010,3535,25,2,43.73,87.46
5011,3536,8,1,20.47,20.47
5012,3536,5,1,61.15,61.15
5013,3537,44,1,69.13,69.13
5014,3538,5,1,61.15,61.15
5015,3539,44,1,69.13,69.13
5016,3539,42,1,138.05,138.05
5017,3539,8,1,20.47,20.47
5018,3540,27,1,24.68,24.68
5019,3541,19,1,152.53,152.53
5020,3542,22,2,75.66,151.32
5021,3542,32,1,12.22,12.22
5022,3543,43,1,24.61,24.61
5023,3544,20,2,42.3,84.6
5024,3545,43,1,24.61,24.61
5025,3546,28,1,84.15,84.15
5026,3547,13,1,34.71,34.71
5027,3548,10,1,163.05,163.05
5028,3549,8,1,20.47,20.47
5029,3550,23,1,83.16,83.16
5030,3550,3,1,57.71,57.71
5031,3551,6,1,88.2,88.2
5032,3551,42,2,138.05,276.1
5033,3552,47,1,21.34,21.34
5034,3553,36,1,53.45,53.45
5035,3554,25,2,43.73,87.46
5036,3555,9,1,59.69,59.69
5037,3556,23,1,83.16,83.16
5038,3556,43,1,24.61,24.61
5039,3557,32,2,12.22,24.44
5040,3557,35,2,157.65,315.3
5041,3557,33,1,171.28,171.28
5042,3558,23,1,83.16,83.16
5043,3559,15,1,173.9,173.9
5044,3560,4,1,72.47,72.47
5045,3560,8,1,20.47,20.47
5046,3561,1,1,114.06,114.06
5047,3561,43,1,24.61,24.61
5048,3562,10,1,163.05,163.05
5049,3563,45,1,31.58,31.58
5050,3564,23,1,83.16,83.16
5051,3565,14,1,61.39,61.39
5052,3565,31,1,19.71,19.71
5053,3565,47,2,21.34,42.68
5054,3566,20,1,42.3,42.3
5055,3566,21,1,78.32,78.32
5056,3566,36,1,53.45,53.45
5057,3567,5,2,61.15,122.3
5058,3568,30,1,67.9,67.9
5059,3569,32,1,12.22,12.22
5060,3570,25,1,43.73,43.73
5061,3571,32,1,12.22,12.22
5062,3572,47,1,21.34,21.34
5063,3573,20,2,42.3,84.6
5064,3574,14,2,54.02,108.04
5065,3574,27,1,21.72,21.72
5066,3575,44,1,60.83,60.83
5067,3576,26,1,109.35,109.35
5068,3577,27,1,21.72,21.72
5069,3578,21,1,68.92,68.92
5070,3578,47,1,18.78,18.78
5071,3579,34,1,38.49,38.49
5072,3580,27,1,21.72,21.72
5073,3581,12,2,103.83,207.66
5074,3582,45,1,27.79,27.79
5075,3582,18,1,33.21,33.21
5076,3582,28,1,74.05,74.05
5077,3583,19,1,134.23,134.23
5078,3584,21,1,68.92,68.92
5079,3584,30,3,59.75,179.25
5080,3585,28,1,74.05,74.05
5081,3586,30,2,59.75,119.5
5082,3587,21,2,68.92,137.84
5083,3588,32,1,10.75,10.75
5084,3589,44,1,60.83,60.83
5085,3590,15,1,153.03,153.03
5086,3590,42,2,121.48,242.96
5087,3591,33,2,150.73,301.46
5088,3591,8,1,18.01,18.01
5089,3591,23,1,73.18,73.18
5090,3592,16,1,126.83,126.83
5091,3592,13,1,30.54,30.54
5092,3592,43,2,21.66,43.32
5093,3593,35,1,138.73,138.73
5094,3594,44,1,60.83,60.83
5095,3595,42,1,121.48,121.48
5096,3595,32,1,10.75,10.75
5097,3596,32,2,10.75,21.5
5098,3597,44,1,60.83,60.83
5099,3597,18,1,33.21,33.21
5100,3598,19,1,134.23,134.23
5101,3599,43,2,21.66,43.32
5102,3599,32,1,10.75,10.75
5103,3600,42,1,121.48,121.48
5104,3601,39,1,109.17,109.17
5105,3601,10,1,143.48,143.48
5106,3602,4,1,63.77,63.77
5107,3603,37,3,124.9,374.7
5108,3603,44,2,60.83,121.66
5109,3603,14,1,54.02,54.02
5110,3604,37,1,124.9,124.9
5111,3604,44,2,60.83,121.66
5112,3605,32,1,10.75,10.75
5113,3605,40,1,178.18,178.18
5114,3606,12,2,103.83,207.66
5115,3606,42,2,121.48,242.96
5116,3607,44,1,60.83,60.83
5117,3607,14,1,54.02,54.02
5118,3608,21,1,68.92,68.92
5119,3609,22,1,66.58,66.58
5120,3610,40,1,178.18,178.18
5121,3611,8,1,18.01,18.01
5122,3611,20,1,37.22,37.22
5123,3612,26,1,109.35,109.35
5124,3612,3,1,50.78,50.78
5125,3613,35,1,138.73,138.73
5126,3614,8,2,18.01,36.02
5127,3614,21,1,68.92,68.92
5128,3615,36,2,47.04,94.08
5129,3615,44,1,60.83,60.83
5130,3616,47,1,18.78,18.78
5131,3617,23,1,73.18,73.18
5132,3618,20,1,37.22,37.22
5133,3618,8,1,18.01,18.01
5134,3618,4,1,63.77,63.77
5135,3619,10,1,143.48,143.48
5136,3620,42,1,121.48,121.48
5137,3621,40,1,178.18,178.18
5138,3622,35,1,138.73,138.73
5139,3623,14,1,54.02,54.02
5140,3623,8,1,18.01,18.01
5141,3623,32,2,10.75,21.5
5142,3624,12,1,103.83,103.83
5143,3624,23,1,73.18,73.18
5144,3625,7,2,126.34,252.68
5145,3625,25,1,38.48,38.48
5146,3626,1,2,100.37,200.74
5147,3627,28,1,74.05,74.05
5148,3628,27,1,21.72,21.72
5149,3629,35,1,138.73,138.73
5150,3630,11,2,101.4,202.8
5151,3631,35,1,138.73,138.73
5152,3632,2,1,88.23,88.23
5153,3633,13,2,30.54,61.08
5154,3633,38,3,71.35,214.05
5155,3634,19,1,134.23,134.23
5156,3635,44,2,60.83,121.66
5157,3636,11,1,101.4,101.4
5158,3637,2,2,88.23,176.46
5159,3637,39,1,109.17,109.17
5160,3638,20,1,37.22,37.22
5161,3638,44,1,60.83,60.83
5162,3638,10,1,143.48,143.48
5163,3639,25,1,38.48,38.48
5164,3640,10,1,143.48,143.48
5165,3640,35,2,138.73,277.46
5166,3641,10,1,143.48,143.48
5167,3642,30,1,59.75,59.75
5168,3643,40,1,178.18,178.18
5169,3644,20,1,37.22,37.22
5170,3645,11,1,101.4,101.4
5171,3645,14,3,54.02,162.06
5172,3646,28,2,74.05,148.1
5173,3646,24,3,26.01,78.03
5174,3647,34,3,38.49,115.47
5175,3648,40,1,178.18,178.18
5176,3648,12,1,103.83,103.83
5177,3649,37,1,124.9,124.9
5178,3650,35,1,138.73,138.73
5179,3650,21,1,68.92,68.92
5180,3650,10,1,143.48,143.48
5181,3651,14,1,54.02,54.02
5182,3652,23,1,73.18,73.18
5183,3652,12,1,103.83,103.83
5184,3653,36,1,47.04,47.04
5185,3653,42,1,121.48,121.48
5186,3653,23,1,73.18,73.18
5187,3654,41,1,43.6,43.6
5188,3654,44,1,60.83,60.83
5189,3655,15,3,153.03,459.09
5190,3656,32,1,10.75,10.75
5191,3656,37,1,124.9,124.9
5192,3657,40,1,178.18,178.18
5193,3658,5,1,53.81,53.81
5194,3658,12,1,103.83,103.83
5195,3659,36,1,47.04,47.04
5196,3660,23,1,73.18,73.18
5197,3660,3,1,50.78,50.78
5198,3661,32,1,10.75,10.75
5199,3662,35,1,138.73,138.73
5200,3663,41,1,43.6,43.6
5201,3664,32,2,10.75,21.5
5202,3665,3,2,50.78,101.56
5203,3666,10,1,143.48,143.48
5204,3666,36,1,47.04,47.04
5205,3667,40,1,178.18,178.18
5206,3667,23,1,73.18,73.18
5207,3668,26,2,109.35,218.7
5208,3669,24,2,26.01,52.02
5209,3670,23,1,73.18,73.18
5210,3670,11,1,101.4,101.4
5211,3670,9,1,52.53,52.53
5212,3671,20,2,37.22,74.44
5213,3671,23,1,73.18,73.18
5214,3671,46,2,110.77,221.54
5215,3672,45,1,27.79,27.79
5216,3672,42,1,121.48,121.48
5217,3673,28,1,74.05,74.05
5218,3674,15,1,153.03,153.03
5219,3675,33,2,150.73,301.46
5220,3675,44,1,60.83,60.83
5221,3676,4,1,63.77,63.77
5222,3677,43,1,21.66,21.66
5223,3677,42,1,121.48,121.48
5224,3678,44,1,60.83,60.83
5225,3679,13,1,30.54,30.54
5226,3680,25,2,38.48,76.96
5227,3681,10,1,143.48,143.48
5228,3681,14,1,54.02,54.02
5229,3682,21,1,68.92,68.92
5230,3683,44,1,60.83,60.83
5231,3683,36,1,47.04,47.04
5232,3684,36,1,47.04,47.04
5233,3685,29,2,8.1,16.2
5234,3686,37,1,124.9,124.9
5235,3687,10,1,143.48,143.48
5236,3687,19,2,134.23,268.46
5237,3688,41,1,43.6,43.6
5238,3689,23,1,73.18,73.18
5239,3690,22,2,66.58,133.16
5240,3691,32,1,10.75,10.75
5241,3691,8,1,18.01,18.01
5242,3692,20,1,37.22,37.22
5243,3693,8,1,18.01,18.01
5244,3694,18,1,33.21,33.21
5245,3695,6,2,77.62,155.24
5246,3696,8,1,18.01,18.01
5247,3696,15,1,153.03,153.03
5248,3697,25,1,38.48,38.48
5249,3698,44,1,60.83,60.83
5250,3699,8,1,18.01,18.01
5251,3699,21,1,68.92,68.92
5252,3699,6,1,77.62,77.62
5253,3700,23,1,73.18,73.18
5254,3700,14,1,54.02,54.02
5255,3701,19,3,134.23,402.69
5256,3702,21,1,68.92,68.92
5257,3703,8,1,18.01,18.01
5258,3704,15,2,153.03,306.06
5259,3704,23,1,73.18,73.18
5260,3705,10,1,143.48,143.48
5261,3706,23,2,73.18,146.36
5262,3707,43,2,21.66,43.32
5263,3708,32,1,10.75,10.75
5264,3709,47,1,18.78,18.78
5265,3710,31,1,17.34,17.34
5266,3710,18,1,33.21,33.21
5267,3711,32,2,10.75,21.5
5268,3712,8,1,18.01,18.01
5269,3712,23,1,73.18,73.18
5270,3713,23,3,73.18,219.54
5271,3714,40,1,178.18,178.18
5272,3715,36,1,47.04,47.04
5273,3716,46,1,110.77,110.77
5274,3716,23,1,73.18,73.18
5275,3716,42,1,121.48,121.48
5276,3717,8,2,18.01,36.02
5277,3718,34,1,38.49,38.49
5278,3719,44,1,60.83,60.83
5279,3719,6,1,77.62,77.62
5280,3720,36,1,47.04,47.04
5281,3720,3,1,50.78,50.78
5282,3721,30,1,59.75,59.75
5283,3721,21,1,68.92,68.92
5284,3722,43,1,21.66,21.66
5285,3722,35,2,138.73,277.46
5286,3722,31,2,17.34,34.68
5287,3723,10,1,143.48,143.48
5288,3724,23,1,73.18,73.18
5289,3725,44,1,60.83,60.83
5290,3726,19,1,134.23,134.23
5291,3727,44,1,60.83,60.83
5292,3728,28,1,74.05,74.05
5293,3729,3,2,50.78,101.56
5294,3730,15,2,153.03,306.06
5295,3731,10,1,143.48,143.48
5296,3731,43,2,21.66,43.32
5297,3732,36,1,47.04,47.04
5298,3733,19,2,134.23,268.46
5299,3734,47,1,18.78,18.78
5300,3735,32,1,10.75,10.75
5301,3735,3,2,50.78,101.56
5302,3735,31,1,17.34,17.34
5303,3736,30,3,59.75,179.25
5304,3737,14,1,54.02,54.02
5305,3737,47,1,18.78,18.78
5306,3738,47,2,18.78,37.56
5307,3739,3,2,50.78,101.56
5308,3739,34,2,38.49,76.98
5309,3740,29,1,8.1,8.1
5310,3741,32,1,10.75,10.75
5311,3741,21,1,68.92,68.92
5312,3742,19,1,134.23,134.23
5313,3742,45,1,27.79,27.79
5314,3743,23,1,73.18,73.18
5315,3743,35,1,138.73,138.73
5316,3744,4,2,63.77,127.54
5317,3745,4,2,63.77,127.54
5318,3746,8,1,18.01,18.01
5319,3746,27,1,21.72,21.72
5320,3747,43,1,21.66,21.66
5321,3748,36,2,47.04,94.08
5322,3749,30,2,59.75,119.5
5323,3750,31,1,17.34,17.34
5324,3751,40,2,178.18,356.36
5325,3752,36,2,47.04,94.08
5326,3752,5,1,53.81,53.81
5327,3753,36,2,47.04,94.08
5328,3754,32,1,10.75,10.75
5329,3754,28,1,74.05,74.05
5330,3755,21,1,68.92,68.92
5331,3755,22,1,66.58,66.58
5332,3756,40,1,178.18,178.18
5333,3757,6,1,77.62,77.62
5334,3758,45,1,27.79,27.79
5335,3759,9,1,52.53,52.53
5336,3760,32,1,10.75,10.75
5337,3761,1,2,100.37,200.74
5338,3762,23,2,73.18,146.36
5339,3762,47,1,18.78,18.78
5340,3763,36,1,47.04,47.04
5341,3764,22,1,66.58,66.58
5342,3765,42,1,121.48,121.48
5343,3766,12,1,103.83,103.83
5344,3766,32,1,10.75,10.75
5345,3767,21,1,68.92,68.92
5346,3768,35,1,138.73,138.73
5347,3768,20,1,37.22,37.22
5348,3768,30,3,59.75,179.25
5349,3769,44,1,60.83,60.83
5350,3770,14,1,54.02,54.02
5351,3771,10,1,143.48,143.48
5352,3772,23,1,73.18,73.18
5353,3773,47,1,18.78,18.78
5354,3773,20,1,37.22,37.22
5355,3774,12,1,103.83,103.83
5356,3774,8,1,18.01,18.01
5357,3775,19,2,134.23,268.46
5358,3776,44,1,60.83,60.83
5359,3776,35,1,138.73,138.73
5360,3777,34,1,38.49,38.49
5361,3777,20,1,37.22,37.22
5362,3778,29,1,8.1,8.1
5363,3779,26,1,109.35,109.35
5364,3780,14,1,54.02,54.02
5365,3780,37,2,124.9,249.8
5366,3780,21,1,68.92,68.92
5367,3781,30,1,59.75,59.75
5368,3782,2,1,88.23,88.23
5369,3783,23,1,73.18,73.18
5370,3783,46,1,110.77,110.77
5371,3783,11,1,101.4,101.4
5372,3784,36,1,47.04,47.04
5373,3784,21,1,68.92,68.92
5374,3785,23,1,73.18,73.18
5375,3786,28,1,74.05,74.05
5376,3787,18,1,33.21,33.21
5377,3787,12,1,103.83,103.83
5378,3788,47,1,18.78,18.78
5379,3789,8,1,18.01,18.01
5380,3789,19,1,134.23,134.23
5381,3790,32,1,10.75,10.75
5382,3791,34,1,38.49,38.49
5383,3792,3,1,50.78,50.78
5384,3792,23,1,73.18,73.18
5385,3793,10,3,143.48,430.44
5386,3793,2,1,88.23,88.23
5387,3793,21,2,68.92,137.84
5388,3794,26,1,109.35,109.35
5389,3795,39,1,109.17,109.17
5390,3796,23,1,73.18,73.18
5391,3797,47,1,18.78,18.78
5392,3797,18,1,33.21,33.21
5393,3798,23,1,73.18,73.18
5394,3799,6,1,77.62,77.62
5395,3800,36,3,47.04,141.12
5396,3800,34,1,38.49,38.49
5397,3800,32,1,10.75,10.75
5398,3801,35,1,138.73,138.73
5399,3802,19,1,134.23,134.23
5400,3803,19,2,134.23,268.46
5401,3804,32,3,10.75,32.25
5402,3805,21,1,68.92,68.92
5403,3805,35,1,138.73,138.73
5404,3806,34,3,38.49,115.47
5405,3807,44,1,60.83,60.83
5406,3807,23,1,73.18,73.18
5407,3808,44,2,60.83,121.66
5408,3808,12,1,103.83,103.83
5409,3809,35,1,138.73,138.73
5410,3809,36,1,47.04,47.04
5411,3810,46,1,110.77,110.77
5412,3811,32,2,10.75,21.5
5413,3812,35,1,138.73,138.73
5414,3813,3,1,50.78,50.78
5415,3814,28,1,74.05,74.05
5416,3815,10,1,143.48,143.48
5417,3816,35,1,138.73,138.73
5418,3817,23,1,73.18,73.18
5419,3817,35,1,138.73,138.73
5420,3818,3,1,50.78,50.78
5421,3819,36,3,47.04,141.12
5422,3820,23,1,73.18,73.18
5423,3820,43,1,21.66,21.66
5424,3821,35,1,138.73,138.73
5425,3822,19,1,134.23,134.23
5426,3823,9,1,52.53,52.53
5427,3824,40,2,178.18,356.36
5428,3825,44,1,60.83,60.83
5429,3825,33,1,150.73,150.73
5430,3825,21,1,68.92,68.92
5431,3826,35,1,138.73,138.73
5432,3826,14,1,54.02,54.02
5433,3827,12,1,103.83,103.83
5434,3828,26,1,109.35,109.35
5435,3829,41,1,43.6,43.6
5436,3830,23,1,73.18,73.18
5437,3831,44,2,60.83,121.66
5438,3831,17,1,89.1,89.1
5439,3832,3,1,50.78,50.78
5440,3832,46,1,110.77,110.77
5441,3833,34,1,38.49,38.49
5442,3834,35,1,138.73,138.73
5443,3834,47,2,18.78,37.56
5444,3834,18,1,33.21,33.21
5445,3835,11,2,101.4,202.8
5446,3836,30,1,59.75,59.75
5447,3836,21,1,68.92,68.92
5448,3836,2,1,88.23,88.23
5449,3837,26,1,109.35,109.35
5450,3837,28,1,74.05,74.05
5451,3838,8,1,18.01,18.01
5452,3838,15,1,153.03,153.03
5453,3838,31,1,17.34,17.34
5454,3839,28,1,74.05,74.05
5455,3840,26,1,109.35,109.35
5456,3841,15,3,153.03,459.09
5457,3842,37,2,124.9,249.8
5458,3843,36,2,47.04,94.08
5459,3844,19,1,134.23,134.23
5460,3844,32,3,10.75,32.25
5461,3845,19,1,134.23,134.23
5462,3845,33,1,150.73,150.73
5463,3846,19,1,134.23,134.23
5464,3847,30,1,59.75,59.75
5465,3847,4,2,63.77,127.54
5466,3847,44,1,60.83,60.83
5467,3848,8,2,18.01,36.02
5468,3848,28,1,74.05,74.05
5469,3848,32,1,10.75,10.75
5470,3849,36,2,47.04,94.08
5471,3849,47,2,18.78,37.56
5472,3850,31,1,17.34,17.34
5473,3850,24,1,26.01,26.01
5474,3851,8,1,18.01,18.01
5475,3852,8,2,18.01,36.02
5476,3853,37,1,124.9,124.9
5477,3854,48,1,88.91,88.91
5478,3855,42,1,121.48,121.48
5479,3855,20,1,37.22,37.22
5480,3856,45,1,27.79,27.79
5481,3857,32,1,10.75,10.75
5482,3858,45,1,27.79,27.79
5483,3858,23,1,73.18,73.18
5484,3859,39,1,109.17,109.17
5485,3860,19,1,134.23,134.23
5486,3861,23,1,73.18,73.18
5487,3862,32,1,10.75,10.75
5488,3862,33,1,150.73,150.73
5489,3863,19,1,134.23,134.23
5490,3864,39,1,109.17,109.17
5491,3865,22,1,66.58,66.58
5492,3866,4,1,63.77,63.77
5493,3867,8,1,18.01,18.01
5494,3868,30,1,59.75,59.75
5495,3868,34,2,38.49,76.98
5496,3869,22,2,66.58,133.16
5497,3869,23,2,73.18,146.36
5498,3869,3,1,50.78,50.78
5499,3870,4,1,63.77,63.77
5500,3871,32,1,10.75,10.75
5501,3871,25,1,38.48,38.48
5502,3872,43,1,21.66,21.66
5503,3873,35,3,138.73,416.19
5504,3874,25,1,38.48,38.48
5505,3875,32,1,10.75,10.75
5506,3875,23,1,73.18,73.18
5507,3876,4,2,63.77,127.54
5508,3877,28,2,74.05,148.1
5509,3878,35,1,138.73,138.73
5510,3878,40,1,178.18,178.18
5511,3878,20,1,37.22,37.22
5512,3879,14,1,54.02,54.02
5513,3879,39,1,109.17,109.17
5514,3880,33,1,150.73,150.73
5515,3880,25,1,38.48,38.48
5516,3880,15,1,153.03,153.03
5517,3881,37,1,124.9,124.9
5518,3882,38,1,71.35,71.35
5519,3883,37,1,124.9,124.9
5520,3884,33,1,150.73,150.73
5521,3884,46,1,110.77,110.77
5522,3885,28,1,74.05,74.05
5523,3885,44,1,60.83,60.83
5524,3886,32,1,10.75,10.75
5525,3887,5,1,53.81,53.81
5526,3888,12,2,103.83,207.66
5527,3889,30,1,59.75,59.75
5528,3890,23,1,73.18,73.18
5529,3891,8,1,18.01,18.01
5530,3892,8,1,18.01,18.01
5531,3892,44,3,60.83,182.49
5532,3893,25,1,38.48,38.48
5533,3894,33,1,150.73,150.73
5534,3895,35,1,138.73,138.73
5535,3896,37,1,124.9,124.9
5536,3896,36,1,47.04,47.04
5537,3897,22,1,66.58,66.58
5538,3898,5,1,53.81,53.81
5539,3899,14,1,54.02,54.02
5540,3899,26,2,109.35,218.7
5541,3900,26,1,109.35,109.35
5542,3900,36,1,47.04,47.04
5543,3901,32,1,10.75,10.75
5544,3902,23,1,73.18,73.18
5545,3903,28,1,74.05,74.05
5546,3904,3,1,50.78,50.78
5547,3905,40,2,178.18,356.36
5548,3906,14,1,54.02,54.02
5549,3906,29,1,8.1,8.1
5550,3907,47,1,18.78,18.78
5551,3908,35,1,138.73,138.73
5552,3909,32,1,10.75,10.75
5553,3910,42,2,121.48,242.96
5554,3911,12,1,103.83,103.83
5555,3912,35,1,138.73,138.73
5556,3913,46,1,110.77,110.77
5557,3913,32,1,10.75,10.75
5558,3914,10,1,143.48,143.48
5559,3914,21,1,68.92,68.92
5560,3915,30,1,59.75,59.75
5561,3916,8,1,18.01,18.01
5562,3917,42,1,121.48,121.48
5563,3918,14,1,54.02,54.02
5564,3919,14,2,54.02,108.04
5565,3919,20,1,37.22,37.22
5566,3919,27,1,21.72,21.72
5567,3920,44,1,60.83,60.83
5568,3920,28,1,74.05,74.05
5569,3921,47,1,18.78,18.78
5570,3922,26,1,109.35,109.35
5571,3923,15,1,153.03,153.03
5572,3924,40,2,178.18,356.36
5573,3925,28,2,74.05,148.1
5574,3926,44,1,60.83,60.83
5575,3926,3,2,50.78,101.56
5576,3927,5,2,53.81,107.62
5577,3928,23,1,73.18,73.18
5578,3929,10,1,143.48,143.48
5579,3930,44,1,60.83,60.83
5580,3931,21,1,68.92,68.92
5581,3932,14,1,54.02,54.02
5582,3933,35,1,138.73,138.73
5583,3934,19,1,134.23,134.23
5584,3935,43,1,21.66,21.66
5585,3935,14,2,54.02,108.04
5586,3936,35,2,138.73,277.46
