order_id,order_created_at,order_status,campaign_id,region,order_gmv,order_date
1,2025-01-01,completed,,Central,173.9,2025-01-01
2,2025-01-01,completed,,South,202.48,2025-01-01
3,2025-01-01,completed,,Central,153.73000000000002,2025-01-01
4,2025-01-01,completed,,North,63.15,2025-01-01
5,2025-01-01,completed,,North,61.39,2025-01-01
6,2025-01-01,completed,,Central,81.86,2025-01-01
7,2025-01-01,completed,,Central,125.09,2025-01-01
8,2025-01-01,completed,,East,108.67,2025-01-01
9,2025-01-01,completed,,Central,176.4,2025-01-01
10,2025-01-01,completed,,South,173.9,2025-01-01
11,2025-01-01,completed,,South,69.13,2025-01-01
12,2025-01-01,completed,,East,69.13,2025-01-01
13,2025-01-01,completed,,East,546.16,2025-01-01
14,2025-01-01,completed,,North,141.08999999999997,2025-01-01
15,2025-01-01,completed,,Central,122.78,2025-01-01
16,2025-01-01,completed,,Central,19.71,2025-01-01
17,2025-01-01,completed,,North,53.45,2025-01-01
18,2025-01-01,completed,,Central,202.48,2025-01-01
19,2025-01-01,completed,,East,899.2900000000001,2025-01-01
20,2025-01-01,completed,,Central,103.84,2025-01-01
21,2025-01-01,processing,,East,40.94,2025-01-01
22,2025-01-01,completed,,North,24.61,2025-01-01
23,2025-01-01,completed,,North,43.73,2025-01-01
24,2025-01-01,completed,,East,163.05,2025-01-01
25,2025-01-01,completed,,North,2429.76,2025-01-01
26,2025-01-01,completed,,Central,152.53,2025-01-01
27,2025-01-01,completed,,East,409.26,2025-01-01
28,2025-01-01,processing,,East,166.32,2025-01-01
29,2025-01-01,processing,,South,168.3,2025-01-01
30,2025-01-01,completed,,North,61.39,2025-01-01
31,2025-01-01,processing,,North,342.56,2025-01-01
32,2025-01-01,completed,,East,125.88,2025-01-01
33,2025-01-01,completed,,North,53.45,2025-01-01
34,2025-01-01,refunded,,South,53.45,2025-01-01
35,2025-01-01,completed,,South,34.71,2025-01-01
36,2025-01-01,cancelled,,North,332.92,2025-01-01
37,2025-01-01,completed,,Central,83.16,2025-01-01
38,2025-01-01,completed,,Central,69.13,2025-01-01
39,2025-01-01,completed,,South,20.47,2025-01-01
40,2025-01-01,completed,,South,186.12,2025-01-01
41,2025-01-01,completed,,South,345.69,2025-01-01
42,2025-01-01,completed,,East,84.15,2025-01-01
43,2025-01-01,completed,,Central,157.65,2025-01-01
44,2025-01-01,completed,,South,315.3,2025-01-01
45,2025-01-01,completed,,South,49.22,2025-01-01
46,2025-01-01,completed,,East,103.41999999999999,2025-01-01
47,2025-01-01,completed,,Central,78.32,2025-01-01
48,2025-01-01,completed,,Central,114.84,2025-01-01
49,2025-01-01,completed,,North,124.26,2025-01-01
50,2025-01-02,completed,,Central,131.19,2025-01-02
51,2025-01-02,completed,,North,117.99,2025-01-02
52,2025-01-02,completed,,North,61.39,2025-01-02
53,2025-01-02,completed,,North,53.45,2025-01-02
54,2025-01-02,refunded,,South,325.53,2025-01-02
55,2025-01-02,completed,,Central,133.46,2025-01-02
56,2025-01-02,completed,,East,161.72,2025-01-02
57,2025-01-02,completed,,Central,42.3,2025-01-02
58,2025-01-02,completed,,Central,152.53,2025-01-02
59,2025-01-02,completed,,South,607.44,2025-01-02
60,2025-01-02,completed,,South,84.15,2025-01-02
61,2025-01-02,refunded,,East,87.46,2025-01-02
62,2025-01-02,completed,,East,24.68,2025-01-02
63,2025-01-02,completed,,South,175.75,2025-01-02
64,2025-01-02,completed,,North,63.44,2025-01-02
65,2025-01-02,completed,,North,157.65,2025-01-02
66,2025-01-02,completed,,North,75.66,2025-01-02
67,2025-01-02,completed,,East,369.14,2025-01-02
68,2025-01-02,completed,,South,267.81,2025-01-02
69,2025-01-02,completed,,South,75.66,2025-01-02
70,2025-01-02,completed,,East,42.3,2025-01-02
71,2025-01-02,completed,,Central,43.74,2025-01-02
72,2025-01-02,completed,,East,57.71,2025-01-02
73,2025-01-02,completed,,South,153.98,2025-01-02
74,2025-01-02,completed,,South,24.61,2025-01-02
75,2025-01-02,processing,,Central,213.57999999999998,2025-01-02
76,2025-01-02,completed,,Central,296.57000000000005,2025-01-02
77,2025-01-02,processing,,East,57.71,2025-01-02
78,2025-01-02,completed,,South,66.91,2025-01-02
79,2025-01-02,completed,,South,342.88,2025-01-02
80,2025-01-02,completed,,East,184.17,2025-01-02
81,2025-01-02,cancelled,,Central,31.58,2025-01-02
82,2025-01-03,completed,,Central,21.34,2025-01-03
83,2025-01-03,completed,,North,83.93,2025-01-03
84,2025-01-03,completed,,East,34.71,2025-01-03
85,2025-01-03,completed,,East,347.8,2025-01-03
86,2025-01-03,completed,,Central,69.42,2025-01-03
87,2025-01-03,completed,,Central,19.71,2025-01-03
88,2025-01-03,completed,,East,20.47,2025-01-03
89,2025-01-03,completed,,North,251.76,2025-01-03
90,2025-01-03,completed,,East,184.19,2025-01-03
91,2025-01-03,completed,,South,83.16,2025-01-03
92,2025-01-03,completed,,South,20.47,2025-01-03
93,2025-01-03,completed,,Central,59.69,2025-01-03
94,2025-01-03,completed,,South,157.65,2025-01-03
95,2025-01-03,completed,,Central,117.99,2025-01-03
96,2025-01-03,completed,,Central,251.76,2025-01-03
97,2025-01-03,completed,,South,144.57,2025-01-03
98,2025-01-03,completed,,East,49.55,2025-01-03
99,2025-01-03,completed,,Central,141.93,2025-01-03
100,2025-01-03,completed,,Central,114.84,2025-01-03
101,2025-01-03,completed,,Central,12.22,2025-01-03
102,2025-01-03,completed,,Central,467.75,2025-01-03
103,2025-01-03,completed,,Central,84.15,2025-01-03
104,2025-01-03,processing,,East,37.74,2025-01-03
105,2025-01-03,completed,,North,78.32,2025-01-03
106,2025-01-03,completed,,Central,163.05,2025-01-03
107,2025-01-03,completed,,South,248.52,2025-01-03
108,2025-01-03,completed,,East,299.58000000000004,2025-01-03
109,2025-01-03,completed,,South,61.39,2025-01-03
110,2025-01-03,completed,,North,53.45,2025-01-03
111,2025-01-03,completed,,South,138.05,2025-01-03
112,2025-01-03,completed,,South,19.71,2025-01-03
113,2025-01-03,completed,,East,243.03,2025-01-03
114,2025-01-03,completed,,North,107.25999999999999,2025-01-03
115,2025-01-03,completed,,South,61.41,2025-01-03
116,2025-01-03,completed,,North,21.34,2025-01-03
117,2025-01-03,refunded,,South,157.65,2025-01-03
118,2025-01-03,completed,,South,237.92,2025-01-03
119,2025-01-03,processing,,South,161.64000000000001,2025-01-03
120,2025-01-03,completed,,Central,290.7,2025-01-03
121,2025-01-04,completed,,East,157.65,2025-01-04
122,2025-01-04,completed,,South,24.61,2025-01-04
123,2025-01-04,completed,,South,53.45,2025-01-04
124,2025-01-04,completed,,North,127.44,2025-01-04
125,2025-01-04,completed,,East,20.47,2025-01-04
126,2025-01-04,completed,,Central,272.23,2025-01-04
127,2025-01-04,completed,,East,326.1,2025-01-04
128,2025-01-04,completed,,South,191.5,2025-01-04
129,2025-01-04,completed,,North,194.82999999999998,2025-01-04
130,2025-01-04,completed,,Central,326.1,2025-01-04
131,2025-01-04,completed,,Central,61.39,2025-01-04
132,2025-01-04,completed,,Central,53.45,2025-01-04
133,2025-01-04,processing,,South,166.61,2025-01-04
134,2025-01-04,completed,,South,78.32,2025-01-04
135,2025-01-04,completed,,East,117.99,2025-01-04
136,2025-01-04,completed,,South,24.61,2025-01-04
137,2025-01-04,processing,,South,78.32,2025-01-04
138,2025-01-04,completed,,Central,69.13,2025-01-04
139,2025-01-04,completed,,Central,156.64,2025-01-04
140,2025-01-04,completed,,Central,75.66,2025-01-04
141,2025-01-04,completed,,East,113.4,2025-01-04
142,2025-01-04,completed,,North,607.44,2025-01-04
143,2025-01-04,completed,,South,497.03999999999996,2025-01-04
144,2025-01-04,completed,,East,74.79,2025-01-04
145,2025-01-04,completed,,North,75.66,2025-01-04
146,2025-01-04,completed,,East,78.32,2025-01-04
147,2025-01-04,completed,,South,31.58,2025-01-04
148,2025-01-04,completed,,South,99.13,2025-01-04
149,2025-01-04,completed,,East,78.32,2025-01-04
150,2025-01-04,completed,,Central,69.13,2025-01-04
151,2025-01-04,completed,,Central,441.52000000000004,2025-01-04
152,2025-01-04,processing,,South,103.63,2025-01-04
153,2025-01-04,completed,,South,117.99,2025-01-04
154,2025-01-04,completed,,North,78.32,2025-01-04
155,2025-01-04,completed,,South,120.61999999999999,2025-01-04
156,2025-01-04,completed,,Central,57.71,2025-01-04
157,2025-01-04,completed,,South,382.38,2025-01-04
158,2025-01-04,completed,,Central,83.16,2025-01-04
159,2025-01-04,processing,,Central,107.95,2025-01-04
160,2025-01-04,completed,,East,172.76000000000002,2025-01-04
161,2025-01-04,completed,,North,61.39,2025-01-04
162,2025-01-04,completed,,East,31.58,2025-01-04
163,2025-01-04,completed,,North,101.25,2025-01-04
164,2025-01-04,completed,,South,217.31,2025-01-04
165,2025-01-05,cancelled,,East,217.34,2025-01-05
166,2025-01-05,completed,,Central,157.65,2025-01-05
167,2025-01-05,completed,,Central,20.47,2025-01-05
168,2025-01-05,completed,,East,177.71,2025-01-05
169,2025-01-05,completed,,Central,181.96,2025-01-05
170,2025-01-05,unknown_status,,East,88.2,2025-01-05
171,2025-01-05,completed,,South,152.53,2025-01-05
172,2025-01-05,refunded,,Central,163.05,2025-01-05
173,2025-01-05,refunded,,Central,20.47,2025-01-05
174,2025-01-05,completed,,North,126.9,2025-01-05
175,2025-01-05,completed,,North,19.71,2025-01-05
176,2025-01-05,completed,,South,173.9,2025-01-05
177,2025-01-05,completed,,Central,124.26,2025-01-05
178,2025-01-05,processing,,North,173.9,2025-01-05
179,2025-01-05,completed,,Central,152.53,2025-01-05
180,2025-01-05,completed,,South,43.73,2025-01-05
181,2025-01-05,completed,,South,122.3,2025-01-05
182,2025-01-05,completed,,North,20.47,2025-01-05
183,2025-01-05,completed,,South,20.47,2025-01-05
184,2025-01-05,completed,,East,20.47,2025-01-05
185,2025-01-05,completed,,East,69.13,2025-01-05
186,2025-01-05,completed,,East,141.93,2025-01-05
187,2025-01-05,completed,,South,323.97,2025-01-05
188,2025-01-05,completed,,North,122.3,2025-01-05
189,2025-01-05,completed,,North,163.05,2025-01-05
190,2025-01-05,completed,,Central,163.05,2025-01-05
191,2025-01-05,processing,,Central,100.81,2025-01-05
192,2025-01-05,completed,,South,320.70000000000005,2025-01-05
193,2025-01-05,refunded,,South,83.16,2025-01-05
194,2025-01-05,completed,,South,69.13,2025-01-05
195,2025-01-05,completed,,North,116.06,2025-01-05
196,2025-01-05,completed,,Central,42.3,2025-01-05
197,2025-01-05,completed,,South,20.47,2025-01-05
198,2025-01-05,completed,,North,72.47,2025-01-05
199,2025-01-05,cancelled,,North,83.16,2025-01-05
200,2025-01-05,completed,,Central,276.1,2025-01-05
201,2025-01-05,completed,,North,20.47,2025-01-05
202,2025-01-05,completed,,North,12.22,2025-01-05
203,2025-01-05,completed,,Central,253.32999999999998,2025-01-05
204,2025-01-05,completed,,Central,157.65,2025-01-05
205,2025-01-05,processing,,Central,43.74,2025-01-05
206,2025-01-05,completed,,Central,53.45,2025-01-05
207,2025-01-05,completed,,Central,90.47,2025-01-05
208,2025-01-05,completed,,Central,20.47,2025-01-05
209,2025-01-05,completed,,South,21.34,2025-01-05
210,2025-01-05,completed,,East,24.61,2025-01-05
211,2025-01-05,completed,,Central,75.66,2025-01-05
212,2025-01-05,cancelled,,East,53.45,2025-01-05
213,2025-01-05,completed,,Central,31.58,2025-01-05
214,2025-01-05,completed,,South,12.22,2025-01-05
215,2025-01-06,completed,,Central,57.71,2025-01-06
216,2025-01-06,completed,,Central,57.71,2025-01-06
217,2025-01-06,processing,,East,24.44,2025-01-06
218,2025-01-06,completed,,East,172.76000000000002,2025-01-06
219,2025-01-06,completed,,South,159.6,2025-01-06
220,2025-01-06,completed,,North,67.9,2025-01-06
221,2025-01-06,completed,,Central,115.23,2025-01-06
222,2025-01-06,completed,,North,363.9,2025-01-06
223,2025-01-06,completed,,South,383.0,2025-01-06
224,2025-01-06,completed,,South,66.91,2025-01-06
225,2025-01-06,completed,,South,12.22,2025-01-06
226,2025-01-06,completed,,Central,37.74,2025-01-06
227,2025-01-06,completed,,South,52.05,2025-01-06
228,2025-01-06,completed,,Central,69.13,2025-01-06
229,2025-01-06,completed,,North,171.28,2025-01-06
230,2025-01-06,completed,,North,314.88,2025-01-06
231,2025-01-06,completed,,South,151.32,2025-01-06
232,2025-01-06,completed,,South,20.47,2025-01-06
233,2025-01-06,cancelled,,South,212.70999999999998,2025-01-06
234,2025-01-06,completed,,South,161.95,2025-01-06
235,2025-01-06,completed,,East,115.23,2025-01-06
236,2025-01-06,completed,,North,342.56,2025-01-06
237,2025-01-06,completed,,Central,42.68,2025-01-06
238,2025-01-06,completed,,North,90.53999999999999,2025-01-06
239,2025-01-06,cancelled,,South,222.19,2025-01-06
240,2025-01-06,completed,,South,20.47,2025-01-06
241,2025-01-06,completed,,South,283.86,2025-01-06
242,2025-01-06,completed,,Central,61.39,2025-01-06
243,2025-01-06,completed,,East,12.22,2025-01-06
244,2025-01-06,completed,,North,171.28,2025-01-06
245,2025-01-06,completed,,Central,43.74,2025-01-06
246,2025-01-06,completed,,South,238.73000000000002,2025-01-06
247,2025-01-06,completed,,Central,248.52,2025-01-06
248,2025-01-06,completed,,East,166.32,2025-01-06
249,2025-01-06,completed,,North,138.05,2025-01-06
250,2025-01-06,completed,,East,40.94,2025-01-06
251,2025-01-06,completed,,North,271.4,2025-01-06
252,2025-01-06,completed,,South,63.45,2025-01-06
253,2025-01-06,completed,,South,150.27,2025-01-06
254,2025-01-07,processing,,Central,248.52,2025-01-07
255,2025-01-07,completed,,Central,152.53,2025-01-07
256,2025-01-07,completed,,South,81.86,2025-01-07
257,2025-01-07,processing,,East,472.06,2025-01-07
258,2025-01-07,completed,,East,75.66,2025-01-07
259,2025-01-07,completed,,Central,173.9,2025-01-07
260,2025-01-07,completed,,Central,285.1,2025-01-07
261,2025-01-07,completed,,East,34.71,2025-01-07
262,2025-01-07,completed,,North,152.53,2025-01-07
263,2025-01-07,completed,,North,221.63,2025-01-07
264,2025-01-07,completed,,North,61.39,2025-01-07
265,2025-01-07,processing,,South,59.69,2025-01-07
266,2025-01-07,completed,,East,203.32,2025-01-07
267,2025-01-07,completed,,Central,24.61,2025-01-07
268,2025-01-07,completed,,North,125.92,2025-01-07
269,2025-01-07,completed,,South,20.47,2025-01-07
270,2025-01-07,completed,,Central,78.32,2025-01-07
271,2025-01-07,cancelled,,Central,520.1899999999999,2025-01-07
272,2025-01-07,completed,,South,305.83,2025-01-07
273,2025-01-07,completed,,East,122.78,2025-01-07
274,2025-01-07,completed,,North,69.42,2025-01-07
275,2025-01-07,completed,,North,20.47,2025-01-07
276,2025-01-07,completed,,East,156.64,2025-01-07
277,2025-01-07,completed,,North,115.23,2025-01-07
278,2025-01-07,completed,,East,157.65,2025-01-07
279,2025-01-07,completed,,South,53.45,2025-01-07
280,2025-01-07,completed,,East,305.06,2025-01-07
281,2025-01-07,refunded,,South,404.96,2025-01-07
282,2025-01-07,completed,,North,183.59,2025-01-07
283,2025-01-07,completed,,South,124.26,2025-01-07
284,2025-01-07,refunded,,Central,111.63,2025-01-07
285,2025-01-07,completed,,Central,61.15,2025-01-07
286,2025-01-07,refunded,,East,132.98000000000002,2025-01-07
287,2025-01-07,completed,,South,61.39,2025-01-07
288,2025-01-07,completed,,North,230.71,2025-01-07
289,2025-01-07,completed,,Central,20.47,2025-01-07
290,2025-01-08,completed,,North,61.39,2025-01-08
291,2025-01-08,completed,,East,31.58,2025-01-08
292,2025-01-08,completed,,North,347.8,2025-01-08
293,2025-01-08,completed,,South,154.15,2025-01-08
294,2025-01-08,completed,,North,141.93,2025-01-08
295,2025-01-08,completed,,East,21.34,2025-01-08
296,2025-01-08,completed,,North,53.45,2025-01-08
297,2025-01-08,completed,,South,57.71,2025-01-08
298,2025-01-08,completed,,North,43.73,2025-01-08
299,2025-01-08,completed,,South,72.47,2025-01-08
300,2025-01-08,completed,,North,158.32999999999998,2025-01-08
301,2025-01-08,completed,,Central,136.48000000000002,2025-01-08
302,2025-01-08,completed,,East,12.22,2025-01-08
303,2025-01-08,completed,,East,61.15,2025-01-08
304,2025-01-08,completed,,South,83.16,2025-01-08
305,2025-01-08,completed,,East,31.58,2025-01-08
306,2025-01-08,completed,,East,84.15,2025-01-08
307,2025-01-08,completed,,North,196.27,2025-01-08
308,2025-01-08,completed,,South,168.3,2025-01-08
309,2025-01-08,completed,,North,282.43,2025-01-08
310,2025-01-08,completed,,North,202.48,2025-01-08
311,2025-01-08,completed,,South,249.48,2025-01-08
312,2025-01-08,processing,,North,57.71,2025-01-08
313,2025-01-08,completed,,East,61.269999999999996,2025-01-08
314,2025-01-08,completed,,South,215.48,2025-01-08
315,2025-01-08,completed,,East,176.4,2025-01-08
316,2025-01-08,processing,,South,472.95,2025-01-08
317,2025-01-08,completed,,South,20.47,2025-01-08
318,2025-01-08,refunded,,East,12.22,2025-01-08
319,2025-01-08,completed,,South,78.32,2025-01-08
320,2025-01-08,processing,,North,43.74,2025-01-08
321,2025-01-08,completed,,East,57.71,2025-01-08
322,2025-01-08,completed,,East,232.18,2025-01-08
323,2025-01-08,completed,,Central,101.25,2025-01-08
324,2025-01-08,completed,,Central,152.57999999999998,2025-01-08
325,2025-01-08,completed,,North,201.14999999999998,2025-01-08
326,2025-01-08,completed,,South,69.13,2025-01-08
327,2025-01-08,completed,,North,158.96,2025-01-08
328,2025-01-08,completed,,North,119.12,2025-01-08
329,2025-01-08,completed,,East,407.04,2025-01-08
330,2025-01-08,completed,,East,40.94,2025-01-08
331,2025-01-08,completed,,East,167.86,2025-01-08
332,2025-01-09,completed,,Central,471.42999999999995,2025-01-09
333,2025-01-09,completed,,East,78.32,2025-01-09
334,2025-01-09,processing,,East,130.21,2025-01-09
335,2025-01-09,completed,,Central,215.82,2025-01-09
336,2025-01-09,completed,,East,78.32,2025-01-09
337,2025-01-09,completed,,East,101.03,2025-01-09
338,2025-01-09,completed,,North,299.62,2025-01-09
339,2025-01-09,completed,,North,202.48,2025-01-09
340,2025-01-09,completed,,East,24.61,2025-01-09
341,2025-01-09,completed,,North,148.77,2025-01-09
342,2025-01-09,completed,,South,214.38,2025-01-09
343,2025-01-09,completed,,East,429.4,2025-01-09
344,2025-01-09,completed,,North,207.39,2025-01-09
345,2025-01-09,completed,,South,31.58,2025-01-09
346,2025-01-09,completed,,North,31.58,2025-01-09
347,2025-01-09,completed,,Central,227.07,2025-01-09
348,2025-01-09,completed,,North,78.32,2025-01-09
349,2025-01-09,completed,,East,117.99,2025-01-09
350,2025-01-09,completed,,East,156.62,2025-01-09
351,2025-01-09,completed,,North,138.05,2025-01-09
352,2025-01-09,completed,,Central,157.65,2025-01-09
353,2025-01-09,refunded,,East,168.3,2025-01-09
354,2025-01-09,completed,,Central,168.3,2025-01-09
355,2025-01-09,completed,,East,446.92,2025-01-09
356,2025-01-09,completed,,South,12.22,2025-01-09
357,2025-01-09,completed,,South,207.18,2025-01-09
358,2025-01-09,completed,,East,69.13,2025-01-09
359,2025-01-09,completed,,East,157.65,2025-01-09
360,2025-01-09,completed,,East,232.43,2025-01-09
361,2025-01-09,completed,,South,117.99,2025-01-09
362,2025-01-09,completed,,East,43.73,2025-01-09
363,2025-01-09,processing,,North,327.52000000000004,2025-01-09
364,2025-01-09,cancelled,,Central,141.86,2025-01-09
365,2025-01-09,completed,,North,366.27,2025-01-09
366,2025-01-09,completed,,Central,72.47,2025-01-09
367,2025-01-09,completed,,East,24.44,2025-01-09
368,2025-01-09,completed,,Central,258.03,2025-01-09
369,2025-01-09,completed,,East,127.61,2025-01-09
370,2025-01-09,completed,,Central,20.47,2025-01-09
371,2025-01-10,completed,,South,34.71,2025-01-10
372,2025-01-10,completed,,North,61.39,2025-01-10
373,2025-01-10,unknown_status,,North,37.74,2025-01-10
374,2025-01-10,completed,,Central,57.71,2025-01-10
375,2025-01-10,completed,,South,53.45,2025-01-10
376,2025-01-10,completed,,North,171.36,2025-01-10
377,2025-01-10,completed,,North,83.16,2025-01-10
378,2025-01-10,completed,,South,34.71,2025-01-10
379,2025-01-10,completed,,South,49.36,2025-01-10
380,2025-01-10,completed,,East,290.53999999999996,2025-01-10
381,2025-01-10,processing,,North,59.69,2025-01-10
382,2025-01-10,completed,,Central,157.65,2025-01-10
383,2025-01-10,cancelled,,East,676.8900000000001,2025-01-10
384,2025-01-10,completed,,Central,61.41,2025-01-10
385,2025-01-10,cancelled,,South,88.37,2025-01-10
386,2025-01-10,completed,,Central,21.34,2025-01-10
387,2025-01-10,completed,,North,81.86,2025-01-10
388,2025-01-10,completed,,South,138.05,2025-01-10
389,2025-01-10,completed,,East,283.86,2025-01-10
390,2025-01-10,completed,,East,34.71,2025-01-10
391,2025-01-10,processing,,South,86.0,2025-01-10
392,2025-01-10,completed,,Central,19.71,2025-01-10
393,2025-01-10,completed,,North,307.92,2025-01-10
394,2025-01-10,cancelled,,North,37.74,2025-01-10
395,2025-01-10,processing,,North,69.13,2025-01-10
396,2025-01-10,completed,,Central,157.65,2025-01-10
397,2025-01-10,completed,,East,83.16,2025-01-10
398,2025-01-10,completed,,Central,73.83,2025-01-10
399,2025-01-10,processing,,East,83.16,2025-01-10
400,2025-01-10,completed,,North,250.92,2025-01-10
401,2025-01-10,completed,,Central,115.23,2025-01-10
402,2025-01-10,completed,,Central,43.74,2025-01-10
403,2025-01-10,processing,,North,216.2,2025-01-10
404,2025-01-11,completed,,Central,163.05,2025-01-11
405,2025-01-11,cancelled,,Central,326.1,2025-01-11
406,2025-01-11,processing,,East,21.34,2025-01-11
407,2025-01-11,completed,,East,84.6,2025-01-11
408,2025-01-11,completed,,South,278.52,2025-01-11
409,2025-01-11,completed,,South,267.38,2025-01-11
410,2025-01-11,completed,,East,53.45,2025-01-11
411,2025-01-11,completed,,Central,115.23,2025-01-11
412,2025-01-11,completed,,Central,124.26,2025-01-11
413,2025-01-11,processing,,East,163.05,2025-01-11
414,2025-01-11,completed,,South,116.13,2025-01-11
415,2025-01-11,completed,,East,125.07999999999998,2025-01-11
416,2025-01-11,completed,,South,53.45,2025-01-11
417,2025-01-11,completed,,South,37.74,2025-01-11
418,2025-01-11,completed,,Central,117.87,2025-01-11
419,2025-01-11,completed,,North,631.9300000000001,2025-01-11
420,2025-01-11,cancelled,,Central,304.33000000000004,2025-01-11
421,2025-01-11,completed,,North,152.2,2025-01-11
422,2025-01-11,completed,,North,78.32,2025-01-11
423,2025-01-11,completed,,East,153.28,2025-01-11
424,2025-01-11,processing,,North,53.45,2025-01-11
425,2025-01-11,completed,,East,251.76,2025-01-11
426,2025-01-11,completed,,North,412.71000000000004,2025-01-11
427,2025-01-11,completed,,North,53.45,2025-01-11
428,2025-01-11,completed,,South,42.3,2025-01-11
429,2025-01-11,completed,,South,151.32,2025-01-11
430,2025-01-11,refunded,,North,20.47,2025-01-11
431,2025-01-11,completed,,North,93.81,2025-01-11
432,2025-01-11,completed,,South,951.86,2025-01-11
433,2025-01-11,completed,,Central,43.73,2025-01-11
434,2025-01-11,completed,,South,42.3,2025-01-11
435,2025-01-11,completed,,East,248.52,2025-01-11
436,2025-01-11,completed,,East,568.01,2025-01-11
437,2025-01-11,completed,,South,141.65,2025-01-11
438,2025-01-11,completed,,Central,389.05,2025-01-11
439,2025-01-11,completed,,East,200.33,2025-01-11
440,2025-01-12,completed,,South,20.47,2025-01-12
441,2025-01-12,completed,,South,67.9,2025-01-12
442,2025-01-12,cancelled,,South,78.32,2025-01-12
443,2025-01-12,completed,,South,399.09000000000003,2025-01-12
444,2025-01-12,completed,,East,163.05,2025-01-12
445,2025-01-12,completed,,North,83.16,2025-01-12
446,2025-01-12,processing,,North,20.47,2025-01-12
447,2025-01-12,completed,,Central,187.12,2025-01-12
448,2025-01-12,completed,,South,12.22,2025-01-12
449,2025-01-12,completed,,South,152.29,2025-01-12
450,2025-01-12,completed,,East,83.01,2025-01-12
451,2025-01-12,completed,,Central,144.13,2025-01-12
452,2025-01-12,completed,,South,650.78,2025-01-12
453,2025-01-12,completed,,Central,125.88,2025-01-12
454,2025-01-12,completed,,North,29.669999999999998,2025-01-12
455,2025-01-12,completed,,South,84.6,2025-01-12
456,2025-01-12,completed,,Central,288.26,2025-01-12
457,2025-01-12,completed,,Central,120.87,2025-01-12
458,2025-01-12,completed,,South,115.42,2025-01-12
459,2025-01-12,completed,,North,202.06,2025-01-12
460,2025-01-12,completed,,East,87.46,2025-01-12
461,2025-01-12,completed,,North,209.04,2025-01-12
462,2025-01-12,completed,,North,179.38,2025-01-12
463,2025-01-12,completed,,East,232.18,2025-01-12
464,2025-01-12,processing,,East,88.2,2025-01-12
465,2025-01-12,completed,,South,303.51,2025-01-12
466,2025-01-12,completed,,Central,49.36,2025-01-12
467,2025-01-12,completed,,South,24.61,2025-01-12
468,2025-01-12,completed,,East,20.47,2025-01-12
469,2025-01-12,completed,,North,61.39,2025-01-12
470,2025-01-12,completed,,North,99.1,2025-01-12
471,2025-01-12,completed,,Central,53.45,2025-01-12
472,2025-01-12,completed,,South,61.39,2025-01-12
473,2025-01-12,completed,,South,84.15,2025-01-12
474,2025-01-12,processing,,Central,296.69,2025-01-12
475,2025-01-12,completed,,North,366.79,2025-01-12
476,2025-01-12,completed,,South,88.16,2025-01-12
477,2025-01-12,processing,,North,73.92,2025-01-12
478,2025-01-12,completed,,Central,222.17000000000002,2025-01-12
479,2025-01-12,completed,,South,59.13,2025-01-12
480,2025-01-12,refunded,,North,31.58,2025-01-12
481,2025-01-12,completed,,South,95.86,2025-01-12
482,2025-01-12,completed,,South,98.78999999999999,2025-01-12
483,2025-01-12,completed,,Central,138.05,2025-01-12
484,2025-01-12,processing,,North,342.56,2025-01-12
485,2025-01-12,completed,,North,78.32,2025-01-12
486,2025-01-12,completed,,Central,43.73,2025-01-12
487,2025-01-12,refunded,,South,84.15,2025-01-12
488,2025-01-12,processing,,North,20.47,2025-01-12
489,2025-01-13,processing,,Central,83.16,2025-01-13
490,2025-01-13,completed,,South,115.23,2025-01-13
491,2025-01-13,completed,,North,540.03,2025-01-13
492,2025-01-13,completed,,East,428.03,2025-01-13
493,2025-01-13,completed,,East,78.32,2025-01-13
494,2025-01-13,refunded,,South,78.32,2025-01-13
495,2025-01-13,completed,,South,103.63,2025-01-13
496,2025-01-13,completed,,East,72.47,2025-01-13
497,2025-01-13,completed,,East,40.94,2025-01-13
498,2025-01-13,completed,,North,173.9,2025-01-13
499,2025-01-13,refunded,,South,157.65,2025-01-13
500,2025-01-13,unknown_status,,North,84.15,2025-01-13
501,2025-01-13,completed,,North,201.42,2025-01-13
502,2025-01-13,processing,,Central,173.9,2025-01-13
503,2025-01-13,completed,,East,45.15,2025-01-13
504,2025-01-13,processing,,East,82.32,2025-01-13
505,2025-01-13,completed,,East,206.78,2025-01-13
506,2025-01-13,completed,,South,105.64000000000001,2025-01-13
507,2025-01-13,completed,,South,404.96,2025-01-13
508,2025-01-13,completed,,North,45.08,2025-01-13
509,2025-01-13,completed,,Central,53.45,2025-01-13
510,2025-01-13,completed,,East,20.47,2025-01-13
511,2025-01-13,completed,,East,73.61,2025-01-13
512,2025-01-13,completed,,South,312.44000000000005,2025-01-13
513,2025-01-13,completed,,Central,182.56,2025-01-13
514,2025-01-13,completed,,South,124.06,2025-01-13
515,2025-01-13,completed,,Central,84.15,2025-01-13
516,2025-01-13,completed,,East,78.32,2025-01-13
517,2025-01-13,processing,,South,362.49,2025-01-13
518,2025-01-13,completed,,North,20.47,2025-01-13
519,2025-01-13,completed,,South,69.13,2025-01-13
520,2025-01-13,completed,,South,404.96,2025-01-13
521,2025-01-13,completed,,East,12.22,2025-01-13
522,2025-01-13,completed,,Central,69.13,2025-01-13
523,2025-01-13,processing,,South,83.16,2025-01-13
524,2025-01-13,completed,,South,160.35,2025-01-13
525,2025-01-13,completed,,East,78.32,2025-01-13
526,2025-01-13,completed,,North,152.29,2025-01-13
527,2025-01-13,completed,,North,127.88,2025-01-13
528,2025-01-13,refunded,,East,69.13,2025-01-13
529,2025-01-13,completed,,South,19.71,2025-01-13
530,2025-01-13,completed,,South,202.48,2025-01-13
531,2025-01-13,processing,,South,43.73,2025-01-13
532,2025-01-14,completed,,Central,144.13,2025-01-14
533,2025-01-14,processing,,North,67.9,2025-01-14
534,2025-01-14,completed,,Central,141.93,2025-01-14
535,2025-01-14,refunded,,South,564.38,2025-01-14
536,2025-01-14,completed,,South,141.86,2025-01-14
537,2025-01-14,completed,,Central,124.26,2025-01-14
538,2025-01-14,refunded,,North,404.96,2025-01-14
539,2025-01-14,completed,,East,117.99,2025-01-14
540,2025-01-14,completed,,South,203.7,2025-01-14
541,2025-01-14,completed,,South,212.26,2025-01-14
542,2025-01-14,cancelled,,East,81.08,2025-01-14
543,2025-01-14,processing,,Central,42.68,2025-01-14
544,2025-01-14,completed,,South,152.53,2025-01-14
545,2025-01-14,completed,,South,61.39,2025-01-14
546,2025-01-14,completed,,Central,95.38,2025-01-14
547,2025-01-14,cancelled,,South,37.74,2025-01-14
548,2025-01-14,completed,,North,69.13,2025-01-14
549,2025-01-14,completed,,Central,213.71,2025-01-14
550,2025-01-14,completed,,East,53.45,2025-01-14
551,2025-01-14,processing,,South,317.32,2025-01-14
552,2025-01-14,completed,,South,73.92,2025-01-14
553,2025-01-14,completed,,South,67.28999999999999,2025-01-14
554,2025-01-14,completed,,Central,400.83,2025-01-14
555,2025-01-14,completed,,East,98.03,2025-01-14
556,2025-01-14,completed,,East,245.11,2025-01-14
557,2025-01-14,completed,,Central,123.26,2025-01-14
558,2025-01-14,completed,,North,347.9,2025-01-14
559,2025-01-14,completed,,East,61.39,2025-01-14
560,2025-01-14,completed,,South,136.76,2025-01-14
561,2025-01-14,completed,,North,306.35,2025-01-14
562,2025-01-14,completed,,Central,42.3,2025-01-14
563,2025-01-14,completed,,North,198.59,2025-01-14
564,2025-01-14,completed,,East,340.23,2025-01-14
565,2025-01-14,completed,,East,21.34,2025-01-14
566,2025-01-14,completed,,North,12.22,2025-01-14
567,2025-01-14,completed,,Central,57.71,2025-01-14
568,2025-01-14,completed,,North,202.48,2025-01-14
569,2025-01-14,completed,,South,387.9,2025-01-14
570,2025-01-14,completed,,North,81.72,2025-01-14
571,2025-01-14,completed,,East,72.47,2025-01-14
572,2025-01-14,processing,,North,245.53,2025-01-14
573,2025-01-14,completed,,South,9.2,2025-01-14
574,2025-01-15,completed,,East,422.42,2025-01-15
575,2025-01-15,completed,,Central,21.34,2025-01-15
576,2025-01-15,completed,,North,157.65,2025-01-15
577,2025-01-15,completed,,South,199.20000000000002,2025-01-15
578,2025-01-15,completed,,East,61.39,2025-01-15
579,2025-01-15,completed,,North,83.16,2025-01-15
580,2025-01-15,completed,,Central,171.28,2025-01-15
581,2025-01-15,completed,,North,125.88,2025-01-15
582,2025-01-15,completed,,South,285.34000000000003,2025-01-15
583,2025-01-15,cancelled,,East,40.94,2025-01-15
584,2025-01-15,completed,,Central,78.32,2025-01-15
585,2025-01-15,completed,,South,34.71,2025-01-15
586,2025-01-15,completed,,East,517.66,2025-01-15
587,2025-01-15,completed,,Central,173.9,2025-01-15
588,2025-01-15,completed,,North,21.34,2025-01-15
589,2025-01-15,completed,,Central,155.84,2025-01-15
590,2025-01-15,completed,,South,20.47,2025-01-15
591,2025-01-15,completed,,Central,21.34,2025-01-15
592,2025-01-15,completed,,East,151.32,2025-01-15
593,2025-01-15,completed,,North,168.3,2025-01-15
594,2025-01-15,completed,,East,67.9,2025-01-15
595,2025-01-15,completed,,North,84.15,2025-01-15
596,2025-01-15,completed,,Central,12.22,2025-01-15
597,2025-01-15,completed,,Central,122.78,2025-01-15
598,2025-01-15,completed,,South,241.8,2025-01-15
599,2025-01-15,cancelled,,South,161.57000000000002,2025-01-15
600,2025-01-15,refunded,,North,53.45,2025-01-15
601,2025-01-15,completed,,East,124.06,2025-01-15
602,2025-01-15,completed,,North,521.7,2025-01-15
603,2025-01-15,completed,,North,83.16,2025-01-15
604,2025-01-15,completed,,South,78.32,2025-01-15
605,2025-01-15,processing,,East,122.78,2025-01-15
606,2025-01-15,completed,,South,163.05,2025-01-15
607,2025-01-15,completed,,South,171.28,2025-01-15
608,2025-01-15,completed,,Central,72.47,2025-01-15
609,2025-01-15,completed,,Central,24.68,2025-01-15
610,2025-01-15,processing,,Central,24.61,2025-01-15
611,2025-01-15,completed,,Central,69.13,2025-01-15
612,2025-01-15,completed,,Central,213.92000000000002,2025-01-15
613,2025-01-15,completed,,East,43.74,2025-01-15
614,2025-01-15,completed,,East,168.0,2025-01-15
615,2025-01-15,completed,,South,12.22,2025-01-15
616,2025-01-15,completed,,East,69.13,2025-01-15
617,2025-01-15,completed,,North,24.61,2025-01-15
618,2025-01-15,completed,,North,53.45,2025-01-15
619,2025-01-15,completed,,North,21.34,2025-01-15
620,2025-01-16,completed,,North,34.71,2025-01-16
621,2025-01-16,completed,,South,193.51000000000002,2025-01-16
622,2025-01-16,completed,,North,75.48,2025-01-16
623,2025-01-16,completed,,South,34.71,2025-01-16
624,2025-01-16,completed,,South,78.44,2025-01-16
625,2025-01-16,completed,,North,24.61,2025-01-16
626,2025-01-16,completed,,East,222.88,2025-01-16
627,2025-01-16,completed,,East,20.47,2025-01-16
628,2025-01-16,completed,,Central,42.68,2025-01-16
629,2025-01-16,completed,,Central,135.8,2025-01-16
630,2025-01-16,refunded,,East,276.1,2025-01-16
631,2025-01-16,refunded,,East,20.47,2025-01-16
632,2025-01-16,completed,,Central,49.98,2025-01-16
633,2025-01-16,completed,,Central,78.06,2025-01-16
634,2025-01-16,completed,,Central,124.26,2025-01-16
635,2025-01-16,completed,,East,20.47,2025-01-16
636,2025-01-16,completed,,East,61.39,2025-01-16
637,2025-01-16,completed,,East,117.99,2025-01-16
638,2025-01-16,completed,,East,79.4,2025-01-16
639,2025-01-16,completed,,East,173.9,2025-01-16
640,2025-01-16,completed,,South,43.73,2025-01-16
641,2025-01-16,completed,,South,97.0,2025-01-16
642,2025-01-16,completed,,South,49.05,2025-01-16
643,2025-01-16,completed,,South,20.47,2025-01-16
644,2025-01-16,completed,,North,101.03,2025-01-16
645,2025-01-16,completed,,Central,42.3,2025-01-16
646,2025-01-16,refunded,,North,78.32,2025-01-16
647,2025-01-16,completed,,East,34.71,2025-01-16
648,2025-01-16,completed,,Central,57.71,2025-01-16
649,2025-01-16,completed,,North,237.19,2025-01-16
650,2025-01-16,completed,,North,163.05,2025-01-16
651,2025-01-16,processing,,Central,206.87,2025-01-16
652,2025-01-16,completed,,Central,75.48,2025-01-16
653,2025-01-16,completed,,East,89.28999999999999,2025-01-16
654,2025-01-16,completed,,South,69.13,2025-01-16
655,2025-01-16,completed,,East,138.26,2025-01-16
656,2025-01-16,completed,,East,152.53,2025-01-16
657,2025-01-16,completed,,Central,24.61,2025-01-16
658,2025-01-16,completed,,North,100.26,2025-01-16
659,2025-01-17,completed,,South,137.03,2025-01-17
660,2025-01-17,completed,,Central,110.96,2025-01-17
661,2025-01-17,completed,,South,168.3,2025-01-17
662,2025-01-17,completed,,South,84.15,2025-01-17
663,2025-01-17,completed,,South,85.03,2025-01-17
664,2025-01-17,completed,,East,20.47,2025-01-17
665,2025-01-17,completed,,East,21.34,2025-01-17
666,2025-01-17,completed,,North,245.07999999999998,2025-01-17
667,2025-01-17,processing,,Central,152.53,2025-01-17
668,2025-01-17,completed,,Central,274.36,2025-01-17
669,2025-01-17,completed,,North,145.54000000000002,2025-01-17
670,2025-01-17,completed,,East,178.57999999999998,2025-01-17
671,2025-01-17,cancelled,,East,61.39,2025-01-17
672,2025-01-17,completed,,South,12.22,2025-01-17
673,2025-01-17,completed,,East,95.75,2025-01-17
674,2025-01-17,completed,,South,21.34,2025-01-17
675,2025-01-17,refunded,,Central,106.9,2025-01-17
676,2025-01-17,processing,,Central,171.28,2025-01-17
677,2025-01-17,processing,,East,157.65,2025-01-17
678,2025-01-17,completed,,South,251.76,2025-01-17
679,2025-01-17,completed,,South,265.09999999999997,2025-01-17
680,2025-01-17,completed,,East,84.15,2025-01-17
681,2025-01-17,completed,,East,182.94,2025-01-17
682,2025-01-17,completed,,North,36.66,2025-01-17
683,2025-01-17,completed,,East,20.47,2025-01-17
684,2025-01-17,completed,,East,137.03,2025-01-17
685,2025-01-17,completed,,North,24.44,2025-01-17
686,2025-01-17,completed,,South,141.93,2025-01-17
687,2025-01-17,completed,,East,168.3,2025-01-17
688,2025-01-17,completed,,East,125.88,2025-01-17
689,2025-01-17,completed,,North,43.73,2025-01-17
690,2025-01-17,completed,,South,117.99,2025-01-17
691,2025-01-17,completed,,Central,83.16,2025-01-17
692,2025-01-17,completed,,Central,166.32,2025-01-17
693,2025-01-17,completed,,South,69.13,2025-01-17
694,2025-01-17,completed,,North,100.71,2025-01-17
695,2025-01-17,completed,,Central,69.13,2025-01-17
696,2025-01-17,processing,,South,24.61,2025-01-17
697,2025-01-17,completed,,South,222.87,2025-01-17
698,2025-01-17,completed,,North,340.11,2025-01-17
699,2025-01-17,completed,,East,575.47,2025-01-17
700,2025-01-18,processing,,South,202.5,2025-01-18
701,2025-01-18,completed,,North,271.61,2025-01-18
702,2025-01-18,completed,,South,12.22,2025-01-18
703,2025-01-18,processing,,South,505.45000000000005,2025-01-18
704,2025-01-18,cancelled,,North,21.34,2025-01-18
705,2025-01-18,completed,,North,24.44,2025-01-18
706,2025-01-18,completed,,South,117.99,2025-01-18
707,2025-01-18,completed,,East,321.02,2025-01-18
708,2025-01-18,processing,,North,88.2,2025-01-18
709,2025-01-18,completed,,Central,124.06,2025-01-18
710,2025-01-18,processing,,Central,61.39,2025-01-18
711,2025-01-18,completed,,South,12.22,2025-01-18
712,2025-01-18,completed,,East,43.73,2025-01-18
713,2025-01-18,completed,,North,106.9,2025-01-18
714,2025-01-18,refunded,,Central,100.26,2025-01-18
715,2025-01-18,completed,,East,152.53,2025-01-18
716,2025-01-18,completed,,North,350.65,2025-01-18
717,2025-01-18,completed,,South,394.95,2025-01-18
718,2025-01-18,completed,,North,21.34,2025-01-18
719,2025-01-18,completed,,Central,163.05,2025-01-18
720,2025-01-18,completed,,North,315.51,2025-01-18
721,2025-01-18,cancelled,,East,125.88,2025-01-18
722,2025-01-18,completed,,Central,224.44,2025-01-18
723,2025-01-18,processing,,Central,202.48,2025-01-18
724,2025-01-18,completed,,South,106.9,2025-01-18
725,2025-01-18,completed,,Central,235.98,2025-01-18
726,2025-01-18,completed,,East,178.99,2025-01-18
727,2025-01-18,completed,,South,53.45,2025-01-18
728,2025-01-18,completed,,East,69.13,2025-01-18
729,2025-01-18,completed,,East,280.43,2025-01-18
730,2025-01-18,completed,,South,42.3,2025-01-18
731,2025-01-18,cancelled,,Central,207.39,2025-01-18
732,2025-01-18,completed,,East,117.99,2025-01-18
733,2025-01-18,processing,,South,608.75,2025-01-18
734,2025-01-18,processing,,Central,163.05,2025-01-18
735,2025-01-19,completed,,Central,21.34,2025-01-19
736,2025-01-19,completed,,Central,84.15,2025-01-19
737,2025-01-19,cancelled,,South,20.47,2025-01-19
738,2025-01-19,processing,,East,84.66999999999999,2025-01-19
739,2025-01-19,completed,,Central,151.32,2025-01-19
740,2025-01-19,refunded,,South,499.69,2025-01-19
741,2025-01-19,completed,,Central,83.16,2025-01-19
742,2025-01-19,completed,,East,156.36,2025-01-19
743,2025-01-19,completed,,South,101.25,2025-01-19
744,2025-01-19,completed,,Central,125.46,2025-01-19
745,2025-01-19,completed,,East,178.12,2025-01-19
746,2025-01-19,completed,,North,49.55,2025-01-19
747,2025-01-19,completed,,South,182.26,2025-01-19
748,2025-01-19,completed,,North,75.66,2025-01-19
749,2025-01-19,completed,,South,88.2,2025-01-19
750,2025-01-19,completed,,East,61.39,2025-01-19
751,2025-01-19,refunded,,Central,124.06,2025-01-19
752,2025-01-19,completed,,North,57.71,2025-01-19
753,2025-01-19,completed,,Central,160.35,2025-01-19
754,2025-01-19,refunded,,Central,69.42,2025-01-19
755,2025-01-19,completed,,East,78.32,2025-01-19
756,2025-01-19,refunded,,South,117.99,2025-01-19
757,2025-01-19,processing,,East,138.05,2025-01-19
758,2025-01-19,completed,,North,67.9,2025-01-19
759,2025-01-19,processing,,East,138.26,2025-01-19
760,2025-01-19,completed,,Central,117.99,2025-01-19
761,2025-01-19,completed,,East,253.79000000000002,2025-01-19
762,2025-01-19,completed,,South,103.69,2025-01-19
763,2025-01-19,completed,,Central,283.86,2025-01-19
764,2025-01-19,processing,,Central,243.24,2025-01-19
765,2025-01-19,completed,,East,115.23,2025-01-19
766,2025-01-19,completed,,South,84.15,2025-01-19
767,2025-01-19,completed,,South,347.8,2025-01-19
768,2025-01-19,completed,,North,248.12,2025-01-19
769,2025-01-19,completed,,East,69.13,2025-01-19
770,2025-01-19,completed,,Central,79.05,2025-01-19
771,2025-01-19,completed,,North,141.93,2025-01-19
772,2025-01-19,completed,,Central,211.06,2025-01-19
773,2025-01-19,completed,,East,157.65,2025-01-19
774,2025-01-19,completed,,East,83.16,2025-01-19
775,2025-01-19,completed,,South,136.03,2025-01-19
776,2025-01-19,completed,,North,163.05,2025-01-19
777,2025-01-19,completed,,North,163.05,2025-01-19
778,2025-01-19,completed,,South,370.78,2025-01-19
779,2025-01-19,completed,,Central,20.47,2025-01-19
780,2025-01-19,completed,,Central,335.99,2025-01-19
781,2025-01-19,completed,,North,21.34,2025-01-19
782,2025-01-19,completed,,South,49.29,2025-01-19
783,2025-01-20,completed,,Central,31.58,2025-01-20
784,2025-01-20,cancelled,,Central,57.71,2025-01-20
785,2025-01-20,completed,,Central,145.59,2025-01-20
786,2025-01-20,completed,,South,329.49,2025-01-20
787,2025-01-20,completed,,South,83.16,2025-01-20
788,2025-01-20,completed,,North,88.2,2025-01-20
789,2025-01-20,completed,,South,131.5,2025-01-20
790,2025-01-20,completed,,East,157.65,2025-01-20
791,2025-01-20,completed,,North,69.13,2025-01-20
792,2025-01-20,completed,,South,43.73,2025-01-20
793,2025-01-20,completed,,East,24.61,2025-01-20
794,2025-01-20,completed,,East,61.39,2025-01-20
795,2025-01-20,cancelled,,South,109.13,2025-01-20
796,2025-01-20,completed,,Central,290.54999999999995,2025-01-20
797,2025-01-20,completed,,Central,61.39,2025-01-20
798,2025-01-20,completed,,East,88.2,2025-01-20
799,2025-01-20,processing,,South,224.89,2025-01-20
800,2025-01-20,completed,,South,24.68,2025-01-20
801,2025-01-20,completed,,North,147.45,2025-01-20
802,2025-01-20,completed,,East,84.15,2025-01-20
803,2025-01-20,completed,,South,107.84,2025-01-20
804,2025-01-20,completed,,East,61.39,2025-01-20
805,2025-01-20,completed,,East,348.75,2025-01-20
806,2025-01-20,completed,,East,342.56,2025-01-20
807,2025-01-20,completed,,East,280.79999999999995,2025-01-20
808,2025-01-20,completed,,East,20.47,2025-01-20
809,2025-01-20,completed,,North,43.73,2025-01-20
810,2025-01-20,completed,,Central,187.66000000000003,2025-01-20
811,2025-01-20,completed,,North,283.56,2025-01-20
812,2025-01-20,refunded,,East,42.3,2025-01-20
813,2025-01-20,completed,,Central,139.84,2025-01-20
814,2025-01-20,completed,,South,49.22,2025-01-20
815,2025-01-20,completed,,South,176.4,2025-01-20
816,2025-01-20,completed,,North,57.71,2025-01-20
817,2025-01-20,completed,,South,100.26,2025-01-20
818,2025-01-20,completed,,South,103.69,2025-01-20
819,2025-01-20,processing,,East,24.68,2025-01-20
820,2025-01-20,completed,,South,362.27,2025-01-20
821,2025-01-20,processing,,North,43.73,2025-01-20
822,2025-01-20,cancelled,,Central,157.65,2025-01-20
823,2025-01-20,completed,,Central,31.58,2025-01-20
824,2025-01-21,completed,,East,83.16,2025-01-21
825,2025-01-21,completed,,Central,285.89,2025-01-21
826,2025-01-21,completed,,East,84.6,2025-01-21
827,2025-01-21,completed,,East,604.86,2025-01-21
828,2025-01-21,completed,,Central,43.73,2025-01-21
829,2025-01-21,completed,,Central,131.32,2025-01-21
830,2025-01-21,completed,,East,184.64,2025-01-21
831,2025-01-21,completed,,Central,124.26,2025-01-21
832,2025-01-21,completed,,East,199.49,2025-01-21
833,2025-01-21,completed,,East,43.73,2025-01-21
834,2025-01-21,completed,,Central,37.74,2025-01-21
835,2025-01-21,completed,,East,37.74,2025-01-21
836,2025-01-21,completed,,East,87.46,2025-01-21
837,2025-01-21,completed,,Central,276.1,2025-01-21
838,2025-01-21,cancelled,,South,12.22,2025-01-21
839,2025-01-21,completed,,Central,74.79,2025-01-21
840,2025-01-21,processing,,North,31.58,2025-01-21
841,2025-01-21,processing,,Central,157.65,2025-01-21
842,2025-01-21,completed,,South,276.1,2025-01-21
843,2025-01-21,processing,,Central,94.74,2025-01-21
844,2025-01-21,completed,,Central,89.28999999999999,2025-01-21
845,2025-01-21,completed,,South,83.16,2025-01-21
846,2025-01-21,completed,,East,24.61,2025-01-21
847,2025-01-21,cancelled,,Central,136.61,2025-01-21
848,2025-01-21,completed,,North,53.45,2025-01-21
849,2025-01-21,completed,,East,428.22,2025-01-21
850,2025-01-21,completed,,South,67.9,2025-01-21
851,2025-01-21,completed,,South,355.45,2025-01-21
852,2025-01-21,completed,,East,326.1,2025-01-21
853,2025-01-21,refunded,,Central,162.4,2025-01-21
854,2025-01-21,completed,,North,370.78,2025-01-21
855,2025-01-21,completed,,South,163.05,2025-01-21
856,2025-01-21,processing,,North,201.1,2025-01-21
857,2025-01-21,completed,,East,141.93,2025-01-21
858,2025-01-21,completed,,South,61.39,2025-01-21
859,2025-01-21,completed,,Central,235.26,2025-01-21
860,2025-01-21,cancelled,,East,124.06,2025-01-21
861,2025-01-21,processing,,South,53.45,2025-01-21
862,2025-01-21,processing,,Central,72.47,2025-01-21
863,2025-01-22,completed,,Central,49.22,2025-01-22
864,2025-01-22,completed,,Central,227.70999999999998,2025-01-22
865,2025-01-22,completed,,Central,12.22,2025-01-22
866,2025-01-22,refunded,,South,20.47,2025-01-22
867,2025-01-22,completed,,East,161.64000000000001,2025-01-22
868,2025-01-22,completed,,South,61.39,2025-01-22
869,2025-01-22,completed,,East,159.63,2025-01-22
870,2025-01-22,completed,,North,99.1,2025-01-22
871,2025-01-22,completed,,North,240.7,2025-01-22
872,2025-01-22,completed,,East,83.16,2025-01-22
873,2025-01-22,processing,,East,43.74,2025-01-22
874,2025-01-22,completed,,Central,156.64,2025-01-22
875,2025-01-22,completed,,East,478.63,2025-01-22
876,2025-01-22,completed,,South,78.32,2025-01-22
877,2025-01-22,completed,,South,127.64,2025-01-22
878,2025-01-22,completed,,East,84.15,2025-01-22
879,2025-01-22,completed,,North,61.39,2025-01-22
880,2025-01-22,completed,,North,138.05,2025-01-22
881,2025-01-22,completed,,Central,40.94,2025-01-22
882,2025-01-22,completed,,Central,124.31,2025-01-22
883,2025-01-22,completed,,South,20.47,2025-01-22
884,2025-01-22,completed,,North,20.47,2025-01-22
885,2025-01-22,completed,,North,335.77,2025-01-22
886,2025-01-22,completed,,North,270.82,2025-01-22
887,2025-01-22,completed,,Central,20.47,2025-01-22
888,2025-01-22,completed,,North,87.48,2025-01-22
889,2025-01-22,completed,,North,413.08000000000004,2025-01-22
890,2025-01-22,completed,,Central,171.28,2025-01-22
891,2025-01-22,completed,,North,67.9,2025-01-22
892,2025-01-22,completed,,North,21.34,2025-01-22
893,2025-01-22,completed,,North,172.94,2025-01-22
894,2025-01-22,completed,,Central,12.22,2025-01-22
895,2025-01-22,completed,,North,224.44,2025-01-22
896,2025-01-22,unknown_status,,North,185.45,2025-01-22
897,2025-01-23,completed,,South,31.58,2025-01-23
898,2025-01-23,completed,,East,72.47,2025-01-23
899,2025-01-23,completed,,North,118.67999999999999,2025-01-23
900,2025-01-23,completed,,South,115.23,2025-01-23
901,2025-01-23,completed,,Central,75.66,2025-01-23
902,2025-01-23,completed,,Central,119.1,2025-01-23
903,2025-01-23,completed,,Central,392.04,2025-01-23
904,2025-01-23,completed,,South,138.05,2025-01-23
905,2025-01-23,completed,,Central,495.09000000000003,2025-01-23
906,2025-01-23,completed,,North,264.3,2025-01-23
907,2025-01-23,completed,,South,117.99,2025-01-23
908,2025-01-23,processing,,South,315.58000000000004,2025-01-23
909,2025-01-23,completed,,South,74.04,2025-01-23
910,2025-01-23,completed,,Central,67.9,2025-01-23
911,2025-01-23,completed,,South,122.78,2025-01-23
912,2025-01-23,refunded,,Central,404.96,2025-01-23
913,2025-01-23,completed,,Central,270.52,2025-01-23
914,2025-01-23,completed,,South,138.05,2025-01-23
915,2025-01-23,completed,,North,65.67,2025-01-23
916,2025-01-23,completed,,South,24.61,2025-01-23
917,2025-01-23,processing,,Central,19.71,2025-01-23
918,2025-01-23,completed,,Central,53.45,2025-01-23
919,2025-01-23,refunded,,South,117.99,2025-01-23
920,2025-01-23,completed,,North,78.32,2025-01-23
921,2025-01-23,completed,,North,84.15,2025-01-23
922,2025-01-23,completed,,North,78.32,2025-01-23
923,2025-01-23,completed,,Central,295.70000000000005,2025-01-23
924,2025-01-23,completed,,Central,37.74,2025-01-23
925,2025-01-23,completed,,East,135.7,2025-01-23
926,2025-01-23,completed,,East,118.67999999999999,2025-01-23
927,2025-01-23,completed,,North,84.15,2025-01-23
928,2025-01-23,completed,,South,316.42,2025-01-23
929,2025-01-23,completed,,North,163.05,2025-01-23
930,2025-01-23,completed,,East,127.88,2025-01-23
931,2025-01-23,completed,,North,187.66000000000003,2025-01-23
932,2025-01-23,completed,,East,255.99,2025-01-23
933,2025-01-23,completed,,East,67.9,2025-01-23
934,2025-01-23,refunded,,North,24.61,2025-01-23
935,2025-01-23,completed,,North,111.16,2025-01-23
936,2025-01-23,completed,,East,117.99,2025-01-23
937,2025-01-23,completed,,South,20.47,2025-01-23
938,2025-01-23,completed,,North,488.12,2025-01-23
939,2025-01-23,processing,,East,87.48,2025-01-23
940,2025-01-23,completed,,North,157.65,2025-01-23
941,2025-01-24,completed,,East,549.85,2025-01-24
942,2025-01-24,completed,,East,310.81,2025-01-24
943,2025-01-24,processing,,Central,87.46,2025-01-24
944,2025-01-24,completed,,South,19.71,2025-01-24
945,2025-01-24,completed,,East,157.65,2025-01-24
946,2025-01-24,completed,,South,326.1,2025-01-24
947,2025-01-24,cancelled,,Central,189.45,2025-01-24
948,2025-01-24,completed,,East,83.16,2025-01-24
949,2025-01-24,completed,,South,43.74,2025-01-24
950,2025-01-24,processing,,East,18.4,2025-01-24
951,2025-01-24,completed,,North,65.08,2025-01-24
952,2025-01-24,completed,,East,222.20000000000002,2025-01-24
953,2025-01-24,completed,,North,210.91,2025-01-24
954,2025-01-24,processing,,South,261.69,2025-01-24
955,2025-01-24,completed,,East,156.64,2025-01-24
956,2025-01-24,completed,,North,84.15,2025-01-24
957,2025-01-24,completed,,Central,281.13,2025-01-24
958,2025-01-24,completed,,Central,85.83,2025-01-24
959,2025-01-24,cancelled,,East,173.9,2025-01-24
960,2025-01-24,processing,,North,404.96,2025-01-24
961,2025-01-24,completed,,Central,315.3,2025-01-24
962,2025-01-24,completed,,East,220.43,2025-01-24
963,2025-01-24,completed,,South,266.32,2025-01-24
964,2025-01-24,completed,,East,138.26,2025-01-24
965,2025-01-24,processing,,North,53.16,2025-01-24
966,2025-01-24,processing,,Central,230.09,2025-01-24
967,2025-01-24,completed,,South,114.74,2025-01-24
968,2025-01-24,completed,,East,235.98,2025-01-24
969,2025-01-24,processing,,North,84.15,2025-01-24
970,2025-01-24,completed,,South,224.03,2025-01-24
971,2025-01-24,cancelled,,South,146.22,2025-01-24
972,2025-01-24,completed,,North,42.3,2025-01-24
973,2025-01-24,processing,,Central,75.66,2025-01-24
974,2025-01-24,cancelled,,Central,100.26,2025-01-24
975,2025-01-24,completed,,South,141.93,2025-01-24
976,2025-01-24,completed,,Central,83.16,2025-01-24
977,2025-01-24,cancelled,,South,69.42,2025-01-24
978,2025-01-24,completed,,North,84.15,2025-01-24
979,2025-01-24,completed,,Central,124.26,2025-01-24
980,2025-01-24,completed,,North,305.06,2025-01-24
981,2025-01-24,processing,,East,106.9,2025-01-24
982,2025-01-24,completed,,East,141.93,2025-01-24
983,2025-01-24,refunded,,South,395.5,2025-01-24
984,2025-01-25,completed,,Central,125.88,2025-01-25
985,2025-01-25,completed,,East,21.34,2025-01-25
986,2025-01-25,cancelled,,North,69.13,2025-01-25
987,2025-01-25,completed,,Central,49.55,2025-01-25
988,2025-01-25,completed,,Central,143.25,2025-01-25
989,2025-01-25,completed,,Central,24.44,2025-01-25
990,2025-01-25,cancelled,,North,171.28,2025-01-25
991,2025-01-25,completed,,East,135.8,2025-01-25
992,2025-01-25,completed,,South,228.12,2025-01-25
993,2025-01-25,refunded,,North,53.45,2025-01-25
994,2025-01-25,completed,,South,157.65,2025-01-25
995,2025-01-25,completed,,East,168.3,2025-01-25
996,2025-01-25,completed,,South,43.73,2025-01-25
997,2025-01-25,unknown_status,,East,220.76000000000002,2025-01-25
998,2025-01-25,unknown_status,,South,53.45,2025-01-25
999,2025-01-25,completed,,East,115.42,2025-01-25
1000,2025-01-25,completed,,East,202.48,2025-01-25
1001,2025-01-25,processing,,Central,588.7,2025-01-25
1002,2025-01-25,completed,,South,163.05,2025-01-25
1003,2025-01-25,completed,,North,81.08,2025-01-25
1004,2025-01-25,completed,,North,157.65,2025-01-25
1005,2025-01-25,completed,,South,12.22,2025-01-25
1006,2025-01-25,refunded,,Central,101.25,2025-01-25
1007,2025-01-25,completed,,East,57.71,2025-01-25
1008,2025-01-25,completed,,South,217.41,2025-01-25
1009,2025-01-25,completed,,South,134.53,2025-01-25
1010,2025-01-25,processing,,Central,69.13,2025-01-25
1011,2025-01-25,processing,,North,107.77,2025-01-25
1012,2025-01-25,completed,,South,24.61,2025-01-25
1013,2025-01-25,completed,,South,69.13,2025-01-25
1014,2025-01-25,completed,,North,233.31,2025-01-25
1015,2025-01-25,completed,,North,84.15,2025-01-25
1016,2025-01-25,completed,,South,234.68,2025-01-25
1017,2025-01-25,completed,,South,248.52,2025-01-25
1018,2025-01-25,completed,,South,143.25,2025-01-25
1019,2025-01-25,completed,,East,78.06,2025-01-25
1020,2025-01-25,completed,,East,303.75,2025-01-25
1021,2025-01-25,processing,,South,37.74,2025-01-25
1022,2025-01-25,completed,,North,236.68,2025-01-25
1023,2025-01-25,completed,,East,84.15,2025-01-25
1024,2025-01-25,completed,,North,57.71,2025-01-25
1025,2025-01-25,completed,,Central,235.98,2025-01-25
1026,2025-01-25,completed,,South,349.93,2025-01-25
1027,2025-01-25,completed,,South,117.99,2025-01-25
1028,2025-01-25,unknown_status,,East,168.3,2025-01-25
1029,2025-01-25,completed,,East,75.66,2025-01-25
1030,2025-01-25,completed,,East,21.34,2025-01-25
1031,2025-01-25,completed,,North,72.47,2025-01-25
1032,2025-01-25,completed,,Central,20.47,2025-01-25
1033,2025-01-25,completed,,East,184.36,2025-01-25
1034,2025-01-25,completed,,East,330.45,2025-01-25
1035,2025-01-25,processing,,North,173.9,2025-01-25
1036,2025-01-25,completed,,East,124.06,2025-01-25
1037,2025-01-25,completed,,North,61.39,2025-01-25
1038,2025-01-25,completed,,South,57.71,2025-01-25
1039,2025-01-25,completed,,North,53.45,2025-01-25
1040,2025-01-25,completed,,Central,156.64,2025-01-25
1041,2025-01-25,cancelled,,Central,12.22,2025-01-25
1042,2025-01-25,completed,,South,191.0,2025-01-25
1043,2025-01-25,processing,,North,61.39,2025-01-25
1044,2025-01-25,completed,,Central,24.61,2025-01-25
1045,2025-01-25,completed,,North,12.22,2025-01-25
1046,2025-01-25,processing,,Central,309.91,2025-01-25
1047,2025-01-25,completed,,East,182.14,2025-01-25
1048,2025-01-26,completed,,North,9.2,2025-01-26
1049,2025-01-26,completed,,North,163.05,2025-01-26
1050,2025-01-26,processing,,South,84.15,2025-01-26
1051,2025-01-26,completed,,Central,114.06,2025-01-26
1052,2025-01-26,completed,,Central,200.38,2025-01-26
1053,2025-01-26,completed,,East,42.3,2025-01-26
1054,2025-01-26,completed,,Central,39.42,2025-01-26
1055,2025-01-26,refunded,,Central,105.49000000000001,2025-01-26
1056,2025-01-26,processing,,Central,324.58000000000004,2025-01-26
1057,2025-01-26,completed,,South,173.9,2025-01-26
1058,2025-01-26,completed,,South,95.86,2025-01-26
1059,2025-01-26,completed,,East,20.47,2025-01-26
1060,2025-01-26,completed,,East,399.71000000000004,2025-01-26
1061,2025-01-26,processing,,East,175.79000000000002,2025-01-26
1062,2025-01-26,completed,,North,152.53,2025-01-26
1063,2025-01-26,completed,,North,118.34,2025-01-26
1064,2025-01-26,completed,,Central,53.45,2025-01-26
1065,2025-01-26,processing,,North,87.46,2025-01-26
1066,2025-01-26,completed,,Central,219.05,2025-01-26
1067,2025-01-26,cancelled,,South,141.93,2025-01-26
1068,2025-01-26,completed,,Central,59.69,2025-01-26
1069,2025-01-26,completed,,Central,404.96,2025-01-26
1070,2025-01-26,completed,,Central,278.92,2025-01-26
1071,2025-01-26,completed,,North,34.71,2025-01-26
1072,2025-01-26,completed,,East,409.88,2025-01-26
1073,2025-01-26,completed,,North,20.47,2025-01-26
1074,2025-01-26,processing,,East,31.58,2025-01-26
1075,2025-01-26,processing,,North,65.67,2025-01-26
1076,2025-01-26,completed,,East,61.15,2025-01-26
1077,2025-01-26,cancelled,,South,152.53,2025-01-26
1078,2025-01-26,completed,,East,49.55,2025-01-26
1079,2025-01-26,completed,,East,84.15,2025-01-26
1080,2025-01-26,completed,,Central,326.1,2025-01-26
1081,2025-01-26,completed,,Central,111.16,2025-01-26
1082,2025-01-26,completed,,South,69.13,2025-01-26
1083,2025-01-26,completed,,South,36.66,2025-01-26
1084,2025-01-26,completed,,East,522.9499999999999,2025-01-26
1085,2025-01-26,completed,,South,247.20000000000002,2025-01-26
1086,2025-01-26,completed,,North,124.26,2025-01-26
1087,2025-01-26,unknown_status,,East,248.52,2025-01-26
1088,2025-01-26,completed,,North,78.32,2025-01-26
1089,2025-01-26,completed,,North,157.65,2025-01-26
1090,2025-01-26,completed,,North,541.5500000000001,2025-01-26
1091,2025-01-26,completed,,North,157.65,2025-01-26
1092,2025-01-26,completed,,Central,29.56,2025-01-26
1093,2025-01-26,completed,,North,181.2,2025-01-26
1094,2025-01-26,completed,,South,326.1,2025-01-26
1095,2025-01-27,completed,,South,138.05,2025-01-27
1096,2025-01-27,completed,,North,53.45,2025-01-27
1097,2025-01-27,completed,,South,318.85,2025-01-27
1098,2025-01-27,completed,,North,183.13,2025-01-27
1099,2025-01-27,completed,,South,157.65,2025-01-27
1100,2025-01-27,completed,,Central,78.32,2025-01-27
1101,2025-01-27,completed,,Central,141.93,2025-01-27
1102,2025-01-27,completed,,Central,89.6,2025-01-27
1103,2025-01-27,processing,,North,320.46999999999997,2025-01-27
1104,2025-01-27,completed,,East,99.67999999999999,2025-01-27
1105,2025-01-27,processing,,North,122.78,2025-01-27
1106,2025-01-27,completed,,South,117.99,2025-01-27
1107,2025-01-27,processing,,South,31.58,2025-01-27
1108,2025-01-27,completed,,North,81.35,2025-01-27
1109,2025-01-27,completed,,North,283.53,2025-01-27
1110,2025-01-27,completed,,South,152.29,2025-01-27
1111,2025-01-27,completed,,South,305.06,2025-01-27
1112,2025-01-27,completed,,North,69.13,2025-01-27
1113,2025-01-27,completed,,Central,49.22,2025-01-27
1114,2025-01-27,completed,,North,251.76,2025-01-27
1115,2025-01-27,completed,,Central,165.91,2025-01-27
1116,2025-01-27,completed,,North,357.09000000000003,2025-01-27
1117,2025-01-27,completed,,East,69.13,2025-01-27
1118,2025-01-27,completed,,South,200.79000000000002,2025-01-27
1119,2025-01-27,completed,,East,155.93,2025-01-27
1120,2025-01-27,completed,,East,92.94,2025-01-27
1121,2025-01-27,completed,,Central,61.15,2025-01-27
1122,2025-01-27,completed,,Central,163.05,2025-01-27
1123,2025-01-27,completed,,Central,251.76,2025-01-27
1124,2025-01-27,completed,,East,67.9,2025-01-27
1125,2025-01-27,completed,,Central,84.15,2025-01-27
1126,2025-01-27,completed,,North,53.45,2025-01-27
1127,2025-01-27,completed,,North,57.71,2025-01-27
1128,2025-01-27,completed,,South,24.61,2025-01-27
1129,2025-01-27,unknown_status,,North,37.74,2025-01-27
1130,2025-01-27,processing,,South,426.29999999999995,2025-01-27
1131,2025-01-27,completed,,Central,43.73,2025-01-27
1132,2025-01-27,processing,,East,532.4,2025-01-27
1133,2025-01-27,completed,,East,68.35,2025-01-27
1134,2025-01-27,refunded,,Central,61.39,2025-01-27
1135,2025-01-27,completed,,Central,124.06,2025-01-27
1136,2025-01-28,completed,,South,157.65,2025-01-28
1137,2025-01-28,completed,,Central,20.47,2025-01-28
1138,2025-01-28,completed,,North,84.15,2025-01-28
1139,2025-01-28,completed,,South,152.53,2025-01-28
1140,2025-01-28,completed,,East,168.3,2025-01-28
1141,2025-01-28,completed,,South,78.18,2025-01-28
1142,2025-01-28,completed,,South,202.48,2025-01-28
1143,2025-01-28,completed,,South,83.16,2025-01-28
1144,2025-01-28,processing,,East,267.35,2025-01-28
1145,2025-01-28,refunded,,South,69.13,2025-01-28
1146,2025-01-28,completed,,Central,163.05,2025-01-28
1147,2025-01-28,completed,,East,61.39,2025-01-28
1148,2025-01-28,completed,,East,53.45,2025-01-28
1149,2025-01-28,processing,,North,150.84,2025-01-28
1150,2025-01-28,refunded,,North,21.34,2025-01-28
1151,2025-01-28,completed,,South,202.48,2025-01-28
1152,2025-01-28,completed,,East,78.32,2025-01-28
1153,2025-01-28,completed,,East,67.9,2025-01-28
1154,2025-01-28,completed,,Central,78.32,2025-01-28
1155,2025-01-28,processing,,South,272.23,2025-01-28
1156,2025-01-28,completed,,East,84.15,2025-01-28
1157,2025-01-28,completed,,East,398.76,2025-01-28
1158,2025-01-28,completed,,South,78.32,2025-01-28
1159,2025-01-28,completed,,South,20.47,2025-01-28
1160,2025-01-28,completed,,East,61.39,2025-01-28
1161,2025-01-28,completed,,East,147.45,2025-01-28
1162,2025-01-28,completed,,South,42.3,2025-01-28
1163,2025-01-28,completed,,North,117.99,2025-01-28
1164,2025-01-28,processing,,North,324.70000000000005,2025-01-28
1165,2025-01-28,completed,,East,24.61,2025-01-28
1166,2025-01-28,completed,,South,543.0400000000001,2025-01-28
1167,2025-01-28,completed,,South,163.05,2025-01-28
1168,2025-01-28,completed,,North,138.05,2025-01-28
1169,2025-01-28,processing,,Central,173.9,2025-01-28
1170,2025-01-28,completed,,North,117.99,2025-01-28
1171,2025-01-28,completed,,South,662.27,2025-01-28
1172,2025-01-28,completed,,Central,115.23,2025-01-28
1173,2025-01-28,completed,,East,101.25,2025-01-28
1174,2025-01-28,completed,,North,54.519999999999996,2025-01-28
1175,2025-01-28,completed,,South,21.34,2025-01-28
1176,2025-01-28,completed,,Central,43.73,2025-01-28
1177,2025-01-28,completed,,East,57.71,2025-01-28
1178,2025-01-28,completed,,East,61.39,2025-01-28
1179,2025-01-28,processing,,South,20.47,2025-01-28
1180,2025-01-28,completed,,Central,242.68,2025-01-28
1181,2025-01-28,completed,,East,24.61,2025-01-28
1182,2025-01-28,completed,,Central,96.13,2025-01-28
1183,2025-01-28,completed,,Central,84.15,2025-01-28
1184,2025-01-28,completed,,East,157.65,2025-01-28
1185,2025-01-28,completed,,South,303.09,2025-01-28
1186,2025-01-29,cancelled,,South,43.73,2025-01-29
1187,2025-01-29,processing,,North,64.19999999999999,2025-01-29
1188,2025-01-29,completed,,South,72.47,2025-01-29
1189,2025-01-29,completed,,South,100.26,2025-01-29
1190,2025-01-29,completed,,North,72.47,2025-01-29
1191,2025-01-29,completed,,North,67.9,2025-01-29
1192,2025-01-29,processing,,South,117.99,2025-01-29
1193,2025-01-29,completed,,South,43.74,2025-01-29
1194,2025-01-29,completed,,South,244.64,2025-01-29
1195,2025-01-29,completed,,South,165.77999999999997,2025-01-29
1196,2025-01-29,completed,,South,31.58,2025-01-29
1197,2025-01-29,completed,,North,61.39,2025-01-29
1198,2025-01-29,cancelled,,North,100.26,2025-01-29
1199,2025-01-29,completed,,North,57.71,2025-01-29
1200,2025-01-29,completed,,North,120.61999999999999,2025-01-29
1201,2025-01-29,completed,,East,84.15,2025-01-29
1202,2025-01-29,completed,,South,202.48,2025-01-29
1203,2025-01-29,completed,,East,157.65,2025-01-29
1204,2025-01-29,completed,,North,427.99,2025-01-29
1205,2025-01-29,completed,,North,202.48,2025-01-29
1206,2025-01-29,completed,,East,138.05,2025-01-29
1207,2025-01-29,completed,,North,67.9,2025-01-29
1208,2025-01-29,cancelled,,South,162.4,2025-01-29
1209,2025-01-29,completed,,East,24.44,2025-01-29
1210,2025-01-29,completed,,Central,347.8,2025-01-29
1211,2025-01-29,completed,,South,24.61,2025-01-29
1212,2025-01-29,processing,,East,401.85,2025-01-29
1213,2025-01-29,completed,,North,53.45,2025-01-29
1214,2025-01-29,completed,,East,40.94,2025-01-29
1215,2025-01-29,completed,,East,69.13,2025-01-29
1216,2025-01-29,completed,,Central,144.55,2025-01-29
1217,2025-01-29,completed,,East,448.73,2025-01-29
1218,2025-01-29,completed,,South,24.61,2025-01-29
1219,2025-01-29,completed,,South,156.64,2025-01-29
1220,2025-01-29,completed,,North,142.85,2025-01-29
1221,2025-01-29,completed,,East,78.32,2025-01-29
1222,2025-01-29,completed,,Central,83.16,2025-01-29
1223,2025-01-29,completed,,Central,42.3,2025-01-29
1224,2025-01-29,completed,,East,117.99,2025-01-29
1225,2025-01-29,completed,,South,173.9,2025-01-29
1226,2025-01-30,processing,,North,156.64,2025-01-30
1227,2025-01-30,completed,,East,21.34,2025-01-30
1228,2025-01-30,processing,,East,21.34,2025-01-30
1229,2025-01-30,completed,,East,59.69,2025-01-30
1230,2025-01-30,completed,,Central,133.37,2025-01-30
1231,2025-01-30,cancelled,,South,173.9,2025-01-30
1232,2025-01-30,completed,,East,202.48,2025-01-30
1233,2025-01-30,completed,,East,157.65,2025-01-30
1234,2025-01-30,completed,,East,157.65,2025-01-30
1235,2025-01-30,completed,,South,252.45,2025-01-30
1236,2025-01-30,completed,,South,148.85,2025-01-30
1237,2025-01-30,completed,,North,73.61,2025-01-30
1238,2025-01-30,completed,,North,192.62,2025-01-30
1239,2025-01-30,completed,,North,219.44,2025-01-30
1240,2025-01-30,completed,,South,83.16,2025-01-30
1241,2025-01-30,processing,,Central,124.34,2025-01-30
1242,2025-01-30,completed,,South,138.26,2025-01-30
1243,2025-01-30,completed,,South,69.13,2025-01-30
1244,2025-01-30,refunded,,Central,173.13,2025-01-30
1245,2025-01-30,completed,,East,249.6,2025-01-30
1246,2025-01-30,completed,,North,24.68,2025-01-30
1247,2025-01-30,completed,,East,115.42,2025-01-30
1248,2025-01-30,completed,,East,191.96,2025-01-30
1249,2025-01-30,completed,,South,156.64,2025-01-30
1250,2025-01-30,processing,,North,20.47,2025-01-30
1251,2025-01-30,completed,,Central,75.66,2025-01-30
1252,2025-01-30,completed,,South,382.97,2025-01-30
1253,2025-01-30,completed,,North,295.70000000000005,2025-01-30
1254,2025-01-30,completed,,North,21.34,2025-01-30
1255,2025-01-30,completed,,East,240.24,2025-01-30
1256,2025-01-30,completed,,East,34.71,2025-01-30
1257,2025-01-30,completed,,South,253.28000000000003,2025-01-30
1258,2025-01-30,completed,,East,124.26,2025-01-30
1259,2025-01-30,completed,,North,219.76999999999998,2025-01-30
1260,2025-01-30,completed,,Central,53.45,2025-01-30
1261,2025-01-30,processing,,North,467.83000000000004,2025-01-30
1262,2025-01-30,completed,,South,12.22,2025-01-30
1263,2025-01-30,completed,,North,88.2,2025-01-30
1264,2025-01-30,completed,,East,19.71,2025-01-30
1265,2025-01-30,completed,,East,157.65,2025-01-30
1266,2025-01-30,completed,,East,212.18,2025-01-30
1267,2025-01-30,processing,,North,167.76,2025-01-30
1268,2025-01-30,completed,,East,69.13,2025-01-30
1269,2025-01-30,completed,,Central,92.42,2025-01-30
1270,2025-01-30,completed,,Central,20.47,2025-01-30
1271,2025-01-30,completed,,North,157.65,2025-01-30
1272,2025-01-30,completed,,Central,88.2,2025-01-30
1273,2025-01-30,completed,,North,43.73,2025-01-30
1274,2025-01-30,completed,,South,125.88,2025-01-30
1275,2025-01-31,completed,,East,78.18,2025-01-31
1276,2025-01-31,completed,,South,125.88,2025-01-31
1277,2025-01-31,completed,,North,230.46,2025-01-31
1278,2025-01-31,completed,,East,483.75,2025-01-31
1279,2025-01-31,completed,,North,115.23,2025-01-31
1280,2025-01-31,completed,,East,205.48000000000002,2025-01-31
1281,2025-01-31,cancelled,,South,61.15,2025-01-31
1282,2025-01-31,processing,,North,144.13,2025-01-31
1283,2025-01-31,completed,,North,69.13,2025-01-31
1284,2025-01-31,completed,,Central,114.84,2025-01-31
1285,2025-01-31,completed,,East,141.39999999999998,2025-01-31
1286,2025-01-31,completed,,North,43.73,2025-01-31
1287,2025-01-31,completed,,South,466.10999999999996,2025-01-31
1288,2025-01-31,completed,,South,34.71,2025-01-31
1289,2025-01-31,completed,,South,61.39,2025-01-31
1290,2025-01-31,processing,,Central,222.95,2025-01-31
1291,2025-01-31,completed,,East,12.22,2025-01-31
1292,2025-01-31,completed,,East,240.81,2025-01-31
1293,2025-01-31,completed,,East,101.03,2025-01-31
1294,2025-01-31,completed,,South,134.68,2025-01-31
1295,2025-01-31,completed,,North,109.21,2025-01-31
1296,2025-01-31,completed,,South,202.5,2025-01-31
1297,2025-01-31,completed,,East,83.16,2025-01-31
1298,2025-01-31,completed,,South,57.71,2025-01-31
1299,2025-01-31,processing,,Central,78.32,2025-01-31
1300,2025-01-31,cancelled,,East,53.45,2025-01-31
1301,2025-01-31,completed,,North,217.34,2025-01-31
1302,2025-01-31,completed,,Central,117.99,2025-01-31
1303,2025-01-31,completed,,South,37.74,2025-01-31
1304,2025-01-31,completed,,South,217.34,2025-01-31
1305,2025-01-31,completed,,South,115.73,2025-01-31
1306,2025-01-31,completed,,East,19.71,2025-01-31
1307,2025-01-31,completed,,Central,43.74,2025-01-31
1308,2025-01-31,completed,,South,84.15,2025-01-31
1309,2025-01-31,completed,,Central,31.58,2025-01-31
1310,2025-02-01,completed,,Central,171.77,2025-02-01
1311,2025-02-01,completed,,Central,148.35,2025-02-01
1312,2025-02-01,completed,,East,173.9,2025-02-01
1313,2025-02-01,completed,,South,136.18,2025-02-01
1314,2025-02-01,completed,,Central,286.51,2025-02-01
1315,2025-02-01,completed,,South,43.74,2025-02-01
1316,2025-02-01,completed,,East,225.76999999999998,2025-02-01
1317,2025-02-01,completed,,North,124.26,2025-02-01
1318,2025-02-01,completed,,Central,115.42,2025-02-01
1319,2025-02-01,completed,,Central,59.69,2025-02-01
1320,2025-02-01,completed,,East,486.03999999999996,2025-02-01
1321,2025-02-01,completed,,Central,175.27,2025-02-01
1322,2025-02-01,completed,,Central,129.73,2025-02-01
1323,2025-02-01,completed,,South,117.99,2025-02-01
1324,2025-02-01,completed,,South,53.45,2025-02-01
1325,2025-02-01,completed,,South,37.74,2025-02-01
1326,2025-02-01,completed,,South,138.05,2025-02-01
1327,2025-02-01,processing,,South,158.82,2025-02-01
1328,2025-02-01,cancelled,,North,98.89,2025-02-01
1329,2025-02-01,completed,,Central,320.46999999999997,2025-02-01
1330,2025-02-01,processing,,South,31.58,2025-02-01
1331,2025-02-01,completed,,North,202.48,2025-02-01
1332,2025-02-01,completed,,South,173.9,2025-02-01
1333,2025-02-01,processing,,Central,214.84,2025-02-01
1334,2025-02-01,completed,,East,83.81,2025-02-01
1335,2025-02-01,completed,,Central,122.06,2025-02-01
1336,2025-02-01,completed,,North,172.76000000000002,2025-02-01
1337,2025-02-01,completed,,South,202.48,2025-02-01
1338,2025-02-01,completed,,Central,24.44,2025-02-01
1339,2025-02-01,completed,,North,264.62,2025-02-01
1340,2025-02-01,completed,,South,240.81,2025-02-01
1341,2025-02-01,processing,,South,39.42,2025-02-01
1342,2025-02-01,completed,,South,356.04,2025-02-01
1343,2025-02-01,completed,,Central,70.89,2025-02-01
1344,2025-02-01,completed,,East,124.06,2025-02-01
1345,2025-02-01,completed,,East,12.22,2025-02-01
1346,2025-02-01,completed,,South,69.13,2025-02-01
1347,2025-02-01,cancelled,,North,87.48,2025-02-01
1348,2025-02-02,completed,,South,157.53,2025-02-02
1349,2025-02-02,processing,,South,550.26,2025-02-02
1350,2025-02-02,refunded,,East,53.45,2025-02-02
1351,2025-02-02,completed,,Central,84.15,2025-02-02
1352,2025-02-02,processing,,East,157.49,2025-02-02
1353,2025-02-02,cancelled,,North,111.32,2025-02-02
1354,2025-02-02,processing,,North,99.1,2025-02-02
1355,2025-02-02,completed,,South,264.95000000000005,2025-02-02
1356,2025-02-02,completed,,East,36.9,2025-02-02
1357,2025-02-02,completed,,South,241.37,2025-02-02
1358,2025-02-02,completed,,South,151.32,2025-02-02
1359,2025-02-02,completed,,North,152.53,2025-02-02
1360,2025-02-02,cancelled,,East,315.3,2025-02-02
1361,2025-02-02,completed,,Central,117.99,2025-02-02
1362,2025-02-02,completed,,North,168.62,2025-02-02
1363,2025-02-02,completed,,North,171.28,2025-02-02
1364,2025-02-02,completed,,North,31.58,2025-02-02
1365,2025-02-02,completed,,South,240.81,2025-02-02
1366,2025-02-02,completed,,North,138.05,2025-02-02
1367,2025-02-02,completed,,Central,352.99,2025-02-02
1368,2025-02-02,unknown_status,,Central,53.45,2025-02-02
1369,2025-02-02,completed,,East,213.71,2025-02-02
1370,2025-02-02,processing,,South,176.03,2025-02-02
1371,2025-02-02,completed,,East,173.9,2025-02-02
1372,2025-02-02,completed,,North,75.66,2025-02-02
1373,2025-02-02,completed,,South,121.08,2025-02-02
1374,2025-02-02,completed,,South,53.45,2025-02-02
1375,2025-02-02,completed,,East,489.15,2025-02-02
1376,2025-02-02,completed,,Central,163.05,2025-02-02
1377,2025-02-02,completed,,North,163.05,2025-02-02
1378,2025-02-02,completed,,North,53.45,2025-02-02
1379,2025-02-02,refunded,,North,326.1,2025-02-02
1380,2025-02-02,completed,,South,69.13,2025-02-02
1381,2025-02-02,completed,,Central,264.14,2025-02-02
1382,2025-02-02,completed,,East,131.22,2025-02-02
1383,2025-02-02,completed,,South,34.71,2025-02-02
1384,2025-02-02,completed,,Central,178.12,2025-02-02
1385,2025-02-02,completed,,North,115.42,2025-02-02
1386,2025-02-02,cancelled,,North,157.65,2025-02-02
1387,2025-02-02,completed,,North,374.19,2025-02-02
1388,2025-02-02,completed,,Central,157.76000000000002,2025-02-02
1389,2025-02-02,completed,,North,114.06,2025-02-02
1390,2025-02-02,cancelled,,Central,40.94,2025-02-02
1391,2025-02-02,processing,,Central,770.49,2025-02-02
1392,2025-02-02,cancelled,,Central,171.28,2025-02-02
1393,2025-02-02,completed,,Central,138.05,2025-02-02
1394,2025-02-02,completed,,South,162.4,2025-02-02
1395,2025-02-03,completed,,South,115.23,2025-02-03
1396,2025-02-03,completed,,Central,61.39,2025-02-03
1397,2025-02-03,completed,,South,260.63,2025-02-03
1398,2025-02-03,processing,,East,148.77,2025-02-03
1399,2025-02-03,completed,,North,342.56,2025-02-03
1400,2025-02-03,processing,,Central,242.05,2025-02-03
1401,2025-02-03,completed,,East,272.88,2025-02-03
1402,2025-02-03,cancelled,,Central,57.71,2025-02-03
1403,2025-02-03,completed,,East,88.2,2025-02-03
1404,2025-02-03,completed,,South,168.3,2025-02-03
1405,2025-02-03,refunded,,East,83.16,2025-02-03
1406,2025-02-03,completed,,Central,21.34,2025-02-03
1407,2025-02-03,completed,,East,83.16,2025-02-03
1408,2025-02-03,completed,,North,67.9,2025-02-03
1409,2025-02-03,refunded,,Central,163.05,2025-02-03
1410,2025-02-03,processing,,East,141.93,2025-02-03
1411,2025-02-03,completed,,South,20.47,2025-02-03
1412,2025-02-03,completed,,Central,124.06,2025-02-03
1413,2025-02-03,completed,,East,39.42,2025-02-03
1414,2025-02-03,completed,,North,20.47,2025-02-03
1415,2025-02-03,refunded,,South,189.64000000000001,2025-02-03
1416,2025-02-03,completed,,North,326.1,2025-02-03
1417,2025-02-03,completed,,East,21.34,2025-02-03
1418,2025-02-03,processing,,East,69.13,2025-02-03
1419,2025-02-03,completed,,Central,249.48,2025-02-03
1420,2025-02-03,completed,,North,100.26,2025-02-03
1421,2025-02-03,completed,,South,49.22,2025-02-03
1422,2025-02-03,completed,,North,69.13,2025-02-03
1423,2025-02-03,completed,,North,20.47,2025-02-03
1424,2025-02-03,completed,,Central,152.53,2025-02-03
1425,2025-02-03,completed,,Central,227.69,2025-02-03
1426,2025-02-03,processing,,East,171.28,2025-02-03
1427,2025-02-03,completed,,North,124.26,2025-02-03
1428,2025-02-03,cancelled,,East,83.16,2025-02-03
1429,2025-02-03,refunded,,East,431.9,2025-02-03
1430,2025-02-03,completed,,South,157.65,2025-02-03
1431,2025-02-03,completed,,East,69.42,2025-02-03
1432,2025-02-03,completed,,South,90.53999999999999,2025-02-03
1433,2025-02-03,completed,,South,327.52000000000004,2025-02-03
1434,2025-02-03,completed,,North,84.15,2025-02-03
1435,2025-02-03,completed,,East,78.32,2025-02-03
1436,2025-02-03,completed,,North,203.46,2025-02-03
1437,2025-02-03,completed,,Central,141.93,2025-02-03
1438,2025-02-03,completed,,South,137.03,2025-02-03
1439,2025-02-03,processing,,East,21.34,2025-02-03
1440,2025-02-03,completed,,East,193.76999999999998,2025-02-03
1441,2025-02-03,completed,,Central,163.05,2025-02-03
1442,2025-02-03,completed,,North,157.65,2025-02-03
1443,2025-02-03,completed,,South,180.78,2025-02-03
1444,2025-02-03,processing,,South,12.22,2025-02-03
1445,2025-02-03,completed,,Central,87.46,2025-02-03
1446,2025-02-03,completed,,Central,37.74,2025-02-03
1447,2025-02-04,completed,,East,57.71,2025-02-04
1448,2025-02-04,completed,,Central,115.23,2025-02-04
1449,2025-02-04,completed,,Central,41.05,2025-02-04
1450,2025-02-04,completed,,East,171.28,2025-02-04
1451,2025-02-04,refunded,,North,21.34,2025-02-04
1452,2025-02-04,completed,,South,131.19,2025-02-04
1453,2025-02-04,completed,,South,84.15,2025-02-04
1454,2025-02-04,completed,,East,122.78,2025-02-04
1455,2025-02-04,completed,,Central,66.28999999999999,2025-02-04
1456,2025-02-04,cancelled,,North,398.11,2025-02-04
1457,2025-02-04,completed,,South,169.41,2025-02-04
1458,2025-02-04,completed,,North,126.28,2025-02-04
1459,2025-02-04,cancelled,,Central,152.53,2025-02-04
1460,2025-02-04,cancelled,,South,140.87,2025-02-04
1461,2025-02-04,completed,,East,255.93,2025-02-04
1462,2025-02-04,completed,,East,157.65,2025-02-04
1463,2025-02-04,completed,,South,39.42,2025-02-04
1464,2025-02-04,completed,,Central,157.65,2025-02-04
1465,2025-02-04,completed,,North,9.2,2025-02-04
1466,2025-02-04,completed,,North,53.45,2025-02-04
1467,2025-02-04,completed,,East,37.74,2025-02-04
1468,2025-02-04,completed,,East,221.42,2025-02-04
1469,2025-02-04,completed,,East,61.39,2025-02-04
1470,2025-02-04,completed,,South,168.3,2025-02-04
1471,2025-02-04,completed,,East,74.04,2025-02-04
1472,2025-02-04,completed,,East,31.58,2025-02-04
1473,2025-02-04,completed,,North,294.46000000000004,2025-02-04
1474,2025-02-04,unknown_status,,Central,19.71,2025-02-04
1475,2025-02-04,completed,,South,184.17,2025-02-04
1476,2025-02-04,completed,,North,533.1999999999999,2025-02-04
1477,2025-02-04,completed,,Central,49.55,2025-02-04
1478,2025-02-04,completed,,Central,173.9,2025-02-04
1479,2025-02-04,processing,,North,244.64,2025-02-04
1480,2025-02-04,completed,,North,141.93,2025-02-04
1481,2025-02-04,processing,,Central,20.47,2025-02-04
1482,2025-02-04,completed,,East,171.28,2025-02-04
1483,2025-02-04,completed,,North,240.41,2025-02-04
1484,2025-02-04,completed,,Central,124.26,2025-02-04
1485,2025-02-04,completed,,East,208.61,2025-02-04
1486,2025-02-04,completed,,South,19.71,2025-02-04
1487,2025-02-04,completed,,North,166.32,2025-02-04
1488,2025-02-04,completed,,Central,152.53,2025-02-04
1489,2025-02-04,completed,,North,24.68,2025-02-04
1490,2025-02-05,completed,,East,342.56,2025-02-05
1491,2025-02-05,completed,,South,69.13,2025-02-05
1492,2025-02-05,completed,,North,83.16,2025-02-05
1493,2025-02-05,completed,,East,57.71,2025-02-05
1494,2025-02-05,completed,,North,171.28,2025-02-05
1495,2025-02-05,completed,,North,40.94,2025-02-05
1496,2025-02-05,completed,,East,121.35000000000001,2025-02-05
1497,2025-02-05,completed,,South,242.05,2025-02-05
1498,2025-02-05,completed,,South,249.6,2025-02-05
1499,2025-02-05,completed,,South,286.29,2025-02-05
1500,2025-02-05,completed,,North,315.14,2025-02-05
1501,2025-02-05,completed,,North,350.08,2025-02-05
1502,2025-02-05,completed,,Central,173.9,2025-02-05
1503,2025-02-05,refunded,,North,138.05,2025-02-05
1504,2025-02-05,completed,,Central,451.89,2025-02-05
1505,2025-02-05,cancelled,,Central,44.39,2025-02-05
1506,2025-02-05,completed,,Central,81.08,2025-02-05
1507,2025-02-05,processing,,North,36.83,2025-02-05
1508,2025-02-05,completed,,East,184.17,2025-02-05
1509,2025-02-05,completed,,East,104.5,2025-02-05
1510,2025-02-05,completed,,North,57.71,2025-02-05
1511,2025-02-05,unknown_status,,North,117.99,2025-02-05
1512,2025-02-05,processing,,East,32.69,2025-02-05
1513,2025-02-05,completed,,South,110.61,2025-02-05
1514,2025-02-05,completed,,South,280.79999999999995,2025-02-05
1515,2025-02-05,completed,,North,57.71,2025-02-05
1516,2025-02-05,completed,,South,84.6,2025-02-05
1517,2025-02-05,unknown_status,,North,489.15,2025-02-05
1518,2025-02-05,completed,,Central,42.3,2025-02-05
1519,2025-02-05,processing,,North,240.74,2025-02-05
1520,2025-02-05,completed,,South,84.6,2025-02-05
1521,2025-02-05,completed,,North,283.56,2025-02-05
1522,2025-02-05,completed,,Central,117.99,2025-02-05
1523,2025-02-05,completed,,East,61.39,2025-02-05
1524,2025-02-05,processing,,Central,115.42,2025-02-05
1525,2025-02-05,completed,,North,159.67,2025-02-05
1526,2025-02-05,completed,,Central,20.47,2025-02-05
1527,2025-02-05,processing,,East,124.06,2025-02-05
1528,2025-02-05,completed,,Central,115.42,2025-02-05
1529,2025-02-05,completed,,East,143.57,2025-02-05
1530,2025-02-05,completed,,North,163.05,2025-02-05
1531,2025-02-05,completed,,South,89.28999999999999,2025-02-05
1532,2025-02-05,completed,,East,24.61,2025-02-05
1533,2025-02-05,processing,,East,57.71,2025-02-05
1534,2025-02-05,completed,,East,283.86,2025-02-05
1535,2025-02-05,completed,,East,180.52,2025-02-05
1536,2025-02-05,completed,,East,42.3,2025-02-05
1537,2025-02-05,completed,,East,173.13,2025-02-05
1538,2025-02-05,processing,,East,376.38,2025-02-05
1539,2025-02-05,unknown_status,,North,78.18,2025-02-05
1540,2025-02-05,completed,,Central,53.45,2025-02-05
1541,2025-02-06,completed,,North,20.47,2025-02-06
1542,2025-02-06,completed,,North,12.22,2025-02-06
1543,2025-02-06,completed,,South,83.16,2025-02-06
1544,2025-02-06,completed,,Central,192.16000000000003,2025-02-06
1545,2025-02-06,completed,,Central,125.64,2025-02-06
1546,2025-02-06,completed,,East,491.7,2025-02-06
1547,2025-02-06,completed,,East,162.18,2025-02-06
1548,2025-02-06,completed,,North,20.47,2025-02-06
1549,2025-02-06,processing,,North,261.06,2025-02-06
1550,2025-02-06,processing,,Central,409.6,2025-02-06
1551,2025-02-06,completed,,East,63.16,2025-02-06
1552,2025-02-06,completed,,East,31.58,2025-02-06
1553,2025-02-06,processing,,North,398.61,2025-02-06
1554,2025-02-06,processing,,South,101.69,2025-02-06
1555,2025-02-06,cancelled,,North,57.71,2025-02-06
1556,2025-02-06,completed,,North,87.48,2025-02-06
1557,2025-02-06,completed,,South,49.22,2025-02-06
1558,2025-02-06,completed,,North,138.67000000000002,2025-02-06
1559,2025-02-06,completed,,Central,326.1,2025-02-06
1560,2025-02-06,completed,,South,152.53,2025-02-06
1561,2025-02-06,completed,,South,42.3,2025-02-06
1562,2025-02-06,completed,,South,227.70999999999998,2025-02-06
1563,2025-02-06,completed,,North,21.34,2025-02-06
1564,2025-02-06,completed,,South,21.34,2025-02-06
1565,2025-02-06,completed,,South,722.96,2025-02-06
1566,2025-02-06,completed,,Central,225.69,2025-02-06
1567,2025-02-06,completed,,North,173.9,2025-02-06
1568,2025-02-06,completed,,East,168.3,2025-02-06
1569,2025-02-06,completed,,South,138.45999999999998,2025-02-06
1570,2025-02-06,completed,,Central,21.34,2025-02-06
1571,2025-02-06,completed,,South,12.22,2025-02-06
1572,2025-02-06,completed,,East,67.9,2025-02-06
1573,2025-02-06,completed,,Central,138.05,2025-02-06
1574,2025-02-06,completed,,South,103.86000000000001,2025-02-06
1575,2025-02-06,completed,,Central,100.26,2025-02-06
1576,2025-02-06,completed,,East,249.48,2025-02-06
1577,2025-02-06,completed,,South,239.79999999999998,2025-02-06
1578,2025-02-06,completed,,South,84.15,2025-02-06
1579,2025-02-06,completed,,North,119.25999999999999,2025-02-06
1580,2025-02-06,completed,,East,114.06,2025-02-06
1581,2025-02-06,completed,,North,132.70999999999998,2025-02-06
1582,2025-02-06,completed,,North,78.32,2025-02-06
1583,2025-02-06,processing,,East,152.53,2025-02-06
1584,2025-02-06,completed,,South,84.15,2025-02-06
1585,2025-02-06,completed,,Central,34.71,2025-02-06
1586,2025-02-06,processing,,East,21.34,2025-02-06
1587,2025-02-07,completed,,East,138.26,2025-02-07
1588,2025-02-07,completed,,South,43.73,2025-02-07
1589,2025-02-07,completed,,Central,20.47,2025-02-07
1590,2025-02-07,processing,,South,163.05,2025-02-07
1591,2025-02-07,completed,,North,305.06,2025-02-07
1592,2025-02-07,cancelled,,East,42.3,2025-02-07
1593,2025-02-07,completed,,South,75.66,2025-02-07
1594,2025-02-07,completed,,South,304.98,2025-02-07
1595,2025-02-07,completed,,South,226.46999999999997,2025-02-07
1596,2025-02-07,completed,,Central,83.16,2025-02-07
1597,2025-02-07,processing,,South,78.32,2025-02-07
1598,2025-02-07,completed,,East,61.39,2025-02-07
1599,2025-02-07,completed,,North,55.18,2025-02-07
1600,2025-02-07,completed,,East,83.16,2025-02-07
1601,2025-02-07,completed,,Central,53.45,2025-02-07
1602,2025-02-07,completed,,South,59.69,2025-02-07
1603,2025-02-07,cancelled,,South,178.12,2025-02-07
1604,2025-02-07,processing,,Central,24.61,2025-02-07
1605,2025-02-07,refunded,,Central,589.6,2025-02-07
1606,2025-02-07,completed,,Central,43.73,2025-02-07
1607,2025-02-07,completed,,South,43.73,2025-02-07
1608,2025-02-07,completed,,East,21.34,2025-02-07
1609,2025-02-07,refunded,,South,171.44,2025-02-07
1610,2025-02-07,completed,,North,61.39,2025-02-07
1611,2025-02-07,refunded,,North,168.3,2025-02-07
1612,2025-02-07,completed,,Central,168.56,2025-02-07
1613,2025-02-07,completed,,North,152.53,2025-02-07
1614,2025-02-07,processing,,Central,135.4,2025-02-07
1615,2025-02-07,completed,,South,24.61,2025-02-07
1616,2025-02-07,cancelled,,East,380.5,2025-02-07
1617,2025-02-07,completed,,Central,34.71,2025-02-07
1618,2025-02-07,completed,,East,173.9,2025-02-07
1619,2025-02-07,completed,,East,12.22,2025-02-07
1620,2025-02-07,completed,,Central,414.71000000000004,2025-02-07
1621,2025-02-07,completed,,South,83.16,2025-02-07
1622,2025-02-07,completed,,South,173.9,2025-02-07
1623,2025-02-08,cancelled,,Central,63.16,2025-02-08
1624,2025-02-08,processing,,North,20.47,2025-02-08
1625,2025-02-08,cancelled,,East,83.16,2025-02-08
1626,2025-02-08,completed,,Central,37.74,2025-02-08
1627,2025-02-08,completed,,East,107.97,2025-02-08
1628,2025-02-08,completed,,South,20.47,2025-02-08
1629,2025-02-08,completed,,Central,115.23,2025-02-08
1630,2025-02-08,completed,,East,173.9,2025-02-08
1631,2025-02-08,completed,,East,173.9,2025-02-08
1632,2025-02-08,processing,,East,100.34,2025-02-08
1633,2025-02-08,cancelled,,South,320.12,2025-02-08
1634,2025-02-08,completed,,East,45.08,2025-02-08
1635,2025-02-08,refunded,,South,53.45,2025-02-08
1636,2025-02-08,refunded,,North,231.61,2025-02-08
1637,2025-02-08,processing,,Central,87.27,2025-02-08
1638,2025-02-08,processing,,South,81.08,2025-02-08
1639,2025-02-08,completed,,East,24.61,2025-02-08
1640,2025-02-08,completed,,Central,271.4,2025-02-08
1641,2025-02-08,completed,,Central,42.3,2025-02-08
1642,2025-02-08,processing,,Central,207.39,2025-02-08
1643,2025-02-08,completed,,North,78.32,2025-02-08
1644,2025-02-08,completed,,South,138.48000000000002,2025-02-08
1645,2025-02-08,completed,,North,283.86,2025-02-08
1646,2025-02-08,completed,,East,69.13,2025-02-08
1647,2025-02-08,completed,,Central,118.35,2025-02-08
1648,2025-02-08,completed,,South,187.21,2025-02-08
1649,2025-02-08,completed,,Central,171.28,2025-02-08
1650,2025-02-08,completed,,North,124.26,2025-02-08
1651,2025-02-08,completed,,South,163.05,2025-02-08
1652,2025-02-08,cancelled,,South,281.01,2025-02-08
1653,2025-02-08,completed,,North,117.99,2025-02-08
1654,2025-02-08,completed,,East,96.13,2025-02-08
1655,2025-02-08,completed,,Central,311.28999999999996,2025-02-08
1656,2025-02-08,completed,,South,332.67,2025-02-08
1657,2025-02-08,refunded,,South,210.52,2025-02-08
1658,2025-02-08,completed,,South,34.71,2025-02-08
1659,2025-02-08,completed,,East,24.61,2025-02-08
1660,2025-02-08,cancelled,,South,119.38,2025-02-08
1661,2025-02-08,unknown_status,,North,133.7,2025-02-08
1662,2025-02-08,processing,,South,335.61,2025-02-08
1663,2025-02-08,completed,,South,210.52,2025-02-08
1664,2025-02-08,completed,,South,82.73,2025-02-08
1665,2025-02-08,cancelled,,Central,346.01,2025-02-08
1666,2025-02-08,completed,,Central,163.05,2025-02-08
1667,2025-02-08,completed,,North,57.71,2025-02-08
1668,2025-02-08,completed,,Central,21.34,2025-02-08
1669,2025-02-08,completed,,South,319.93,2025-02-08
1670,2025-02-08,completed,,North,186.03,2025-02-08
1671,2025-02-08,completed,,South,190.06,2025-02-08
1672,2025-02-09,completed,,Central,152.53,2025-02-09
1673,2025-02-09,cancelled,,East,163.05,2025-02-09
1674,2025-02-09,completed,,East,217.34,2025-02-09
1675,2025-02-09,completed,,Central,152.53,2025-02-09
1676,2025-02-09,completed,,East,235.98,2025-02-09
1677,2025-02-09,processing,,East,84.15,2025-02-09
1678,2025-02-09,completed,,North,31.58,2025-02-09
1679,2025-02-09,completed,,Central,202.48,2025-02-09
1680,2025-02-09,processing,,North,163.05,2025-02-09
1681,2025-02-09,completed,,East,152.53,2025-02-09
1682,2025-02-09,completed,,South,166.32,2025-02-09
1683,2025-02-09,processing,,North,122.58,2025-02-09
1684,2025-02-09,completed,,Central,157.65,2025-02-09
1685,2025-02-09,completed,,South,273.85,2025-02-09
1686,2025-02-09,completed,,East,305.06,2025-02-09
1687,2025-02-09,completed,,North,20.47,2025-02-09
1688,2025-02-09,completed,,East,171.28,2025-02-09
1689,2025-02-09,completed,,South,201.54,2025-02-09
1690,2025-02-09,completed,,South,141.93,2025-02-09
1691,2025-02-09,completed,,Central,320.70000000000005,2025-02-09
1692,2025-02-09,processing,,Central,41.05,2025-02-09
1693,2025-02-09,completed,,South,65.08,2025-02-09
1694,2025-02-09,refunded,,Central,326.1,2025-02-09
1695,2025-02-09,completed,,East,287.51,2025-02-09
1696,2025-02-09,completed,,South,24.61,2025-02-09
1697,2025-02-09,refunded,,Central,124.26,2025-02-09
1698,2025-02-09,completed,,Central,37.74,2025-02-09
1699,2025-02-09,completed,,North,57.71,2025-02-09
1700,2025-02-09,completed,,South,78.32,2025-02-09
1701,2025-02-09,refunded,,Central,139.70999999999998,2025-02-09
1702,2025-02-09,completed,,North,202.57999999999998,2025-02-09
1703,2025-02-09,completed,,East,166.32,2025-02-09
1704,2025-02-09,completed,,South,72.47,2025-02-09
1705,2025-02-09,completed,,Central,249.48,2025-02-09
1706,2025-02-09,completed,,East,34.71,2025-02-09
1707,2025-02-09,completed,,Central,695.6400000000001,2025-02-09
1708,2025-02-09,completed,,South,49.22,2025-02-09
1709,2025-02-09,completed,,East,127.37,2025-02-09
1710,2025-02-09,completed,,South,138.05,2025-02-09
1711,2025-02-09,cancelled,,East,222.56,2025-02-09
1712,2025-02-09,completed,,Central,138.26,2025-02-09
1713,2025-02-09,completed,,South,24.61,2025-02-09
1714,2025-02-09,completed,,Central,78.32,2025-02-09
1715,2025-02-09,completed,,South,87.48,2025-02-09
1716,2025-02-09,completed,,Central,124.26,2025-02-09
1717,2025-02-09,completed,,East,124.26,2025-02-09
1718,2025-02-09,completed,,North,364.3,2025-02-09
1719,2025-02-09,completed,,South,336.95000000000005,2025-02-09
1720,2025-02-09,completed,,North,93.74,2025-02-09
1721,2025-02-09,completed,,North,152.53,2025-02-09
1722,2025-02-09,completed,,North,49.22,2025-02-09
1723,2025-02-10,completed,1.0,East,60.83,2025-02-10
1724,2025-02-10,completed,1.0,South,38.49,2025-02-10
1725,2025-02-10,processing,1.0,North,10.75,2025-02-10
1726,2025-02-10,completed,1.0,South,134.23,2025-02-10
1727,2025-02-10,processing,1.0,South,121.48,2025-02-10
1728,2025-02-10,completed,1.0,North,84.35,2025-02-10
1729,2025-02-10,completed,1.0,South,121.48,2025-02-10
1730,2025-02-10,cancelled,1.0,South,73.18,2025-02-10
1731,2025-02-10,completed,1.0,East,221.54,2025-02-10
1732,2025-02-10,completed,1.0,East,143.48,2025-02-10
1733,2025-02-10,completed,1.0,South,18.78,2025-02-10
1734,2025-02-10,processing,1.0,Central,50.78,2025-02-10
1735,2025-02-10,completed,1.0,North,46.57,2025-02-10
1736,2025-02-10,processing,1.0,North,148.1,2025-02-10
1737,2025-02-10,completed,1.0,South,38.48,2025-02-10
1738,2025-02-10,completed,1.0,North,286.96,2025-02-10
1739,2025-02-10,completed,1.0,North,54.02,2025-02-10
1740,2025-02-10,completed,1.0,North,545.92,2025-02-10
1741,2025-02-10,completed,1.0,Central,150.94,2025-02-10
1742,2025-02-10,completed,1.0,Central,127.20000000000002,2025-02-10
1743,2025-02-10,completed,1.0,South,207.66,2025-02-10
1744,2025-02-10,completed,1.0,East,18.01,2025-02-10
1745,2025-02-10,cancelled,1.0,South,356.36,2025-02-10
1746,2025-02-10,unknown_status,1.0,East,17.34,2025-02-10
1747,2025-02-10,completed,1.0,East,17.34,2025-02-10
1748,2025-02-10,completed,1.0,East,178.18,2025-02-10
1749,2025-02-10,refunded,1.0,South,74.05,2025-02-10
1750,2025-02-10,completed,1.0,South,176.46,2025-02-10
1751,2025-02-10,completed,1.0,North,18.01,2025-02-10
1752,2025-02-10,completed,1.0,East,595.67,2025-02-10
1753,2025-02-10,completed,1.0,Central,279.58000000000004,2025-02-10
1754,2025-02-10,completed,1.0,Central,178.18,2025-02-10
1755,2025-02-10,completed,1.0,Central,60.83,2025-02-10
1756,2025-02-10,completed,1.0,Central,74.05,2025-02-10
1757,2025-02-10,completed,1.0,South,88.23,2025-02-10
1758,2025-02-10,completed,1.0,South,81.41,2025-02-10
1759,2025-02-10,completed,1.0,North,202.8,2025-02-10
1760,2025-02-10,completed,1.0,South,120.94,2025-02-10
1761,2025-02-10,completed,1.0,North,138.73,2025-02-10
1762,2025-02-10,completed,1.0,Central,202.96,2025-02-10
1763,2025-02-10,completed,1.0,Central,74.05,2025-02-10
1764,2025-02-10,cancelled,1.0,East,56.34,2025-02-10
1765,2025-02-10,completed,1.0,South,534.54,2025-02-10
1766,2025-02-10,completed,1.0,South,94.03999999999999,2025-02-10
1767,2025-02-10,completed,1.0,South,146.36,2025-02-10
1768,2025-02-10,completed,1.0,Central,286.96,2025-02-10
1769,2025-02-10,completed,1.0,East,121.48,2025-02-10
1770,2025-02-10,completed,1.0,South,111.66,2025-02-10
1771,2025-02-10,completed,1.0,South,52.53,2025-02-10
1772,2025-02-10,completed,1.0,South,162.39,2025-02-10
1773,2025-02-10,completed,1.0,North,119.92,2025-02-10
1774,2025-02-11,unknown_status,1.0,North,54.02,2025-02-11
1775,2025-02-11,completed,1.0,Central,101.4,2025-02-11
1776,2025-02-11,completed,1.0,Central,134.23,2025-02-11
1777,2025-02-11,completed,1.0,North,832.4399999999999,2025-02-11
1778,2025-02-11,completed,1.0,North,54.02,2025-02-11
1779,2025-02-11,processing,1.0,North,219.54,2025-02-11
1780,2025-02-11,completed,1.0,North,30.54,2025-02-11
1781,2025-02-11,completed,1.0,North,50.78,2025-02-11
1782,2025-02-11,completed,1.0,Central,138.73,2025-02-11
1783,2025-02-11,completed,1.0,South,110.77,2025-02-11
1784,2025-02-11,completed,1.0,North,175.31,2025-02-11
1785,2025-02-11,cancelled,1.0,South,175.86,2025-02-11
1786,2025-02-11,completed,1.0,East,327.0,2025-02-11
1787,2025-02-11,completed,1.0,South,115.94,2025-02-11
1788,2025-02-11,completed,1.0,North,352.24,2025-02-11
1789,2025-02-11,completed,1.0,South,73.18,2025-02-11
1790,2025-02-11,completed,1.0,North,155.24,2025-02-11
1791,2025-02-11,completed,1.0,South,21.72,2025-02-11
1792,2025-02-11,completed,1.0,Central,110.77,2025-02-11
1793,2025-02-11,completed,1.0,East,54.02,2025-02-11
1794,2025-02-11,completed,1.0,North,77.62,2025-02-11
1795,2025-02-11,completed,1.0,Central,361.65,2025-02-11
1796,2025-02-11,completed,1.0,East,74.05,2025-02-11
1797,2025-02-11,completed,1.0,North,207.41,2025-02-11
1798,2025-02-11,refunded,1.0,North,37.56,2025-02-11
1799,2025-02-11,completed,1.0,East,29.53,2025-02-11
1800,2025-02-11,completed,1.0,Central,138.73,2025-02-11
1801,2025-02-11,completed,1.0,Central,103.72,2025-02-11
1802,2025-02-11,completed,1.0,East,50.78,2025-02-11
1803,2025-02-11,completed,1.0,South,33.21,2025-02-11
1804,2025-02-11,processing,1.0,North,77.62,2025-02-11
1805,2025-02-11,completed,1.0,South,71.58,2025-02-11
1806,2025-02-11,completed,1.0,East,356.36,2025-02-11
1807,2025-02-11,completed,1.0,Central,150.73,2025-02-11
1808,2025-02-11,completed,1.0,South,47.04,2025-02-11
1809,2025-02-11,processing,1.0,North,18.01,2025-02-11
1810,2025-02-11,completed,1.0,Central,47.04,2025-02-11
1811,2025-02-11,completed,1.0,Central,178.18,2025-02-11
1812,2025-02-11,refunded,1.0,Central,134.23,2025-02-11
1813,2025-02-11,completed,1.0,North,30.54,2025-02-11
1814,2025-02-11,refunded,1.0,East,18.01,2025-02-11
1815,2025-02-11,completed,1.0,East,180.42000000000002,2025-02-11
1816,2025-02-11,completed,1.0,North,138.73,2025-02-11
1817,2025-02-11,completed,1.0,North,379.24,2025-02-11
1818,2025-02-11,completed,1.0,Central,91.56,2025-02-11
1819,2025-02-11,completed,1.0,East,27.79,2025-02-11
1820,2025-02-11,completed,1.0,South,552.55,2025-02-11
1821,2025-02-11,cancelled,1.0,South,146.36,2025-02-11
1822,2025-02-11,completed,1.0,Central,228.98,2025-02-11
1823,2025-02-11,completed,1.0,Central,37.22,2025-02-11
1824,2025-02-11,completed,1.0,Central,189.51,2025-02-11
1825,2025-02-11,unknown_status,1.0,South,18.01,2025-02-11
1826,2025-02-11,completed,1.0,South,54.02,2025-02-11
1827,2025-02-11,cancelled,1.0,East,121.48,2025-02-11
1828,2025-02-11,completed,1.0,Central,244.88,2025-02-11
1829,2025-02-11,processing,1.0,South,336.34999999999997,2025-02-11
1830,2025-02-11,completed,1.0,North,73.18,2025-02-11
1831,2025-02-11,completed,1.0,Central,38.49,2025-02-11
1832,2025-02-11,completed,1.0,Central,268.46,2025-02-11
1833,2025-02-12,completed,1.0,South,33.21,2025-02-12
1834,2025-02-12,completed,1.0,East,134.23,2025-02-12
1835,2025-02-12,processing,1.0,North,47.04,2025-02-12
1836,2025-02-12,processing,1.0,East,360.08,2025-02-12
1837,2025-02-12,completed,1.0,North,43.6,2025-02-12
1838,2025-02-12,cancelled,1.0,North,50.78,2025-02-12
1839,2025-02-12,completed,1.0,South,317.01,2025-02-12
1840,2025-02-12,completed,1.0,South,47.04,2025-02-12
1841,2025-02-12,processing,1.0,Central,27.79,2025-02-12
1842,2025-02-12,completed,1.0,North,58.879999999999995,2025-02-12
1843,2025-02-12,completed,1.0,North,178.18,2025-02-12
1844,2025-02-12,completed,1.0,North,103.25,2025-02-12
1845,2025-02-12,cancelled,1.0,East,38.49,2025-02-12
1846,2025-02-12,completed,1.0,East,74.05,2025-02-12
1847,2025-02-12,completed,1.0,Central,268.58000000000004,2025-02-12
1848,2025-02-12,completed,1.0,North,68.92,2025-02-12
1849,2025-02-12,completed,1.0,Central,71.35,2025-02-12
1850,2025-02-12,processing,1.0,South,101.56,2025-02-12
1851,2025-02-12,cancelled,1.0,North,124.9,2025-02-12
1852,2025-02-12,cancelled,1.0,East,107.62,2025-02-12
1853,2025-02-12,completed,1.0,North,77.62,2025-02-12
1854,2025-02-12,completed,1.0,Central,162.09,2025-02-12
1855,2025-02-12,completed,1.0,Central,21.72,2025-02-12
1856,2025-02-12,completed,1.0,East,10.75,2025-02-12
1857,2025-02-12,completed,1.0,North,64.98,2025-02-12
1858,2025-02-12,processing,1.0,East,121.48,2025-02-12
1859,2025-02-12,unknown_status,1.0,North,38.49,2025-02-12
1860,2025-02-12,completed,1.0,North,283.77,2025-02-12
1861,2025-02-12,completed,1.0,East,121.48,2025-02-12
1862,2025-02-12,completed,1.0,Central,252.23000000000002,2025-02-12
1863,2025-02-12,completed,1.0,South,43.6,2025-02-12
1864,2025-02-12,completed,1.0,East,60.83,2025-02-12
1865,2025-02-12,completed,1.0,South,54.02,2025-02-12
1866,2025-02-12,completed,1.0,East,192.75,2025-02-12
1867,2025-02-12,processing,1.0,South,124.9,2025-02-12
1868,2025-02-12,completed,1.0,South,52.02,2025-02-12
1869,2025-02-12,completed,1.0,Central,10.75,2025-02-12
1870,2025-02-12,completed,1.0,North,93.61,2025-02-12
1871,2025-02-12,completed,1.0,South,88.23,2025-02-12
1872,2025-02-12,completed,1.0,East,243.57999999999998,2025-02-12
1873,2025-02-12,processing,1.0,North,98.75,2025-02-12
1874,2025-02-12,completed,1.0,East,133.36,2025-02-12
1875,2025-02-12,completed,1.0,East,74.05,2025-02-12
1876,2025-02-12,completed,1.0,North,348.44,2025-02-12
1877,2025-02-12,unknown_status,1.0,Central,242.96,2025-02-12
1878,2025-02-12,processing,1.0,East,146.82999999999998,2025-02-12
1879,2025-02-12,completed,1.0,North,317.65,2025-02-12
1880,2025-02-12,processing,1.0,South,47.04,2025-02-12
1881,2025-02-12,completed,1.0,South,54.02,2025-02-12
1882,2025-02-12,completed,1.0,South,64.78,2025-02-12
1883,2025-02-12,completed,1.0,Central,406.46,2025-02-12
1884,2025-02-12,processing,1.0,East,111.66,2025-02-12
1885,2025-02-12,completed,1.0,North,33.21,2025-02-12
1886,2025-02-12,completed,1.0,East,310.63,2025-02-12
1887,2025-02-12,completed,1.0,Central,43.32,2025-02-12
1888,2025-02-12,completed,1.0,North,327.72,2025-02-12
1889,2025-02-12,completed,1.0,South,43.32,2025-02-12
1890,2025-02-12,completed,1.0,South,18.01,2025-02-12
1891,2025-02-12,completed,1.0,South,37.56,2025-02-12
1892,2025-02-12,completed,1.0,Central,27.79,2025-02-12
1893,2025-02-13,completed,1.0,South,114.55000000000001,2025-02-13
1894,2025-02-13,processing,1.0,North,161.55,2025-02-13
1895,2025-02-13,completed,1.0,East,203.14999999999998,2025-02-13
1896,2025-02-13,cancelled,1.0,East,49.45,2025-02-13
1897,2025-02-13,completed,1.0,South,121.48,2025-02-13
1898,2025-02-13,completed,1.0,North,477.84000000000003,2025-02-13
1899,2025-02-13,completed,1.0,Central,138.73,2025-02-13
1900,2025-02-13,completed,1.0,North,18.01,2025-02-13
1901,2025-02-13,completed,1.0,North,17.34,2025-02-13
1902,2025-02-13,completed,1.0,South,68.92,2025-02-13
1903,2025-02-13,completed,1.0,North,77.62,2025-02-13
1904,2025-02-13,completed,1.0,East,63.77,2025-02-13
1905,2025-02-13,completed,1.0,East,242.96,2025-02-13
1906,2025-02-13,completed,1.0,Central,38.48,2025-02-13
1907,2025-02-13,completed,1.0,North,274.51,2025-02-13
1908,2025-02-13,completed,1.0,Central,316.14,2025-02-13
1909,2025-02-13,completed,1.0,North,268.46,2025-02-13
1910,2025-02-13,completed,1.0,South,180.81,2025-02-13
1911,2025-02-13,completed,1.0,South,271.23,2025-02-13
1912,2025-02-13,processing,1.0,South,134.23,2025-02-13
1913,2025-02-13,completed,1.0,South,175.26,2025-02-13
1914,2025-02-13,completed,1.0,South,21.66,2025-02-13
1915,2025-02-13,completed,1.0,Central,74.05,2025-02-13
1916,2025-02-13,completed,1.0,Central,33.21,2025-02-13
1917,2025-02-13,completed,1.0,South,101.4,2025-02-13
1918,2025-02-13,completed,1.0,South,142.97,2025-02-13
1919,2025-02-13,completed,1.0,Central,21.5,2025-02-13
1920,2025-02-13,completed,1.0,South,259.13,2025-02-13
1921,2025-02-13,processing,1.0,East,54.02,2025-02-13
1922,2025-02-13,completed,1.0,East,48.55,2025-02-13
1923,2025-02-13,completed,1.0,Central,30.54,2025-02-13
1924,2025-02-13,processing,1.0,South,47.04,2025-02-13
1925,2025-02-13,completed,1.0,East,53.81,2025-02-13
1926,2025-02-13,completed,1.0,North,138.73,2025-02-13
1927,2025-02-13,cancelled,1.0,Central,101.4,2025-02-13
1928,2025-02-13,completed,1.0,South,21.66,2025-02-13
1929,2025-02-13,completed,1.0,South,18.01,2025-02-13
1930,2025-02-13,completed,1.0,Central,103.83,2025-02-13
1931,2025-02-13,cancelled,1.0,South,322.98,2025-02-13
1932,2025-02-13,processing,1.0,East,138.73,2025-02-13
1933,2025-02-13,completed,1.0,East,21.66,2025-02-13
1934,2025-02-13,completed,1.0,North,124.9,2025-02-13
1935,2025-02-13,completed,1.0,North,216.66,2025-02-13
1936,2025-02-13,completed,1.0,North,18.01,2025-02-13
1937,2025-02-13,completed,1.0,North,121.66,2025-02-13
1938,2025-02-13,processing,1.0,East,115.83000000000001,2025-02-13
1939,2025-02-13,unknown_status,1.0,Central,37.22,2025-02-13
1940,2025-02-13,completed,1.0,South,83.17,2025-02-13
1941,2025-02-13,completed,1.0,North,27.79,2025-02-13
1942,2025-02-13,completed,1.0,South,127.25,2025-02-13
1943,2025-02-13,completed,1.0,North,54.02,2025-02-13
1944,2025-02-13,completed,1.0,South,142.7,2025-02-13
1945,2025-02-13,completed,1.0,South,139.49,2025-02-13
1946,2025-02-14,completed,1.0,North,38.48,2025-02-14
1947,2025-02-14,completed,1.0,North,110.77,2025-02-14
1948,2025-02-14,completed,1.0,Central,73.18,2025-02-14
1949,2025-02-14,completed,1.0,Central,121.48,2025-02-14
1950,2025-02-14,cancelled,1.0,East,78.17,2025-02-14
1951,2025-02-14,completed,1.0,South,138.73,2025-02-14
1952,2025-02-14,processing,1.0,East,109.17,2025-02-14
1953,2025-02-14,completed,1.0,South,100.37,2025-02-14
1954,2025-02-14,completed,1.0,Central,38.49,2025-02-14
1955,2025-02-14,completed,1.0,North,47.04,2025-02-14
1956,2025-02-14,completed,1.0,Central,249.8,2025-02-14
1957,2025-02-14,completed,1.0,Central,106.14,2025-02-14
1958,2025-02-14,completed,1.0,North,170.37,2025-02-14
1959,2025-02-14,completed,1.0,East,251.51999999999998,2025-02-14
1960,2025-02-14,refunded,1.0,East,103.83,2025-02-14
1961,2025-02-14,completed,1.0,South,268.38,2025-02-14
1962,2025-02-14,completed,1.0,East,137.84,2025-02-14
1963,2025-02-14,completed,1.0,Central,94.08,2025-02-14
1964,2025-02-14,completed,1.0,South,74.05,2025-02-14
1965,2025-02-14,completed,1.0,South,73.18,2025-02-14
1966,2025-02-14,completed,1.0,North,27.79,2025-02-14
1967,2025-02-14,completed,1.0,Central,111.66,2025-02-14
1968,2025-02-14,completed,1.0,Central,134.23,2025-02-14
1969,2025-02-14,completed,1.0,South,101.4,2025-02-14
1970,2025-02-14,processing,1.0,Central,411.93999999999994,2025-02-14
1971,2025-02-14,completed,1.0,South,247.10000000000002,2025-02-14
1972,2025-02-14,completed,1.0,South,178.92000000000002,2025-02-14
1973,2025-02-14,completed,1.0,North,50.78,2025-02-14
1974,2025-02-14,completed,1.0,Central,43.96,2025-02-14
1975,2025-02-14,completed,1.0,South,482.41,2025-02-14
1976,2025-02-14,completed,1.0,Central,143.48,2025-02-14
1977,2025-02-14,completed,1.0,South,38.49,2025-02-14
1978,2025-02-14,completed,1.0,South,177.54999999999998,2025-02-14
1979,2025-02-14,completed,1.0,South,124.9,2025-02-14
1980,2025-02-14,completed,1.0,South,244.76,2025-02-14
1981,2025-02-14,completed,1.0,North,50.78,2025-02-14
1982,2025-02-14,processing,1.0,South,254.75,2025-02-14
1983,2025-02-14,completed,1.0,East,50.78,2025-02-14
1984,2025-02-14,completed,1.0,South,71.35,2025-02-14
1985,2025-02-14,completed,1.0,East,319.32,2025-02-14
1986,2025-02-14,completed,1.0,East,94.08,2025-02-14
1987,2025-02-14,completed,1.0,South,38.54,2025-02-14
1988,2025-02-14,processing,1.0,North,198.18,2025-02-14
1989,2025-02-14,completed,1.0,Central,271.02,2025-02-14
1990,2025-02-14,completed,1.0,East,405.02,2025-02-14
1991,2025-02-14,completed,1.0,East,10.75,2025-02-14
1992,2025-02-14,completed,1.0,East,115.47,2025-02-14
1993,2025-02-14,completed,1.0,Central,206.76,2025-02-14
1994,2025-02-14,processing,1.0,East,68.92,2025-02-14
1995,2025-02-14,processing,1.0,South,286.96,2025-02-14
1996,2025-02-14,completed,1.0,South,54.02,2025-02-14
1997,2025-02-14,completed,1.0,East,150.73,2025-02-14
1998,2025-02-14,completed,1.0,South,121.09,2025-02-14
1999,2025-02-14,completed,1.0,South,68.92,2025-02-14
2000,2025-02-14,completed,1.0,South,144.01,2025-02-14
2001,2025-02-14,completed,1.0,North,100.37,2025-02-14
2002,2025-02-14,completed,1.0,North,18.01,2025-02-14
2003,2025-02-15,completed,1.0,Central,18.01,2025-02-15
2004,2025-02-15,completed,1.0,South,134.77,2025-02-15
2005,2025-02-15,processing,1.0,North,129.34,2025-02-15
2006,2025-02-15,completed,1.0,North,50.78,2025-02-15
2007,2025-02-15,completed,1.0,Central,149.48,2025-02-15
2008,2025-02-15,completed,1.0,Central,152.34,2025-02-15
2009,2025-02-15,completed,1.0,Central,10.75,2025-02-15
2010,2025-02-15,completed,1.0,North,256.86,2025-02-15
2011,2025-02-15,completed,1.0,South,221.54,2025-02-15
2012,2025-02-15,refunded,1.0,East,68.92,2025-02-15
2013,2025-02-15,completed,1.0,South,264.96,2025-02-15
2014,2025-02-15,processing,1.0,South,73.18,2025-02-15
2015,2025-02-15,completed,1.0,East,88.23,2025-02-15
2016,2025-02-15,completed,1.0,South,394.29,2025-02-15
2017,2025-02-15,completed,1.0,East,181.26999999999998,2025-02-15
2018,2025-02-15,completed,1.0,South,60.83,2025-02-15
2019,2025-02-15,completed,1.0,East,110.77,2025-02-15
2020,2025-02-15,completed,1.0,North,235.67000000000002,2025-02-15
2021,2025-02-15,completed,1.0,North,133.0,2025-02-15
2022,2025-02-15,completed,1.0,South,68.92,2025-02-15
2023,2025-02-15,completed,1.0,North,143.48,2025-02-15
2024,2025-02-15,completed,1.0,North,54.02,2025-02-15
2025,2025-02-15,completed,1.0,East,100.37,2025-02-15
2026,2025-02-15,completed,1.0,North,134.23,2025-02-15
2027,2025-02-15,processing,1.0,North,30.54,2025-02-15
2028,2025-02-15,completed,1.0,Central,112.28,2025-02-15
2029,2025-02-15,completed,1.0,Central,54.02,2025-02-15
2030,2025-02-15,processing,1.0,South,244.88,2025-02-15
2031,2025-02-15,completed,1.0,North,92.45,2025-02-15
2032,2025-02-15,completed,1.0,North,372.27,2025-02-15
2033,2025-02-15,processing,1.0,Central,27.79,2025-02-15
2034,2025-02-15,completed,1.0,East,27.79,2025-02-15
2035,2025-02-15,completed,1.0,Central,146.36,2025-02-15
2036,2025-02-15,refunded,1.0,South,91.37,2025-02-15
2037,2025-02-15,completed,1.0,South,261.66999999999996,2025-02-15
2038,2025-02-15,completed,1.0,Central,18.01,2025-02-15
2039,2025-02-15,completed,1.0,North,103.83,2025-02-15
2040,2025-02-15,completed,1.0,East,138.73,2025-02-15
2041,2025-02-15,completed,1.0,South,76.98,2025-02-15
2042,2025-02-15,completed,1.0,North,18.01,2025-02-15
2043,2025-02-15,completed,1.0,East,21.66,2025-02-15
2044,2025-02-15,completed,1.0,South,78.84,2025-02-15
2045,2025-02-15,completed,1.0,North,105.06,2025-02-15
2046,2025-02-15,cancelled,1.0,South,10.75,2025-02-15
2047,2025-02-15,completed,1.0,North,71.35,2025-02-15
2048,2025-02-15,completed,1.0,Central,121.09,2025-02-15
2049,2025-02-15,completed,1.0,Central,268.46,2025-02-15
2050,2025-02-15,completed,1.0,South,109.17,2025-02-15
2051,2025-02-15,completed,1.0,East,150.73,2025-02-15
2052,2025-02-15,completed,1.0,North,121.48,2025-02-15
2053,2025-02-15,processing,1.0,South,66.58,2025-02-15
2054,2025-02-15,completed,1.0,East,207.96,2025-02-15
2055,2025-02-15,processing,1.0,North,47.04,2025-02-15
2056,2025-02-15,unknown_status,1.0,East,18.78,2025-02-15
2057,2025-02-15,completed,1.0,Central,174.75,2025-02-15
2058,2025-02-15,processing,1.0,North,119.5,2025-02-15
2059,2025-02-15,completed,1.0,South,59.75,2025-02-15
2060,2025-02-15,completed,1.0,Central,27.79,2025-02-15
2061,2025-02-15,completed,1.0,East,10.75,2025-02-15
2062,2025-02-15,completed,1.0,North,218.7,2025-02-15
2063,2025-02-15,completed,1.0,North,47.04,2025-02-15
2064,2025-02-15,completed,1.0,East,60.83,2025-02-15
2065,2025-02-16,completed,1.0,Central,149.48,2025-02-16
2066,2025-02-16,completed,1.0,South,54.02,2025-02-16
2067,2025-02-16,completed,1.0,Central,121.48,2025-02-16
2068,2025-02-16,refunded,1.0,East,68.92,2025-02-16
2069,2025-02-16,completed,1.0,Central,10.75,2025-02-16
2070,2025-02-16,processing,1.0,East,43.32,2025-02-16
2071,2025-02-16,completed,1.0,South,150.73,2025-02-16
2072,2025-02-16,completed,1.0,Central,87.23,2025-02-16
2073,2025-02-16,completed,1.0,East,18.78,2025-02-16
2074,2025-02-16,completed,1.0,East,68.92,2025-02-16
2075,2025-02-16,completed,1.0,East,73.18,2025-02-16
2076,2025-02-16,completed,1.0,East,62.38,2025-02-16
2077,2025-02-16,refunded,1.0,North,10.75,2025-02-16
2078,2025-02-16,processing,1.0,North,52.53,2025-02-16
2079,2025-02-16,completed,1.0,East,293.97,2025-02-16
2080,2025-02-16,completed,1.0,East,68.92,2025-02-16
2081,2025-02-16,completed,1.0,Central,103.83,2025-02-16
2082,2025-02-16,completed,1.0,East,37.22,2025-02-16
2083,2025-02-16,completed,1.0,North,73.18,2025-02-16
2084,2025-02-16,completed,1.0,East,244.54,2025-02-16
2085,2025-02-16,completed,1.0,Central,37.22,2025-02-16
2086,2025-02-16,processing,1.0,South,18.01,2025-02-16
2087,2025-02-16,completed,1.0,East,251.36,2025-02-16
2088,2025-02-16,completed,1.0,Central,21.66,2025-02-16
2089,2025-02-16,completed,1.0,East,60.94,2025-02-16
2090,2025-02-16,completed,1.0,South,529.81,2025-02-16
2091,2025-02-16,completed,1.0,North,105.24000000000001,2025-02-16
2092,2025-02-16,completed,1.0,East,110.77,2025-02-16
2093,2025-02-16,completed,1.0,South,60.83,2025-02-16
2094,2025-02-16,completed,1.0,South,143.48,2025-02-16
2095,2025-02-16,completed,1.0,Central,197.5,2025-02-16
2096,2025-02-16,completed,1.0,Central,21.66,2025-02-16
2097,2025-02-16,completed,1.0,South,188.25,2025-02-16
2098,2025-02-16,completed,1.0,South,110.77,2025-02-16
2099,2025-02-16,completed,1.0,South,150.73,2025-02-16
2100,2025-02-16,completed,1.0,South,182.49,2025-02-16
2101,2025-02-16,completed,1.0,Central,68.92,2025-02-16
2102,2025-02-16,completed,1.0,Central,68.92,2025-02-16
2103,2025-02-16,processing,1.0,Central,197.84,2025-02-16
2104,2025-02-16,completed,1.0,South,114.55000000000001,2025-02-16
2105,2025-02-16,completed,1.0,Central,75.69999999999999,2025-02-16
2106,2025-02-16,completed,1.0,Central,68.92,2025-02-16
2107,2025-02-16,completed,1.0,North,75.74000000000001,2025-02-16
2108,2025-02-16,completed,1.0,South,101.4,2025-02-16
2109,2025-02-16,completed,1.0,East,21.66,2025-02-16
2110,2025-02-16,processing,1.0,Central,113.36,2025-02-16
2111,2025-02-16,completed,1.0,South,138.73,2025-02-16
2112,2025-02-16,completed,1.0,East,110.18,2025-02-16
2113,2025-02-16,completed,1.0,Central,47.04,2025-02-16
2114,2025-02-16,processing,1.0,South,103.38,2025-02-16
2115,2025-02-16,completed,1.0,South,235.67000000000002,2025-02-16
2116,2025-02-16,completed,1.0,South,265.7,2025-02-16
2117,2025-02-16,completed,1.0,South,148.1,2025-02-16
2118,2025-02-16,completed,1.0,South,18.01,2025-02-16
2119,2025-02-16,completed,1.0,South,54.02,2025-02-16
2120,2025-02-16,refunded,1.0,Central,73.18,2025-02-16
2121,2025-02-16,completed,1.0,East,121.48,2025-02-16
2122,2025-02-16,completed,1.0,North,110.77,2025-02-16
2123,2025-02-16,processing,1.0,North,302.99,2025-02-16
2124,2025-02-17,completed,1.0,South,359.9,2025-02-17
2125,2025-02-17,completed,1.0,East,109.35,2025-02-17
2126,2025-02-17,completed,1.0,Central,18.01,2025-02-17
2127,2025-02-17,completed,1.0,Central,239.29000000000002,2025-02-17
2128,2025-02-17,completed,1.0,South,138.73,2025-02-17
2129,2025-02-17,completed,1.0,South,301.46,2025-02-17
2130,2025-02-17,completed,1.0,South,103.83,2025-02-17
2131,2025-02-17,completed,1.0,North,407.01,2025-02-17
2132,2025-02-17,completed,1.0,Central,425.68999999999994,2025-02-17
2133,2025-02-17,completed,1.0,Central,74.05,2025-02-17
2134,2025-02-17,completed,1.0,Central,38.49,2025-02-17
2135,2025-02-17,processing,1.0,South,63.77,2025-02-17
2136,2025-02-17,completed,1.0,Central,54.02,2025-02-17
2137,2025-02-17,completed,1.0,East,103.83,2025-02-17
2138,2025-02-17,completed,1.0,Central,242.67,2025-02-17
2139,2025-02-17,completed,1.0,Central,178.18,2025-02-17
2140,2025-02-17,completed,1.0,East,143.48,2025-02-17
2141,2025-02-17,completed,1.0,North,59.75,2025-02-17
2142,2025-02-17,cancelled,1.0,South,188.79,2025-02-17
2143,2025-02-17,cancelled,1.0,Central,18.78,2025-02-17
2144,2025-02-17,completed,1.0,East,88.23,2025-02-17
2145,2025-02-17,completed,1.0,East,134.23,2025-02-17
2146,2025-02-17,completed,1.0,North,254.25,2025-02-17
2147,2025-02-17,completed,1.0,North,104.80000000000001,2025-02-17
2148,2025-02-17,completed,1.0,Central,110.77,2025-02-17
2149,2025-02-17,processing,1.0,East,168.07,2025-02-17
2150,2025-02-17,cancelled,1.0,East,232.81,2025-02-17
2151,2025-02-17,processing,1.0,Central,47.04,2025-02-17
2152,2025-02-17,completed,1.0,East,50.78,2025-02-17
2153,2025-02-17,completed,1.0,East,191.31,2025-02-17
2154,2025-02-17,completed,1.0,South,156.73999999999998,2025-02-17
2155,2025-02-17,completed,1.0,North,121.48,2025-02-17
2156,2025-02-17,completed,1.0,East,50.78,2025-02-17
2157,2025-02-17,completed,1.0,North,134.23,2025-02-17
2158,2025-02-17,completed,1.0,Central,152.02,2025-02-17
2159,2025-02-17,completed,1.0,East,33.21,2025-02-17
2160,2025-02-17,completed,1.0,Central,211.91,2025-02-17
2161,2025-02-17,completed,1.0,Central,18.01,2025-02-17
2162,2025-02-17,completed,1.0,Central,72.03,2025-02-17
2163,2025-02-17,completed,1.0,East,47.04,2025-02-17
2164,2025-02-17,completed,1.0,East,73.18,2025-02-17
2165,2025-02-17,completed,1.0,South,534.54,2025-02-17
2166,2025-02-17,completed,1.0,South,88.91,2025-02-17
2167,2025-02-17,completed,1.0,North,10.75,2025-02-17
2168,2025-02-17,completed,1.0,Central,18.78,2025-02-17
2169,2025-02-17,completed,1.0,Central,153.03,2025-02-17
2170,2025-02-17,completed,1.0,East,301.46,2025-02-17
2171,2025-02-17,completed,1.0,North,218.7,2025-02-17
2172,2025-02-17,completed,1.0,North,18.01,2025-02-17
2173,2025-02-17,completed,1.0,East,103.83,2025-02-17
2174,2025-02-17,completed,1.0,South,73.18,2025-02-17
2175,2025-02-17,completed,1.0,East,188.25,2025-02-17
2176,2025-02-17,completed,1.0,East,50.78,2025-02-17
2177,2025-02-17,completed,1.0,South,143.48,2025-02-17
2178,2025-02-17,completed,1.0,South,150.73,2025-02-17
2179,2025-02-17,completed,1.0,South,77.02,2025-02-17
2180,2025-02-17,completed,1.0,South,178.18,2025-02-17
2181,2025-02-17,completed,1.0,North,73.18,2025-02-17
2182,2025-02-17,completed,1.0,North,194.12,2025-02-17
2183,2025-02-17,completed,1.0,North,18.78,2025-02-17
2184,2025-02-17,completed,1.0,South,103.19,2025-02-17
2185,2025-02-17,completed,1.0,East,45.8,2025-02-17
2186,2025-02-17,completed,1.0,South,321.22,2025-02-17
2187,2025-02-17,completed,1.0,North,178.18,2025-02-17
2188,2025-02-18,completed,1.0,North,50.78,2025-02-18
2189,2025-02-18,cancelled,1.0,South,324.84000000000003,2025-02-18
2190,2025-02-18,unknown_status,1.0,Central,18.78,2025-02-18
2191,2025-02-18,completed,1.0,Central,73.18,2025-02-18
2192,2025-02-18,completed,1.0,Central,37.22,2025-02-18
2193,2025-02-18,completed,1.0,South,588.42,2025-02-18
2194,2025-02-18,completed,1.0,South,308.46,2025-02-18
2195,2025-02-18,processing,1.0,South,187.07999999999998,2025-02-18
2196,2025-02-18,completed,1.0,North,188.39,2025-02-18
2197,2025-02-18,completed,1.0,East,10.75,2025-02-18
2198,2025-02-18,cancelled,1.0,South,18.01,2025-02-18
2199,2025-02-18,completed,1.0,East,150.73,2025-02-18
2200,2025-02-18,cancelled,1.0,East,150.73,2025-02-18
2201,2025-02-18,unknown_status,1.0,Central,282.22,2025-02-18
2202,2025-02-18,cancelled,1.0,South,74.05,2025-02-18
2203,2025-02-18,processing,1.0,North,268.02,2025-02-18
2204,2025-02-18,completed,1.0,South,107.69,2025-02-18
2205,2025-02-18,completed,1.0,South,162.06,2025-02-18
2206,2025-02-18,completed,1.0,North,190.59,2025-02-18
2207,2025-02-18,completed,1.0,North,478.02,2025-02-18
2208,2025-02-18,completed,1.0,Central,88.91,2025-02-18
2209,2025-02-18,cancelled,1.0,East,158.82,2025-02-18
2210,2025-02-18,completed,1.0,Central,55.870000000000005,2025-02-18
2211,2025-02-18,completed,1.0,Central,134.23,2025-02-18
2212,2025-02-18,completed,1.0,Central,60.83,2025-02-18
2213,2025-02-18,completed,1.0,North,218.7,2025-02-18
2214,2025-02-18,completed,1.0,North,60.83,2025-02-18
2215,2025-02-18,completed,1.0,South,54.02,2025-02-18
2216,2025-02-18,processing,1.0,East,192.75,2025-02-18
2217,2025-02-18,completed,1.0,Central,36.02,2025-02-18
2218,2025-02-18,completed,1.0,South,18.01,2025-02-18
2219,2025-02-18,cancelled,1.0,South,77.62,2025-02-18
2220,2025-02-18,completed,1.0,South,54.02,2025-02-18
2221,2025-02-18,completed,1.0,North,108.04,2025-02-18
2222,2025-02-18,completed,1.0,Central,18.78,2025-02-18
2223,2025-02-18,completed,1.0,North,37.22,2025-02-18
2224,2025-02-18,completed,1.0,Central,60.83,2025-02-18
2225,2025-02-18,completed,1.0,North,48.55,2025-02-18
2226,2025-02-18,unknown_status,1.0,South,50.78,2025-02-18
2227,2025-02-18,completed,1.0,Central,77.62,2025-02-18
2228,2025-02-18,completed,1.0,South,65.05,2025-02-18
2229,2025-02-18,completed,1.0,South,270.96,2025-02-18
2230,2025-02-18,completed,1.0,East,103.72,2025-02-18
2231,2025-02-18,completed,1.0,Central,38.49,2025-02-18
2232,2025-02-18,completed,1.0,North,21.66,2025-02-18
2233,2025-02-18,completed,1.0,South,215.69,2025-02-18
2234,2025-02-18,completed,1.0,East,143.48,2025-02-18
2235,2025-02-18,completed,1.0,South,195.48000000000002,2025-02-18
2236,2025-02-18,completed,1.0,East,146.36,2025-02-18
2237,2025-02-18,completed,1.0,Central,356.36,2025-02-18
2238,2025-02-18,completed,1.0,South,76.96,2025-02-18
2239,2025-02-18,completed,1.0,South,178.66,2025-02-18
2240,2025-02-18,completed,1.0,East,73.18,2025-02-18
2241,2025-02-18,completed,1.0,North,73.18,2025-02-18
2242,2025-02-18,processing,1.0,North,202.28,2025-02-18
2243,2025-02-18,completed,1.0,North,360.14,2025-02-18
2244,2025-02-18,completed,1.0,Central,415.40999999999997,2025-02-18
2245,2025-02-18,completed,1.0,Central,200.74,2025-02-18
2246,2025-02-18,completed,1.0,East,108.04,2025-02-18
2247,2025-02-18,completed,1.0,South,255.70999999999998,2025-02-18
2248,2025-02-19,processing,,North,24.61,2025-02-19
2249,2025-02-19,completed,,Central,684.37,2025-02-19
2250,2025-02-19,completed,,East,43.74,2025-02-19
2251,2025-02-19,processing,,Central,147.45,2025-02-19
2252,2025-02-19,completed,,East,438.46,2025-02-19
2253,2025-02-19,processing,,North,202.48,2025-02-19
2254,2025-02-19,completed,,South,98.78999999999999,2025-02-19
2255,2025-02-19,completed,,South,473.68,2025-02-19
2256,2025-02-19,completed,,Central,95.38,2025-02-19
2257,2025-02-19,completed,,Central,61.39,2025-02-19
2258,2025-02-19,completed,,Central,69.13,2025-02-19
2259,2025-02-19,completed,,North,141.93,2025-02-19
2260,2025-02-19,cancelled,,South,69.13,2025-02-19
2261,2025-02-19,completed,,North,210.04999999999998,2025-02-19
2262,2025-02-19,completed,,North,83.16,2025-02-19
2263,2025-02-19,completed,,Central,37.74,2025-02-19
2264,2025-02-19,completed,,East,69.13,2025-02-19
2265,2025-02-19,cancelled,,East,163.05,2025-02-19
2266,2025-02-19,completed,,South,12.22,2025-02-19
2267,2025-02-19,completed,,North,12.22,2025-02-19
2268,2025-02-19,completed,,East,61.39,2025-02-19
2269,2025-02-19,completed,,South,173.9,2025-02-19
2270,2025-02-19,completed,,East,114.06,2025-02-19
2271,2025-02-19,completed,,North,43.73,2025-02-19
2272,2025-02-19,cancelled,,North,83.16,2025-02-19
2273,2025-02-19,completed,,East,37.74,2025-02-19
2274,2025-02-19,completed,,South,159.39999999999998,2025-02-19
2275,2025-02-19,completed,,North,200.79000000000002,2025-02-19
2276,2025-02-19,completed,,Central,24.68,2025-02-19
2277,2025-02-19,completed,,North,173.9,2025-02-19
2278,2025-02-19,completed,,Central,205.35000000000002,2025-02-19
2279,2025-02-19,completed,,Central,87.48,2025-02-19
2280,2025-02-19,cancelled,,South,323.81,2025-02-19
2281,2025-02-19,completed,,Central,83.16,2025-02-19
2282,2025-02-19,completed,,Central,53.45,2025-02-19
2283,2025-02-19,completed,,North,62.769999999999996,2025-02-19
2284,2025-02-19,completed,,East,157.65,2025-02-19
2285,2025-02-19,processing,,North,43.73,2025-02-19
2286,2025-02-19,completed,,East,224.89,2025-02-19
2287,2025-02-20,processing,,North,432.58,2025-02-20
2288,2025-02-20,completed,,East,135.0,2025-02-20
2289,2025-02-20,unknown_status,,South,315.3,2025-02-20
2290,2025-02-20,completed,,East,53.45,2025-02-20
2291,2025-02-20,completed,,North,49.55,2025-02-20
2292,2025-02-20,processing,,East,259.56,2025-02-20
2293,2025-02-20,completed,,East,12.22,2025-02-20
2294,2025-02-20,completed,,Central,78.32,2025-02-20
2295,2025-02-20,completed,,North,83.16,2025-02-20
2296,2025-02-20,completed,,Central,192.36,2025-02-20
2297,2025-02-20,completed,,Central,192.62,2025-02-20
2298,2025-02-20,completed,,South,61.39,2025-02-20
2299,2025-02-20,processing,,East,20.47,2025-02-20
2300,2025-02-20,completed,,North,363.06,2025-02-20
2301,2025-02-20,cancelled,,East,87.46,2025-02-20
2302,2025-02-20,refunded,,South,81.08,2025-02-20
2303,2025-02-20,completed,,North,163.05,2025-02-20
2304,2025-02-20,completed,,South,99.13,2025-02-20
2305,2025-02-20,processing,,South,262.23,2025-02-20
2306,2025-02-20,completed,,South,12.22,2025-02-20
2307,2025-02-20,completed,,East,366.99,2025-02-20
2308,2025-02-20,completed,,South,283.09,2025-02-20
2309,2025-02-20,completed,,Central,49.22,2025-02-20
2310,2025-02-20,completed,,North,49.55,2025-02-20
2311,2025-02-20,completed,,South,83.16,2025-02-20
2312,2025-02-20,completed,,East,221.67000000000002,2025-02-20
2313,2025-02-20,completed,,South,124.26,2025-02-20
2314,2025-02-20,completed,,East,182.16,2025-02-20
2315,2025-02-20,completed,,Central,24.44,2025-02-20
2316,2025-02-20,completed,,South,157.45999999999998,2025-02-20
2317,2025-02-20,completed,,Central,67.9,2025-02-20
2318,2025-02-20,completed,,North,276.1,2025-02-20
2319,2025-02-21,processing,,North,61.39,2025-02-21
2320,2025-02-21,completed,,South,139.70999999999998,2025-02-21
2321,2025-02-21,completed,,North,83.16,2025-02-21
2322,2025-02-21,completed,,East,20.47,2025-02-21
2323,2025-02-21,completed,,Central,138.05,2025-02-21
2324,2025-02-21,completed,,South,24.61,2025-02-21
2325,2025-02-21,completed,,South,117.99,2025-02-21
2326,2025-02-21,completed,,South,253.25,2025-02-21
2327,2025-02-21,completed,,South,117.99,2025-02-21
2328,2025-02-21,completed,,North,202.48,2025-02-21
2329,2025-02-21,completed,,North,124.94,2025-02-21
2330,2025-02-21,completed,,Central,260.87,2025-02-21
2331,2025-02-21,completed,,North,125.88,2025-02-21
2332,2025-02-21,completed,,East,305.1,2025-02-21
2333,2025-02-21,completed,,North,69.13,2025-02-21
2334,2025-02-21,completed,,Central,122.78,2025-02-21
2335,2025-02-21,completed,,Central,232.76,2025-02-21
2336,2025-02-21,cancelled,,South,156.64,2025-02-21
2337,2025-02-21,completed,,East,197.04000000000002,2025-02-21
2338,2025-02-21,completed,,Central,100.26,2025-02-21
2339,2025-02-21,completed,,North,267.18,2025-02-21
2340,2025-02-21,completed,,East,157.65,2025-02-21
2341,2025-02-21,completed,,East,138.26,2025-02-21
2342,2025-02-21,processing,,North,69.42,2025-02-21
2343,2025-02-21,completed,,South,126.84,2025-02-21
2344,2025-02-21,processing,,North,63.16,2025-02-21
2345,2025-02-21,completed,,North,57.71,2025-02-21
2346,2025-02-21,completed,,Central,173.9,2025-02-21
2347,2025-02-21,completed,,South,83.16,2025-02-21
2348,2025-02-21,completed,,South,171.28,2025-02-21
2349,2025-02-21,processing,,North,96.1,2025-02-21
2350,2025-02-21,completed,,South,163.05,2025-02-21
2351,2025-02-21,completed,,East,24.61,2025-02-21
2352,2025-02-21,completed,,East,31.58,2025-02-21
2353,2025-02-21,completed,,Central,527.25,2025-02-21
2354,2025-02-21,completed,,South,117.99,2025-02-21
2355,2025-02-21,completed,,East,401.06,2025-02-21
2356,2025-02-21,completed,,Central,61.15,2025-02-21
2357,2025-02-21,completed,,North,53.45,2025-02-21
2358,2025-02-22,completed,,East,141.93,2025-02-22
2359,2025-02-22,completed,,East,609.86,2025-02-22
2360,2025-02-22,completed,,Central,115.42,2025-02-22
2361,2025-02-22,completed,,South,93.3,2025-02-22
2362,2025-02-22,completed,,North,125.44,2025-02-22
2363,2025-02-22,completed,,East,124.26,2025-02-22
2364,2025-02-22,completed,,North,24.44,2025-02-22
2365,2025-02-22,cancelled,,North,32.69,2025-02-22
2366,2025-02-22,completed,,East,320.46999999999997,2025-02-22
2367,2025-02-22,completed,,Central,122.19,2025-02-22
2368,2025-02-22,completed,,East,387.5,2025-02-22
2369,2025-02-22,refunded,,East,248.12,2025-02-22
2370,2025-02-22,completed,,South,24.61,2025-02-22
2371,2025-02-22,completed,,South,251.76,2025-02-22
2372,2025-02-22,completed,,North,74.04,2025-02-22
2373,2025-02-22,completed,,South,237.62,2025-02-22
2374,2025-02-22,processing,,South,380.19,2025-02-22
2375,2025-02-22,completed,,North,73.61,2025-02-22
2376,2025-02-22,completed,,North,229.27,2025-02-22
2377,2025-02-22,processing,,East,20.47,2025-02-22
2378,2025-02-22,completed,,North,124.26,2025-02-22
2379,2025-02-22,completed,,South,260.19,2025-02-22
2380,2025-02-22,completed,,South,160.35,2025-02-22
2381,2025-02-22,completed,,Central,157.65,2025-02-22
2382,2025-02-22,completed,,Central,34.71,2025-02-22
2383,2025-02-22,completed,,East,61.39,2025-02-22
2384,2025-02-22,completed,,Central,45.95,2025-02-22
2385,2025-02-22,completed,,South,70.59,2025-02-22
2386,2025-02-22,completed,,Central,53.16,2025-02-22
2387,2025-02-22,completed,,Central,42.3,2025-02-22
2388,2025-02-22,completed,,North,287.14,2025-02-22
2389,2025-02-22,completed,,East,20.47,2025-02-22
2390,2025-02-22,completed,,South,31.58,2025-02-22
2391,2025-02-22,completed,,Central,19.71,2025-02-22
2392,2025-02-22,completed,,Central,53.45,2025-02-22
2393,2025-02-23,completed,,East,213.89,2025-02-23
2394,2025-02-23,completed,,East,157.65,2025-02-23
2395,2025-02-23,processing,,South,122.78,2025-02-23
2396,2025-02-23,completed,,East,53.45,2025-02-23
2397,2025-02-23,completed,,East,21.34,2025-02-23
2398,2025-02-23,processing,,Central,399.45000000000005,2025-02-23
2399,2025-02-23,completed,,South,176.4,2025-02-23
2400,2025-02-23,completed,,South,87.48,2025-02-23
2401,2025-02-23,completed,,East,61.39,2025-02-23
2402,2025-02-23,completed,,Central,252.19,2025-02-23
2403,2025-02-23,completed,,South,88.2,2025-02-23
2404,2025-02-23,completed,,East,138.05,2025-02-23
2405,2025-02-23,completed,,East,53.45,2025-02-23
2406,2025-02-23,completed,,North,69.13,2025-02-23
2407,2025-02-23,completed,,East,488.12,2025-02-23
2408,2025-02-23,completed,,South,12.22,2025-02-23
2409,2025-02-23,processing,,North,83.16,2025-02-23
2410,2025-02-23,completed,,Central,267.76,2025-02-23
2411,2025-02-23,completed,,South,291.12,2025-02-23
2412,2025-02-23,completed,,East,110.19,2025-02-23
2413,2025-02-23,refunded,,East,78.32,2025-02-23
2414,2025-02-23,completed,,South,365.55,2025-02-23
2415,2025-02-23,processing,,Central,61.39,2025-02-23
2416,2025-02-23,completed,,Central,450.36,2025-02-23
2417,2025-02-23,processing,,North,117.99,2025-02-23
2418,2025-02-23,completed,,North,141.93,2025-02-23
2419,2025-02-23,completed,,South,59.69,2025-02-23
2420,2025-02-23,completed,,Central,163.05,2025-02-23
2421,2025-02-23,completed,,North,61.39,2025-02-23
2422,2025-02-23,completed,,Central,342.21,2025-02-23
2423,2025-02-23,processing,,North,20.47,2025-02-23
2424,2025-02-23,completed,,South,99.1,2025-02-23
2425,2025-02-23,completed,,East,42.3,2025-02-23
2426,2025-02-23,completed,,South,31.58,2025-02-23
2427,2025-02-23,completed,,Central,310.93,2025-02-23
2428,2025-02-23,processing,,Central,61.39,2025-02-23
2429,2025-02-23,completed,,North,167.31,2025-02-23
2430,2025-02-23,completed,,East,115.42,2025-02-23
2431,2025-02-23,completed,,Central,31.58,2025-02-23
2432,2025-02-23,completed,,North,124.06,2025-02-23
2433,2025-02-23,completed,,East,12.22,2025-02-23
2434,2025-02-23,processing,,South,264.6,2025-02-23
2435,2025-02-23,cancelled,,Central,164.65,2025-02-23
2436,2025-02-23,completed,,East,34.71,2025-02-23
2437,2025-02-23,completed,,East,157.65,2025-02-23
2438,2025-02-23,completed,,Central,186.39,2025-02-23
2439,2025-02-23,completed,,Central,125.88,2025-02-23
2440,2025-02-23,completed,,East,117.99,2025-02-23
2441,2025-02-24,completed,,East,217.59,2025-02-24
2442,2025-02-24,processing,,South,192.36,2025-02-24
2443,2025-02-24,completed,,Central,53.45,2025-02-24
2444,2025-02-24,completed,,South,59.69,2025-02-24
2445,2025-02-24,completed,,Central,21.34,2025-02-24
2446,2025-02-24,completed,,East,57.71,2025-02-24
2447,2025-02-24,completed,,North,69.13,2025-02-24
2448,2025-02-24,completed,,South,144.31,2025-02-24
2449,2025-02-24,completed,,East,78.32,2025-02-24
2450,2025-02-24,cancelled,,South,253.77999999999997,2025-02-24
2451,2025-02-24,completed,,Central,152.53,2025-02-24
2452,2025-02-24,completed,,Central,78.06,2025-02-24
2453,2025-02-24,completed,,South,57.71,2025-02-24
2454,2025-02-24,completed,,South,264.71000000000004,2025-02-24
2455,2025-02-24,completed,,Central,42.68,2025-02-24
2456,2025-02-24,completed,,North,31.58,2025-02-24
2457,2025-02-24,completed,,Central,61.39,2025-02-24
2458,2025-02-24,cancelled,,Central,230.46,2025-02-24
2459,2025-02-24,processing,,North,9.2,2025-02-24
2460,2025-02-24,completed,,South,24.61,2025-02-24
2461,2025-02-24,completed,,Central,354.78000000000003,2025-02-24
2462,2025-02-24,completed,,North,24.61,2025-02-24
2463,2025-02-24,completed,,Central,20.47,2025-02-24
2464,2025-02-24,completed,,North,62.35,2025-02-24
2465,2025-02-24,completed,,South,157.65,2025-02-24
2466,2025-02-24,completed,,South,24.61,2025-02-24
2467,2025-02-24,completed,,South,122.78,2025-02-24
2468,2025-02-24,completed,,North,203.66,2025-02-24
2469,2025-02-24,processing,,Central,313.64,2025-02-24
2470,2025-02-24,completed,,North,186.64000000000001,2025-02-24
2471,2025-02-24,completed,,South,82.15,2025-02-24
2472,2025-02-24,completed,,North,49.29,2025-02-24
2473,2025-02-24,completed,,East,156.58999999999997,2025-02-24
2474,2025-02-24,completed,,North,12.22,2025-02-24
2475,2025-02-24,processing,,South,78.32,2025-02-24
2476,2025-02-24,completed,,North,249.48,2025-02-24
2477,2025-02-24,completed,,South,425.79,2025-02-24
2478,2025-02-24,processing,,East,274.58,2025-02-24
2479,2025-02-24,processing,,South,202.48,2025-02-24
2480,2025-02-24,completed,,North,59.69,2025-02-24
2481,2025-02-24,unknown_status,,North,12.22,2025-02-24
2482,2025-02-24,completed,,East,153.28,2025-02-24
2483,2025-02-24,completed,,East,75.48,2025-02-24
2484,2025-02-24,completed,,North,72.47,2025-02-24
2485,2025-02-24,completed,,North,61.15,2025-02-24
2486,2025-02-24,completed,,Central,72.47,2025-02-24
2487,2025-02-24,completed,,East,72.47,2025-02-24
2488,2025-02-24,completed,,North,83.16,2025-02-24
2489,2025-02-24,completed,,North,219.04000000000002,2025-02-24
2490,2025-02-25,completed,,Central,287.08,2025-02-25
2491,2025-02-25,completed,,North,24.68,2025-02-25
2492,2025-02-25,completed,,North,53.45,2025-02-25
2493,2025-02-25,completed,,East,24.61,2025-02-25
2494,2025-02-25,completed,,North,53.45,2025-02-25
2495,2025-02-25,completed,,East,127.88,2025-02-25
2496,2025-02-25,completed,,South,388.22,2025-02-25
2497,2025-02-25,completed,,Central,130.01,2025-02-25
2498,2025-02-25,processing,,East,75.66,2025-02-25
2499,2025-02-25,completed,,North,138.05,2025-02-25
2500,2025-02-25,completed,,Central,141.93,2025-02-25
2501,2025-02-25,completed,,North,53.45,2025-02-25
2502,2025-02-25,completed,,South,248.52,2025-02-25
2503,2025-02-25,completed,,East,144.79,2025-02-25
2504,2025-02-25,completed,,Central,34.71,2025-02-25
2505,2025-02-25,completed,,East,20.47,2025-02-25
2506,2025-02-25,completed,,East,315.3,2025-02-25
2507,2025-02-25,completed,,South,78.32,2025-02-25
2508,2025-02-25,completed,,North,57.71,2025-02-25
2509,2025-02-25,completed,,South,53.45,2025-02-25
2510,2025-02-25,completed,,North,339.74,2025-02-25
2511,2025-02-25,completed,,South,88.2,2025-02-25
2512,2025-02-25,cancelled,,East,377.90999999999997,2025-02-25
2513,2025-02-25,completed,,East,219.33999999999997,2025-02-25
2514,2025-02-25,completed,,North,157.65,2025-02-25
2515,2025-02-25,completed,,South,20.47,2025-02-25
2516,2025-02-25,completed,,North,260.19,2025-02-25
2517,2025-02-25,completed,,South,213.95000000000002,2025-02-25
2518,2025-02-25,processing,,South,286.63,2025-02-25
2519,2025-02-25,completed,,North,72.47,2025-02-25
2520,2025-02-25,completed,,North,114.74,2025-02-25
2521,2025-02-25,cancelled,,East,57.71,2025-02-25
2522,2025-02-25,completed,,South,326.16,2025-02-25
2523,2025-02-25,completed,,Central,40.94,2025-02-25
2524,2025-02-25,processing,,Central,163.05,2025-02-25
2525,2025-02-25,completed,,Central,20.47,2025-02-25
2526,2025-02-25,completed,,South,90.11,2025-02-25
2527,2025-02-26,completed,,East,283.86,2025-02-26
2528,2025-02-26,completed,,South,49.55,2025-02-26
2529,2025-02-26,processing,,Central,141.65,2025-02-26
2530,2025-02-26,completed,,Central,31.58,2025-02-26
2531,2025-02-26,processing,,Central,40.94,2025-02-26
2532,2025-02-26,completed,,Central,117.99,2025-02-26
2533,2025-02-26,completed,,North,138.26,2025-02-26
2534,2025-02-26,completed,,Central,61.39,2025-02-26
2535,2025-02-26,cancelled,,North,57.71,2025-02-26
2536,2025-02-26,completed,,North,39.42,2025-02-26
2537,2025-02-26,completed,,North,149.35,2025-02-26
2538,2025-02-26,completed,,South,53.45,2025-02-26
2539,2025-02-26,completed,,Central,66.28999999999999,2025-02-26
2540,2025-02-26,completed,,North,125.88,2025-02-26
2541,2025-02-26,completed,,North,168.3,2025-02-26
2542,2025-02-26,completed,,South,142.16,2025-02-26
2543,2025-02-26,completed,,South,315.3,2025-02-26
2544,2025-02-26,completed,,North,144.94,2025-02-26
2545,2025-02-26,completed,,Central,124.26,2025-02-26
2546,2025-02-26,completed,,North,31.58,2025-02-26
2547,2025-02-26,processing,,Central,114.06,2025-02-26
2548,2025-02-26,completed,,North,63.16,2025-02-26
2549,2025-02-26,cancelled,,East,101.03,2025-02-26
2550,2025-02-26,completed,,Central,9.2,2025-02-26
2551,2025-02-26,completed,,South,122.78,2025-02-26
2552,2025-02-26,completed,,East,43.73,2025-02-26
2553,2025-02-26,completed,,Central,202.48,2025-02-26
2554,2025-02-26,completed,,Central,29.56,2025-02-26
2555,2025-02-26,refunded,,Central,57.71,2025-02-26
2556,2025-02-26,processing,,East,202.48,2025-02-26
2557,2025-02-26,completed,,East,69.13,2025-02-26
2558,2025-02-26,completed,,East,81.08,2025-02-26
2559,2025-02-26,completed,,Central,83.16,2025-02-26
2560,2025-02-26,completed,,Central,57.71,2025-02-26
2561,2025-02-26,completed,,East,24.61,2025-02-26
2562,2025-02-26,completed,,North,514.5,2025-02-26
2563,2025-02-26,completed,,Central,24.61,2025-02-26
2564,2025-02-26,completed,,East,315.3,2025-02-26
2565,2025-02-26,completed,,North,147.37,2025-02-26
2566,2025-02-26,completed,,North,188.2,2025-02-26
2567,2025-02-26,completed,,North,81.03,2025-02-26
2568,2025-02-26,completed,,Central,21.34,2025-02-26
2569,2025-02-27,completed,,East,83.16,2025-02-27
2570,2025-02-27,completed,,North,114.06,2025-02-27
2571,2025-02-27,unknown_status,,South,84.15,2025-02-27
2572,2025-02-27,completed,,Central,285.64,2025-02-27
2573,2025-02-27,completed,,North,138.05,2025-02-27
2574,2025-02-27,completed,,South,249.48,2025-02-27
2575,2025-02-27,completed,,South,69.93,2025-02-27
2576,2025-02-27,processing,,East,21.34,2025-02-27
2577,2025-02-27,completed,,South,21.34,2025-02-27
2578,2025-02-27,completed,,Central,216.5,2025-02-27
2579,2025-02-27,completed,,South,157.65,2025-02-27
2580,2025-02-27,completed,,South,84.15,2025-02-27
2581,2025-02-27,completed,,Central,244.64999999999998,2025-02-27
2582,2025-02-27,completed,,North,163.05,2025-02-27
2583,2025-02-27,completed,,East,99.1,2025-02-27
2584,2025-02-27,completed,,Central,220.96,2025-02-27
2585,2025-02-27,completed,,Central,34.71,2025-02-27
2586,2025-02-27,completed,,East,163.05,2025-02-27
2587,2025-02-27,processing,,East,232.18,2025-02-27
2588,2025-02-27,completed,,North,396.85,2025-02-27
2589,2025-02-27,cancelled,,Central,286.63,2025-02-27
2590,2025-02-27,completed,,North,157.65,2025-02-27
2591,2025-02-27,processing,,South,256.45,2025-02-27
2592,2025-02-27,completed,,East,12.22,2025-02-27
2593,2025-02-27,completed,,Central,187.26999999999998,2025-02-27
2594,2025-02-27,completed,,North,161.65,2025-02-27
2595,2025-02-27,completed,,North,125.88,2025-02-27
2596,2025-02-27,completed,,North,125.88,2025-02-27
2597,2025-02-27,completed,,North,504.96999999999997,2025-02-27
2598,2025-02-27,completed,,North,233.07,2025-02-27
2599,2025-02-27,processing,,South,61.39,2025-02-27
2600,2025-02-27,completed,,East,141.93,2025-02-27
2601,2025-02-27,completed,,East,81.08,2025-02-27
2602,2025-02-27,completed,,East,173.9,2025-02-27
2603,2025-02-27,completed,,Central,83.16,2025-02-27
2604,2025-02-27,completed,,North,171.28,2025-02-27
2605,2025-02-27,completed,,East,53.45,2025-02-27
2606,2025-02-28,unknown_status,,Central,20.47,2025-02-28
2607,2025-02-28,completed,,North,122.78,2025-02-28
2608,2025-02-28,processing,,East,122.78,2025-02-28
2609,2025-02-28,completed,,North,251.76,2025-02-28
2610,2025-02-28,completed,,Central,141.93,2025-02-28
2611,2025-02-28,completed,,South,157.65,2025-02-28
2612,2025-02-28,completed,,South,43.73,2025-02-28
2613,2025-02-28,completed,,North,72.47,2025-02-28
2614,2025-02-28,completed,,Central,144.0,2025-02-28
2615,2025-02-28,completed,,South,124.06,2025-02-28
2616,2025-02-28,completed,,East,163.05,2025-02-28
2617,2025-02-28,completed,,South,61.39,2025-02-28
2618,2025-02-28,completed,,South,24.44,2025-02-28
2619,2025-02-28,completed,,East,125.88,2025-02-28
2620,2025-02-28,completed,,Central,124.06,2025-02-28
2621,2025-02-28,completed,,North,115.23,2025-02-28
2622,2025-02-28,completed,,South,69.13,2025-02-28
2623,2025-02-28,processing,,South,20.47,2025-02-28
2624,2025-02-28,completed,,Central,83.16,2025-02-28
2625,2025-02-28,completed,,Central,271.61,2025-02-28
2626,2025-02-28,completed,,South,24.68,2025-02-28
2627,2025-02-28,completed,,South,43.73,2025-02-28
2628,2025-02-28,completed,,East,162.16,2025-02-28
2629,2025-02-28,completed,,South,219.85000000000002,2025-02-28
2630,2025-02-28,completed,,Central,83.16,2025-02-28
2631,2025-02-28,completed,,South,80.56,2025-02-28
2632,2025-02-28,completed,,East,12.22,2025-02-28
2633,2025-02-28,completed,,Central,252.45,2025-02-28
2634,2025-02-28,completed,,South,124.26,2025-02-28
2635,2025-02-28,unknown_status,,North,212.03,2025-02-28
2636,2025-02-28,cancelled,,South,573.65,2025-02-28
2637,2025-02-28,completed,,North,163.05,2025-02-28
2638,2025-02-28,completed,,South,57.3,2025-02-28
2639,2025-02-28,completed,,North,147.45,2025-02-28
2640,2025-02-28,completed,,South,290.88,2025-02-28
2641,2025-02-28,completed,,North,84.15,2025-02-28
2642,2025-02-28,completed,,North,57.71,2025-02-28
2643,2025-02-28,completed,,Central,141.93,2025-02-28
2644,2025-02-28,completed,,South,753.02,2025-02-28
2645,2025-02-28,completed,,Central,61.39,2025-02-28
2646,2025-02-28,completed,,Central,210.08999999999997,2025-02-28
2647,2025-02-28,completed,,Central,125.92,2025-02-28
2648,2025-02-28,completed,,North,57.71,2025-02-28
2649,2025-02-28,completed,,South,183.52,2025-02-28
2650,2025-03-01,completed,,South,37.74,2025-03-01
2651,2025-03-01,processing,,East,63.16,2025-03-01
2652,2025-03-01,completed,,Central,224.44,2025-03-01
2653,2025-03-01,processing,,South,53.45,2025-03-01
2654,2025-03-01,completed,,East,347.8,2025-03-01
2655,2025-03-01,completed,,North,117.99,2025-03-01
2656,2025-03-01,completed,,South,235.97,2025-03-01
2657,2025-03-01,completed,,East,225.0,2025-03-01
2658,2025-03-01,completed,,South,138.05,2025-03-01
2659,2025-03-01,completed,,East,285.83000000000004,2025-03-01
2660,2025-03-01,completed,,East,21.34,2025-03-01
2661,2025-03-01,completed,,Central,29.669999999999998,2025-03-01
2662,2025-03-01,completed,,Central,490.63,2025-03-01
2663,2025-03-01,cancelled,,Central,83.16,2025-03-01
2664,2025-03-01,processing,,North,69.13,2025-03-01
2665,2025-03-01,completed,,North,19.71,2025-03-01
2666,2025-03-01,completed,,North,157.65,2025-03-01
2667,2025-03-01,completed,,South,224.44,2025-03-01
2668,2025-03-01,completed,,South,157.65,2025-03-01
2669,2025-03-01,completed,,East,72.47,2025-03-01
2670,2025-03-01,completed,,South,103.69,2025-03-01
2671,2025-03-01,completed,,Central,133.37,2025-03-01
2672,2025-03-01,completed,,Central,19.71,2025-03-01
2673,2025-03-01,completed,,Central,20.47,2025-03-01
2674,2025-03-01,completed,,South,486.06,2025-03-01
2675,2025-03-01,completed,,East,84.15,2025-03-01
2676,2025-03-01,completed,,Central,125.88,2025-03-01
2677,2025-03-01,cancelled,,North,110.61,2025-03-01
2678,2025-03-01,completed,,Central,205.47,2025-03-01
2679,2025-03-01,completed,,North,106.9,2025-03-01
2680,2025-03-01,completed,,Central,103.63,2025-03-01
2681,2025-03-01,completed,,East,138.05,2025-03-01
2682,2025-03-01,completed,,East,124.26,2025-03-01
2683,2025-03-01,completed,,South,65.07,2025-03-01
2684,2025-03-01,completed,,South,69.13,2025-03-01
2685,2025-03-01,completed,,North,31.58,2025-03-01
2686,2025-03-01,completed,,East,20.47,2025-03-01
2687,2025-03-01,completed,,North,42.3,2025-03-01
2688,2025-03-02,refunded,,South,152.53,2025-03-02
2689,2025-03-02,completed,,East,213.26,2025-03-02
2690,2025-03-02,completed,,South,69.42,2025-03-02
2691,2025-03-02,completed,,South,177.47000000000003,2025-03-02
2692,2025-03-02,completed,,North,146.22,2025-03-02
2693,2025-03-02,completed,,East,24.68,2025-03-02
2694,2025-03-02,completed,,North,43.74,2025-03-02
2695,2025-03-02,completed,,North,61.39,2025-03-02
2696,2025-03-02,completed,,Central,255.88,2025-03-02
2697,2025-03-02,completed,,East,43.74,2025-03-02
2698,2025-03-02,completed,,Central,184.17,2025-03-02
2699,2025-03-02,completed,,East,105.49000000000001,2025-03-02
2700,2025-03-02,completed,,Central,115.42,2025-03-02
2701,2025-03-02,completed,,East,95.38,2025-03-02
2702,2025-03-02,cancelled,,Central,287.31,2025-03-02
2703,2025-03-02,completed,,North,125.88,2025-03-02
2704,2025-03-02,completed,,South,86.07,2025-03-02
2705,2025-03-02,completed,,North,157.65,2025-03-02
2706,2025-03-02,completed,,North,254.51999999999998,2025-03-02
2707,2025-03-02,completed,,East,135.8,2025-03-02
2708,2025-03-02,completed,,North,122.78,2025-03-02
2709,2025-03-02,completed,,East,87.48,2025-03-02
2710,2025-03-02,completed,,North,163.57,2025-03-02
2711,2025-03-02,completed,,Central,171.28,2025-03-02
2712,2025-03-02,completed,,East,83.16,2025-03-02
2713,2025-03-02,cancelled,,East,283.53,2025-03-02
2714,2025-03-02,completed,,East,186.79,2025-03-02
2715,2025-03-02,completed,,South,126.45,2025-03-02
2716,2025-03-02,refunded,,South,115.23,2025-03-02
2717,2025-03-02,completed,,East,57.71,2025-03-02
2718,2025-03-02,completed,,North,328.36,2025-03-02
2719,2025-03-02,completed,,North,78.32,2025-03-02
2720,2025-03-02,completed,,East,241.37,2025-03-02
2721,2025-03-02,completed,,South,34.71,2025-03-02
2722,2025-03-02,completed,,Central,75.48,2025-03-02
2723,2025-03-02,completed,,Central,186.12,2025-03-02
2724,2025-03-02,completed,,East,529.22,2025-03-02
2725,2025-03-02,completed,,East,180.82,2025-03-02
2726,2025-03-02,completed,,Central,183.88,2025-03-02
2727,2025-03-02,cancelled,,North,157.87,2025-03-02
2728,2025-03-03,completed,,East,83.16,2025-03-03
2729,2025-03-03,completed,,North,88.2,2025-03-03
2730,2025-03-03,completed,,East,557.1,2025-03-03
2731,2025-03-03,completed,,North,29.56,2025-03-03
2732,2025-03-03,completed,,South,42.3,2025-03-03
2733,2025-03-03,completed,,South,261.28,2025-03-03
2734,2025-03-03,completed,,East,78.32,2025-03-03
2735,2025-03-03,completed,,Central,43.73,2025-03-03
2736,2025-03-03,cancelled,,East,224.44,2025-03-03
2737,2025-03-03,completed,,South,42.3,2025-03-03
2738,2025-03-03,completed,,North,163.05,2025-03-03
2739,2025-03-03,completed,,East,63.16,2025-03-03
2740,2025-03-03,completed,,East,42.3,2025-03-03
2741,2025-03-03,completed,,North,254.72,2025-03-03
2742,2025-03-03,cancelled,,North,194.37,2025-03-03
2743,2025-03-03,processing,,East,299.58000000000004,2025-03-03
2744,2025-03-03,processing,,North,256.4,2025-03-03
2745,2025-03-03,completed,,North,157.65,2025-03-03
2746,2025-03-03,completed,,East,20.47,2025-03-03
2747,2025-03-03,completed,,South,83.16,2025-03-03
2748,2025-03-03,completed,,East,84.15,2025-03-03
2749,2025-03-03,completed,,South,20.47,2025-03-03
2750,2025-03-03,completed,,South,168.3,2025-03-03
2751,2025-03-03,processing,,Central,210.60000000000002,2025-03-03
2752,2025-03-03,completed,,South,198.39,2025-03-03
2753,2025-03-03,completed,,Central,115.15,2025-03-03
2754,2025-03-03,refunded,,North,114.84,2025-03-03
2755,2025-03-03,completed,,East,191.70999999999998,2025-03-03
2756,2025-03-03,processing,,Central,73.83,2025-03-03
2757,2025-03-03,completed,,Central,112.87,2025-03-03
2758,2025-03-03,completed,,Central,83.16,2025-03-03
2759,2025-03-03,completed,,South,94.39,2025-03-03
2760,2025-03-03,completed,,East,61.39,2025-03-03
2761,2025-03-03,completed,,South,316.87,2025-03-03
2762,2025-03-03,completed,,North,226.98,2025-03-03
2763,2025-03-04,completed,,South,61.39,2025-03-04
2764,2025-03-04,completed,,Central,84.15,2025-03-04
2765,2025-03-04,completed,,North,177.49,2025-03-04
2766,2025-03-04,completed,,North,83.16,2025-03-04
2767,2025-03-04,completed,,Central,78.32,2025-03-04
2768,2025-03-04,completed,,North,283.86,2025-03-04
2769,2025-03-04,completed,,East,393.51,2025-03-04
2770,2025-03-04,completed,,South,152.53,2025-03-04
2771,2025-03-04,completed,,North,83.16,2025-03-04
2772,2025-03-04,completed,,East,115.23,2025-03-04
2773,2025-03-04,completed,,East,172.99,2025-03-04
2774,2025-03-04,completed,,East,163.05,2025-03-04
2775,2025-03-04,completed,,East,124.26,2025-03-04
2776,2025-03-04,completed,,Central,65.07,2025-03-04
2777,2025-03-04,cancelled,,East,326.1,2025-03-04
2778,2025-03-04,completed,,East,40.94,2025-03-04
2779,2025-03-04,cancelled,,North,297.19,2025-03-04
2780,2025-03-04,completed,,North,19.71,2025-03-04
2781,2025-03-04,completed,,South,472.95,2025-03-04
2782,2025-03-04,completed,,North,126.45,2025-03-04
2783,2025-03-04,completed,,South,24.44,2025-03-04
2784,2025-03-04,completed,,East,78.32,2025-03-04
2785,2025-03-04,cancelled,,North,72.47,2025-03-04
2786,2025-03-04,completed,,East,78.32,2025-03-04
2787,2025-03-04,cancelled,,East,12.22,2025-03-04
2788,2025-03-04,completed,,North,31.58,2025-03-04
2789,2025-03-04,completed,,Central,149.94,2025-03-04
2790,2025-03-04,processing,,South,163.05,2025-03-04
2791,2025-03-04,cancelled,,Central,360.13,2025-03-04
2792,2025-03-04,completed,,East,157.65,2025-03-04
2793,2025-03-04,completed,,Central,276.1,2025-03-04
2794,2025-03-04,refunded,,North,94.74,2025-03-04
2795,2025-03-04,completed,,North,106.9,2025-03-04
2796,2025-03-04,completed,,South,24.44,2025-03-04
2797,2025-03-04,cancelled,,North,67.9,2025-03-04
2798,2025-03-04,completed,,Central,353.97,2025-03-04
2799,2025-03-04,completed,,North,425.79,2025-03-04
2800,2025-03-04,completed,,North,318.57,2025-03-04
2801,2025-03-04,completed,,Central,347.8,2025-03-04
2802,2025-03-04,completed,,East,83.16,2025-03-04
2803,2025-03-04,completed,,North,111.63,2025-03-04
2804,2025-03-04,processing,,East,42.68,2025-03-04
2805,2025-03-04,processing,,North,67.9,2025-03-04
2806,2025-03-04,processing,,East,141.93,2025-03-04
2807,2025-03-04,completed,,South,167.51,2025-03-04
2808,2025-03-04,completed,,South,163.05,2025-03-04
2809,2025-03-04,processing,,Central,83.16,2025-03-04
2810,2025-03-04,completed,,South,61.39,2025-03-04
2811,2025-03-04,completed,,South,163.05,2025-03-04
2812,2025-03-04,completed,,Central,61.39,2025-03-04
2813,2025-03-04,processing,,Central,20.47,2025-03-04
2814,2025-03-04,completed,,Central,69.13,2025-03-04
2815,2025-03-04,cancelled,,Central,198.94,2025-03-04
2816,2025-03-04,completed,,North,84.15,2025-03-04
2817,2025-03-04,cancelled,,South,61.39,2025-03-04
2818,2025-03-04,completed,,Central,138.26,2025-03-04
2819,2025-03-04,completed,,Central,84.15,2025-03-04
2820,2025-03-04,completed,,Central,163.05,2025-03-04
2821,2025-03-04,completed,,East,61.39,2025-03-04
2822,2025-03-04,completed,,South,177.14,2025-03-04
2823,2025-03-05,completed,,Central,251.76,2025-03-05
2824,2025-03-05,cancelled,,Central,57.71,2025-03-05
2825,2025-03-05,completed,,South,305.2,2025-03-05
2826,2025-03-05,completed,,South,67.9,2025-03-05
2827,2025-03-05,completed,,South,83.16,2025-03-05
2828,2025-03-05,processing,,North,232.43,2025-03-05
2829,2025-03-05,completed,,South,359.1,2025-03-05
2830,2025-03-05,completed,,North,61.39,2025-03-05
2831,2025-03-05,completed,,East,390.16,2025-03-05
2832,2025-03-05,completed,,North,402.13,2025-03-05
2833,2025-03-05,completed,,East,203.32,2025-03-05
2834,2025-03-05,completed,,North,221.21,2025-03-05
2835,2025-03-05,cancelled,,North,20.47,2025-03-05
2836,2025-03-05,completed,,North,459.73,2025-03-05
2837,2025-03-05,completed,,South,64.19999999999999,2025-03-05
2838,2025-03-05,completed,,South,299.58000000000004,2025-03-05
2839,2025-03-05,completed,,North,163.05,2025-03-05
2840,2025-03-05,completed,,East,562.61,2025-03-05
2841,2025-03-05,completed,,Central,320.13,2025-03-05
2842,2025-03-05,completed,,East,61.15,2025-03-05
2843,2025-03-05,completed,,North,81.08,2025-03-05
2844,2025-03-05,completed,,Central,83.16,2025-03-05
2845,2025-03-05,completed,,East,12.22,2025-03-05
2846,2025-03-05,completed,,Central,72.47,2025-03-05
2847,2025-03-05,completed,,Central,34.71,2025-03-05
2848,2025-03-05,completed,,South,152.53,2025-03-05
2849,2025-03-05,completed,,North,53.45,2025-03-05
2850,2025-03-05,completed,,East,64.19999999999999,2025-03-05
2851,2025-03-05,completed,,Central,152.29,2025-03-05
2852,2025-03-05,completed,,South,59.69,2025-03-05
2853,2025-03-05,completed,,Central,78.32,2025-03-05
2854,2025-03-05,completed,,South,414.15,2025-03-05
2855,2025-03-06,completed,,East,125.88,2025-03-06
2856,2025-03-06,processing,,East,52.92,2025-03-06
2857,2025-03-06,completed,,Central,57.71,2025-03-06
2858,2025-03-06,completed,,North,173.9,2025-03-06
2859,2025-03-06,completed,,North,57.71,2025-03-06
2860,2025-03-06,completed,,Central,141.93,2025-03-06
2861,2025-03-06,completed,,East,53.45,2025-03-06
2862,2025-03-06,completed,,South,741.88,2025-03-06
2863,2025-03-06,completed,,South,163.05,2025-03-06
2864,2025-03-06,completed,,South,12.22,2025-03-06
2865,2025-03-06,completed,,East,157.65,2025-03-06
2866,2025-03-06,completed,,Central,24.68,2025-03-06
2867,2025-03-06,completed,,South,285.64,2025-03-06
2868,2025-03-06,completed,,North,12.22,2025-03-06
2869,2025-03-06,refunded,,Central,510.48999999999995,2025-03-06
2870,2025-03-06,completed,,Central,136.03,2025-03-06
2871,2025-03-06,completed,,South,131.22,2025-03-06
2872,2025-03-06,cancelled,,East,20.47,2025-03-06
2873,2025-03-06,completed,,Central,390.03,2025-03-06
2874,2025-03-06,completed,,South,12.22,2025-03-06
2875,2025-03-06,completed,,Central,88.2,2025-03-06
2876,2025-03-06,completed,,South,31.58,2025-03-06
2877,2025-03-06,completed,,North,42.3,2025-03-06
2878,2025-03-06,completed,,North,42.68,2025-03-06
2879,2025-03-06,completed,,Central,152.53,2025-03-06
2880,2025-03-06,processing,,East,78.32,2025-03-06
2881,2025-03-06,completed,,Central,21.34,2025-03-06
2882,2025-03-06,completed,,Central,261.28,2025-03-06
2883,2025-03-06,completed,,North,69.13,2025-03-06
2884,2025-03-06,completed,,North,12.22,2025-03-06
2885,2025-03-06,cancelled,,Central,152.29,2025-03-06
2886,2025-03-06,completed,,Central,166.32,2025-03-06
2887,2025-03-06,completed,,South,157.65,2025-03-06
2888,2025-03-06,completed,,Central,208.41000000000003,2025-03-06
2889,2025-03-06,completed,,Central,42.3,2025-03-06
2890,2025-03-06,completed,,North,20.47,2025-03-06
2891,2025-03-06,completed,,North,61.39,2025-03-06
2892,2025-03-06,completed,,South,53.45,2025-03-06
2893,2025-03-06,completed,,East,115.23,2025-03-06
2894,2025-03-06,completed,,Central,164.6,2025-03-06
2895,2025-03-06,completed,,North,202.48,2025-03-06
2896,2025-03-07,completed,,East,135.8,2025-03-07
2897,2025-03-07,completed,,Central,84.15,2025-03-07
2898,2025-03-07,completed,,Central,87.46,2025-03-07
2899,2025-03-07,completed,,East,246.21,2025-03-07
2900,2025-03-07,processing,,South,138.05,2025-03-07
2901,2025-03-07,processing,,North,141.93,2025-03-07
2902,2025-03-07,completed,,East,199.38,2025-03-07
2903,2025-03-07,cancelled,,Central,205.98000000000002,2025-03-07
2904,2025-03-07,completed,,South,235.97,2025-03-07
2905,2025-03-07,completed,,North,157.65,2025-03-07
2906,2025-03-07,completed,,North,152.53,2025-03-07
2907,2025-03-07,completed,,South,69.13,2025-03-07
2908,2025-03-07,completed,,North,334.25,2025-03-07
2909,2025-03-07,completed,,South,21.34,2025-03-07
2910,2025-03-07,completed,,North,105.13,2025-03-07
2911,2025-03-07,completed,,North,163.05,2025-03-07
2912,2025-03-07,completed,,South,114.06,2025-03-07
2913,2025-03-07,cancelled,,Central,156.62,2025-03-07
2914,2025-03-07,completed,,South,39.42,2025-03-07
2915,2025-03-07,completed,,North,230.43,2025-03-07
2916,2025-03-07,completed,,North,83.16,2025-03-07
2917,2025-03-07,completed,,East,31.58,2025-03-07
2918,2025-03-07,completed,,North,53.45,2025-03-07
2919,2025-03-07,completed,,North,49.22,2025-03-07
2920,2025-03-07,completed,,North,373.82,2025-03-07
2921,2025-03-07,completed,,South,248.12,2025-03-07
2922,2025-03-07,processing,,North,20.47,2025-03-07
2923,2025-03-07,completed,,North,34.71,2025-03-07
2924,2025-03-07,completed,,East,364.3,2025-03-07
2925,2025-03-07,completed,,East,125.61000000000001,2025-03-07
2926,2025-03-07,completed,,North,84.69,2025-03-07
2927,2025-03-08,completed,,Central,73.83,2025-03-08
2928,2025-03-08,completed,,East,201.19,2025-03-08
2929,2025-03-08,completed,,South,410.08000000000004,2025-03-08
2930,2025-03-08,cancelled,,Central,24.44,2025-03-08
2931,2025-03-08,completed,,Central,122.78,2025-03-08
2932,2025-03-08,completed,,South,141.93,2025-03-08
2933,2025-03-08,unknown_status,,South,117.99,2025-03-08
2934,2025-03-08,completed,,North,190.45999999999998,2025-03-08
2935,2025-03-08,completed,,Central,84.15,2025-03-08
2936,2025-03-08,completed,,South,43.74,2025-03-08
2937,2025-03-08,processing,,South,346.61,2025-03-08
2938,2025-03-08,completed,,East,83.16,2025-03-08
2939,2025-03-08,processing,,East,117.99,2025-03-08
2940,2025-03-08,completed,,North,42.3,2025-03-08
2941,2025-03-08,completed,,North,125.88,2025-03-08
2942,2025-03-08,cancelled,,North,53.45,2025-03-08
2943,2025-03-08,completed,,North,138.26,2025-03-08
2944,2025-03-08,completed,,East,226.78,2025-03-08
2945,2025-03-08,completed,,North,61.41,2025-03-08
2946,2025-03-08,completed,,Central,64.02,2025-03-08
2947,2025-03-08,completed,,East,125.88,2025-03-08
2948,2025-03-08,completed,,Central,238.01,2025-03-08
2949,2025-03-08,completed,,Central,69.13,2025-03-08
2950,2025-03-08,processing,,East,57.71,2025-03-08
2951,2025-03-08,completed,,East,513.76,2025-03-08
2952,2025-03-08,completed,,South,83.01,2025-03-08
2953,2025-03-08,completed,,Central,83.16,2025-03-08
2954,2025-03-08,completed,,Central,53.45,2025-03-08
2955,2025-03-08,completed,,South,114.84,2025-03-08
2956,2025-03-08,processing,,East,347.8,2025-03-08
2957,2025-03-08,completed,,Central,49.55,2025-03-08
2958,2025-03-08,cancelled,,North,291.02,2025-03-08
2959,2025-03-08,cancelled,,South,163.05,2025-03-08
2960,2025-03-08,completed,,East,43.74,2025-03-08
2961,2025-03-08,completed,,South,21.34,2025-03-08
2962,2025-03-08,completed,,East,141.93,2025-03-08
2963,2025-03-08,completed,,North,125.88,2025-03-08
2964,2025-03-08,completed,,East,181.82999999999998,2025-03-08
2965,2025-03-08,completed,,East,200.52,2025-03-08
2966,2025-03-08,completed,,South,276.1,2025-03-08
2967,2025-03-08,completed,,South,157.65,2025-03-08
2968,2025-03-08,completed,,Central,53.45,2025-03-08
2969,2025-03-08,completed,,East,124.06,2025-03-08
2970,2025-03-08,completed,,South,428.01,2025-03-08
2971,2025-03-08,completed,,South,53.45,2025-03-08
2972,2025-03-09,completed,,East,247.20000000000002,2025-03-09
2973,2025-03-09,completed,,East,20.47,2025-03-09
2974,2025-03-09,completed,,East,34.71,2025-03-09
2975,2025-03-09,completed,,North,84.15,2025-03-09
2976,2025-03-09,completed,,South,276.1,2025-03-09
2977,2025-03-09,completed,,East,135.8,2025-03-09
2978,2025-03-09,completed,,East,144.13,2025-03-09
2979,2025-03-09,completed,,Central,166.32,2025-03-09
2980,2025-03-09,completed,,North,130.5,2025-03-09
2981,2025-03-09,completed,,East,83.16,2025-03-09
2982,2025-03-09,completed,,South,96.37,2025-03-09
2983,2025-03-09,completed,,East,91.06,2025-03-09
2984,2025-03-09,cancelled,,South,53.45,2025-03-09
2985,2025-03-09,completed,,South,78.32,2025-03-09
2986,2025-03-09,completed,,South,215.07999999999998,2025-03-09
2987,2025-03-09,completed,,East,75.66,2025-03-09
2988,2025-03-09,completed,,Central,24.68,2025-03-09
2989,2025-03-09,completed,,East,83.16,2025-03-09
2990,2025-03-09,completed,,North,147.31,2025-03-09
2991,2025-03-09,completed,,South,347.8,2025-03-09
2992,2025-03-09,completed,,East,31.58,2025-03-09
2993,2025-03-09,completed,,North,78.32,2025-03-09
2994,2025-03-09,completed,,South,141.93,2025-03-09
2995,2025-03-09,completed,,Central,49.36,2025-03-09
2996,2025-03-09,completed,,South,84.15,2025-03-09
2997,2025-03-09,completed,,Central,285.64,2025-03-09
2998,2025-03-09,completed,,South,170.93,2025-03-09
2999,2025-03-09,completed,,South,404.96,2025-03-09
3000,2025-03-09,completed,,North,128.24,2025-03-09
3001,2025-03-09,completed,,South,366.19000000000005,2025-03-09
3002,2025-03-09,completed,,Central,173.0,2025-03-09
3003,2025-03-09,completed,,Central,264.3,2025-03-09
3004,2025-03-09,completed,,North,24.61,2025-03-09
3005,2025-03-09,processing,,North,61.39,2025-03-09
3006,2025-03-10,completed,,South,24.61,2025-03-10
3007,2025-03-10,completed,,Central,156.64,2025-03-10
3008,2025-03-10,completed,,East,541.28,2025-03-10
3009,2025-03-10,completed,,East,362.77,2025-03-10
3010,2025-03-10,completed,,Central,34.71,2025-03-10
3011,2025-03-10,cancelled,,South,157.65,2025-03-10
3012,2025-03-10,completed,,East,158.73,2025-03-10
3013,2025-03-10,completed,,Central,43.73,2025-03-10
3014,2025-03-10,processing,,South,24.68,2025-03-10
3015,2025-03-10,completed,,East,402.78000000000003,2025-03-10
3016,2025-03-10,unknown_status,,South,32.69,2025-03-10
3017,2025-03-10,completed,,East,20.47,2025-03-10
3018,2025-03-10,completed,,East,42.68,2025-03-10
3019,2025-03-10,completed,,Central,228.19,2025-03-10
3020,2025-03-10,completed,,South,162.47,2025-03-10
3021,2025-03-10,processing,,East,202.48,2025-03-10
3022,2025-03-10,completed,,South,368.28,2025-03-10
3023,2025-03-10,completed,,Central,248.52,2025-03-10
3024,2025-03-10,completed,,North,202.48,2025-03-10
3025,2025-03-10,completed,,South,84.68,2025-03-10
3026,2025-03-10,completed,,Central,262.1,2025-03-10
3027,2025-03-10,processing,,East,20.47,2025-03-10
3028,2025-03-10,processing,,East,371.23,2025-03-10
3029,2025-03-10,completed,,East,61.39,2025-03-10
3030,2025-03-10,completed,,South,31.58,2025-03-10
3031,2025-03-10,processing,,Central,53.45,2025-03-10
3032,2025-03-10,completed,,East,235.98,2025-03-10
3033,2025-03-10,completed,,South,228.12,2025-03-10
3034,2025-03-10,completed,,East,157.65,2025-03-10
3035,2025-03-10,completed,,East,183.5,2025-03-10
3036,2025-03-10,completed,,Central,230.85,2025-03-10
3037,2025-03-10,completed,,South,20.47,2025-03-10
3038,2025-03-10,unknown_status,,North,83.16,2025-03-10
3039,2025-03-10,completed,,East,83.16,2025-03-10
3040,2025-03-10,completed,,Central,72.47,2025-03-10
3041,2025-03-10,completed,,North,63.64,2025-03-10
3042,2025-03-10,completed,,South,489.15,2025-03-10
3043,2025-03-10,completed,,Central,31.58,2025-03-10
3044,2025-03-10,completed,,North,34.71,2025-03-10
3045,2025-03-10,completed,,Central,204.26,2025-03-10
3046,2025-03-10,completed,,East,434.62,2025-03-10
3047,2025-03-11,completed,,East,34.71,2025-03-11
3048,2025-03-11,completed,,North,61.39,2025-03-11
3049,2025-03-11,completed,,South,163.05,2025-03-11
3050,2025-03-11,completed,,East,53.45,2025-03-11
3051,2025-03-11,completed,,South,73.61,2025-03-11
3052,2025-03-11,completed,,North,414.15,2025-03-11
3053,2025-03-11,completed,,East,20.47,2025-03-11
3054,2025-03-11,completed,,East,163.05,2025-03-11
3055,2025-03-11,completed,,North,57.71,2025-03-11
3056,2025-03-11,processing,,South,61.39,2025-03-11
3057,2025-03-11,completed,,North,163.05,2025-03-11
3058,2025-03-11,completed,,Central,20.47,2025-03-11
3059,2025-03-11,completed,,East,84.15,2025-03-11
3060,2025-03-11,completed,,East,42.3,2025-03-11
3061,2025-03-11,completed,,South,43.73,2025-03-11
3062,2025-03-11,processing,,South,61.39,2025-03-11
3063,2025-03-11,cancelled,,Central,197.76000000000002,2025-03-11
3064,2025-03-11,completed,,South,152.53,2025-03-11
3065,2025-03-11,completed,,South,78.32,2025-03-11
3066,2025-03-11,completed,,North,206.16,2025-03-11
3067,2025-03-11,completed,,East,40.94,2025-03-11
3068,2025-03-11,completed,,South,37.74,2025-03-11
3069,2025-03-11,completed,,North,171.28,2025-03-11
3070,2025-03-11,completed,,South,125.88,2025-03-11
3071,2025-03-11,completed,,East,195.72,2025-03-11
3072,2025-03-11,completed,,North,57.71,2025-03-11
3073,2025-03-11,completed,,North,62.769999999999996,2025-03-11
3074,2025-03-11,completed,,Central,61.39,2025-03-11
3075,2025-03-11,processing,,Central,241.8,2025-03-11
3076,2025-03-11,completed,,Central,85.03,2025-03-11
3077,2025-03-11,completed,,North,20.47,2025-03-11
3078,2025-03-11,refunded,,Central,202.48,2025-03-11
3079,2025-03-11,completed,,North,75.48,2025-03-11
3080,2025-03-11,completed,,East,100.71,2025-03-11
3081,2025-03-11,cancelled,,Central,42.3,2025-03-11
3082,2025-03-11,completed,,East,61.39,2025-03-11
3083,2025-03-11,completed,,Central,242.25,2025-03-11
3084,2025-03-12,completed,,East,202.48,2025-03-12
3085,2025-03-12,completed,,Central,88.2,2025-03-12
3086,2025-03-12,completed,,South,20.47,2025-03-12
3087,2025-03-12,processing,,East,276.1,2025-03-12
3088,2025-03-12,unknown_status,,East,12.22,2025-03-12
3089,2025-03-12,completed,,East,37.74,2025-03-12
3090,2025-03-12,completed,,East,19.71,2025-03-12
3091,2025-03-12,completed,,South,521.7,2025-03-12
3092,2025-03-12,completed,,South,20.47,2025-03-12
3093,2025-03-12,completed,,Central,106.9,2025-03-12
3094,2025-03-12,cancelled,,East,141.93,2025-03-12
3095,2025-03-12,completed,,Central,239.49,2025-03-12
3096,2025-03-12,completed,,Central,83.16,2025-03-12
3097,2025-03-12,completed,,East,263.9,2025-03-12
3098,2025-03-12,completed,,East,67.9,2025-03-12
3099,2025-03-12,processing,,North,53.45,2025-03-12
3100,2025-03-12,completed,,Central,232.18,2025-03-12
3101,2025-03-12,completed,,East,157.65,2025-03-12
3102,2025-03-12,completed,,South,53.45,2025-03-12
3103,2025-03-12,completed,,Central,161.29,2025-03-12
3104,2025-03-12,refunded,,East,326.4,2025-03-12
3105,2025-03-12,completed,,North,12.22,2025-03-12
3106,2025-03-12,completed,,North,282.52,2025-03-12
3107,2025-03-12,completed,,North,255.43,2025-03-12
3108,2025-03-12,completed,,Central,111.16,2025-03-12
3109,2025-03-12,completed,,North,61.39,2025-03-12
3110,2025-03-12,completed,,East,75.66,2025-03-12
3111,2025-03-12,completed,,North,179.54000000000002,2025-03-12
3112,2025-03-12,completed,,South,157.65,2025-03-12
3113,2025-03-12,completed,,North,83.16,2025-03-12
3114,2025-03-12,completed,,East,137.03,2025-03-12
3115,2025-03-12,completed,,East,84.15,2025-03-12
3116,2025-03-12,completed,,North,138.05,2025-03-12
3117,2025-03-12,completed,,North,353.04,2025-03-12
3118,2025-03-12,completed,,South,124.26,2025-03-12
3119,2025-03-12,completed,,East,256.3,2025-03-12
3120,2025-03-12,completed,,Central,36.66,2025-03-12
3121,2025-03-12,completed,,North,642.16,2025-03-12
3122,2025-03-12,completed,,Central,42.68,2025-03-12
3123,2025-03-12,completed,,North,117.99,2025-03-12
3124,2025-03-12,completed,,North,313.62,2025-03-12
3125,2025-03-12,processing,,North,217.41,2025-03-12
3126,2025-03-12,completed,,North,53.45,2025-03-12
3127,2025-03-12,completed,,South,113.14,2025-03-12
3128,2025-03-12,processing,,South,104.13,2025-03-12
3129,2025-03-12,completed,,Central,42.3,2025-03-12
3130,2025-03-12,completed,,Central,90.53999999999999,2025-03-12
3131,2025-03-12,cancelled,,East,49.55,2025-03-12
3132,2025-03-12,completed,,Central,271.54,2025-03-12
3133,2025-03-12,completed,,North,12.22,2025-03-12
3134,2025-03-13,completed,,North,459.15,2025-03-13
3135,2025-03-13,completed,,South,125.53999999999999,2025-03-13
3136,2025-03-13,completed,,North,43.74,2025-03-13
3137,2025-03-13,completed,,Central,12.22,2025-03-13
3138,2025-03-13,completed,,Central,78.32,2025-03-13
3139,2025-03-13,completed,,North,117.99,2025-03-13
3140,2025-03-13,cancelled,,South,78.13,2025-03-13
3141,2025-03-13,completed,,South,53.45,2025-03-13
3142,2025-03-13,completed,,East,103.63,2025-03-13
3143,2025-03-13,completed,,East,166.56,2025-03-13
3144,2025-03-13,completed,,North,401.25,2025-03-13
3145,2025-03-13,completed,,North,12.22,2025-03-13
3146,2025-03-13,completed,,East,69.13,2025-03-13
3147,2025-03-13,completed,,East,9.2,2025-03-13
3148,2025-03-13,processing,,North,29.56,2025-03-13
3149,2025-03-13,cancelled,,North,302.2,2025-03-13
3150,2025-03-13,completed,,North,138.05,2025-03-13
3151,2025-03-13,completed,,East,53.45,2025-03-13
3152,2025-03-13,completed,,South,162.01999999999998,2025-03-13
3153,2025-03-13,completed,,Central,219.95000000000002,2025-03-13
3154,2025-03-13,completed,,South,117.99,2025-03-13
3155,2025-03-13,completed,,Central,53.45,2025-03-13
3156,2025-03-13,completed,,North,69.13,2025-03-13
3157,2025-03-13,refunded,,South,162.47,2025-03-13
3158,2025-03-13,processing,,North,152.53,2025-03-13
3159,2025-03-13,completed,,Central,171.28,2025-03-13
3160,2025-03-13,refunded,,North,84.15,2025-03-13
3161,2025-03-13,processing,,East,138.79,2025-03-13
3162,2025-03-13,completed,,East,173.9,2025-03-13
3163,2025-03-13,completed,,South,20.47,2025-03-13
3164,2025-03-13,completed,,East,166.32,2025-03-13
3165,2025-03-13,refunded,,North,315.83000000000004,2025-03-13
3166,2025-03-13,completed,,East,214.28,2025-03-13
3167,2025-03-13,completed,,North,138.26,2025-03-13
3168,2025-03-13,completed,,North,213.92000000000002,2025-03-13
3169,2025-03-13,completed,,North,83.16,2025-03-13
3170,2025-03-13,refunded,,East,20.47,2025-03-13
3171,2025-03-13,completed,,South,138.05,2025-03-13
3172,2025-03-13,cancelled,,North,21.34,2025-03-13
3173,2025-03-13,processing,,East,83.16,2025-03-13
3174,2025-03-13,completed,,Central,37.74,2025-03-13
3175,2025-03-13,completed,,South,195.01,2025-03-13
3176,2025-03-13,completed,,Central,552.46,2025-03-13
3177,2025-03-13,completed,,Central,202.48,2025-03-13
3178,2025-03-14,completed,,South,42.3,2025-03-14
3179,2025-03-14,completed,,Central,116.06,2025-03-14
3180,2025-03-14,completed,,East,207.39,2025-03-14
3181,2025-03-14,completed,,North,157.65,2025-03-14
3182,2025-03-14,completed,,North,57.71,2025-03-14
3183,2025-03-14,completed,,East,156.64,2025-03-14
3184,2025-03-14,completed,,Central,77.00999999999999,2025-03-14
3185,2025-03-14,completed,,East,316.42,2025-03-14
3186,2025-03-14,refunded,,East,122.78,2025-03-14
3187,2025-03-14,completed,,East,19.71,2025-03-14
3188,2025-03-14,completed,,North,163.05,2025-03-14
3189,2025-03-14,processing,,East,59.69,2025-03-14
3190,2025-03-14,completed,,North,43.74,2025-03-14
3191,2025-03-14,completed,,Central,106.9,2025-03-14
3192,2025-03-14,completed,,East,124.26,2025-03-14
3193,2025-03-14,completed,,East,57.71,2025-03-14
3194,2025-03-14,completed,,North,24.61,2025-03-14
3195,2025-03-14,processing,,Central,168.3,2025-03-14
3196,2025-03-14,completed,,East,276.1,2025-03-14
3197,2025-03-14,completed,,North,117.99,2025-03-14
3198,2025-03-14,completed,,East,407.43,2025-03-14
3199,2025-03-14,processing,,North,413.0,2025-03-14
3200,2025-03-14,completed,,Central,140.87,2025-03-14
3201,2025-03-14,cancelled,,South,119.6,2025-03-14
3202,2025-03-14,completed,,North,53.45,2025-03-14
3203,2025-03-14,completed,,East,83.16,2025-03-14
3204,2025-03-14,completed,,East,162.0,2025-03-14
3205,2025-03-14,completed,,North,326.1,2025-03-14
3206,2025-03-14,completed,,Central,67.9,2025-03-14
3207,2025-03-14,completed,,North,57.71,2025-03-14
3208,2025-03-14,completed,,South,12.22,2025-03-14
3209,2025-03-14,unknown_status,,North,61.39,2025-03-14
3210,2025-03-14,completed,,Central,163.05,2025-03-14
3211,2025-03-14,completed,,East,42.3,2025-03-14
3212,2025-03-14,completed,,South,61.39,2025-03-14
3213,2025-03-14,completed,,Central,72.47,2025-03-14
3214,2025-03-14,completed,,South,31.58,2025-03-14
3215,2025-03-14,completed,,South,235.20000000000002,2025-03-14
3216,2025-03-14,completed,,Central,42.3,2025-03-14
3217,2025-03-14,completed,,South,315.3,2025-03-14
3218,2025-03-14,completed,,Central,252.45,2025-03-14
3219,2025-03-14,completed,,East,156.64,2025-03-14
3220,2025-03-14,unknown_status,,South,84.15,2025-03-14
3221,2025-03-15,cancelled,,Central,176.4,2025-03-15
3222,2025-03-15,completed,,East,212.45,2025-03-15
3223,2025-03-15,completed,,East,148.13,2025-03-15
3224,2025-03-15,completed,,North,106.9,2025-03-15
3225,2025-03-15,completed,,East,61.39,2025-03-15
3226,2025-03-15,processing,,North,115.23,2025-03-15
3227,2025-03-15,completed,,South,83.16,2025-03-15
3228,2025-03-15,completed,,Central,75.66,2025-03-15
3229,2025-03-15,completed,,North,101.25,2025-03-15
3230,2025-03-15,completed,,Central,101.25,2025-03-15
3231,2025-03-15,completed,,North,99.48,2025-03-15
3232,2025-03-15,completed,,North,157.65,2025-03-15
3233,2025-03-15,completed,,North,20.47,2025-03-15
3234,2025-03-15,processing,,North,72.47,2025-03-15
3235,2025-03-15,processing,,South,156.36,2025-03-15
3236,2025-03-15,completed,,South,117.99,2025-03-15
3237,2025-03-15,completed,,South,138.05,2025-03-15
3238,2025-03-15,completed,,Central,118.35,2025-03-15
3239,2025-03-15,completed,,North,212.41000000000003,2025-03-15
3240,2025-03-15,processing,,South,101.55,2025-03-15
3241,2025-03-15,completed,,North,52.92,2025-03-15
3242,2025-03-15,cancelled,,North,185.65,2025-03-15
3243,2025-03-15,processing,,East,19.71,2025-03-15
3244,2025-03-15,completed,,East,12.22,2025-03-15
3245,2025-03-15,completed,,South,78.32,2025-03-15
3246,2025-03-15,processing,,Central,208.41000000000003,2025-03-15
3247,2025-03-15,completed,,Central,189.23000000000002,2025-03-15
3248,2025-03-15,completed,,Central,83.16,2025-03-15
3249,2025-03-15,completed,,East,21.34,2025-03-15
3250,2025-03-15,completed,,Central,241.8,2025-03-15
3251,2025-03-16,completed,,Central,283.86,2025-03-16
3252,2025-03-16,completed,,East,163.05,2025-03-16
3253,2025-03-16,completed,,Central,69.42,2025-03-16
3254,2025-03-16,completed,,South,53.45,2025-03-16
3255,2025-03-16,completed,,South,43.74,2025-03-16
3256,2025-03-16,completed,,Central,229.48000000000002,2025-03-16
3257,2025-03-16,completed,,North,43.73,2025-03-16
3258,2025-03-16,completed,,North,67.9,2025-03-16
3259,2025-03-16,completed,,Central,45.15,2025-03-16
3260,2025-03-16,completed,,South,64.02,2025-03-16
3261,2025-03-16,completed,,North,12.22,2025-03-16
3262,2025-03-16,completed,,South,69.13,2025-03-16
3263,2025-03-16,completed,,North,83.16,2025-03-16
3264,2025-03-16,completed,,East,150.13,2025-03-16
3265,2025-03-16,completed,,North,237.72000000000003,2025-03-16
3266,2025-03-16,completed,,East,75.38,2025-03-16
3267,2025-03-16,completed,,South,21.34,2025-03-16
3268,2025-03-16,completed,,Central,151.32,2025-03-16
3269,2025-03-16,completed,,Central,69.13,2025-03-16
3270,2025-03-16,completed,,North,56.019999999999996,2025-03-16
3271,2025-03-16,completed,,North,178.57999999999998,2025-03-16
3272,2025-03-16,completed,,Central,124.26,2025-03-16
3273,2025-03-16,completed,,East,88.2,2025-03-16
3274,2025-03-16,completed,,North,309.74,2025-03-16
3275,2025-03-16,completed,,South,239.79999999999998,2025-03-16
3276,2025-03-16,completed,,East,318.85,2025-03-16
3277,2025-03-16,completed,,Central,209.04,2025-03-16
3278,2025-03-16,completed,,North,236.68,2025-03-16
3279,2025-03-16,processing,,South,103.41999999999999,2025-03-16
3280,2025-03-16,completed,,South,53.45,2025-03-16
3281,2025-03-16,processing,,North,78.32,2025-03-16
3282,2025-03-16,completed,,East,152.53,2025-03-16
3283,2025-03-16,completed,,East,43.74,2025-03-16
3284,2025-03-16,completed,,North,138.05,2025-03-16
3285,2025-03-16,completed,,East,69.13,2025-03-16
3286,2025-03-16,completed,,Central,117.99,2025-03-16
3287,2025-03-16,completed,,South,155.73,2025-03-16
3288,2025-03-17,processing,,South,83.16,2025-03-17
3289,2025-03-17,completed,,South,214.07999999999998,2025-03-17
3290,2025-03-17,completed,,North,139.70999999999998,2025-03-17
3291,2025-03-17,completed,,Central,21.34,2025-03-17
3292,2025-03-17,completed,,North,173.9,2025-03-17
3293,2025-03-17,completed,,Central,351.76,2025-03-17
3294,2025-03-17,completed,,Central,34.71,2025-03-17
3295,2025-03-17,completed,,South,12.22,2025-03-17
3296,2025-03-17,completed,,North,281.04,2025-03-17
3297,2025-03-17,processing,,Central,61.39,2025-03-17
3298,2025-03-17,completed,,South,72.47,2025-03-17
3299,2025-03-17,completed,,East,83.16,2025-03-17
3300,2025-03-17,completed,,Central,37.74,2025-03-17
3301,2025-03-17,completed,,Central,43.73,2025-03-17
3302,2025-03-17,completed,,East,196.31,2025-03-17
3303,2025-03-17,completed,,North,477.42999999999995,2025-03-17
3304,2025-03-17,completed,,Central,156.64,2025-03-17
3305,2025-03-17,completed,,East,21.34,2025-03-17
3306,2025-03-17,completed,,South,163.05,2025-03-17
3307,2025-03-17,completed,,South,163.05,2025-03-17
3308,2025-03-17,completed,,South,34.71,2025-03-17
3309,2025-03-17,completed,,Central,100.71,2025-03-17
3310,2025-03-17,completed,,South,83.16,2025-03-17
3311,2025-03-17,processing,,South,24.44,2025-03-17
3312,2025-03-17,processing,,North,101.03,2025-03-17
3313,2025-03-17,completed,,North,24.61,2025-03-17
3314,2025-03-17,completed,,Central,157.65,2025-03-17
3315,2025-03-17,completed,,Central,157.65,2025-03-17
3316,2025-03-17,cancelled,,East,286.63,2025-03-17
3317,2025-03-17,completed,,North,276.1,2025-03-17
3318,2025-03-17,completed,,East,168.87,2025-03-17
3319,2025-03-17,completed,,South,87.46,2025-03-17
3320,2025-03-17,completed,,North,141.93,2025-03-17
3321,2025-03-17,processing,,North,171.28,2025-03-17
3322,2025-03-17,processing,,North,12.22,2025-03-17
3323,2025-03-17,completed,,East,125.88,2025-03-17
3324,2025-03-17,completed,,South,353.97,2025-03-17
3325,2025-03-18,completed,,North,24.68,2025-03-18
3326,2025-03-18,completed,,Central,157.65,2025-03-18
3327,2025-03-18,completed,,East,84.6,2025-03-18
3328,2025-03-18,completed,,East,83.16,2025-03-18
3329,2025-03-18,completed,,North,20.47,2025-03-18
3330,2025-03-18,completed,,East,61.39,2025-03-18
3331,2025-03-18,processing,,North,202.48,2025-03-18
3332,2025-03-18,completed,,Central,326.1,2025-03-18
3333,2025-03-18,completed,,East,124.26,2025-03-18
3334,2025-03-18,completed,,South,336.95000000000005,2025-03-18
3335,2025-03-18,completed,,Central,163.05,2025-03-18
3336,2025-03-18,processing,,Central,167.31,2025-03-18
3337,2025-03-18,completed,,South,53.45,2025-03-18
3338,2025-03-18,completed,,Central,173.13,2025-03-18
3339,2025-03-18,refunded,,South,21.34,2025-03-18
3340,2025-03-18,processing,,South,311.54,2025-03-18
3341,2025-03-18,completed,,Central,182.33,2025-03-18
3342,2025-03-18,processing,,North,51.5,2025-03-18
3343,2025-03-18,processing,,North,171.28,2025-03-18
3344,2025-03-18,completed,,Central,246.21,2025-03-18
3345,2025-03-18,completed,,South,187.73000000000002,2025-03-18
3346,2025-03-18,completed,,South,173.9,2025-03-18
3347,2025-03-18,completed,,Central,124.26,2025-03-18
3348,2025-03-18,completed,,North,162.73000000000002,2025-03-18
3349,2025-03-18,completed,,South,235.87,2025-03-18
3350,2025-03-18,completed,,Central,203.99,2025-03-18
3351,2025-03-18,completed,,Central,241.8,2025-03-18
3352,2025-03-18,completed,,South,69.13,2025-03-18
3353,2025-03-18,completed,,North,20.47,2025-03-18
3354,2025-03-18,completed,,North,84.15,2025-03-18
3355,2025-03-18,completed,,South,336.72,2025-03-18
3356,2025-03-18,completed,,South,111.81,2025-03-18
3357,2025-03-18,completed,,Central,57.71,2025-03-18
3358,2025-03-19,completed,,East,303.09,2025-03-19
3359,2025-03-19,completed,,North,292.56,2025-03-19
3360,2025-03-19,completed,,East,21.34,2025-03-19
3361,2025-03-19,completed,,Central,125.31,2025-03-19
3362,2025-03-19,completed,,North,57.71,2025-03-19
3363,2025-03-19,processing,,North,83.16,2025-03-19
3364,2025-03-19,completed,,South,141.93,2025-03-19
3365,2025-03-19,processing,,South,192.38,2025-03-19
3366,2025-03-19,completed,,Central,120.9,2025-03-19
3367,2025-03-19,completed,,Central,57.71,2025-03-19
3368,2025-03-19,completed,,North,221.77,2025-03-19
3369,2025-03-19,completed,,East,472.95,2025-03-19
3370,2025-03-19,completed,,Central,43.73,2025-03-19
3371,2025-03-19,completed,,North,37.74,2025-03-19
3372,2025-03-19,completed,,South,380.87,2025-03-19
3373,2025-03-19,cancelled,,South,20.47,2025-03-19
3374,2025-03-19,completed,,South,177.12,2025-03-19
3375,2025-03-19,completed,,East,166.32,2025-03-19
3376,2025-03-19,completed,,East,83.16,2025-03-19
3377,2025-03-19,processing,,East,94.95,2025-03-19
3378,2025-03-19,completed,,East,21.34,2025-03-19
3379,2025-03-19,completed,,Central,114.84,2025-03-19
3380,2025-03-19,completed,,East,302.12,2025-03-19
3381,2025-03-19,completed,,East,34.71,2025-03-19
3382,2025-03-19,completed,,Central,221.21,2025-03-19
3383,2025-03-19,completed,,East,53.45,2025-03-19
3384,2025-03-19,completed,,East,24.61,2025-03-19
3385,2025-03-19,processing,,Central,69.13,2025-03-19
3386,2025-03-19,completed,,South,37.74,2025-03-19
3387,2025-03-19,processing,,North,166.32,2025-03-19
3388,2025-03-19,completed,,Central,59.12,2025-03-19
3389,2025-03-19,completed,,South,49.36,2025-03-19
3390,2025-03-19,completed,,Central,244.09999999999997,2025-03-19
3391,2025-03-19,completed,,Central,204.2,2025-03-19
3392,2025-03-19,completed,,North,249.48,2025-03-19
3393,2025-03-19,completed,,South,20.47,2025-03-19
3394,2025-03-19,refunded,,East,20.47,2025-03-19
3395,2025-03-19,completed,,South,69.13,2025-03-19
3396,2025-03-19,completed,,East,61.39,2025-03-19
3397,2025-03-19,completed,,Central,193.47,2025-03-19
3398,2025-03-19,completed,,East,100.26,2025-03-19
3399,2025-03-19,completed,,East,202.48,2025-03-19
3400,2025-03-19,completed,,North,294.76,2025-03-19
3401,2025-03-19,completed,,East,101.25,2025-03-19
3402,2025-03-19,cancelled,,North,57.71,2025-03-19
3403,2025-03-20,completed,,East,235.98,2025-03-20
3404,2025-03-20,completed,,Central,37.74,2025-03-20
3405,2025-03-20,completed,,Central,42.3,2025-03-20
3406,2025-03-20,completed,,North,20.47,2025-03-20
3407,2025-03-20,completed,,East,78.32,2025-03-20
3408,2025-03-20,completed,,Central,409.26,2025-03-20
3409,2025-03-20,completed,,Central,141.93,2025-03-20
3410,2025-03-20,completed,,North,31.58,2025-03-20
3411,2025-03-20,completed,,North,279.98,2025-03-20
3412,2025-03-20,completed,,Central,115.23,2025-03-20
3413,2025-03-20,completed,,Central,20.47,2025-03-20
3414,2025-03-20,completed,,North,154.15,2025-03-20
3415,2025-03-20,completed,,South,84.15,2025-03-20
3416,2025-03-20,completed,,North,204.06,2025-03-20
3417,2025-03-20,processing,,Central,166.32,2025-03-20
3418,2025-03-20,completed,,South,153.28,2025-03-20
3419,2025-03-20,completed,,Central,91.19,2025-03-20
3420,2025-03-20,completed,,Central,157.65,2025-03-20
3421,2025-03-20,completed,,North,101.45,2025-03-20
3422,2025-03-20,completed,,North,119.12,2025-03-20
3423,2025-03-20,completed,,South,124.26,2025-03-20
3424,2025-03-20,completed,,North,174.26,2025-03-20
3425,2025-03-20,completed,,East,57.71,2025-03-20
3426,2025-03-20,completed,,North,216.5,2025-03-20
3427,2025-03-20,completed,,North,138.45999999999998,2025-03-20
3428,2025-03-20,completed,,South,78.32,2025-03-20
3429,2025-03-20,completed,,South,113.15,2025-03-20
3430,2025-03-20,completed,,Central,403.0,2025-03-20
3431,2025-03-20,completed,,East,567.62,2025-03-20
3432,2025-03-20,completed,,East,24.68,2025-03-20
3433,2025-03-21,completed,,North,98.03,2025-03-21
3434,2025-03-21,completed,,Central,53.45,2025-03-21
3435,2025-03-21,cancelled,,South,20.47,2025-03-21
3436,2025-03-21,completed,,North,313.15,2025-03-21
3437,2025-03-21,completed,,South,351.04,2025-03-21
3438,2025-03-21,completed,,South,42.3,2025-03-21
3439,2025-03-21,completed,,South,240.72000000000003,2025-03-21
3440,2025-03-21,refunded,,South,43.74,2025-03-21
3441,2025-03-21,completed,,East,69.13,2025-03-21
3442,2025-03-21,completed,,Central,83.16,2025-03-21
3443,2025-03-21,completed,,South,305.06,2025-03-21
3444,2025-03-21,completed,,East,21.34,2025-03-21
3445,2025-03-21,completed,,East,259.56,2025-03-21
3446,2025-03-21,processing,,East,171.28,2025-03-21
3447,2025-03-21,completed,,North,112.1,2025-03-21
3448,2025-03-21,processing,,East,202.48,2025-03-21
3449,2025-03-21,completed,,Central,347.8,2025-03-21
3450,2025-03-21,processing,,East,57.71,2025-03-21
3451,2025-03-21,completed,,East,20.47,2025-03-21
3452,2025-03-21,completed,,Central,12.22,2025-03-21
3453,2025-03-21,completed,,North,262.49,2025-03-21
3454,2025-03-21,completed,,Central,163.05,2025-03-21
3455,2025-03-21,completed,,East,434.62,2025-03-21
3456,2025-03-21,completed,,East,168.3,2025-03-21
3457,2025-03-21,completed,,North,83.16,2025-03-21
3458,2025-03-21,completed,,North,78.32,2025-03-21
3459,2025-03-21,completed,,East,242.67000000000002,2025-03-21
3460,2025-03-21,completed,,South,360.38,2025-03-21
3461,2025-03-21,completed,,North,20.47,2025-03-21
3462,2025-03-21,processing,,Central,198.51,2025-03-21
3463,2025-03-21,completed,,North,157.65,2025-03-21
3464,2025-03-21,completed,,South,188.62,2025-03-21
3465,2025-03-21,completed,,East,20.47,2025-03-21
3466,2025-03-21,completed,,South,315.3,2025-03-21
3467,2025-03-21,completed,,East,57.71,2025-03-21
3468,2025-03-22,completed,,South,100.26,2025-03-22
3469,2025-03-22,completed,,North,57.71,2025-03-22
3470,2025-03-22,completed,,East,119.1,2025-03-22
3471,2025-03-22,completed,,Central,135.8,2025-03-22
3472,2025-03-22,completed,,North,83.16,2025-03-22
3473,2025-03-22,completed,,South,158.93,2025-03-22
3474,2025-03-22,completed,,South,171.28,2025-03-22
3475,2025-03-22,completed,,East,78.32,2025-03-22
3476,2025-03-22,completed,,East,59.69,2025-03-22
3477,2025-03-22,completed,,East,81.1,2025-03-22
3478,2025-03-22,completed,,East,53.45,2025-03-22
3479,2025-03-22,completed,,Central,57.71,2025-03-22
3480,2025-03-22,completed,,North,43.74,2025-03-22
3481,2025-03-22,completed,,East,61.15,2025-03-22
3482,2025-03-22,completed,,Central,326.43,2025-03-22
3483,2025-03-22,completed,,South,100.71,2025-03-22
3484,2025-03-22,completed,,South,31.58,2025-03-22
3485,2025-03-22,completed,,North,173.9,2025-03-22
3486,2025-03-22,completed,,Central,287.96000000000004,2025-03-22
3487,2025-03-22,completed,,Central,43.74,2025-03-22
3488,2025-03-22,completed,,East,404.96,2025-03-22
3489,2025-03-22,completed,,South,157.65,2025-03-22
3490,2025-03-22,completed,,East,56.05,2025-03-22
3491,2025-03-22,completed,,North,166.32,2025-03-22
3492,2025-03-22,completed,,South,192.62,2025-03-22
3493,2025-03-22,completed,,East,138.05,2025-03-22
3494,2025-03-22,completed,,North,64.02,2025-03-22
3495,2025-03-22,completed,,Central,84.15,2025-03-22
3496,2025-03-22,completed,,Central,34.71,2025-03-22
3497,2025-03-22,completed,,South,31.58,2025-03-22
3498,2025-03-22,completed,,South,131.19,2025-03-22
3499,2025-03-22,completed,,East,263.14,2025-03-22
3500,2025-03-22,completed,,South,536.15,2025-03-22
3501,2025-03-22,completed,,South,152.53,2025-03-22
3502,2025-03-22,completed,,North,103.63,2025-03-22
3503,2025-03-22,completed,,North,120.61999999999999,2025-03-22
3504,2025-03-22,refunded,,South,187.26999999999998,2025-03-22
3505,2025-03-23,completed,,East,392.67,2025-03-23
3506,2025-03-23,processing,,East,34.71,2025-03-23
3507,2025-03-23,processing,,East,281.91,2025-03-23
3508,2025-03-23,completed,,North,20.47,2025-03-23
3509,2025-03-23,cancelled,,South,69.13,2025-03-23
3510,2025-03-23,processing,,East,167.31,2025-03-23
3511,2025-03-23,processing,,Central,20.47,2025-03-23
3512,2025-03-23,completed,,South,252.45,2025-03-23
3513,2025-03-23,completed,,Central,69.13,2025-03-23
3514,2025-03-23,completed,,South,117.99,2025-03-23
3515,2025-03-23,completed,,Central,19.71,2025-03-23
3516,2025-03-23,completed,,North,61.15,2025-03-23
3517,2025-03-23,completed,,North,144.94,2025-03-23
3518,2025-03-23,completed,,Central,31.58,2025-03-23
3519,2025-03-23,refunded,,East,321.92,2025-03-23
3520,2025-03-23,completed,,East,283.11,2025-03-23
3521,2025-03-23,completed,,Central,115.23,2025-03-23
3522,2025-03-23,cancelled,,East,216.48000000000002,2025-03-23
3523,2025-03-23,completed,,North,105.46,2025-03-23
3524,2025-03-23,completed,,Central,218.96,2025-03-23
3525,2025-03-23,completed,,Central,72.47,2025-03-23
3526,2025-03-23,completed,,East,419.05999999999995,2025-03-23
3527,2025-03-23,completed,,North,20.47,2025-03-23
3528,2025-03-23,completed,,South,84.6,2025-03-23
3529,2025-03-23,completed,,Central,562.0899999999999,2025-03-23
3530,2025-03-23,completed,,North,34.71,2025-03-23
3531,2025-03-23,completed,,Central,126.9,2025-03-23
3532,2025-03-23,processing,,East,156.64,2025-03-23
3533,2025-03-23,processing,,North,210.33,2025-03-23
3534,2025-03-23,completed,,East,83.16,2025-03-23
3535,2025-03-23,completed,,North,169.32,2025-03-23
3536,2025-03-23,completed,,South,81.62,2025-03-23
3537,2025-03-23,completed,,Central,69.13,2025-03-23
3538,2025-03-23,completed,,Central,61.15,2025-03-23
3539,2025-03-23,completed,,East,227.65,2025-03-23
3540,2025-03-23,processing,,North,24.68,2025-03-23
3541,2025-03-24,completed,,East,152.53,2025-03-24
3542,2025-03-24,completed,,East,163.54,2025-03-24
3543,2025-03-24,completed,,North,24.61,2025-03-24
3544,2025-03-24,processing,,East,84.6,2025-03-24
3545,2025-03-24,completed,,South,24.61,2025-03-24
3546,2025-03-24,completed,,Central,84.15,2025-03-24
3547,2025-03-24,cancelled,,South,34.71,2025-03-24
3548,2025-03-24,completed,,Central,163.05,2025-03-24
3549,2025-03-24,completed,,East,20.47,2025-03-24
3550,2025-03-24,completed,,South,140.87,2025-03-24
3551,2025-03-24,completed,,North,364.3,2025-03-24
3552,2025-03-24,refunded,,South,21.34,2025-03-24
3553,2025-03-24,completed,,Central,53.45,2025-03-24
3554,2025-03-24,completed,,North,87.46,2025-03-24
3555,2025-03-24,completed,,Central,59.69,2025-03-24
3556,2025-03-24,cancelled,,South,107.77,2025-03-24
3557,2025-03-24,completed,,South,511.02,2025-03-24
3558,2025-03-24,completed,,South,83.16,2025-03-24
3559,2025-03-24,completed,,South,173.9,2025-03-24
3560,2025-03-24,completed,,North,92.94,2025-03-24
3561,2025-03-24,cancelled,,East,138.67000000000002,2025-03-24
3562,2025-03-24,completed,,Central,163.05,2025-03-24
3563,2025-03-24,completed,,Central,31.58,2025-03-24
3564,2025-03-24,completed,,East,83.16,2025-03-24
3565,2025-03-24,completed,,East,123.78,2025-03-24
3566,2025-03-24,cancelled,,North,174.07,2025-03-24
3567,2025-03-24,completed,,East,122.3,2025-03-24
3568,2025-03-24,completed,,South,67.9,2025-03-24
3569,2025-03-24,completed,,Central,12.22,2025-03-24
3570,2025-03-24,completed,,North,43.73,2025-03-24
3571,2025-03-24,processing,,South,12.22,2025-03-24
3572,2025-03-24,completed,,North,21.34,2025-03-24
3573,2025-03-24,completed,,South,84.6,2025-03-24
3574,2025-03-25,completed,2.0,East,129.76,2025-03-25
3575,2025-03-25,completed,2.0,South,60.83,2025-03-25
3576,2025-03-25,completed,2.0,Central,109.35,2025-03-25
3577,2025-03-25,completed,2.0,Central,21.72,2025-03-25
3578,2025-03-25,completed,2.0,North,87.7,2025-03-25
3579,2025-03-25,completed,2.0,East,38.49,2025-03-25
3580,2025-03-25,refunded,2.0,South,21.72,2025-03-25
3581,2025-03-25,processing,2.0,North,207.66,2025-03-25
3582,2025-03-25,completed,2.0,North,135.05,2025-03-25
3583,2025-03-25,completed,2.0,North,134.23,2025-03-25
3584,2025-03-25,completed,2.0,South,248.17000000000002,2025-03-25
3585,2025-03-25,completed,2.0,North,74.05,2025-03-25
3586,2025-03-25,completed,2.0,Central,119.5,2025-03-25
3587,2025-03-25,completed,2.0,South,137.84,2025-03-25
3588,2025-03-25,completed,2.0,Central,10.75,2025-03-25
3589,2025-03-25,completed,2.0,South,60.83,2025-03-25
3590,2025-03-25,completed,2.0,South,395.99,2025-03-25
3591,2025-03-25,completed,2.0,East,392.65,2025-03-25
3592,2025-03-25,completed,2.0,East,200.69,2025-03-25
3593,2025-03-25,completed,2.0,South,138.73,2025-03-25
3594,2025-03-25,completed,2.0,Central,60.83,2025-03-25
3595,2025-03-25,completed,2.0,East,132.23000000000002,2025-03-25
3596,2025-03-25,completed,2.0,Central,21.5,2025-03-25
3597,2025-03-25,processing,2.0,North,94.03999999999999,2025-03-25
3598,2025-03-25,completed,2.0,Central,134.23,2025-03-25
3599,2025-03-25,processing,2.0,North,54.07,2025-03-25
3600,2025-03-25,completed,2.0,East,121.48,2025-03-25
3601,2025-03-25,completed,2.0,Central,252.64999999999998,2025-03-25
3602,2025-03-25,completed,2.0,Central,63.77,2025-03-25
3603,2025-03-25,completed,2.0,Central,550.38,2025-03-25
3604,2025-03-25,completed,2.0,East,246.56,2025-03-25
3605,2025-03-25,cancelled,2.0,Central,188.93,2025-03-25
3606,2025-03-25,completed,2.0,East,450.62,2025-03-25
3607,2025-03-25,completed,2.0,North,114.85,2025-03-25
3608,2025-03-25,cancelled,2.0,Central,68.92,2025-03-25
3609,2025-03-25,completed,2.0,Central,66.58,2025-03-25
3610,2025-03-25,completed,2.0,North,178.18,2025-03-25
3611,2025-03-25,completed,2.0,North,55.230000000000004,2025-03-25
3612,2025-03-25,completed,2.0,North,160.13,2025-03-25
3613,2025-03-25,completed,2.0,East,138.73,2025-03-25
3614,2025-03-25,completed,2.0,South,104.94,2025-03-25
3615,2025-03-25,unknown_status,2.0,Central,154.91,2025-03-25
3616,2025-03-25,completed,2.0,North,18.78,2025-03-25
3617,2025-03-25,completed,2.0,North,73.18,2025-03-25
3618,2025-03-26,completed,2.0,East,119.0,2025-03-26
3619,2025-03-26,completed,2.0,North,143.48,2025-03-26
3620,2025-03-26,processing,2.0,North,121.48,2025-03-26
3621,2025-03-26,completed,2.0,East,178.18,2025-03-26
3622,2025-03-26,completed,2.0,Central,138.73,2025-03-26
3623,2025-03-26,completed,2.0,East,93.53,2025-03-26
3624,2025-03-26,completed,2.0,Central,177.01,2025-03-26
3625,2025-03-26,completed,2.0,Central,291.16,2025-03-26
3626,2025-03-26,completed,2.0,East,200.74,2025-03-26
3627,2025-03-26,completed,2.0,Central,74.05,2025-03-26
3628,2025-03-26,completed,2.0,Central,21.72,2025-03-26
3629,2025-03-26,completed,2.0,East,138.73,2025-03-26
3630,2025-03-26,completed,2.0,Central,202.8,2025-03-26
3631,2025-03-26,completed,2.0,East,138.73,2025-03-26
3632,2025-03-26,refunded,2.0,North,88.23,2025-03-26
3633,2025-03-26,completed,2.0,East,275.13,2025-03-26
3634,2025-03-26,completed,2.0,North,134.23,2025-03-26
3635,2025-03-26,completed,2.0,East,121.66,2025-03-26
3636,2025-03-26,completed,2.0,East,101.4,2025-03-26
3637,2025-03-26,cancelled,2.0,North,285.63,2025-03-26
3638,2025-03-26,completed,2.0,Central,241.52999999999997,2025-03-26
3639,2025-03-26,completed,2.0,South,38.48,2025-03-26
3640,2025-03-26,completed,2.0,East,420.93999999999994,2025-03-26
3641,2025-03-26,completed,2.0,South,143.48,2025-03-26
3642,2025-03-26,completed,2.0,Central,59.75,2025-03-26
3643,2025-03-26,completed,2.0,North,178.18,2025-03-26
3644,2025-03-26,completed,2.0,North,37.22,2025-03-26
3645,2025-03-26,completed,2.0,North,263.46000000000004,2025-03-26
3646,2025-03-26,refunded,2.0,East,226.13,2025-03-26
3647,2025-03-26,cancelled,2.0,Central,115.47,2025-03-26
3648,2025-03-26,completed,2.0,South,282.01,2025-03-26
3649,2025-03-26,cancelled,2.0,North,124.9,2025-03-26
3650,2025-03-26,completed,2.0,North,351.13,2025-03-26
3651,2025-03-26,cancelled,2.0,South,54.02,2025-03-26
3652,2025-03-26,completed,2.0,East,177.01,2025-03-26
3653,2025-03-26,completed,2.0,East,241.7,2025-03-26
3654,2025-03-26,completed,2.0,North,104.43,2025-03-26
3655,2025-03-26,completed,2.0,North,459.09,2025-03-26
3656,2025-03-26,completed,2.0,East,135.65,2025-03-26
3657,2025-03-26,completed,2.0,Central,178.18,2025-03-26
3658,2025-03-26,cancelled,2.0,North,157.64,2025-03-26
3659,2025-03-26,completed,2.0,Central,47.04,2025-03-26
3660,2025-03-26,processing,2.0,Central,123.96000000000001,2025-03-26
3661,2025-03-26,completed,2.0,East,10.75,2025-03-26
3662,2025-03-26,completed,2.0,South,138.73,2025-03-26
3663,2025-03-26,refunded,2.0,Central,43.6,2025-03-26
3664,2025-03-26,completed,2.0,Central,21.5,2025-03-26
3665,2025-03-26,completed,2.0,East,101.56,2025-03-26
3666,2025-03-26,unknown_status,2.0,Central,190.51999999999998,2025-03-26
3667,2025-03-26,completed,2.0,East,251.36,2025-03-26
3668,2025-03-26,completed,2.0,North,218.7,2025-03-26
3669,2025-03-26,completed,2.0,North,52.02,2025-03-26
3670,2025-03-26,completed,2.0,North,227.11,2025-03-26
3671,2025-03-26,completed,2.0,South,369.15999999999997,2025-03-26
3672,2025-03-26,completed,2.0,East,149.27,2025-03-26
3673,2025-03-26,completed,2.0,North,74.05,2025-03-26
3674,2025-03-27,completed,2.0,Central,153.03,2025-03-27
3675,2025-03-27,completed,2.0,East,362.28999999999996,2025-03-27
3676,2025-03-27,completed,2.0,Central,63.77,2025-03-27
3677,2025-03-27,completed,2.0,South,143.14000000000001,2025-03-27
3678,2025-03-27,completed,2.0,North,60.83,2025-03-27
3679,2025-03-27,completed,2.0,South,30.54,2025-03-27
3680,2025-03-27,completed,2.0,Central,76.96,2025-03-27
3681,2025-03-27,completed,2.0,Central,197.5,2025-03-27
3682,2025-03-27,completed,2.0,South,68.92,2025-03-27
3683,2025-03-27,completed,2.0,North,107.87,2025-03-27
3684,2025-03-27,completed,2.0,North,47.04,2025-03-27
3685,2025-03-27,completed,2.0,Central,16.2,2025-03-27
3686,2025-03-27,completed,2.0,South,124.9,2025-03-27
3687,2025-03-27,completed,2.0,North,411.93999999999994,2025-03-27
3688,2025-03-27,completed,2.0,South,43.6,2025-03-27
3689,2025-03-27,completed,2.0,North,73.18,2025-03-27
3690,2025-03-27,completed,2.0,South,133.16,2025-03-27
3691,2025-03-27,processing,2.0,North,28.76,2025-03-27
3692,2025-03-27,processing,2.0,North,37.22,2025-03-27
3693,2025-03-27,completed,2.0,North,18.01,2025-03-27
3694,2025-03-27,completed,2.0,Central,33.21,2025-03-27
3695,2025-03-27,cancelled,2.0,Central,155.24,2025-03-27
3696,2025-03-27,completed,2.0,North,171.04,2025-03-27
3697,2025-03-27,completed,2.0,Central,38.48,2025-03-27
3698,2025-03-27,completed,2.0,East,60.83,2025-03-27
3699,2025-03-27,completed,2.0,South,164.55,2025-03-27
3700,2025-03-27,completed,2.0,North,127.20000000000002,2025-03-27
3701,2025-03-27,completed,2.0,North,402.69,2025-03-27
3702,2025-03-27,processing,2.0,North,68.92,2025-03-27
3703,2025-03-27,completed,2.0,Central,18.01,2025-03-27
3704,2025-03-27,completed,2.0,North,379.24,2025-03-27
3705,2025-03-27,completed,2.0,East,143.48,2025-03-27
3706,2025-03-27,completed,2.0,Central,146.36,2025-03-27
3707,2025-03-27,completed,2.0,North,43.32,2025-03-27
3708,2025-03-27,completed,2.0,North,10.75,2025-03-27
3709,2025-03-27,completed,2.0,Central,18.78,2025-03-27
3710,2025-03-27,unknown_status,2.0,North,50.55,2025-03-27
3711,2025-03-27,completed,2.0,South,21.5,2025-03-27
3712,2025-03-27,completed,2.0,Central,91.19000000000001,2025-03-27
3713,2025-03-27,completed,2.0,South,219.54,2025-03-27
3714,2025-03-27,completed,2.0,North,178.18,2025-03-27
3715,2025-03-27,processing,2.0,North,47.04,2025-03-27
3716,2025-03-27,completed,2.0,North,305.43,2025-03-27
3717,2025-03-27,processing,2.0,East,36.02,2025-03-27
3718,2025-03-27,completed,2.0,South,38.49,2025-03-27
3719,2025-03-27,completed,2.0,East,138.45,2025-03-27
3720,2025-03-27,completed,2.0,East,97.82,2025-03-27
3721,2025-03-27,completed,2.0,Central,128.67000000000002,2025-03-27
3722,2025-03-27,completed,2.0,Central,333.8,2025-03-27
3723,2025-03-27,completed,2.0,Central,143.48,2025-03-27
3724,2025-03-27,completed,2.0,East,73.18,2025-03-27
3725,2025-03-27,completed,2.0,North,60.83,2025-03-27
3726,2025-03-27,completed,2.0,South,134.23,2025-03-27
3727,2025-03-27,completed,2.0,South,60.83,2025-03-27
3728,2025-03-27,completed,2.0,North,74.05,2025-03-27
3729,2025-03-27,completed,2.0,South,101.56,2025-03-27
3730,2025-03-27,completed,2.0,North,306.06,2025-03-27
3731,2025-03-27,completed,2.0,Central,186.79999999999998,2025-03-27
3732,2025-03-27,completed,2.0,North,47.04,2025-03-27
3733,2025-03-27,completed,2.0,East,268.46,2025-03-27
3734,2025-03-27,completed,2.0,North,18.78,2025-03-27
3735,2025-03-28,completed,2.0,East,129.65,2025-03-28
3736,2025-03-28,completed,2.0,South,179.25,2025-03-28
3737,2025-03-28,completed,2.0,North,72.80000000000001,2025-03-28
3738,2025-03-28,completed,2.0,North,37.56,2025-03-28
3739,2025-03-28,completed,2.0,East,178.54000000000002,2025-03-28
3740,2025-03-28,completed,2.0,Central,8.1,2025-03-28
3741,2025-03-28,completed,2.0,North,79.67,2025-03-28
3742,2025-03-28,completed,2.0,East,162.01999999999998,2025-03-28
3743,2025-03-28,completed,2.0,Central,211.91,2025-03-28
3744,2025-03-28,completed,2.0,East,127.54,2025-03-28
3745,2025-03-28,completed,2.0,Central,127.54,2025-03-28
3746,2025-03-28,completed,2.0,East,39.730000000000004,2025-03-28
3747,2025-03-28,processing,2.0,South,21.66,2025-03-28
3748,2025-03-28,completed,2.0,Central,94.08,2025-03-28
3749,2025-03-28,completed,2.0,South,119.5,2025-03-28
3750,2025-03-28,completed,2.0,South,17.34,2025-03-28
3751,2025-03-28,completed,2.0,East,356.36,2025-03-28
3752,2025-03-28,completed,2.0,Central,147.89,2025-03-28
3753,2025-03-28,completed,2.0,South,94.08,2025-03-28
3754,2025-03-28,completed,2.0,North,84.8,2025-03-28
3755,2025-03-28,completed,2.0,East,135.5,2025-03-28
3756,2025-03-28,completed,2.0,South,178.18,2025-03-28
3757,2025-03-28,completed,2.0,Central,77.62,2025-03-28
3758,2025-03-28,completed,2.0,North,27.79,2025-03-28
3759,2025-03-28,completed,2.0,North,52.53,2025-03-28
3760,2025-03-28,completed,2.0,East,10.75,2025-03-28
3761,2025-03-28,completed,2.0,North,200.74,2025-03-28
3762,2025-03-28,completed,2.0,East,165.14000000000001,2025-03-28
3763,2025-03-28,completed,2.0,North,47.04,2025-03-28
3764,2025-03-28,completed,2.0,East,66.58,2025-03-28
3765,2025-03-28,completed,2.0,South,121.48,2025-03-28
3766,2025-03-28,refunded,2.0,East,114.58,2025-03-28
3767,2025-03-28,processing,2.0,Central,68.92,2025-03-28
3768,2025-03-28,completed,2.0,North,355.2,2025-03-28
3769,2025-03-28,completed,2.0,East,60.83,2025-03-28
3770,2025-03-28,processing,2.0,Central,54.02,2025-03-28
3771,2025-03-28,completed,2.0,North,143.48,2025-03-28
3772,2025-03-28,completed,2.0,Central,73.18,2025-03-28
3773,2025-03-28,completed,2.0,Central,56.0,2025-03-28
3774,2025-03-28,completed,2.0,Central,121.84,2025-03-28
3775,2025-03-28,completed,2.0,Central,268.46,2025-03-28
3776,2025-03-28,processing,2.0,Central,199.56,2025-03-28
3777,2025-03-28,processing,2.0,Central,75.71000000000001,2025-03-28
3778,2025-03-28,completed,2.0,South,8.1,2025-03-28
3779,2025-03-29,completed,2.0,East,109.35,2025-03-29
3780,2025-03-29,completed,2.0,Central,372.74,2025-03-29
3781,2025-03-29,completed,2.0,North,59.75,2025-03-29
3782,2025-03-29,completed,2.0,North,88.23,2025-03-29
3783,2025-03-29,completed,2.0,North,285.35,2025-03-29
3784,2025-03-29,completed,2.0,East,115.96000000000001,2025-03-29
3785,2025-03-29,completed,2.0,South,73.18,2025-03-29
3786,2025-03-29,completed,2.0,South,74.05,2025-03-29
3787,2025-03-29,completed,2.0,East,137.04,2025-03-29
3788,2025-03-29,completed,2.0,Central,18.78,2025-03-29
3789,2025-03-29,cancelled,2.0,South,152.23999999999998,2025-03-29
3790,2025-03-29,completed,2.0,North,10.75,2025-03-29
3791,2025-03-29,completed,2.0,South,38.49,2025-03-29
3792,2025-03-29,completed,2.0,Central,123.96000000000001,2025-03-29
3793,2025-03-29,processing,2.0,East,656.51,2025-03-29
3794,2025-03-29,processing,2.0,South,109.35,2025-03-29
3795,2025-03-29,completed,2.0,East,109.17,2025-03-29
3796,2025-03-29,completed,2.0,Central,73.18,2025-03-29
3797,2025-03-29,processing,2.0,North,51.99,2025-03-29
3798,2025-03-29,completed,2.0,North,73.18,2025-03-29
3799,2025-03-29,completed,2.0,South,77.62,2025-03-29
3800,2025-03-29,completed,2.0,Central,190.36,2025-03-29
3801,2025-03-29,cancelled,2.0,South,138.73,2025-03-29
3802,2025-03-29,completed,2.0,North,134.23,2025-03-29
3803,2025-03-29,completed,2.0,South,268.46,2025-03-29
3804,2025-03-29,completed,2.0,Central,32.25,2025-03-29
3805,2025-03-29,completed,2.0,South,207.64999999999998,2025-03-29
3806,2025-03-29,processing,2.0,South,115.47,2025-03-29
3807,2025-03-29,completed,2.0,South,134.01,2025-03-29
3808,2025-03-29,completed,2.0,South,225.49,2025-03-29
3809,2025-03-29,completed,2.0,East,185.76999999999998,2025-03-29
3810,2025-03-29,completed,2.0,East,110.77,2025-03-29
3811,2025-03-29,completed,2.0,South,21.5,2025-03-29
3812,2025-03-29,completed,2.0,South,138.73,2025-03-29
3813,2025-03-29,completed,2.0,North,50.78,2025-03-29
3814,2025-03-29,completed,2.0,Central,74.05,2025-03-29
3815,2025-03-29,completed,2.0,East,143.48,2025-03-29
3816,2025-03-29,unknown_status,2.0,East,138.73,2025-03-29
3817,2025-03-29,completed,2.0,South,211.91,2025-03-29
3818,2025-03-29,completed,2.0,North,50.78,2025-03-29
3819,2025-03-29,completed,2.0,East,141.12,2025-03-29
3820,2025-03-29,completed,2.0,North,94.84,2025-03-29
3821,2025-03-29,completed,2.0,East,138.73,2025-03-29
3822,2025-03-29,completed,2.0,Central,134.23,2025-03-29
3823,2025-03-29,completed,2.0,Central,52.53,2025-03-29
3824,2025-03-29,completed,2.0,South,356.36,2025-03-29
3825,2025-03-29,completed,2.0,North,280.47999999999996,2025-03-29
3826,2025-03-29,completed,2.0,North,192.75,2025-03-29
3827,2025-03-29,completed,2.0,Central,103.83,2025-03-29
3828,2025-03-29,processing,2.0,South,109.35,2025-03-29
3829,2025-03-29,completed,2.0,South,43.6,2025-03-29
3830,2025-03-29,completed,2.0,South,73.18,2025-03-29
3831,2025-03-30,completed,2.0,North,210.76,2025-03-30
3832,2025-03-30,completed,2.0,South,161.55,2025-03-30
3833,2025-03-30,completed,2.0,North,38.49,2025-03-30
3834,2025-03-30,refunded,2.0,Central,209.5,2025-03-30
3835,2025-03-30,completed,2.0,South,202.8,2025-03-30
3836,2025-03-30,completed,2.0,East,216.9,2025-03-30
3837,2025-03-30,completed,2.0,North,183.39999999999998,2025-03-30
3838,2025-03-30,completed,2.0,East,188.38,2025-03-30
3839,2025-03-30,completed,2.0,South,74.05,2025-03-30
3840,2025-03-30,completed,2.0,South,109.35,2025-03-30
3841,2025-03-30,completed,2.0,South,459.09,2025-03-30
3842,2025-03-30,completed,2.0,South,249.8,2025-03-30
3843,2025-03-30,cancelled,2.0,North,94.08,2025-03-30
3844,2025-03-30,completed,2.0,Central,166.48,2025-03-30
3845,2025-03-30,completed,2.0,South,284.96,2025-03-30
3846,2025-03-30,completed,2.0,North,134.23,2025-03-30
3847,2025-03-30,completed,2.0,Central,248.12,2025-03-30
3848,2025-03-30,completed,2.0,Central,120.82000000000001,2025-03-30
3849,2025-03-30,completed,2.0,South,131.64,2025-03-30
3850,2025-03-30,processing,2.0,North,43.35,2025-03-30
3851,2025-03-30,completed,2.0,Central,18.01,2025-03-30
3852,2025-03-30,completed,2.0,South,36.02,2025-03-30
3853,2025-03-30,completed,2.0,North,124.9,2025-03-30
3854,2025-03-30,processing,2.0,North,88.91,2025-03-30
3855,2025-03-30,completed,2.0,South,158.7,2025-03-30
3856,2025-03-30,completed,2.0,East,27.79,2025-03-30
3857,2025-03-30,completed,2.0,East,10.75,2025-03-30
3858,2025-03-30,completed,2.0,East,100.97,2025-03-30
3859,2025-03-30,completed,2.0,East,109.17,2025-03-30
3860,2025-03-30,completed,2.0,South,134.23,2025-03-30
3861,2025-03-30,refunded,2.0,Central,73.18,2025-03-30
3862,2025-03-30,completed,2.0,East,161.48,2025-03-30
3863,2025-03-30,completed,2.0,South,134.23,2025-03-30
3864,2025-03-30,completed,2.0,North,109.17,2025-03-30
3865,2025-03-30,completed,2.0,South,66.58,2025-03-30
3866,2025-03-30,completed,2.0,Central,63.77,2025-03-30
3867,2025-03-30,completed,2.0,East,18.01,2025-03-30
3868,2025-03-30,completed,2.0,South,136.73000000000002,2025-03-30
3869,2025-03-30,completed,2.0,East,330.3,2025-03-30
3870,2025-03-30,completed,2.0,South,63.77,2025-03-30
3871,2025-03-30,completed,2.0,North,49.23,2025-03-30
3872,2025-03-30,completed,2.0,South,21.66,2025-03-30
3873,2025-03-30,completed,2.0,East,416.19,2025-03-30
3874,2025-03-30,processing,2.0,South,38.48,2025-03-30
3875,2025-03-30,completed,2.0,South,83.93,2025-03-30
3876,2025-03-30,completed,2.0,East,127.54,2025-03-30
3877,2025-03-30,completed,2.0,North,148.1,2025-03-30
3878,2025-03-30,completed,2.0,South,354.13,2025-03-30
3879,2025-03-31,completed,2.0,East,163.19,2025-03-31
3880,2025-03-31,completed,2.0,South,342.24,2025-03-31
3881,2025-03-31,completed,2.0,North,124.9,2025-03-31
3882,2025-03-31,completed,2.0,Central,71.35,2025-03-31
3883,2025-03-31,completed,2.0,Central,124.9,2025-03-31
3884,2025-03-31,completed,2.0,South,261.5,2025-03-31
3885,2025-03-31,completed,2.0,South,134.88,2025-03-31
3886,2025-03-31,completed,2.0,South,10.75,2025-03-31
3887,2025-03-31,completed,2.0,East,53.81,2025-03-31
3888,2025-03-31,completed,2.0,South,207.66,2025-03-31
3889,2025-03-31,completed,2.0,East,59.75,2025-03-31
3890,2025-03-31,completed,2.0,North,73.18,2025-03-31
3891,2025-03-31,completed,2.0,Central,18.01,2025-03-31
3892,2025-03-31,completed,2.0,East,200.5,2025-03-31
3893,2025-03-31,processing,2.0,North,38.48,2025-03-31
3894,2025-03-31,completed,2.0,North,150.73,2025-03-31
3895,2025-03-31,completed,2.0,North,138.73,2025-03-31
3896,2025-03-31,completed,2.0,North,171.94,2025-03-31
3897,2025-03-31,completed,2.0,Central,66.58,2025-03-31
3898,2025-03-31,completed,2.0,East,53.81,2025-03-31
3899,2025-03-31,completed,2.0,South,272.71999999999997,2025-03-31
3900,2025-03-31,completed,2.0,East,156.39,2025-03-31
3901,2025-03-31,completed,2.0,East,10.75,2025-03-31
3902,2025-03-31,completed,2.0,North,73.18,2025-03-31
3903,2025-03-31,completed,2.0,South,74.05,2025-03-31
3904,2025-03-31,refunded,2.0,South,50.78,2025-03-31
3905,2025-03-31,completed,2.0,North,356.36,2025-03-31
3906,2025-03-31,completed,2.0,North,62.120000000000005,2025-03-31
3907,2025-03-31,completed,2.0,South,18.78,2025-03-31
3908,2025-03-31,completed,2.0,North,138.73,2025-03-31
3909,2025-03-31,processing,2.0,Central,10.75,2025-03-31
3910,2025-03-31,completed,2.0,North,242.96,2025-03-31
3911,2025-03-31,completed,2.0,East,103.83,2025-03-31
3912,2025-03-31,processing,2.0,East,138.73,2025-03-31
3913,2025-03-31,completed,2.0,South,121.52,2025-03-31
3914,2025-03-31,completed,2.0,Central,212.39999999999998,2025-03-31
3915,2025-03-31,processing,2.0,North,59.75,2025-03-31
3916,2025-03-31,completed,2.0,North,18.01,2025-03-31
3917,2025-03-31,completed,2.0,South,121.48,2025-03-31
3918,2025-03-31,refunded,2.0,North,54.02,2025-03-31
3919,2025-03-31,completed,2.0,North,166.98000000000002,2025-03-31
3920,2025-03-31,completed,2.0,South,134.88,2025-03-31
3921,2025-03-31,completed,2.0,East,18.78,2025-03-31
3922,2025-03-31,completed,2.0,East,109.35,2025-03-31
3923,2025-03-31,completed,2.0,Central,153.03,2025-03-31
3924,2025-03-31,completed,2.0,South,356.36,2025-03-31
3925,2025-03-31,completed,2.0,South,148.1,2025-03-31
3926,2025-03-31,unknown_status,2.0,North,162.39,2025-03-31
3927,2025-03-31,completed,2.0,East,107.62,2025-03-31
3928,2025-03-31,completed,2.0,Central,73.18,2025-03-31
3929,2025-03-31,processing,2.0,North,143.48,2025-03-31
3930,2025-03-31,completed,2.0,East,60.83,2025-03-31
3931,2025-03-31,completed,2.0,South,68.92,2025-03-31
3932,2025-03-31,completed,2.0,East,54.02,2025-03-31
3933,2025-03-31,cancelled,2.0,North,138.73,2025-03-31
3934,2025-03-31,unknown_status,2.0,South,134.23,2025-03-31
3935,2025-03-31,processing,2.0,North,129.70000000000002,2025-03-31
3936,2025-03-31,refunded,2.0,Central,277.46,2025-03-31
