order_item_id,order_id,product_id,quantity,unit_price,line_gmv,order_created_at,order_status,campaign_id,region,order_gmv,order_date,product_name,category,unit_cost,list_price,is_commercial_order
1,1,15,1,173.9,173.9,2025-01-01,completed,,Central,173.9,2025-01-01,Home Item 07,Home,83.24,173.9,True
2,2,40,1,202.48,202.48,2025-01-01,completed,,South,202.48,2025-01-01,Fashion Item 08,Fashion,92.66,202.48,True
3,3,32,2,12.22,24.44,2025-01-01,completed,,Central,153.73000000000002,2025-01-01,Sports Item 08,Sports,7.11,12.22,True
4,3,30,1,67.9,67.9,2025-01-01,completed,,Central,153.73000000000002,2025-01-01,Sports Item 06,Sports,46.01,67.9,True
5,3,14,1,61.39,61.39,2025-01-01,completed,,Central,153.73000000000002,2025-01-01,Home Item 06,Home,36.75,61.39,True
6,4,47,2,21.34,42.68,2025-01-01,completed,,North,63.15,2025-01-01,Grocery Item 07,Grocery,13.74,21.34,True
7,4,8,1,20.47,20.47,2025-01-01,completed,,North,63.15,2025-01-01,Electronics Item 08,Electronics,12.26,20.47,True
8,5,14,1,61.39,61.39,2025-01-01,completed,,North,61.39,2025-01-01,Home Item 06,Home,36.75,61.39,True
9,6,8,1,20.47,20.47,2025-01-01,completed,,Central,81.86,2025-01-01,Electronics Item 08,Electronics,12.26,20.47,True
10,6,14,1,61.39,61.39,2025-01-01,completed,,Central,81.86,2025-01-01,Home Item 06,Home,36.75,61.39,True
11,7,28,1,84.15,84.15,2025-01-01,completed,,Central,125.09,2025-01-01,Sports Item 04,Sports,39.74,84.15,True
12,7,8,2,20.47,40.94,2025-01-01,completed,,Central,125.09,2025-01-01,Electronics Item 08,Electronics,12.26,20.47,True
13,8,8,1,20.47,20.47,2025-01-01,completed,,East,108.67,2025-01-01,Electronics Item 08,Electronics,12.26,20.47,True
14,8,6,1,88.2,88.2,2025-01-01,completed,,East,108.67,2025-01-01,Electronics Item 06,Electronics,39.5,88.2,True
15,9,6,2,88.2,176.4,2025-01-01,completed,,Central,176.4,2025-01-01,Electronics Item 06,Electronics,39.5,88.2,True
16,10,15,1,173.9,173.9,2025-01-01,completed,,South,173.9,2025-01-01,Home Item 07,Home,83.24,173.9,True
17,11,44,1,69.13,69.13,2025-01-01,completed,,South,69.13,2025-01-01,Grocery Item 04,Grocery,46.32,69.13,True
18,12,44,1,69.13,69.13,2025-01-01,completed,,East,69.13,2025-01-01,Grocery Item 04,Grocery,46.32,69.13,True
19,13,19,1,152.53,152.53,2025-01-01,completed,,East,546.16,2025-01-01,Beauty Item 03,Beauty,83.95,152.53,True
20,13,35,1,157.65,157.65,2025-01-01,completed,,East,546.16,2025-01-01,Fashion Item 03,Fashion,77.82,157.65,True
21,13,12,2,117.99,235.98,2025-01-01,completed,,East,546.16,2025-01-01,Home Item 04,Home,58.96,117.99,True
22,14,20,1,42.3,42.3,2025-01-01,completed,,North,141.08999999999997,2025-01-01,Beauty Item 04,Beauty,18.73,42.3,True
23,14,8,1,20.47,20.47,2025-01-01,completed,,North,141.08999999999997,2025-01-01,Electronics Item 08,Electronics,12.26,20.47,True
24,14,21,1,78.32,78.32,2025-01-01,completed,,North,141.08999999999997,2025-01-01,Beauty Item 05,Beauty,34.88,78.32,True
25,15,14,2,61.39,122.78,2025-01-01,completed,,Central,122.78,2025-01-01,Home Item 06,Home,36.75,61.39,True
26,16,31,1,19.71,19.71,2025-01-01,completed,,Central,19.71,2025-01-01,Sports Item 07,Sports,11.9,19.71,True
27,17,36,1,53.45,53.45,2025-01-01,completed,,North,53.45,2025-01-01,Fashion Item 04,Fashion,28.42,53.45,True
28,18,40,1,202.48,202.48,2025-01-01,completed,,Central,202.48,2025-01-01,Fashion Item 08,Fashion,92.66,202.48,True
29,19,14,1,61.39,61.39,2025-01-01,completed,,East,899.2900000000001,2025-01-01,Home Item 06,Home,36.75,61.39,True
30,19,40,3,202.48,607.44,2025-01-01,completed,,East,899.2900000000001,2025-01-01,Fashion Item 08,Fashion,92.66,202.48,True
31,19,11,2,115.23,230.46,2025-01-01,completed,,East,899.2900000000001,2025-01-01,Home Item 03,Home,73.04,115.23,True
32,20,44,1,69.13,69.13,2025-01-01,completed,,Central,103.84,2025-01-01,Grocery Item 04,Grocery,46.32,69.13,True
33,20,13,1,34.71,34.71,2025-01-01,completed,,Central,103.84,2025-01-01,Home Item 05,Home,15.9,34.71,True
34,21,8,2,20.47,40.94,2025-01-01,processing,,East,40.94,2025-01-01,Electronics Item 08,Electronics,12.26,20.47,True
35,22,43,1,24.61,24.61,2025-01-01,completed,,North,24.61,2025-01-01,Grocery Item 03,Grocery,11.56,24.61,True
36,23,25,1,43.73,43.73,2025-01-01,completed,,North,43.73,2025-01-01,Sports Item 01,Sports,20.88,43.73,True
37,24,10,1,163.05,163.05,2025-01-01,completed,,East,163.05,2025-01-01,Home Item 02,Home,76.01,163.05,True
38,25,40,1,2429.76,2429.76,2025-01-01,completed,,North,2429.76,2025-01-01,Fashion Item 08,Fashion,92.66,202.48,True
39,26,19,1,152.53,152.53,2025-01-01,completed,,Central,152.53,2025-01-01,Beauty Item 03,Beauty,83.95,152.53,True
40,27,23,1,83.16,83.16,2025-01-01,completed,,East,409.26,2025-01-01,Beauty Item 07,Beauty,39.32,83.16,True
41,27,10,2,163.05,326.1,2025-01-01,completed,,East,409.26,2025-01-01,Home Item 02,Home,76.01,163.05,True
42,28,23,2,83.16,166.32,2025-01-01,processing,,East,166.32,2025-01-01,Beauty Item 07,Beauty,39.32,83.16,True
43,29,28,2,84.15,168.3,2025-01-01,processing,,South,168.3,2025-01-01,Sports Item 04,Sports,39.74,84.15,True
44,30,14,1,61.39,61.39,2025-01-01,completed,,North,61.39,2025-01-01,Home Item 06,Home,36.75,61.39,True
45,31,33,2,171.28,342.56,2025-01-01,processing,,North,342.56,2025-01-01,Fashion Item 01,Fashion,77.9,171.28,True
46,32,46,1,125.88,125.88,2025-01-01,completed,,East,125.88,2025-01-01,Grocery Item 06,Grocery,73.75,125.88,True
47,33,36,1,53.45,53.45,2025-01-01,completed,,North,53.45,2025-01-01,Fashion Item 04,Fashion,28.42,53.45,True
48,34,36,1,53.45,53.45,2025-01-01,refunded,,South,53.45,2025-01-01,Fashion Item 04,Fashion,28.42,53.45,False
49,35,13,1,34.71,34.71,2025-01-01,completed,,South,34.71,2025-01-01,Home Item 05,Home,15.9,34.71,True
50,36,32,1,12.22,12.22,2025-01-01,cancelled,,North,332.92,2025-01-01,Sports Item 08,Sports,7.11,12.22,False
51,36,10,1,163.05,163.05,2025-01-01,cancelled,,North,332.92,2025-01-01,Home Item 02,Home,76.01,163.05,False
52,36,35,1,157.65,157.65,2025-01-01,cancelled,,North,332.92,2025-01-01,Fashion Item 03,Fashion,77.82,157.65,False
53,37,23,1,83.16,83.16,2025-01-01,completed,,Central,83.16,2025-01-01,Beauty Item 07,Beauty,39.32,83.16,True
54,38,44,1,69.13,69.13,2025-01-01,completed,,Central,69.13,2025-01-01,Grocery Item 04,Grocery,46.32,69.13,True
55,39,8,1,20.47,20.47,2025-01-01,completed,,South,20.47,2025-01-01,Electronics Item 08,Electronics,12.26,20.47,True
56,40,32,1,12.22,12.22,2025-01-01,completed,,South,186.12,2025-01-01,Sports Item 08,Sports,7.11,12.22,True
57,40,15,1,173.9,173.9,2025-01-01,completed,,South,186.12,2025-01-01,Home Item 07,Home,83.24,173.9,True
58,41,11,3,115.23,345.69,2025-01-01,completed,,South,345.69,2025-01-01,Home Item 03,Home,73.04,115.23,True
59,42,28,1,84.15,84.15,2025-01-01,completed,,East,84.15,2025-01-01,Sports Item 04,Sports,39.74,84.15,True
60,43,35,1,157.65,157.65,2025-01-01,completed,,Central,157.65,2025-01-01,Fashion Item 03,Fashion,77.82,157.65,True
61,44,35,2,157.65,315.3,2025-01-01,completed,,South,315.3,2025-01-01,Fashion Item 03,Fashion,77.82,157.65,True
62,45,43,2,24.61,49.22,2025-01-01,completed,,South,49.22,2025-01-01,Grocery Item 03,Grocery,11.56,24.61,True
63,46,9,1,59.69,59.69,2025-01-01,completed,,East,103.41999999999999,2025-01-01,Home Item 01,Home,38.0,59.69,True
64,46,25,1,43.73,43.73,2025-01-01,completed,,East,103.41999999999999,2025-01-01,Sports Item 01,Sports,20.88,43.73,True
65,47,21,1,78.32,78.32,2025-01-01,completed,,Central,78.32,2025-01-01,Beauty Item 05,Beauty,34.88,78.32,True
66,48,14,1,61.39,61.39,2025-01-01,completed,,Central,114.84,2025-01-01,Home Item 06,Home,36.75,61.39,True
67,48,36,1,53.45,53.45,2025-01-01,completed,,Central,114.84,2025-01-01,Fashion Item 04,Fashion,28.42,53.45,True
68,49,26,1,124.26,124.26,2025-01-01,completed,,North,124.26,2025-01-01,Sports Item 02,Sports,72.7,124.26,True
69,50,25,3,43.73,131.19,2025-01-02,completed,,Central,131.19,2025-01-02,Sports Item 01,Sports,20.88,43.73,True
70,51,12,1,117.99,117.99,2025-01-02,completed,,North,117.99,2025-01-02,Home Item 04,Home,58.96,117.99,True
71,52,14,1,61.39,61.39,2025-01-02,completed,,North,61.39,2025-01-02,Home Item 06,Home,36.75,61.39,True
72,53,36,1,53.45,53.45,2025-01-02,completed,,North,53.45,2025-01-02,Fashion Item 04,Fashion,28.42,53.45,True
73,54,19,2,152.53,305.06,2025-01-02,refunded,,South,325.53,2025-01-02,Beauty Item 03,Beauty,83.95,152.53,False
74,54,8,1,20.47,20.47,2025-01-02,refunded,,South,325.53,2025-01-02,Electronics Item 08,Electronics,12.26,20.47,False
75,55,29,1,9.2,9.2,2025-01-02,completed,,Central,133.46,2025-01-02,Sports Item 05,Sports,4.26,9.2,True
76,55,26,1,124.26,124.26,2025-01-02,completed,,Central,133.46,2025-01-02,Sports Item 02,Sports,72.7,124.26,True
77,56,12,1,117.99,117.99,2025-01-02,completed,,East,161.72,2025-01-02,Home Item 04,Home,58.96,117.99,True
78,56,25,1,43.73,43.73,2025-01-02,completed,,East,161.72,2025-01-02,Sports Item 01,Sports,20.88,43.73,True
79,57,20,1,42.3,42.3,2025-01-02,completed,,Central,42.3,2025-01-02,Beauty Item 04,Beauty,18.73,42.3,True
80,58,19,1,152.53,152.53,2025-01-02,completed,,Central,152.53,2025-01-02,Beauty Item 03,Beauty,83.95,152.53,True
81,59,40,3,202.48,607.44,2025-01-02,completed,,South,607.44,2025-01-02,Fashion Item 08,Fashion,92.66,202.48,True
82,60,28,1,84.15,84.15,2025-01-02,completed,,South,84.15,2025-01-02,Sports Item 04,Sports,39.74,84.15,True
83,61,25,2,43.73,87.46,2025-01-02,refunded,,East,87.46,2025-01-02,Sports Item 01,Sports,20.88,43.73,False
84,62,27,1,24.68,24.68,2025-01-02,completed,,East,24.68,2025-01-02,Sports Item 03,Sports,10.9,24.68,True
85,63,5,2,61.15,122.3,2025-01-02,completed,,South,175.75,2025-01-02,Electronics Item 05,Electronics,33.0,61.15,True
86,63,36,1,53.45,53.45,2025-01-02,completed,,South,175.75,2025-01-02,Fashion Item 04,Fashion,28.42,53.45,True
87,64,25,1,43.73,43.73,2025-01-02,completed,,North,63.44,2025-01-02,Sports Item 01,Sports,20.88,43.73,True
88,64,31,1,19.71,19.71,2025-01-02,completed,,North,63.44,2025-01-02,Sports Item 07,Sports,11.9,19.71,True
89,65,35,1,157.65,157.65,2025-01-02,completed,,North,157.65,2025-01-02,Fashion Item 03,Fashion,77.82,157.65,True
90,66,22,1,75.66,75.66,2025-01-02,completed,,North,75.66,2025-01-02,Beauty Item 06,Beauty,36.14,75.66,True
91,67,47,1,21.34,21.34,2025-01-02,completed,,East,369.14,2025-01-02,Grocery Item 07,Grocery,13.74,21.34,True
92,67,15,2,173.9,347.8,2025-01-02,completed,,East,369.14,2025-01-02,Home Item 07,Home,83.24,173.9,True
93,68,13,2,34.71,69.42,2025-01-02,completed,,South,267.81,2025-01-02,Home Item 05,Home,15.9,34.71,True
94,68,11,1,115.23,115.23,2025-01-02,completed,,South,267.81,2025-01-02,Home Item 03,Home,73.04,115.23,True
95,68,23,1,83.16,83.16,2025-01-02,completed,,South,267.81,2025-01-02,Beauty Item 07,Beauty,39.32,83.16,True
96,69,22,1,75.66,75.66,2025-01-02,completed,,South,75.66,2025-01-02,Beauty Item 06,Beauty,36.14,75.66,True
97,70,20,1,42.3,42.3,2025-01-02,completed,,East,42.3,2025-01-02,Beauty Item 04,Beauty,18.73,42.3,True
98,71,34,1,43.74,43.74,2025-01-02,completed,,Central,43.74,2025-01-02,Fashion Item 02,Fashion,22.77,43.74,True
99,72,3,1,57.71,57.71,2025-01-02,completed,,East,57.71,2025-01-02,Electronics Item 03,Electronics,26.19,57.71,True
100,73,22,1,75.66,75.66,2025-01-02,completed,,South,153.98,2025-01-02,Beauty Item 06,Beauty,36.14,75.66,True
101,73,21,1,78.32,78.32,2025-01-02,completed,,South,153.98,2025-01-02,Beauty Item 05,Beauty,34.88,78.32,True
102,74,43,1,24.61,24.61,2025-01-02,completed,,South,24.61,2025-01-02,Grocery Item 03,Grocery,11.56,24.61,True
103,75,20,1,42.3,42.3,2025-01-02,processing,,Central,213.57999999999998,2025-01-02,Beauty Item 04,Beauty,18.73,42.3,True
104,75,33,1,171.28,171.28,2025-01-02,processing,,Central,213.57999999999998,2025-01-02,Fashion Item 01,Fashion,77.9,171.28,True
105,76,42,2,138.05,276.1,2025-01-02,completed,,Central,296.57000000000005,2025-01-02,Grocery Item 02,Grocery,61.43,138.05,True
106,76,8,1,20.47,20.47,2025-01-02,completed,,Central,296.57000000000005,2025-01-02,Electronics Item 08,Electronics,12.26,20.47,True
107,77,3,1,57.71,57.71,2025-01-02,processing,,East,57.71,2025-01-02,Electronics Item 03,Electronics,26.19,57.71,True
108,78,43,1,24.61,24.61,2025-01-02,completed,,South,66.91,2025-01-02,Grocery Item 03,Grocery,11.56,24.61,True
109,78,20,1,42.3,42.3,2025-01-02,completed,,South,66.91,2025-01-02,Beauty Item 04,Beauty,18.73,42.3,True
110,79,12,2,117.99,235.98,2025-01-02,completed,,South,342.88,2025-01-02,Home Item 04,Home,58.96,117.99,True
111,79,36,2,53.45,106.9,2025-01-02,completed,,South,342.88,2025-01-02,Fashion Item 04,Fashion,28.42,53.45,True
112,80,14,3,61.39,184.17,2025-01-02,completed,,East,184.17,2025-01-02,Home Item 06,Home,36.75,61.39,True
113,81,45,1,31.58,31.58,2025-01-02,cancelled,,Central,31.58,2025-01-02,Grocery Item 05,Grocery,18.68,31.58,False
114,82,47,1,21.34,21.34,2025-01-03,completed,,Central,21.34,2025-01-03,Grocery Item 07,Grocery,13.74,21.34,True
115,83,43,2,24.61,49.22,2025-01-03,completed,,North,83.93,2025-01-03,Grocery Item 03,Grocery,11.56,24.61,True
116,83,13,1,34.71,34.71,2025-01-03,completed,,North,83.93,2025-01-03,Home Item 05,Home,15.9,34.71,True
117,84,13,1,34.71,34.71,2025-01-03,completed,,East,34.71,2025-01-03,Home Item 05,Home,15.9,34.71,True
118,85,15,2,173.9,347.8,2025-01-03,completed,,East,347.8,2025-01-03,Home Item 07,Home,83.24,173.9,True
119,86,13,2,34.71,69.42,2025-01-03,completed,,Central,69.42,2025-01-03,Home Item 05,Home,15.9,34.71,True
120,87,31,1,19.71,19.71,2025-01-03,completed,,Central,19.71,2025-01-03,Sports Item 07,Sports,11.9,19.71,True
121,88,8,1,20.47,20.47,2025-01-03,completed,,East,20.47,2025-01-03,Electronics Item 08,Electronics,12.26,20.47,True
122,89,46,2,125.88,251.76,2025-01-03,completed,,North,251.76,2025-01-03,Grocery Item 06,Grocery,73.75,125.88,True
123,90,23,1,83.16,83.16,2025-01-03,completed,,East,184.19,2025-01-03,Beauty Item 07,Beauty,39.32,83.16,True
124,90,48,1,101.03,101.03,2025-01-03,completed,,East,184.19,2025-01-03,,Grocery,44.45,101.03,True
125,91,23,1,83.16,83.16,2025-01-03,completed,,South,83.16,2025-01-03,Beauty Item 07,Beauty,39.32,83.16,True
126,92,8,1,20.47,20.47,2025-01-03,completed,,South,20.47,2025-01-03,Electronics Item 08,Electronics,12.26,20.47,True
127,93,9,1,59.69,59.69,2025-01-03,completed,,Central,59.69,2025-01-03,Home Item 01,Home,38.0,59.69,True
128,94,35,1,157.65,157.65,2025-01-03,completed,,South,157.65,2025-01-03,Fashion Item 03,Fashion,77.82,157.65,True
129,95,12,1,117.99,117.99,2025-01-03,completed,,Central,117.99,2025-01-03,Home Item 04,Home,58.96,117.99,True
130,96,46,2,125.88,251.76,2025-01-03,completed,,Central,251.76,2025-01-03,Grocery Item 06,Grocery,73.75,125.88,True
131,97,8,3,20.47,61.41,2025-01-03,completed,,South,144.57,2025-01-03,Electronics Item 08,Electronics,12.26,20.47,True
132,97,23,1,83.16,83.16,2025-01-03,completed,,South,144.57,2025-01-03,Beauty Item 07,Beauty,39.32,83.16,True
133,98,41,1,49.55,49.55,2025-01-03,completed,,East,49.55,2025-01-03,Grocery Item 01,Grocery,22.88,49.55,True
134,99,37,1,141.93,141.93,2025-01-03,completed,,Central,141.93,2025-01-03,Fashion Item 05,Fashion,76.85,141.93,True
135,100,36,1,53.45,53.45,2025-01-03,completed,,Central,114.84,2025-01-03,Fashion Item 04,Fashion,28.42,53.45,True
136,100,14,1,61.39,61.39,2025-01-03,completed,,Central,114.84,2025-01-03,Home Item 06,Home,36.75,61.39,True
137,101,32,1,12.22,12.22,2025-01-03,completed,,Central,12.22,2025-01-03,Sports Item 08,Sports,7.11,12.22,True
138,102,12,2,117.99,235.98,2025-01-03,completed,,Central,467.75,2025-01-03,Home Item 04,Home,58.96,117.99,True
139,102,6,1,88.2,88.2,2025-01-03,completed,,Central,467.75,2025-01-03,Electronics Item 06,Electronics,39.5,88.2,True
140,102,7,1,143.57,143.57,2025-01-03,completed,,Central,467.75,2025-01-03,Electronics Item 07,Electronics,76.92,143.57,True
141,103,28,1,84.15,84.15,2025-01-03,completed,,Central,84.15,2025-01-03,Sports Item 04,Sports,39.74,84.15,True
142,104,18,1,37.74,37.74,2025-01-03,processing,,East,37.74,2025-01-03,Beauty Item 02,Beauty,18.64,37.74,True
143,105,21,1,78.32,78.32,2025-01-03,completed,,North,78.32,2025-01-03,Beauty Item 05,Beauty,34.88,78.32,True
144,106,10,1,163.05,163.05,2025-01-03,completed,,Central,163.05,2025-01-03,Home Item 02,Home,76.01,163.05,True
145,107,26,2,124.26,248.52,2025-01-03,completed,,South,248.52,2025-01-03,Sports Item 02,Sports,72.7,124.26,True
146,108,37,1,141.93,141.93,2025-01-03,completed,,East,299.58000000000004,2025-01-03,Fashion Item 05,Fashion,76.85,141.93,True
147,108,35,1,157.65,157.65,2025-01-03,completed,,East,299.58000000000004,2025-01-03,Fashion Item 03,Fashion,77.82,157.65,True
148,109,14,1,61.39,61.39,2025-01-03,completed,,South,61.39,2025-01-03,Home Item 06,Home,36.75,61.39,True
149,110,36,1,53.45,53.45,2025-01-03,completed,,North,53.45,2025-01-03,Fashion Item 04,Fashion,28.42,53.45,True
150,111,42,1,138.05,138.05,2025-01-03,completed,,South,138.05,2025-01-03,Grocery Item 02,Grocery,61.43,138.05,True
151,112,31,1,19.71,19.71,2025-01-03,completed,,South,19.71,2025-01-03,Sports Item 07,Sports,11.9,19.71,True
152,113,15,1,173.9,173.9,2025-01-03,completed,,East,243.03,2025-01-03,Home Item 07,Home,83.24,173.9,True
153,113,44,1,69.13,69.13,2025-01-03,completed,,East,243.03,2025-01-03,Grocery Item 04,Grocery,46.32,69.13,True
154,114,3,1,57.71,57.71,2025-01-03,completed,,North,107.25999999999999,2025-01-03,Electronics Item 03,Electronics,26.19,57.71,True
155,114,41,1,49.55,49.55,2025-01-03,completed,,North,107.25999999999999,2025-01-03,Grocery Item 01,Grocery,22.88,49.55,True
156,115,8,3,20.47,61.41,2025-01-03,completed,,South,61.41,2025-01-03,Electronics Item 08,Electronics,12.26,20.47,True
157,116,47,1,21.34,21.34,2025-01-03,completed,,North,21.34,2025-01-03,Grocery Item 07,Grocery,13.74,21.34,True
158,117,35,1,157.65,157.65,2025-01-03,refunded,,South,157.65,2025-01-03,Fashion Item 03,Fashion,77.82,157.65,False
159,118,21,1,78.32,78.32,2025-01-03,completed,,South,237.92,2025-01-03,Beauty Item 05,Beauty,34.88,78.32,True
160,118,47,1,21.34,21.34,2025-01-03,completed,,South,237.92,2025-01-03,Grocery Item 07,Grocery,13.74,21.34,True
161,118,44,2,69.13,138.26,2025-01-03,completed,,South,237.92,2025-01-03,Grocery Item 04,Grocery,46.32,69.13,True
162,119,31,1,19.71,19.71,2025-01-03,processing,,South,161.64000000000001,2025-01-03,Sports Item 07,Sports,11.9,19.71,True
163,119,37,1,141.93,141.93,2025-01-03,processing,,South,161.64000000000001,2025-01-03,Fashion Item 05,Fashion,76.85,141.93,True
164,120,6,1,88.2,88.2,2025-01-03,completed,,Central,290.7,2025-01-03,Electronics Item 06,Electronics,39.5,88.2,True
165,120,17,2,101.25,202.5,2025-01-03,completed,,Central,290.7,2025-01-03,Beauty Item 01,Beauty,68.35,101.25,True
166,121,35,1,157.65,157.65,2025-01-04,completed,,East,157.65,2025-01-04,Fashion Item 03,Fashion,77.82,157.65,True
167,122,43,1,24.61,24.61,2025-01-04,completed,,South,24.61,2025-01-04,Grocery Item 03,Grocery,11.56,24.61,True
168,123,36,1,53.45,53.45,2025-01-04,completed,,South,53.45,2025-01-04,Fashion Item 04,Fashion,28.42,53.45,True
169,124,36,1,53.45,53.45,2025-01-04,completed,,North,127.44,2025-01-04,Fashion Item 04,Fashion,28.42,53.45,True
170,124,32,2,12.22,24.44,2025-01-04,completed,,North,127.44,2025-01-04,Sports Item 08,Sports,7.11,12.22,True
171,124,41,1,49.55,49.55,2025-01-04,completed,,North,127.44,2025-01-04,Grocery Item 01,Grocery,22.88,49.55,True
172,125,8,1,20.47,20.47,2025-01-04,completed,,East,20.47,2025-01-04,Electronics Item 08,Electronics,12.26,20.47,True
173,126,8,1,20.47,20.47,2025-01-04,completed,,Central,272.23,2025-01-04,Electronics Item 08,Electronics,12.26,20.47,True
174,126,46,2,125.88,251.76,2025-01-04,completed,,Central,272.23,2025-01-04,Grocery Item 06,Grocery,73.75,125.88,True
175,127,10,2,163.05,326.1,2025-01-04,completed,,East,326.1,2025-01-04,Home Item 02,Home,76.01,163.05,True
176,128,36,1,53.45,53.45,2025-01-04,completed,,South,191.5,2025-01-04,Fashion Item 04,Fashion,28.42,53.45,True
177,128,42,1,138.05,138.05,2025-01-04,completed,,South,191.5,2025-01-04,Grocery Item 02,Grocery,61.43,138.05,True
178,129,19,1,152.53,152.53,2025-01-04,completed,,North,194.82999999999998,2025-01-04,Beauty Item 03,Beauty,83.95,152.53,True
179,129,20,1,42.3,42.3,2025-01-04,completed,,North,194.82999999999998,2025-01-04,Beauty Item 04,Beauty,18.73,42.3,True
180,130,10,2,163.05,326.1,2025-01-04,completed,,Central,326.1,2025-01-04,Home Item 02,Home,76.01,163.05,True
181,131,14,1,61.39,61.39,2025-01-04,completed,,Central,61.39,2025-01-04,Home Item 06,Home,36.75,61.39,True
182,132,36,1,53.45,53.45,2025-01-04,completed,,Central,53.45,2025-01-04,Fashion Item 04,Fashion,28.42,53.45,True
183,133,37,1,141.93,141.93,2025-01-04,processing,,South,166.61,2025-01-04,Fashion Item 05,Fashion,76.85,141.93,True
184,133,27,1,24.68,24.68,2025-01-04,processing,,South,166.61,2025-01-04,Sports Item 03,Sports,10.9,24.68,True
185,134,21,1,78.32,78.32,2025-01-04,completed,,South,78.32,2025-01-04,Beauty Item 05,Beauty,34.88,78.32,True
186,135,12,1,117.99,117.99,2025-01-04,completed,,East,117.99,2025-01-04,Home Item 04,Home,58.96,117.99,True
187,136,43,1,24.61,24.61,2025-01-04,completed,,South,24.61,2025-01-04,Grocery Item 03,Grocery,11.56,24.61,True
188,137,21,1,78.32,78.32,2025-01-04,processing,,South,78.32,2025-01-04,Beauty Item 05,Beauty,34.88,78.32,True
189,138,44,1,69.13,69.13,2025-01-04,completed,,Central,69.13,2025-01-04,Grocery Item 04,Grocery,46.32,69.13,True
190,139,21,2,78.32,156.64,2025-01-04,completed,,Central,156.64,2025-01-04,Beauty Item 05,Beauty,34.88,78.32,True
191,140,22,1,75.66,75.66,2025-01-04,completed,,Central,75.66,2025-01-04,Beauty Item 06,Beauty,36.14,75.66,True
192,141,22,1,75.66,75.66,2025-01-04,completed,,East,113.4,2025-01-04,Beauty Item 06,Beauty,36.14,75.66,True
193,141,18,1,37.74,37.74,2025-01-04,completed,,East,113.4,2025-01-04,Beauty Item 02,Beauty,18.64,37.74,True
194,142,40,3,202.48,607.44,2025-01-04,completed,,North,607.44,2025-01-04,Fashion Item 08,Fashion,92.66,202.48,True
195,143,36,1,53.45,53.45,2025-01-04,completed,,South,497.03999999999996,2025-01-04,Fashion Item 04,Fashion,28.42,53.45,True
196,143,33,2,171.28,342.56,2025-01-04,completed,,South,497.03999999999996,2025-01-04,Fashion Item 01,Fashion,77.9,171.28,True
197,143,48,1,101.03,101.03,2025-01-04,completed,,South,497.03999999999996,2025-01-04,,Grocery,44.45,101.03,True
198,144,47,1,21.34,21.34,2025-01-04,completed,,East,74.79,2025-01-04,Grocery Item 07,Grocery,13.74,21.34,True
199,144,36,1,53.45,53.45,2025-01-04,completed,,East,74.79,2025-01-04,Fashion Item 04,Fashion,28.42,53.45,True
200,145,22,1,75.66,75.66,2025-01-04,completed,,North,75.66,2025-01-04,Beauty Item 06,Beauty,36.14,75.66,True
201,146,21,1,78.32,78.32,2025-01-04,completed,,East,78.32,2025-01-04,Beauty Item 05,Beauty,34.88,78.32,True
202,147,45,1,31.58,31.58,2025-01-04,completed,,South,31.58,2025-01-04,Grocery Item 05,Grocery,18.68,31.58,True
203,148,14,1,61.39,61.39,2025-01-04,completed,,South,99.13,2025-01-04,Home Item 06,Home,36.75,61.39,True
204,148,18,1,37.74,37.74,2025-01-04,completed,,South,99.13,2025-01-04,Beauty Item 02,Beauty,18.64,37.74,True
205,149,21,1,78.32,78.32,2025-01-04,completed,,East,78.32,2025-01-04,Beauty Item 05,Beauty,34.88,78.32,True
206,150,44,1,69.13,69.13,2025-01-04,completed,,Central,69.13,2025-01-04,Grocery Item 04,Grocery,46.32,69.13,True
207,151,3,2,57.71,115.42,2025-01-04,completed,,Central,441.52000000000004,2025-01-04,Electronics Item 03,Electronics,26.19,57.71,True
208,151,10,2,163.05,326.1,2025-01-04,completed,,Central,441.52000000000004,2025-01-04,Home Item 02,Home,76.01,163.05,True
209,152,8,1,20.47,20.47,2025-01-04,processing,,South,103.63,2025-01-04,Electronics Item 08,Electronics,12.26,20.47,True
210,152,23,1,83.16,83.16,2025-01-04,processing,,South,103.63,2025-01-04,Beauty Item 07,Beauty,39.32,83.16,True
211,153,12,1,117.99,117.99,2025-01-04,completed,,South,117.99,2025-01-04,Home Item 04,Home,58.96,117.99,True
212,154,21,1,78.32,78.32,2025-01-04,completed,,North,78.32,2025-01-04,Beauty Item 05,Beauty,34.88,78.32,True
213,155,20,1,42.3,42.3,2025-01-04,completed,,South,120.61999999999999,2025-01-04,Beauty Item 04,Beauty,18.73,42.3,True
214,155,21,1,78.32,78.32,2025-01-04,completed,,South,120.61999999999999,2025-01-04,Beauty Item 05,Beauty,34.88,78.32,True
215,156,3,1,57.71,57.71,2025-01-04,completed,,Central,57.71,2025-01-04,Electronics Item 03,Electronics,26.19,57.71,True
216,157,36,1,53.45,53.45,2025-01-04,completed,,South,382.38,2025-01-04,Fashion Item 04,Fashion,28.42,53.45,True
217,157,19,1,152.53,152.53,2025-01-04,completed,,South,382.38,2025-01-04,Beauty Item 03,Beauty,83.95,152.53,True
218,157,6,2,88.2,176.4,2025-01-04,completed,,South,382.38,2025-01-04,Electronics Item 06,Electronics,39.5,88.2,True
219,158,23,1,83.16,83.16,2025-01-04,completed,,Central,83.16,2025-01-04,Beauty Item 07,Beauty,39.32,83.16,True
220,159,34,2,43.74,87.48,2025-01-04,processing,,Central,107.95,2025-01-04,Fashion Item 02,Fashion,22.77,43.74,True
221,159,8,1,20.47,20.47,2025-01-04,processing,,Central,107.95,2025-01-04,Electronics Item 08,Electronics,12.26,20.47,True
222,160,13,1,34.71,34.71,2025-01-04,completed,,East,172.76000000000002,2025-01-04,Home Item 05,Home,15.9,34.71,True
223,160,42,1,138.05,138.05,2025-01-04,completed,,East,172.76000000000002,2025-01-04,Grocery Item 02,Grocery,61.43,138.05,True
224,161,14,1,61.39,61.39,2025-01-04,completed,,North,61.39,2025-01-04,Home Item 06,Home,36.75,61.39,True
225,162,45,1,31.58,31.58,2025-01-04,completed,,East,31.58,2025-01-04,Grocery Item 05,Grocery,18.68,31.58,True
226,163,17,1,101.25,101.25,2025-01-04,completed,,North,101.25,2025-01-04,Beauty Item 01,Beauty,68.35,101.25,True
227,164,41,1,49.55,49.55,2025-01-04,completed,,South,217.31,2025-01-04,Grocery Item 01,Grocery,22.88,49.55,True
228,164,20,2,42.3,84.6,2025-01-04,completed,,South,217.31,2025-01-04,Beauty Item 04,Beauty,18.73,42.3,True
229,164,23,1,83.16,83.16,2025-01-04,completed,,South,217.31,2025-01-04,Beauty Item 07,Beauty,39.32,83.16,True
230,165,9,1,59.69,59.69,2025-01-05,cancelled,,East,217.34,2025-01-05,Home Item 01,Home,38.0,59.69,False
231,165,35,1,157.65,157.65,2025-01-05,cancelled,,East,217.34,2025-01-05,Fashion Item 03,Fashion,77.82,157.65,False
232,166,35,1,157.65,157.65,2025-01-05,completed,,Central,157.65,2025-01-05,Fashion Item 03,Fashion,77.82,157.65,True
233,167,8,1,20.47,20.47,2025-01-05,completed,,Central,20.47,2025-01-05,Electronics Item 08,Electronics,12.26,20.47,True
234,168,26,1,124.26,124.26,2025-01-05,completed,,East,177.71,2025-01-05,Sports Item 02,Sports,72.7,124.26,True
235,168,36,1,53.45,53.45,2025-01-05,completed,,East,177.71,2025-01-05,Fashion Item 04,Fashion,28.42,53.45,True
236,169,1,1,114.06,114.06,2025-01-05,completed,,Central,181.96,2025-01-05,Electronics Item 01,Electronics,75.52,114.06,True
237,169,30,1,67.9,67.9,2025-01-05,completed,,Central,181.96,2025-01-05,Sports Item 06,Sports,46.01,67.9,True
238,170,6,1,88.2,88.2,2025-01-05,unknown_status,,East,88.2,2025-01-05,Electronics Item 06,Electronics,39.5,88.2,False
239,171,19,1,152.53,152.53,2025-01-05,completed,,South,152.53,2025-01-05,Beauty Item 03,Beauty,83.95,152.53,True
240,172,10,1,163.05,163.05,2025-01-05,refunded,,Central,163.05,2025-01-05,Home Item 02,Home,76.01,163.05,False
241,173,8,1,20.47,20.47,2025-01-05,refunded,,Central,20.47,2025-01-05,Electronics Item 08,Electronics,12.26,20.47,False
242,174,23,1,83.16,83.16,2025-01-05,completed,,North,126.9,2025-01-05,Beauty Item 07,Beauty,39.32,83.16,True
243,174,34,1,43.74,43.74,2025-01-05,completed,,North,126.9,2025-01-05,Fashion Item 02,Fashion,22.77,43.74,True
244,175,31,1,19.71,19.71,2025-01-05,completed,,North,19.71,2025-01-05,Sports Item 07,Sports,11.9,19.71,True
245,176,15,1,173.9,173.9,2025-01-05,completed,,South,173.9,2025-01-05,Home Item 07,Home,83.24,173.9,True
246,177,26,1,124.26,124.26,2025-01-05,completed,,Central,124.26,2025-01-05,Sports Item 02,Sports,72.7,124.26,True
247,178,15,1,173.9,173.9,2025-01-05,processing,,North,173.9,2025-01-05,Home Item 07,Home,83.24,173.9,True
248,179,19,1,152.53,152.53,2025-01-05,completed,,Central,152.53,2025-01-05,Beauty Item 03,Beauty,83.95,152.53,True
249,180,25,1,43.73,43.73,2025-01-05,completed,,South,43.73,2025-01-05,Sports Item 01,Sports,20.88,43.73,True
250,181,5,2,61.15,122.3,2025-01-05,completed,,South,122.3,2025-01-05,Electronics Item 05,Electronics,33.0,61.15,True
251,182,8,1,20.47,20.47,2025-01-05,completed,,North,20.47,2025-01-05,Electronics Item 08,Electronics,12.26,20.47,True
252,183,8,1,20.47,20.47,2025-01-05,completed,,South,20.47,2025-01-05,Electronics Item 08,Electronics,12.26,20.47,True
253,184,8,1,20.47,20.47,2025-01-05,completed,,East,20.47,2025-01-05,Electronics Item 08,Electronics,12.26,20.47,True
254,185,44,1,69.13,69.13,2025-01-05,completed,,East,69.13,2025-01-05,Grocery Item 04,Grocery,46.32,69.13,True
255,186,37,1,141.93,141.93,2025-01-05,completed,,East,141.93,2025-01-05,Fashion Item 05,Fashion,76.85,141.93,True
256,187,35,1,157.65,157.65,2025-01-05,completed,,South,323.97,2025-01-05,Fashion Item 03,Fashion,77.82,157.65,True
257,187,23,2,83.16,166.32,2025-01-05,completed,,South,323.97,2025-01-05,Beauty Item 07,Beauty,39.32,83.16,True
258,188,5,2,61.15,122.3,2025-01-05,completed,,North,122.3,2025-01-05,Electronics Item 05,Electronics,33.0,61.15,True
259,189,10,1,163.05,163.05,2025-01-05,completed,,North,163.05,2025-01-05,Home Item 02,Home,76.01,163.05,True
260,190,10,1,163.05,163.05,2025-01-05,completed,,Central,163.05,2025-01-05,Home Item 02,Home,76.01,163.05,True
261,191,14,1,61.39,61.39,2025-01-05,processing,,Central,100.81,2025-01-05,Home Item 06,Home,36.75,61.39,True
262,191,31,2,19.71,39.42,2025-01-05,processing,,Central,100.81,2025-01-05,Sports Item 07,Sports,11.9,19.71,True
263,192,35,1,157.65,157.65,2025-01-05,completed,,South,320.70000000000005,2025-01-05,Fashion Item 03,Fashion,77.82,157.65,True
264,192,10,1,163.05,163.05,2025-01-05,completed,,South,320.70000000000005,2025-01-05,Home Item 02,Home,76.01,163.05,True
265,193,23,1,83.16,83.16,2025-01-05,refunded,,South,83.16,2025-01-05,Beauty Item 07,Beauty,39.32,83.16,False
266,194,44,1,69.13,69.13,2025-01-05,completed,,South,69.13,2025-01-05,Grocery Item 04,Grocery,46.32,69.13,True
267,195,18,1,37.74,37.74,2025-01-05,completed,,North,116.06,2025-01-05,Beauty Item 02,Beauty,18.64,37.74,True
268,195,21,1,78.32,78.32,2025-01-05,completed,,North,116.06,2025-01-05,Beauty Item 05,Beauty,34.88,78.32,True
269,196,20,1,42.3,42.3,2025-01-05,completed,,Central,42.3,2025-01-05,Beauty Item 04,Beauty,18.73,42.3,True
270,197,8,1,20.47,20.47,2025-01-05,completed,,South,20.47,2025-01-05,Electronics Item 08,Electronics,12.26,20.47,True
271,198,4,1,72.47,72.47,2025-01-05,completed,,North,72.47,2025-01-05,Electronics Item 04,Electronics,34.44,72.47,True
272,199,23,1,83.16,83.16,2025-01-05,cancelled,,North,83.16,2025-01-05,Beauty Item 07,Beauty,39.32,83.16,False
273,200,42,2,138.05,276.1,2025-01-05,completed,,Central,276.1,2025-01-05,Grocery Item 02,Grocery,61.43,138.05,True
274,201,8,1,20.47,20.47,2025-01-05,completed,,North,20.47,2025-01-05,Electronics Item 08,Electronics,12.26,20.47,True
275,202,32,1,12.22,12.22,2025-01-05,completed,,North,12.22,2025-01-05,Sports Item 08,Sports,7.11,12.22,True
276,203,46,1,125.88,125.88,2025-01-05,completed,,Central,253.32999999999998,2025-01-05,Grocery Item 06,Grocery,73.75,125.88,True
277,203,32,1,12.22,12.22,2025-01-05,completed,,Central,253.32999999999998,2025-01-05,Sports Item 08,Sports,7.11,12.22,True
278,203,11,1,115.23,115.23,2025-01-05,completed,,Central,253.32999999999998,2025-01-05,Home Item 03,Home,73.04,115.23,True
279,204,35,1,157.65,157.65,2025-01-05,completed,,Central,157.65,2025-01-05,Fashion Item 03,Fashion,77.82,157.65,True
280,205,34,1,43.74,43.74,2025-01-05,processing,,Central,43.74,2025-01-05,Fashion Item 02,Fashion,22.77,43.74,True
281,206,36,1,53.45,53.45,2025-01-05,completed,,Central,53.45,2025-01-05,Fashion Item 04,Fashion,28.42,53.45,True
282,207,44,1,69.13,69.13,2025-01-05,completed,,Central,90.47,2025-01-05,Grocery Item 04,Grocery,46.32,69.13,True
283,207,47,1,21.34,21.34,2025-01-05,completed,,Central,90.47,2025-01-05,Grocery Item 07,Grocery,13.74,21.34,True
284,208,8,1,20.47,20.47,2025-01-05,completed,,Central,20.47,2025-01-05,Electronics Item 08,Electronics,12.26,20.47,True
285,209,47,1,21.34,21.34,2025-01-05,completed,,South,21.34,2025-01-05,Grocery Item 07,Grocery,13.74,21.34,True
286,210,43,1,24.61,24.61,2025-01-05,completed,,East,24.61,2025-01-05,Grocery Item 03,Grocery,11.56,24.61,True
287,211,22,1,75.66,75.66,2025-01-05,completed,,Central,75.66,2025-01-05,Beauty Item 06,Beauty,36.14,75.66,True
288,212,36,1,53.45,53.45,2025-01-05,cancelled,,East,53.45,2025-01-05,Fashion Item 04,Fashion,28.42,53.45,False
289,213,45,1,31.58,31.58,2025-01-05,completed,,Central,31.58,2025-01-05,Grocery Item 05,Grocery,18.68,31.58,True
290,214,32,1,12.22,12.22,2025-01-05,completed,,South,12.22,2025-01-05,Sports Item 08,Sports,7.11,12.22,True
291,215,3,1,57.71,57.71,2025-01-06,completed,,Central,57.71,2025-01-06,Electronics Item 03,Electronics,26.19,57.71,True
292,216,3,1,57.71,57.71,2025-01-06,completed,,Central,57.71,2025-01-06,Electronics Item 03,Electronics,26.19,57.71,True
293,217,32,2,12.22,24.44,2025-01-06,processing,,East,24.44,2025-01-06,Sports Item 08,Sports,7.11,12.22,True
294,218,42,1,138.05,138.05,2025-01-06,completed,,East,172.76000000000002,2025-01-06,Grocery Item 02,Grocery,61.43,138.05,True
295,218,13,1,34.71,34.71,2025-01-06,completed,,East,172.76000000000002,2025-01-06,Home Item 05,Home,15.9,34.71,True
296,219,44,2,69.13,138.26,2025-01-06,completed,,South,159.6,2025-01-06,Grocery Item 04,Grocery,46.32,69.13,True
297,219,47,1,21.34,21.34,2025-01-06,completed,,South,159.6,2025-01-06,Grocery Item 07,Grocery,13.74,21.34,True
298,220,30,1,67.9,67.9,2025-01-06,completed,,North,67.9,2025-01-06,Sports Item 06,Sports,46.01,67.9,True
299,221,11,1,115.23,115.23,2025-01-06,completed,,Central,115.23,2025-01-06,Home Item 03,Home,73.04,115.23,True
300,222,33,2,171.28,342.56,2025-01-06,completed,,North,363.9,2025-01-06,Fashion Item 01,Fashion,77.9,171.28,True
301,222,47,1,21.34,21.34,2025-01-06,completed,,North,363.9,2025-01-06,Grocery Item 07,Grocery,13.74,21.34,True
302,223,40,1,202.48,202.48,2025-01-06,completed,,South,383.0,2025-01-06,Fashion Item 08,Fashion,92.66,202.48,True
303,223,32,1,12.22,12.22,2025-01-06,completed,,South,383.0,2025-01-06,Sports Item 08,Sports,7.11,12.22,True
304,223,28,2,84.15,168.3,2025-01-06,completed,,South,383.0,2025-01-06,Sports Item 04,Sports,39.74,84.15,True
305,224,20,1,42.3,42.3,2025-01-06,completed,,South,66.91,2025-01-06,Beauty Item 04,Beauty,18.73,42.3,True
306,224,43,1,24.61,24.61,2025-01-06,completed,,South,66.91,2025-01-06,Grocery Item 03,Grocery,11.56,24.61,True
307,225,32,1,12.22,12.22,2025-01-06,completed,,South,12.22,2025-01-06,Sports Item 08,Sports,7.11,12.22,True
308,226,18,1,37.74,37.74,2025-01-06,completed,,Central,37.74,2025-01-06,Beauty Item 02,Beauty,18.64,37.74,True
309,227,45,1,31.58,31.58,2025-01-06,completed,,South,52.05,2025-01-06,Grocery Item 05,Grocery,18.68,31.58,True
310,227,8,1,20.47,20.47,2025-01-06,completed,,South,52.05,2025-01-06,Electronics Item 08,Electronics,12.26,20.47,True
311,228,44,1,69.13,69.13,2025-01-06,completed,,Central,69.13,2025-01-06,Grocery Item 04,Grocery,46.32,69.13,True
312,229,33,1,171.28,171.28,2025-01-06,completed,,North,171.28,2025-01-06,Fashion Item 01,Fashion,77.9,171.28,True
313,230,44,2,69.13,138.26,2025-01-06,completed,,North,314.88,2025-01-06,Grocery Item 04,Grocery,46.32,69.13,True
314,230,14,1,61.39,61.39,2025-01-06,completed,,North,314.88,2025-01-06,Home Item 06,Home,36.75,61.39,True
315,230,11,1,115.23,115.23,2025-01-06,completed,,North,314.88,2025-01-06,Home Item 03,Home,73.04,115.23,True
316,231,22,2,75.66,151.32,2025-01-06,completed,,South,151.32,2025-01-06,Beauty Item 06,Beauty,36.14,75.66,True
317,232,8,1,20.47,20.47,2025-01-06,completed,,South,20.47,2025-01-06,Electronics Item 08,Electronics,12.26,20.47,True
318,233,14,1,61.39,61.39,2025-01-06,cancelled,,South,212.70999999999998,2025-01-06,Home Item 06,Home,36.75,61.39,False
319,233,22,2,75.66,151.32,2025-01-06,cancelled,,South,212.70999999999998,2025-01-06,Beauty Item 06,Beauty,36.14,75.66,False
320,234,21,1,78.32,78.32,2025-01-06,completed,,South,161.95,2025-01-06,Beauty Item 05,Beauty,34.88,78.32,True
321,234,8,1,20.47,20.47,2025-01-06,completed,,South,161.95,2025-01-06,Electronics Item 08,Electronics,12.26,20.47,True
322,234,45,2,31.58,63.16,2025-01-06,completed,,South,161.95,2025-01-06,Grocery Item 05,Grocery,18.68,31.58,True
323,235,11,1,115.23,115.23,2025-01-06,completed,,East,115.23,2025-01-06,Home Item 03,Home,73.04,115.23,True
324,236,33,2,171.28,342.56,2025-01-06,completed,,North,342.56,2025-01-06,Fashion Item 01,Fashion,77.9,171.28,True
325,237,47,2,21.34,42.68,2025-01-06,completed,,Central,42.68,2025-01-06,Grocery Item 07,Grocery,13.74,21.34,True
326,238,21,1,78.32,78.32,2025-01-06,completed,,North,90.53999999999999,2025-01-06,Beauty Item 05,Beauty,34.88,78.32,True
327,238,32,1,12.22,12.22,2025-01-06,completed,,North,90.53999999999999,2025-01-06,Sports Item 08,Sports,7.11,12.22,True
328,239,31,1,19.71,19.71,2025-01-06,cancelled,,South,222.19,2025-01-06,Sports Item 07,Sports,11.9,19.71,False
329,239,40,1,202.48,202.48,2025-01-06,cancelled,,South,222.19,2025-01-06,Fashion Item 08,Fashion,92.66,202.48,False
330,240,8,1,20.47,20.47,2025-01-06,completed,,South,20.47,2025-01-06,Electronics Item 08,Electronics,12.26,20.47,True
331,241,37,2,141.93,283.86,2025-01-06,completed,,South,283.86,2025-01-06,Fashion Item 05,Fashion,76.85,141.93,True
332,242,14,1,61.39,61.39,2025-01-06,completed,,Central,61.39,2025-01-06,Home Item 06,Home,36.75,61.39,True
333,243,32,1,12.22,12.22,2025-01-06,completed,,East,12.22,2025-01-06,Sports Item 08,Sports,7.11,12.22,True
334,244,33,1,171.28,171.28,2025-01-06,completed,,North,171.28,2025-01-06,Fashion Item 01,Fashion,77.9,171.28,True
335,245,34,1,43.74,43.74,2025-01-06,completed,,Central,43.74,2025-01-06,Fashion Item 02,Fashion,22.77,43.74,True
336,246,35,1,157.65,157.65,2025-01-06,completed,,South,238.73000000000002,2025-01-06,Fashion Item 03,Fashion,77.82,157.65,True
337,246,38,1,81.08,81.08,2025-01-06,completed,,South,238.73000000000002,2025-01-06,Fashion Item 06,Fashion,44.22,81.08,True
338,247,26,2,124.26,248.52,2025-01-06,completed,,Central,248.52,2025-01-06,Sports Item 02,Sports,72.7,124.26,True
339,248,23,2,83.16,166.32,2025-01-06,completed,,East,166.32,2025-01-06,Beauty Item 07,Beauty,39.32,83.16,True
340,249,42,1,138.05,138.05,2025-01-06,completed,,North,138.05,2025-01-06,Grocery Item 02,Grocery,61.43,138.05,True
341,250,8,2,20.47,40.94,2025-01-06,completed,,East,40.94,2025-01-06,Electronics Item 08,Electronics,12.26,20.47,True
342,251,8,2,20.47,40.94,2025-01-06,completed,,North,271.4,2025-01-06,Electronics Item 08,Electronics,12.26,20.47,True
343,251,11,2,115.23,230.46,2025-01-06,completed,,North,271.4,2025-01-06,Home Item 03,Home,73.04,115.23,True
344,252,34,1,43.74,43.74,2025-01-06,completed,,South,63.45,2025-01-06,Fashion Item 02,Fashion,22.77,43.74,True
345,252,31,1,19.71,19.71,2025-01-06,completed,,South,63.45,2025-01-06,Sports Item 07,Sports,11.9,19.71,True
346,253,42,1,138.05,138.05,2025-01-06,completed,,South,150.27,2025-01-06,Grocery Item 02,Grocery,61.43,138.05,True
347,253,32,1,12.22,12.22,2025-01-06,completed,,South,150.27,2025-01-06,Sports Item 08,Sports,7.11,12.22,True
348,254,26,2,124.26,248.52,2025-01-07,processing,,Central,248.52,2025-01-07,Sports Item 02,Sports,72.7,124.26,True
349,255,19,1,152.53,152.53,2025-01-07,completed,,Central,152.53,2025-01-07,Beauty Item 03,Beauty,83.95,152.53,True
350,256,14,1,61.39,61.39,2025-01-07,completed,,South,81.86,2025-01-07,Home Item 06,Home,36.75,61.39,True
351,256,8,1,20.47,20.47,2025-01-07,completed,,South,81.86,2025-01-07,Electronics Item 08,Electronics,12.26,20.47,True
352,257,15,2,173.9,347.8,2025-01-07,processing,,East,472.06,2025-01-07,Home Item 07,Home,83.24,173.9,True
353,257,26,1,124.26,124.26,2025-01-07,processing,,East,472.06,2025-01-07,Sports Item 02,Sports,72.7,124.26,True
354,258,22,1,75.66,75.66,2025-01-07,completed,,East,75.66,2025-01-07,Beauty Item 06,Beauty,36.14,75.66,True
355,259,15,1,173.9,173.9,2025-01-07,completed,,Central,173.9,2025-01-07,Home Item 07,Home,83.24,173.9,True
356,260,10,1,163.05,163.05,2025-01-07,completed,,Central,285.1,2025-01-07,Home Item 02,Home,76.01,163.05,True
357,260,21,1,78.32,78.32,2025-01-07,completed,,Central,285.1,2025-01-07,Beauty Item 05,Beauty,34.88,78.32,True
358,260,25,1,43.73,43.73,2025-01-07,completed,,Central,285.1,2025-01-07,Sports Item 01,Sports,20.88,43.73,True
359,261,13,1,34.71,34.71,2025-01-07,completed,,East,34.71,2025-01-07,Home Item 05,Home,15.9,34.71,True
360,262,19,1,152.53,152.53,2025-01-07,completed,,North,152.53,2025-01-07,Beauty Item 03,Beauty,83.95,152.53,True
361,263,36,1,53.45,53.45,2025-01-07,completed,,North,221.63,2025-01-07,Fashion Item 04,Fashion,28.42,53.45,True
362,263,46,1,125.88,125.88,2025-01-07,completed,,North,221.63,2025-01-07,Grocery Item 06,Grocery,73.75,125.88,True
363,263,20,1,42.3,42.3,2025-01-07,completed,,North,221.63,2025-01-07,Beauty Item 04,Beauty,18.73,42.3,True
364,264,14,1,61.39,61.39,2025-01-07,completed,,North,61.39,2025-01-07,Home Item 06,Home,36.75,61.39,True
365,265,9,1,59.69,59.69,2025-01-07,processing,,South,59.69,2025-01-07,Home Item 01,Home,38.0,59.69,True
366,266,37,1,141.93,141.93,2025-01-07,completed,,East,203.32,2025-01-07,Fashion Item 05,Fashion,76.85,141.93,True
367,266,14,1,61.39,61.39,2025-01-07,completed,,East,203.32,2025-01-07,Home Item 06,Home,36.75,61.39,True
368,267,43,1,24.61,24.61,2025-01-07,completed,,Central,24.61,2025-01-07,Grocery Item 03,Grocery,11.56,24.61,True
369,268,36,1,53.45,53.45,2025-01-07,completed,,North,125.92,2025-01-07,Fashion Item 04,Fashion,28.42,53.45,True
370,268,4,1,72.47,72.47,2025-01-07,completed,,North,125.92,2025-01-07,Electronics Item 04,Electronics,34.44,72.47,True
371,269,8,1,20.47,20.47,2025-01-07,completed,,South,20.47,2025-01-07,Electronics Item 08,Electronics,12.26,20.47,True
372,270,21,1,78.32,78.32,2025-01-07,completed,,Central,78.32,2025-01-07,Beauty Item 05,Beauty,34.88,78.32,True
373,271,40,2,202.48,404.96,2025-01-07,cancelled,,Central,520.1899999999999,2025-01-07,Fashion Item 08,Fashion,92.66,202.48,False
374,271,11,1,115.23,115.23,2025-01-07,cancelled,,Central,520.1899999999999,2025-01-07,Home Item 03,Home,73.04,115.23,False
375,272,39,2,124.06,248.12,2025-01-07,completed,,South,305.83,2025-01-07,Fashion Item 07,Fashion,65.04,124.06,True
376,272,3,1,57.71,57.71,2025-01-07,completed,,South,305.83,2025-01-07,Electronics Item 03,Electronics,26.19,57.71,True
377,273,14,2,61.39,122.78,2025-01-07,completed,,East,122.78,2025-01-07,Home Item 06,Home,36.75,61.39,True
378,274,13,2,34.71,69.42,2025-01-07,completed,,North,69.42,2025-01-07,Home Item 05,Home,15.9,34.71,True
379,275,8,1,20.47,20.47,2025-01-07,completed,,North,20.47,2025-01-07,Electronics Item 08,Electronics,12.26,20.47,True
380,276,21,2,78.32,156.64,2025-01-07,completed,,East,156.64,2025-01-07,Beauty Item 05,Beauty,34.88,78.32,True
381,277,11,1,115.23,115.23,2025-01-07,completed,,North,115.23,2025-01-07,Home Item 03,Home,73.04,115.23,True
382,278,35,1,157.65,157.65,2025-01-07,completed,,East,157.65,2025-01-07,Fashion Item 03,Fashion,77.82,157.65,True
383,279,36,1,53.45,53.45,2025-01-07,completed,,South,53.45,2025-01-07,Fashion Item 04,Fashion,28.42,53.45,True
384,280,19,2,152.53,305.06,2025-01-07,completed,,East,305.06,2025-01-07,Beauty Item 03,Beauty,83.95,152.53,True
385,281,40,2,202.48,404.96,2025-01-07,refunded,,South,404.96,2025-01-07,Fashion Item 08,Fashion,92.66,202.48,False
386,282,3,1,57.71,57.71,2025-01-07,completed,,North,183.59,2025-01-07,Electronics Item 03,Electronics,26.19,57.71,True
387,282,46,1,125.88,125.88,2025-01-07,completed,,North,183.59,2025-01-07,Grocery Item 06,Grocery,73.75,125.88,True
388,283,26,1,124.26,124.26,2025-01-07,completed,,South,124.26,2025-01-07,Sports Item 02,Sports,72.7,124.26,True
389,284,25,1,43.73,43.73,2025-01-07,refunded,,Central,111.63,2025-01-07,Sports Item 01,Sports,20.88,43.73,False
390,284,30,1,67.9,67.9,2025-01-07,refunded,,Central,111.63,2025-01-07,Sports Item 06,Sports,46.01,67.9,False
391,285,5,1,61.15,61.15,2025-01-07,completed,,Central,61.15,2025-01-07,Electronics Item 05,Electronics,33.0,61.15,True
392,286,30,1,67.9,67.9,2025-01-07,refunded,,East,132.98000000000002,2025-01-07,Sports Item 06,Sports,46.01,67.9,False
393,286,34,1,43.74,43.74,2025-01-07,refunded,,East,132.98000000000002,2025-01-07,Fashion Item 02,Fashion,22.77,43.74,False
394,286,47,1,21.34,21.34,2025-01-07,refunded,,East,132.98000000000002,2025-01-07,Grocery Item 07,Grocery,13.74,21.34,False
395,287,14,1,61.39,61.39,2025-01-07,completed,,South,61.39,2025-01-07,Home Item 06,Home,36.75,61.39,True
396,288,8,1,20.47,20.47,2025-01-07,completed,,North,230.71,2025-01-07,Electronics Item 08,Electronics,12.26,20.47,True
397,288,19,1,152.53,152.53,2025-01-07,completed,,North,230.71,2025-01-07,Beauty Item 03,Beauty,83.95,152.53,True
398,288,3,1,57.71,57.71,2025-01-07,completed,,North,230.71,2025-01-07,Electronics Item 03,Electronics,26.19,57.71,True
399,289,8,1,20.47,20.47,2025-01-07,completed,,Central,20.47,2025-01-07,Electronics Item 08,Electronics,12.26,20.47,True
400,290,14,1,61.39,61.39,2025-01-08,completed,,North,61.39,2025-01-08,Home Item 06,Home,36.75,61.39,True
401,291,45,1,31.58,31.58,2025-01-08,completed,,East,31.58,2025-01-08,Grocery Item 05,Grocery,18.68,31.58,True
402,292,15,2,173.9,347.8,2025-01-08,completed,,North,347.8,2025-01-08,Home Item 07,Home,83.24,173.9,True
403,293,37,1,141.93,141.93,2025-01-08,completed,,South,154.15,2025-01-08,Fashion Item 05,Fashion,76.85,141.93,True
404,293,32,1,12.22,12.22,2025-01-08,completed,,South,154.15,2025-01-08,Sports Item 08,Sports,7.11,12.22,True
405,294,37,1,141.93,141.93,2025-01-08,completed,,North,141.93,2025-01-08,Fashion Item 05,Fashion,76.85,141.93,True
406,295,47,1,21.34,21.34,2025-01-08,completed,,East,21.34,2025-01-08,Grocery Item 07,Grocery,13.74,21.34,True
407,296,36,1,53.45,53.45,2025-01-08,completed,,North,53.45,2025-01-08,Fashion Item 04,Fashion,28.42,53.45,True
408,297,3,1,57.71,57.71,2025-01-08,completed,,South,57.71,2025-01-08,Electronics Item 03,Electronics,26.19,57.71,True
409,298,25,1,43.73,43.73,2025-01-08,completed,,North,43.73,2025-01-08,Sports Item 01,Sports,20.88,43.73,True
410,299,4,1,72.47,72.47,2025-01-08,completed,,South,72.47,2025-01-08,Electronics Item 04,Electronics,34.44,72.47,True
411,300,36,1,53.45,53.45,2025-01-08,completed,,North,158.32999999999998,2025-01-08,Fashion Item 04,Fashion,28.42,53.45,True
412,300,25,1,43.73,43.73,2025-01-08,completed,,North,158.32999999999998,2025-01-08,Sports Item 01,Sports,20.88,43.73,True
413,300,5,1,61.15,61.15,2025-01-08,completed,,North,158.32999999999998,2025-01-08,Electronics Item 05,Electronics,33.0,61.15,True
414,301,32,1,12.22,12.22,2025-01-08,completed,,Central,136.48000000000002,2025-01-08,Sports Item 08,Sports,7.11,12.22,True
415,301,26,1,124.26,124.26,2025-01-08,completed,,Central,136.48000000000002,2025-01-08,Sports Item 02,Sports,72.7,124.26,True
416,302,32,1,12.22,12.22,2025-01-08,completed,,East,12.22,2025-01-08,Sports Item 08,Sports,7.11,12.22,True
417,303,5,1,61.15,61.15,2025-01-08,completed,,East,61.15,2025-01-08,Electronics Item 05,Electronics,33.0,61.15,True
418,304,23,1,83.16,83.16,2025-01-08,completed,,South,83.16,2025-01-08,Beauty Item 07,Beauty,39.32,83.16,True
419,305,45,1,31.58,31.58,2025-01-08,completed,,East,31.58,2025-01-08,Grocery Item 05,Grocery,18.68,31.58,True
420,306,28,1,84.15,84.15,2025-01-08,completed,,East,84.15,2025-01-08,Sports Item 04,Sports,39.74,84.15,True
421,307,19,1,152.53,152.53,2025-01-08,completed,,North,196.27,2025-01-08,Beauty Item 03,Beauty,83.95,152.53,True
422,307,34,1,43.74,43.74,2025-01-08,completed,,North,196.27,2025-01-08,Fashion Item 02,Fashion,22.77,43.74,True
423,308,28,2,84.15,168.3,2025-01-08,completed,,South,168.3,2025-01-08,Sports Item 04,Sports,39.74,84.15,True
424,309,9,2,59.69,119.38,2025-01-08,completed,,North,282.43,2025-01-08,Home Item 01,Home,38.0,59.69,True
425,309,10,1,163.05,163.05,2025-01-08,completed,,North,282.43,2025-01-08,Home Item 02,Home,76.01,163.05,True
426,310,40,1,202.48,202.48,2025-01-08,completed,,North,202.48,2025-01-08,Fashion Item 08,Fashion,92.66,202.48,True
427,311,23,3,83.16,249.48,2025-01-08,completed,,South,249.48,2025-01-08,Beauty Item 07,Beauty,39.32,83.16,True
428,312,3,1,57.71,57.71,2025-01-08,processing,,North,57.71,2025-01-08,Electronics Item 03,Electronics,26.19,57.71,True
429,313,32,3,12.22,36.66,2025-01-08,completed,,East,61.269999999999996,2025-01-08,Sports Item 08,Sports,7.11,12.22,True
430,313,43,1,24.61,24.61,2025-01-08,completed,,East,61.269999999999996,2025-01-08,Grocery Item 03,Grocery,11.56,24.61,True
431,314,46,1,125.88,125.88,2025-01-08,completed,,South,215.48,2025-01-08,Grocery Item 06,Grocery,73.75,125.88,True
432,314,44,1,69.13,69.13,2025-01-08,completed,,South,215.48,2025-01-08,Grocery Item 04,Grocery,46.32,69.13,True
433,314,8,1,20.47,20.47,2025-01-08,completed,,South,215.48,2025-01-08,Electronics Item 08,Electronics,12.26,20.47,True
434,315,6,2,88.2,176.4,2025-01-08,completed,,East,176.4,2025-01-08,Electronics Item 06,Electronics,39.5,88.2,True
435,316,35,3,157.65,472.95,2025-01-08,processing,,South,472.95,2025-01-08,Fashion Item 03,Fashion,77.82,157.65,True
436,317,8,1,20.47,20.47,2025-01-08,completed,,South,20.47,2025-01-08,Electronics Item 08,Electronics,12.26,20.47,True
437,318,32,1,12.22,12.22,2025-01-08,refunded,,East,12.22,2025-01-08,Sports Item 08,Sports,7.11,12.22,False
438,319,21,1,78.32,78.32,2025-01-08,completed,,South,78.32,2025-01-08,Beauty Item 05,Beauty,34.88,78.32,True
439,320,34,1,43.74,43.74,2025-01-08,processing,,North,43.74,2025-01-08,Fashion Item 02,Fashion,22.77,43.74,True
440,321,3,1,57.71,57.71,2025-01-08,completed,,East,57.71,2025-01-08,Electronics Item 03,Electronics,26.19,57.71,True
441,322,44,1,69.13,69.13,2025-01-08,completed,,East,232.18,2025-01-08,Grocery Item 04,Grocery,46.32,69.13,True
442,322,10,1,163.05,163.05,2025-01-08,completed,,East,232.18,2025-01-08,Home Item 02,Home,76.01,163.05,True
443,323,17,1,101.25,101.25,2025-01-08,completed,,Central,101.25,2025-01-08,Beauty Item 01,Beauty,68.35,101.25,True
444,324,13,2,34.71,69.42,2025-01-08,completed,,Central,152.57999999999998,2025-01-08,Home Item 05,Home,15.9,34.71,True
445,324,23,1,83.16,83.16,2025-01-08,completed,,Central,152.57999999999998,2025-01-08,Beauty Item 07,Beauty,39.32,83.16,True
446,325,23,1,83.16,83.16,2025-01-08,completed,,North,201.14999999999998,2025-01-08,Beauty Item 07,Beauty,39.32,83.16,True
447,325,12,1,117.99,117.99,2025-01-08,completed,,North,201.14999999999998,2025-01-08,Home Item 04,Home,58.96,117.99,True
448,326,44,1,69.13,69.13,2025-01-08,completed,,South,69.13,2025-01-08,Grocery Item 04,Grocery,46.32,69.13,True
449,327,11,1,115.23,115.23,2025-01-08,completed,,North,158.96,2025-01-08,Home Item 03,Home,73.04,115.23,True
450,327,25,1,43.73,43.73,2025-01-08,completed,,North,158.96,2025-01-08,Sports Item 01,Sports,20.88,43.73,True
451,328,3,1,57.71,57.71,2025-01-08,completed,,North,119.12,2025-01-08,Electronics Item 03,Electronics,26.19,57.71,True
452,328,8,3,20.47,61.41,2025-01-08,completed,,North,119.12,2025-01-08,Electronics Item 08,Electronics,12.26,20.47,True
453,329,42,1,138.05,138.05,2025-01-08,completed,,East,407.04,2025-01-08,Grocery Item 02,Grocery,61.43,138.05,True
454,329,26,2,124.26,248.52,2025-01-08,completed,,East,407.04,2025-01-08,Sports Item 02,Sports,72.7,124.26,True
455,329,8,1,20.47,20.47,2025-01-08,completed,,East,407.04,2025-01-08,Electronics Item 08,Electronics,12.26,20.47,True
456,330,8,2,20.47,40.94,2025-01-08,completed,,East,40.94,2025-01-08,Electronics Item 08,Electronics,12.26,20.47,True
457,331,43,1,24.61,24.61,2025-01-08,completed,,East,167.86,2025-01-08,Grocery Item 03,Grocery,11.56,24.61,True
458,331,8,1,20.47,20.47,2025-01-08,completed,,East,167.86,2025-01-08,Electronics Item 08,Electronics,12.26,20.47,True
459,331,14,2,61.39,122.78,2025-01-08,completed,,East,167.86,2025-01-08,Home Item 06,Home,36.75,61.39,True
460,332,23,2,83.16,166.32,2025-01-09,completed,,Central,471.42999999999995,2025-01-09,Beauty Item 07,Beauty,39.32,83.16,True
461,332,12,2,117.99,235.98,2025-01-09,completed,,Central,471.42999999999995,2025-01-09,Home Item 04,Home,58.96,117.99,True
462,332,44,1,69.13,69.13,2025-01-09,completed,,Central,471.42999999999995,2025-01-09,Grocery Item 04,Grocery,46.32,69.13,True
463,333,21,1,78.32,78.32,2025-01-09,completed,,East,78.32,2025-01-09,Beauty Item 05,Beauty,34.88,78.32,True
464,334,12,1,117.99,117.99,2025-01-09,processing,,East,130.21,2025-01-09,Home Item 04,Home,58.96,117.99,True
465,334,32,1,12.22,12.22,2025-01-09,processing,,East,130.21,2025-01-09,Sports Item 08,Sports,7.11,12.22,True
466,335,31,2,19.71,39.42,2025-01-09,completed,,Central,215.82,2025-01-09,Sports Item 07,Sports,11.9,19.71,True
467,335,6,2,88.2,176.4,2025-01-09,completed,,Central,215.82,2025-01-09,Electronics Item 06,Electronics,39.5,88.2,True
468,336,21,1,78.32,78.32,2025-01-09,completed,,East,78.32,2025-01-09,Beauty Item 05,Beauty,34.88,78.32,True
469,337,48,1,101.03,101.03,2025-01-09,completed,,East,101.03,2025-01-09,,Grocery,44.45,101.03,True
470,338,47,1,21.34,21.34,2025-01-09,completed,,North,299.62,2025-01-09,Grocery Item 07,Grocery,13.74,21.34,True
471,338,20,1,42.3,42.3,2025-01-09,completed,,North,299.62,2025-01-09,Beauty Item 04,Beauty,18.73,42.3,True
472,338,12,2,117.99,235.98,2025-01-09,completed,,North,299.62,2025-01-09,Home Item 04,Home,58.96,117.99,True
473,339,40,1,202.48,202.48,2025-01-09,completed,,North,202.48,2025-01-09,Fashion Item 08,Fashion,92.66,202.48,True
474,340,43,1,24.61,24.61,2025-01-09,completed,,East,24.61,2025-01-09,Grocery Item 03,Grocery,11.56,24.61,True
475,341,1,1,114.06,114.06,2025-01-09,completed,,North,148.77,2025-01-09,Electronics Item 01,Electronics,75.52,114.06,True
476,341,13,1,34.71,34.71,2025-01-09,completed,,North,148.77,2025-01-09,Home Item 05,Home,15.9,34.71,True
477,342,23,1,83.16,83.16,2025-01-09,completed,,South,214.38,2025-01-09,Beauty Item 07,Beauty,39.32,83.16,True
478,342,34,3,43.74,131.22,2025-01-09,completed,,South,214.38,2025-01-09,Fashion Item 02,Fashion,22.77,43.74,True
479,343,40,2,202.48,404.96,2025-01-09,completed,,East,429.4,2025-01-09,Fashion Item 08,Fashion,92.66,202.48,True
480,343,32,2,12.22,24.44,2025-01-09,completed,,East,429.4,2025-01-09,Sports Item 08,Sports,7.11,12.22,True
481,344,44,3,69.13,207.39,2025-01-09,completed,,North,207.39,2025-01-09,Grocery Item 04,Grocery,46.32,69.13,True
482,345,45,1,31.58,31.58,2025-01-09,completed,,South,31.58,2025-01-09,Grocery Item 05,Grocery,18.68,31.58,True
483,346,45,1,31.58,31.58,2025-01-09,completed,,North,31.58,2025-01-09,Grocery Item 05,Grocery,18.68,31.58,True
484,347,13,2,34.71,69.42,2025-01-09,completed,,Central,227.07,2025-01-09,Home Item 05,Home,15.9,34.71,True
485,347,35,1,157.65,157.65,2025-01-09,completed,,Central,227.07,2025-01-09,Fashion Item 03,Fashion,77.82,157.65,True
486,348,21,1,78.32,78.32,2025-01-09,completed,,North,78.32,2025-01-09,Beauty Item 05,Beauty,34.88,78.32,True
487,349,12,1,117.99,117.99,2025-01-09,completed,,East,117.99,2025-01-09,Home Item 04,Home,58.96,117.99,True
488,350,4,1,72.47,72.47,2025-01-09,completed,,East,156.62,2025-01-09,Electronics Item 04,Electronics,34.44,72.47,True
489,350,28,1,84.15,84.15,2025-01-09,completed,,East,156.62,2025-01-09,Sports Item 04,Sports,39.74,84.15,True
490,351,42,1,138.05,138.05,2025-01-09,completed,,North,138.05,2025-01-09,Grocery Item 02,Grocery,61.43,138.05,True
491,352,35,1,157.65,157.65,2025-01-09,completed,,Central,157.65,2025-01-09,Fashion Item 03,Fashion,77.82,157.65,True
492,353,28,2,84.15,168.3,2025-01-09,refunded,,East,168.3,2025-01-09,Sports Item 04,Sports,39.74,84.15,False
493,354,28,2,84.15,168.3,2025-01-09,completed,,Central,168.3,2025-01-09,Sports Item 04,Sports,39.74,84.15,True
494,355,19,2,152.53,305.06,2025-01-09,completed,,East,446.92,2025-01-09,Beauty Item 03,Beauty,83.95,152.53,True
495,355,3,1,57.71,57.71,2025-01-09,completed,,East,446.92,2025-01-09,Electronics Item 03,Electronics,26.19,57.71,True
496,355,28,1,84.15,84.15,2025-01-09,completed,,East,446.92,2025-01-09,Sports Item 04,Sports,39.74,84.15,True
497,356,32,1,12.22,12.22,2025-01-09,completed,,South,12.22,2025-01-09,Sports Item 08,Sports,7.11,12.22,True
498,357,42,1,138.05,138.05,2025-01-09,completed,,South,207.18,2025-01-09,Grocery Item 02,Grocery,61.43,138.05,True
499,357,44,1,69.13,69.13,2025-01-09,completed,,South,207.18,2025-01-09,Grocery Item 04,Grocery,46.32,69.13,True
500,358,44,1,69.13,69.13,2025-01-09,completed,,East,69.13,2025-01-09,Grocery Item 04,Grocery,46.32,69.13,True
501,359,35,1,157.65,157.65,2025-01-09,completed,,East,157.65,2025-01-09,Fashion Item 03,Fashion,77.82,157.65,True
502,360,5,1,61.15,61.15,2025-01-09,completed,,East,232.43,2025-01-09,Electronics Item 05,Electronics,33.0,61.15,True
503,360,33,1,171.28,171.28,2025-01-09,completed,,East,232.43,2025-01-09,Fashion Item 01,Fashion,77.9,171.28,True
504,361,12,1,117.99,117.99,2025-01-09,completed,,South,117.99,2025-01-09,Home Item 04,Home,58.96,117.99,True
505,362,25,1,43.73,43.73,2025-01-09,completed,,East,43.73,2025-01-09,Sports Item 01,Sports,20.88,43.73,True
506,363,35,2,157.65,315.3,2025-01-09,processing,,North,327.52000000000004,2025-01-09,Fashion Item 03,Fashion,77.82,157.65,True
507,363,32,1,12.22,12.22,2025-01-09,processing,,North,327.52000000000004,2025-01-09,Sports Item 08,Sports,7.11,12.22,True
508,364,3,1,57.71,57.71,2025-01-09,cancelled,,Central,141.86,2025-01-09,Electronics Item 03,Electronics,26.19,57.71,False
509,364,28,1,84.15,84.15,2025-01-09,cancelled,,Central,141.86,2025-01-09,Sports Item 04,Sports,39.74,84.15,False
510,365,20,1,42.3,42.3,2025-01-09,completed,,North,366.27,2025-01-09,Beauty Item 04,Beauty,18.73,42.3,True
511,365,23,2,83.16,166.32,2025-01-09,completed,,North,366.27,2025-01-09,Beauty Item 07,Beauty,39.32,83.16,True
512,365,35,1,157.65,157.65,2025-01-09,completed,,North,366.27,2025-01-09,Fashion Item 03,Fashion,77.82,157.65,True
513,366,4,1,72.47,72.47,2025-01-09,completed,,Central,72.47,2025-01-09,Electronics Item 04,Electronics,34.44,72.47,True
514,367,32,2,12.22,24.44,2025-01-09,completed,,East,24.44,2025-01-09,Sports Item 08,Sports,7.11,12.22,True
515,368,25,3,43.73,131.19,2025-01-09,completed,,Central,258.03,2025-01-09,Sports Item 01,Sports,20.88,43.73,True
516,368,3,1,57.71,57.71,2025-01-09,completed,,Central,258.03,2025-01-09,Electronics Item 03,Electronics,26.19,57.71,True
517,368,44,1,69.13,69.13,2025-01-09,completed,,Central,258.03,2025-01-09,Grocery Item 04,Grocery,46.32,69.13,True
518,369,43,1,24.61,24.61,2025-01-09,completed,,East,127.61,2025-01-09,Grocery Item 03,Grocery,11.56,24.61,True
519,369,41,1,49.55,49.55,2025-01-09,completed,,East,127.61,2025-01-09,Grocery Item 01,Grocery,22.88,49.55,True
520,369,36,1,53.45,53.45,2025-01-09,completed,,East,127.61,2025-01-09,Fashion Item 04,Fashion,28.42,53.45,True
521,370,8,1,20.47,20.47,2025-01-09,completed,,Central,20.47,2025-01-09,Electronics Item 08,Electronics,12.26,20.47,True
522,371,13,1,34.71,34.71,2025-01-10,completed,,South,34.71,2025-01-10,Home Item 05,Home,15.9,34.71,True
523,372,14,1,61.39,61.39,2025-01-10,completed,,North,61.39,2025-01-10,Home Item 06,Home,36.75,61.39,True
524,373,18,1,37.74,37.74,2025-01-10,unknown_status,,North,37.74,2025-01-10,Beauty Item 02,Beauty,18.64,37.74,False
525,374,3,1,57.71,57.71,2025-01-10,completed,,Central,57.71,2025-01-10,Electronics Item 03,Electronics,26.19,57.71,True
526,375,36,1,53.45,53.45,2025-01-10,completed,,South,53.45,2025-01-10,Fashion Item 04,Fashion,28.42,53.45,True
527,376,6,1,88.2,88.2,2025-01-10,completed,,North,171.36,2025-01-10,Electronics Item 06,Electronics,39.5,88.2,True
528,376,23,1,83.16,83.16,2025-01-10,completed,,North,171.36,2025-01-10,Beauty Item 07,Beauty,39.32,83.16,True
529,377,23,1,83.16,83.16,2025-01-10,completed,,North,83.16,2025-01-10,Beauty Item 07,Beauty,39.32,83.16,True
530,378,13,1,34.71,34.71,2025-01-10,completed,,South,34.71,2025-01-10,Home Item 05,Home,15.9,34.71,True
531,379,27,2,24.68,49.36,2025-01-10,completed,,South,49.36,2025-01-10,Sports Item 03,Sports,10.9,24.68,True
532,380,8,2,20.47,40.94,2025-01-10,completed,,East,290.53999999999996,2025-01-10,Electronics Item 08,Electronics,12.26,20.47,True
533,380,33,1,171.28,171.28,2025-01-10,completed,,East,290.53999999999996,2025-01-10,Fashion Item 01,Fashion,77.9,171.28,True
534,380,21,1,78.32,78.32,2025-01-10,completed,,East,290.53999999999996,2025-01-10,Beauty Item 05,Beauty,34.88,78.32,True
535,381,9,1,59.69,59.69,2025-01-10,processing,,North,59.69,2025-01-10,Home Item 01,Home,38.0,59.69,True
536,382,35,1,157.65,157.65,2025-01-10,completed,,Central,157.65,2025-01-10,Fashion Item 03,Fashion,77.82,157.65,True
537,383,33,3,171.28,513.84,2025-01-10,cancelled,,East,676.8900000000001,2025-01-10,Fashion Item 01,Fashion,77.9,171.28,False
538,383,10,1,163.05,163.05,2025-01-10,cancelled,,East,676.8900000000001,2025-01-10,Home Item 02,Home,76.01,163.05,False
539,384,8,3,20.47,61.41,2025-01-10,completed,,Central,61.41,2025-01-10,Electronics Item 08,Electronics,12.26,20.47,True
540,385,8,1,20.47,20.47,2025-01-10,cancelled,,South,88.37,2025-01-10,Electronics Item 08,Electronics,12.26,20.47,False
541,385,30,1,67.9,67.9,2025-01-10,cancelled,,South,88.37,2025-01-10,Sports Item 06,Sports,46.01,67.9,False
542,386,47,1,21.34,21.34,2025-01-10,completed,,Central,21.34,2025-01-10,Grocery Item 07,Grocery,13.74,21.34,True
543,387,14,1,61.39,61.39,2025-01-10,completed,,North,81.86,2025-01-10,Home Item 06,Home,36.75,61.39,True
544,387,8,1,20.47,20.47,2025-01-10,completed,,North,81.86,2025-01-10,Electronics Item 08,Electronics,12.26,20.47,True
545,388,42,1,138.05,138.05,2025-01-10,completed,,South,138.05,2025-01-10,Grocery Item 02,Grocery,61.43,138.05,True
546,389,37,2,141.93,283.86,2025-01-10,completed,,East,283.86,2025-01-10,Fashion Item 05,Fashion,76.85,141.93,True
547,390,13,1,34.71,34.71,2025-01-10,completed,,East,34.71,2025-01-10,Home Item 05,Home,15.9,34.71,True
548,391,43,1,24.61,24.61,2025-01-10,processing,,South,86.0,2025-01-10,Grocery Item 03,Grocery,11.56,24.61,True
549,391,14,1,61.39,61.39,2025-01-10,processing,,South,86.0,2025-01-10,Home Item 06,Home,36.75,61.39,True
550,392,31,1,19.71,19.71,2025-01-10,completed,,Central,19.71,2025-01-10,Sports Item 07,Sports,11.9,19.71,True
551,393,32,1,12.22,12.22,2025-01-10,completed,,North,307.92,2025-01-10,Sports Item 08,Sports,7.11,12.22,True
552,393,35,1,157.65,157.65,2025-01-10,completed,,North,307.92,2025-01-10,Fashion Item 03,Fashion,77.82,157.65,True
553,393,42,1,138.05,138.05,2025-01-10,completed,,North,307.92,2025-01-10,Grocery Item 02,Grocery,61.43,138.05,True
554,394,18,1,37.74,37.74,2025-01-10,cancelled,,North,37.74,2025-01-10,Beauty Item 02,Beauty,18.64,37.74,False
555,395,44,1,69.13,69.13,2025-01-10,processing,,North,69.13,2025-01-10,Grocery Item 04,Grocery,46.32,69.13,True
556,396,35,1,157.65,157.65,2025-01-10,completed,,Central,157.65,2025-01-10,Fashion Item 03,Fashion,77.82,157.65,True
557,397,23,1,83.16,83.16,2025-01-10,completed,,East,83.16,2025-01-10,Beauty Item 07,Beauty,39.32,83.16,True
558,398,43,3,24.61,73.83,2025-01-10,completed,,Central,73.83,2025-01-10,Grocery Item 03,Grocery,11.56,24.61,True
559,399,23,1,83.16,83.16,2025-01-10,processing,,East,83.16,2025-01-10,Beauty Item 07,Beauty,39.32,83.16,True
560,400,20,2,42.3,84.6,2025-01-10,completed,,North,250.92,2025-01-10,Beauty Item 04,Beauty,18.73,42.3,True
561,400,23,2,83.16,166.32,2025-01-10,completed,,North,250.92,2025-01-10,Beauty Item 07,Beauty,39.32,83.16,True
562,401,11,1,115.23,115.23,2025-01-10,completed,,Central,115.23,2025-01-10,Home Item 03,Home,73.04,115.23,True
563,402,34,1,43.74,43.74,2025-01-10,completed,,Central,43.74,2025-01-10,Fashion Item 02,Fashion,22.77,43.74,True
564,403,15,1,173.9,173.9,2025-01-10,processing,,North,216.2,2025-01-10,Home Item 07,Home,83.24,173.9,True
565,403,20,1,42.3,42.3,2025-01-10,processing,,North,216.2,2025-01-10,Beauty Item 04,Beauty,18.73,42.3,True
566,404,10,1,163.05,163.05,2025-01-11,completed,,Central,163.05,2025-01-11,Home Item 02,Home,76.01,163.05,True
567,405,18,1,37.74,37.74,2025-01-11,cancelled,,Central,326.1,2025-01-11,Beauty Item 02,Beauty,18.64,37.74,False
568,405,3,3,57.71,173.13,2025-01-11,cancelled,,Central,326.1,2025-01-11,Electronics Item 03,Electronics,26.19,57.71,False
569,405,11,1,115.23,115.23,2025-01-11,cancelled,,Central,326.1,2025-01-11,Home Item 03,Home,73.04,115.23,False
570,406,47,1,21.34,21.34,2025-01-11,processing,,East,21.34,2025-01-11,Grocery Item 07,Grocery,13.74,21.34,True
571,407,20,2,42.3,84.6,2025-01-11,completed,,East,84.6,2025-01-11,Beauty Item 04,Beauty,18.73,42.3,True
572,408,28,1,84.15,84.15,2025-01-11,completed,,South,278.52,2025-01-11,Sports Item 04,Sports,39.74,84.15,True
573,408,8,1,20.47,20.47,2025-01-11,completed,,South,278.52,2025-01-11,Electronics Item 08,Electronics,12.26,20.47,True
574,408,15,1,173.9,173.9,2025-01-11,completed,,South,278.52,2025-01-11,Home Item 07,Home,83.24,173.9,True
575,409,33,1,171.28,171.28,2025-01-11,completed,,South,267.38,2025-01-11,Fashion Item 01,Fashion,77.9,171.28,True
576,409,14,1,61.39,61.39,2025-01-11,completed,,South,267.38,2025-01-11,Home Item 06,Home,36.75,61.39,True
577,409,13,1,34.71,34.71,2025-01-11,completed,,South,267.38,2025-01-11,Home Item 05,Home,15.9,34.71,True
578,410,36,1,53.45,53.45,2025-01-11,completed,,East,53.45,2025-01-11,Fashion Item 04,Fashion,28.42,53.45,True
579,411,11,1,115.23,115.23,2025-01-11,completed,,Central,115.23,2025-01-11,Home Item 03,Home,73.04,115.23,True
580,412,26,1,124.26,124.26,2025-01-11,completed,,Central,124.26,2025-01-11,Sports Item 02,Sports,72.7,124.26,True
581,413,10,1,163.05,163.05,2025-01-11,processing,,East,163.05,2025-01-11,Home Item 02,Home,76.01,163.05,True
582,414,43,3,24.61,73.83,2025-01-11,completed,,South,116.13,2025-01-11,Grocery Item 03,Grocery,11.56,24.61,True
583,414,20,1,42.3,42.3,2025-01-11,completed,,South,116.13,2025-01-11,Beauty Item 04,Beauty,18.73,42.3,True
584,415,32,1,12.22,12.22,2025-01-11,completed,,East,125.07999999999998,2025-01-11,Sports Item 08,Sports,7.11,12.22,True
585,415,44,1,69.13,69.13,2025-01-11,completed,,East,125.07999999999998,2025-01-11,Grocery Item 04,Grocery,46.32,69.13,True
586,415,25,1,43.73,43.73,2025-01-11,completed,,East,125.07999999999998,2025-01-11,Sports Item 01,Sports,20.88,43.73,True
587,416,36,1,53.45,53.45,2025-01-11,completed,,South,53.45,2025-01-11,Fashion Item 04,Fashion,28.42,53.45,True
588,417,18,1,37.74,37.74,2025-01-11,completed,,South,37.74,2025-01-11,Beauty Item 02,Beauty,18.64,37.74,True
589,418,23,1,83.16,83.16,2025-01-11,completed,,Central,117.87,2025-01-11,Beauty Item 07,Beauty,39.32,83.16,True
590,418,13,1,34.71,34.71,2025-01-11,completed,,Central,117.87,2025-01-11,Home Item 05,Home,15.9,34.71,True
591,419,22,2,75.66,151.32,2025-01-11,completed,,North,631.9300000000001,2025-01-11,Beauty Item 06,Beauty,36.14,75.66,True
592,419,33,2,171.28,342.56,2025-01-11,completed,,North,631.9300000000001,2025-01-11,Fashion Item 01,Fashion,77.9,171.28,True
593,419,42,1,138.05,138.05,2025-01-11,completed,,North,631.9300000000001,2025-01-11,Grocery Item 02,Grocery,61.43,138.05,True
594,420,8,1,20.47,20.47,2025-01-11,cancelled,,Central,304.33000000000004,2025-01-11,Electronics Item 08,Electronics,12.26,20.47,False
595,420,37,2,141.93,283.86,2025-01-11,cancelled,,Central,304.33000000000004,2025-01-11,Fashion Item 05,Fashion,76.85,141.93,False
596,421,45,1,31.58,31.58,2025-01-11,completed,,North,152.2,2025-01-11,Grocery Item 05,Grocery,18.68,31.58,True
597,421,21,1,78.32,78.32,2025-01-11,completed,,North,152.2,2025-01-11,Beauty Item 05,Beauty,34.88,78.32,True
598,421,20,1,42.3,42.3,2025-01-11,completed,,North,152.2,2025-01-11,Beauty Item 04,Beauty,18.73,42.3,True
599,422,21,1,78.32,78.32,2025-01-11,completed,,North,78.32,2025-01-11,Beauty Item 05,Beauty,34.88,78.32,True
600,423,28,1,84.15,84.15,2025-01-11,completed,,East,153.28,2025-01-11,Sports Item 04,Sports,39.74,84.15,True
601,423,44,1,69.13,69.13,2025-01-11,completed,,East,153.28,2025-01-11,Grocery Item 04,Grocery,46.32,69.13,True
602,424,36,1,53.45,53.45,2025-01-11,processing,,North,53.45,2025-01-11,Fashion Item 04,Fashion,28.42,53.45,True
603,425,46,2,125.88,251.76,2025-01-11,completed,,East,251.76,2025-01-11,Grocery Item 06,Grocery,73.75,125.88,True
604,426,23,1,83.16,83.16,2025-01-11,completed,,North,412.71000000000004,2025-01-11,Beauty Item 07,Beauty,39.32,83.16,True
605,426,36,1,53.45,53.45,2025-01-11,completed,,North,412.71000000000004,2025-01-11,Fashion Item 04,Fashion,28.42,53.45,True
606,426,42,2,138.05,276.1,2025-01-11,completed,,North,412.71000000000004,2025-01-11,Grocery Item 02,Grocery,61.43,138.05,True
607,427,36,1,53.45,53.45,2025-01-11,completed,,North,53.45,2025-01-11,Fashion Item 04,Fashion,28.42,53.45,True
608,428,20,1,42.3,42.3,2025-01-11,completed,,South,42.3,2025-01-11,Beauty Item 04,Beauty,18.73,42.3,True
609,429,22,2,75.66,151.32,2025-01-11,completed,,South,151.32,2025-01-11,Beauty Item 06,Beauty,36.14,75.66,True
610,430,8,1,20.47,20.47,2025-01-11,refunded,,North,20.47,2025-01-11,Electronics Item 08,Electronics,12.26,20.47,False
611,431,27,1,24.68,24.68,2025-01-11,completed,,North,93.81,2025-01-11,Sports Item 03,Sports,10.9,24.68,True
612,431,44,1,69.13,69.13,2025-01-11,completed,,North,93.81,2025-01-11,Grocery Item 04,Grocery,46.32,69.13,True
613,432,19,2,152.53,305.06,2025-01-11,completed,,South,951.86,2025-01-11,Beauty Item 03,Beauty,83.95,152.53,True
614,432,10,3,163.05,489.15,2025-01-11,completed,,South,951.86,2025-01-11,Home Item 02,Home,76.01,163.05,True
615,432,35,1,157.65,157.65,2025-01-11,completed,,South,951.86,2025-01-11,Fashion Item 03,Fashion,77.82,157.65,True
616,433,25,1,43.73,43.73,2025-01-11,completed,,Central,43.73,2025-01-11,Sports Item 01,Sports,20.88,43.73,True
617,434,20,1,42.3,42.3,2025-01-11,completed,,South,42.3,2025-01-11,Beauty Item 04,Beauty,18.73,42.3,True
618,435,26,2,124.26,248.52,2025-01-11,completed,,East,248.52,2025-01-11,Sports Item 02,Sports,72.7,124.26,True
619,436,10,1,163.05,163.05,2025-01-11,completed,,East,568.01,2025-01-11,Home Item 02,Home,76.01,163.05,True
620,436,40,2,202.48,404.96,2025-01-11,completed,,East,568.01,2025-01-11,Fashion Item 08,Fashion,92.66,202.48,True
621,437,6,1,88.2,88.2,2025-01-11,completed,,South,141.65,2025-01-11,Electronics Item 06,Electronics,39.5,88.2,True
622,437,36,1,53.45,53.45,2025-01-11,completed,,South,141.65,2025-01-11,Fashion Item 04,Fashion,28.42,53.45,True
623,438,36,1,53.45,53.45,2025-01-11,completed,,Central,389.05,2025-01-11,Fashion Item 04,Fashion,28.42,53.45,True
624,438,39,2,124.06,248.12,2025-01-11,completed,,Central,389.05,2025-01-11,Fashion Item 07,Fashion,65.04,124.06,True
625,438,34,2,43.74,87.48,2025-01-11,completed,,Central,389.05,2025-01-11,Fashion Item 02,Fashion,22.77,43.74,True
626,439,47,2,21.34,42.68,2025-01-11,completed,,East,200.33,2025-01-11,Grocery Item 07,Grocery,13.74,21.34,True
627,439,35,1,157.65,157.65,2025-01-11,completed,,East,200.33,2025-01-11,Fashion Item 03,Fashion,77.82,157.65,True
628,440,8,1,20.47,20.47,2025-01-12,completed,,South,20.47,2025-01-12,Electronics Item 08,Electronics,12.26,20.47,True
629,441,30,1,67.9,67.9,2025-01-12,completed,,South,67.9,2025-01-12,Sports Item 06,Sports,46.01,67.9,True
630,442,21,1,78.32,78.32,2025-01-12,cancelled,,South,78.32,2025-01-12,Beauty Item 05,Beauty,34.88,78.32,False
631,443,11,1,115.23,115.23,2025-01-12,completed,,South,399.09000000000003,2025-01-12,Home Item 03,Home,73.04,115.23,True
632,443,37,2,141.93,283.86,2025-01-12,completed,,South,399.09000000000003,2025-01-12,Fashion Item 05,Fashion,76.85,141.93,True
633,444,10,1,163.05,163.05,2025-01-12,completed,,East,163.05,2025-01-12,Home Item 02,Home,76.01,163.05,True
634,445,23,1,83.16,83.16,2025-01-12,completed,,North,83.16,2025-01-12,Beauty Item 07,Beauty,39.32,83.16,True
635,446,8,1,20.47,20.47,2025-01-12,processing,,North,20.47,2025-01-12,Electronics Item 08,Electronics,12.26,20.47,True
636,447,44,1,69.13,69.13,2025-01-12,completed,,Central,187.12,2025-01-12,Grocery Item 04,Grocery,46.32,69.13,True
637,447,12,1,117.99,117.99,2025-01-12,completed,,Central,187.12,2025-01-12,Home Item 04,Home,58.96,117.99,True
638,448,32,1,12.22,12.22,2025-01-12,completed,,South,12.22,2025-01-12,Sports Item 08,Sports,7.11,12.22,True
639,449,23,1,83.16,83.16,2025-01-12,completed,,South,152.29,2025-01-12,Beauty Item 07,Beauty,39.32,83.16,True
640,449,44,1,69.13,69.13,2025-01-12,completed,,South,152.29,2025-01-12,Grocery Item 04,Grocery,46.32,69.13,True
641,450,24,1,29.56,29.56,2025-01-12,completed,,East,83.01,2025-01-12,Beauty Item 08,Beauty,14.55,29.56,True
642,450,36,1,53.45,53.45,2025-01-12,completed,,East,83.01,2025-01-12,Fashion Item 04,Fashion,28.42,53.45,True
643,451,16,1,144.13,144.13,2025-01-12,completed,,Central,144.13,2025-01-12,Home Item 08,Home,93.01,144.13,True
644,452,39,1,124.06,124.06,2025-01-12,completed,,South,650.78,2025-01-12,Fashion Item 07,Fashion,65.04,124.06,True
645,452,19,3,152.53,457.59,2025-01-12,completed,,South,650.78,2025-01-12,Beauty Item 03,Beauty,83.95,152.53,True
646,452,44,1,69.13,69.13,2025-01-12,completed,,South,650.78,2025-01-12,Grocery Item 04,Grocery,46.32,69.13,True
647,453,46,1,125.88,125.88,2025-01-12,completed,,Central,125.88,2025-01-12,Grocery Item 06,Grocery,73.75,125.88,True
648,454,8,1,20.47,20.47,2025-01-12,completed,,North,29.669999999999998,2025-01-12,Electronics Item 08,Electronics,12.26,20.47,True
649,454,29,1,9.2,9.2,2025-01-12,completed,,North,29.669999999999998,2025-01-12,Sports Item 05,Sports,4.26,9.2,True
650,455,20,2,42.3,84.6,2025-01-12,completed,,South,84.6,2025-01-12,Beauty Item 04,Beauty,18.73,42.3,True
651,456,16,2,144.13,288.26,2025-01-12,completed,,Central,288.26,2025-01-12,Home Item 08,Home,93.01,144.13,True
652,457,3,1,57.71,57.71,2025-01-12,completed,,Central,120.87,2025-01-12,Electronics Item 03,Electronics,26.19,57.71,True
653,457,45,2,31.58,63.16,2025-01-12,completed,,Central,120.87,2025-01-12,Grocery Item 05,Grocery,18.68,31.58,True
654,458,3,2,57.71,115.42,2025-01-12,completed,,South,115.42,2025-01-12,Electronics Item 03,Electronics,26.19,57.71,True
655,459,48,2,101.03,202.06,2025-01-12,completed,,North,202.06,2025-01-12,,Grocery,44.45,101.03,True
656,460,25,2,43.73,87.46,2025-01-12,completed,,East,87.46,2025-01-12,Sports Item 01,Sports,20.88,43.73,True
657,461,46,1,125.88,125.88,2025-01-12,completed,,North,209.04,2025-01-12,Grocery Item 06,Grocery,73.75,125.88,True
658,461,23,1,83.16,83.16,2025-01-12,completed,,North,209.04,2025-01-12,Beauty Item 07,Beauty,39.32,83.16,True
659,462,14,1,61.39,61.39,2025-01-12,completed,,North,179.38,2025-01-12,Home Item 06,Home,36.75,61.39,True
660,462,12,1,117.99,117.99,2025-01-12,completed,,North,179.38,2025-01-12,Home Item 04,Home,58.96,117.99,True
661,463,10,1,163.05,163.05,2025-01-12,completed,,East,232.18,2025-01-12,Home Item 02,Home,76.01,163.05,True
662,463,44,1,69.13,69.13,2025-01-12,completed,,East,232.18,2025-01-12,Grocery Item 04,Grocery,46.32,69.13,True
663,464,6,1,88.2,88.2,2025-01-12,processing,,East,88.2,2025-01-12,Electronics Item 06,Electronics,39.5,88.2,True
664,465,48,1,101.03,101.03,2025-01-12,completed,,South,303.51,2025-01-12,,Grocery,44.45,101.03,True
665,465,40,1,202.48,202.48,2025-01-12,completed,,South,303.51,2025-01-12,Fashion Item 08,Fashion,92.66,202.48,True
666,466,27,2,24.68,49.36,2025-01-12,completed,,Central,49.36,2025-01-12,Sports Item 03,Sports,10.9,24.68,True
667,467,43,1,24.61,24.61,2025-01-12,completed,,South,24.61,2025-01-12,Grocery Item 03,Grocery,11.56,24.61,True
668,468,8,1,20.47,20.47,2025-01-12,completed,,East,20.47,2025-01-12,Electronics Item 08,Electronics,12.26,20.47,True
669,469,14,1,61.39,61.39,2025-01-12,completed,,North,61.39,2025-01-12,Home Item 06,Home,36.75,61.39,True
670,470,41,2,49.55,99.1,2025-01-12,completed,,North,99.1,2025-01-12,Grocery Item 01,Grocery,22.88,49.55,True
671,471,36,1,53.45,53.45,2025-01-12,completed,,Central,53.45,2025-01-12,Fashion Item 04,Fashion,28.42,53.45,True
672,472,14,1,61.39,61.39,2025-01-12,completed,,South,61.39,2025-01-12,Home Item 06,Home,36.75,61.39,True
673,473,28,1,84.15,84.15,2025-01-12,completed,,South,84.15,2025-01-12,Sports Item 04,Sports,39.74,84.15,True
674,474,36,1,53.45,53.45,2025-01-12,processing,,Central,296.69,2025-01-12,Fashion Item 04,Fashion,28.42,53.45,True
675,474,38,3,81.08,243.24,2025-01-12,processing,,Central,296.69,2025-01-12,Fashion Item 06,Fashion,44.22,81.08,True
676,475,1,3,114.06,342.18,2025-01-12,completed,,North,366.79,2025-01-12,Electronics Item 01,Electronics,75.52,114.06,True
677,475,43,1,24.61,24.61,2025-01-12,completed,,North,366.79,2025-01-12,Grocery Item 03,Grocery,11.56,24.61,True
678,476,36,1,53.45,53.45,2025-01-12,completed,,South,88.16,2025-01-12,Fashion Item 04,Fashion,28.42,53.45,True
679,476,13,1,34.71,34.71,2025-01-12,completed,,South,88.16,2025-01-12,Home Item 05,Home,15.9,34.71,True
680,477,36,1,53.45,53.45,2025-01-12,processing,,North,73.92,2025-01-12,Fashion Item 04,Fashion,28.42,53.45,True
681,477,8,1,20.47,20.47,2025-01-12,processing,,North,73.92,2025-01-12,Electronics Item 08,Electronics,12.26,20.47,True
682,478,24,2,29.56,59.12,2025-01-12,completed,,Central,222.17000000000002,2025-01-12,Beauty Item 08,Beauty,14.55,29.56,True
683,478,10,1,163.05,163.05,2025-01-12,completed,,Central,222.17000000000002,2025-01-12,Home Item 02,Home,76.01,163.05,True
684,479,31,3,19.71,59.13,2025-01-12,completed,,South,59.13,2025-01-12,Sports Item 07,Sports,11.9,19.71,True
685,480,45,1,31.58,31.58,2025-01-12,refunded,,North,31.58,2025-01-12,Grocery Item 05,Grocery,18.68,31.58,False
686,481,5,1,61.15,61.15,2025-01-12,completed,,South,95.86,2025-01-12,Electronics Item 05,Electronics,33.0,61.15,True
687,481,13,1,34.71,34.71,2025-01-12,completed,,South,95.86,2025-01-12,Home Item 05,Home,15.9,34.71,True
688,482,8,1,20.47,20.47,2025-01-12,completed,,South,98.78999999999999,2025-01-12,Electronics Item 08,Electronics,12.26,20.47,True
689,482,21,1,78.32,78.32,2025-01-12,completed,,South,98.78999999999999,2025-01-12,Beauty Item 05,Beauty,34.88,78.32,True
690,483,42,1,138.05,138.05,2025-01-12,completed,,Central,138.05,2025-01-12,Grocery Item 02,Grocery,61.43,138.05,True
691,484,33,2,171.28,342.56,2025-01-12,processing,,North,342.56,2025-01-12,Fashion Item 01,Fashion,77.9,171.28,True
692,485,21,1,78.32,78.32,2025-01-12,completed,,North,78.32,2025-01-12,Beauty Item 05,Beauty,34.88,78.32,True
693,486,25,1,43.73,43.73,2025-01-12,completed,,Central,43.73,2025-01-12,Sports Item 01,Sports,20.88,43.73,True
694,487,28,1,84.15,84.15,2025-01-12,refunded,,South,84.15,2025-01-12,Sports Item 04,Sports,39.74,84.15,False
695,488,8,1,20.47,20.47,2025-01-12,processing,,North,20.47,2025-01-12,Electronics Item 08,Electronics,12.26,20.47,True
696,489,23,1,83.16,83.16,2025-01-13,processing,,Central,83.16,2025-01-13,Beauty Item 07,Beauty,39.32,83.16,True
697,490,11,1,115.23,115.23,2025-01-13,completed,,South,115.23,2025-01-13,Home Item 03,Home,73.04,115.23,True
698,491,42,3,138.05,414.15,2025-01-13,completed,,North,540.03,2025-01-13,Grocery Item 02,Grocery,61.43,138.05,True
699,491,46,1,125.88,125.88,2025-01-13,completed,,North,540.03,2025-01-13,Grocery Item 06,Grocery,73.75,125.88,True
700,492,40,1,202.48,202.48,2025-01-13,completed,,East,428.03,2025-01-13,Fashion Item 08,Fashion,92.66,202.48,True
701,492,30,1,67.9,67.9,2025-01-13,completed,,East,428.03,2025-01-13,Sports Item 06,Sports,46.01,67.9,True
702,492,35,1,157.65,157.65,2025-01-13,completed,,East,428.03,2025-01-13,Fashion Item 03,Fashion,77.82,157.65,True
703,493,21,1,78.32,78.32,2025-01-13,completed,,East,78.32,2025-01-13,Beauty Item 05,Beauty,34.88,78.32,True
704,494,21,1,78.32,78.32,2025-01-13,refunded,,South,78.32,2025-01-13,Beauty Item 05,Beauty,34.88,78.32,False
705,495,8,1,20.47,20.47,2025-01-13,completed,,South,103.63,2025-01-13,Electronics Item 08,Electronics,12.26,20.47,True
706,495,23,1,83.16,83.16,2025-01-13,completed,,South,103.63,2025-01-13,Beauty Item 07,Beauty,39.32,83.16,True
707,496,4,1,72.47,72.47,2025-01-13,completed,,East,72.47,2025-01-13,Electronics Item 04,Electronics,34.44,72.47,True
708,497,8,2,20.47,40.94,2025-01-13,completed,,East,40.94,2025-01-13,Electronics Item 08,Electronics,12.26,20.47,True
709,498,15,1,173.9,173.9,2025-01-13,completed,,North,173.9,2025-01-13,Home Item 07,Home,83.24,173.9,True
710,499,35,1,157.65,157.65,2025-01-13,refunded,,South,157.65,2025-01-13,Fashion Item 03,Fashion,77.82,157.65,False
711,500,28,1,84.15,84.15,2025-01-13,unknown_status,,North,84.15,2025-01-13,Sports Item 04,Sports,39.74,84.15,False
712,501,45,2,31.58,63.16,2025-01-13,completed,,North,201.42,2025-01-13,Grocery Item 05,Grocery,18.68,31.58,True
713,501,44,2,69.13,138.26,2025-01-13,completed,,North,201.42,2025-01-13,Grocery Item 04,Grocery,46.32,69.13,True
714,502,15,1,173.9,173.9,2025-01-13,processing,,Central,173.9,2025-01-13,Home Item 07,Home,83.24,173.9,True
715,503,27,1,24.68,24.68,2025-01-13,completed,,East,45.15,2025-01-13,Sports Item 03,Sports,10.9,24.68,True
716,503,8,1,20.47,20.47,2025-01-13,completed,,East,45.15,2025-01-13,Electronics Item 08,Electronics,12.26,20.47,True
717,504,43,1,24.61,24.61,2025-01-13,processing,,East,82.32,2025-01-13,Grocery Item 03,Grocery,11.56,24.61,True
718,504,3,1,57.71,57.71,2025-01-13,processing,,East,82.32,2025-01-13,Electronics Item 03,Electronics,26.19,57.71,True
719,505,10,1,163.05,163.05,2025-01-13,completed,,East,206.78,2025-01-13,Home Item 02,Home,76.01,163.05,True
720,505,25,1,43.73,43.73,2025-01-13,completed,,East,206.78,2025-01-13,Sports Item 01,Sports,20.88,43.73,True
721,506,30,1,67.9,67.9,2025-01-13,completed,,South,105.64000000000001,2025-01-13,Sports Item 06,Sports,46.01,67.9,True
722,506,18,1,37.74,37.74,2025-01-13,completed,,South,105.64000000000001,2025-01-13,Beauty Item 02,Beauty,18.64,37.74,True
723,507,40,2,202.48,404.96,2025-01-13,completed,,South,404.96,2025-01-13,Fashion Item 08,Fashion,92.66,202.48,True
724,508,8,1,20.47,20.47,2025-01-13,completed,,North,45.08,2025-01-13,Electronics Item 08,Electronics,12.26,20.47,True
725,508,43,1,24.61,24.61,2025-01-13,completed,,North,45.08,2025-01-13,Grocery Item 03,Grocery,11.56,24.61,True
726,509,36,1,53.45,53.45,2025-01-13,completed,,Central,53.45,2025-01-13,Fashion Item 04,Fashion,28.42,53.45,True
727,510,8,1,20.47,20.47,2025-01-13,completed,,East,20.47,2025-01-13,Electronics Item 08,Electronics,12.26,20.47,True
728,511,32,1,12.22,12.22,2025-01-13,completed,,East,73.61,2025-01-13,Sports Item 08,Sports,7.11,12.22,True
729,511,14,1,61.39,61.39,2025-01-13,completed,,East,73.61,2025-01-13,Home Item 06,Home,36.75,61.39,True
730,512,30,2,67.9,135.8,2025-01-13,completed,,South,312.44000000000005,2025-01-13,Sports Item 06,Sports,46.01,67.9,True
731,512,13,1,34.71,34.71,2025-01-13,completed,,South,312.44000000000005,2025-01-13,Home Item 05,Home,15.9,34.71,True
732,512,37,1,141.93,141.93,2025-01-13,completed,,South,312.44000000000005,2025-01-13,Fashion Item 05,Fashion,76.85,141.93,True
733,513,22,1,75.66,75.66,2025-01-13,completed,,Central,182.56,2025-01-13,Beauty Item 06,Beauty,36.14,75.66,True
734,513,36,2,53.45,106.9,2025-01-13,completed,,Central,182.56,2025-01-13,Fashion Item 04,Fashion,28.42,53.45,True
735,514,39,1,124.06,124.06,2025-01-13,completed,,South,124.06,2025-01-13,Fashion Item 07,Fashion,65.04,124.06,True
736,515,28,1,84.15,84.15,2025-01-13,completed,,Central,84.15,2025-01-13,Sports Item 04,Sports,39.74,84.15,True
737,516,21,1,78.32,78.32,2025-01-13,completed,,East,78.32,2025-01-13,Beauty Item 05,Beauty,34.88,78.32,True
738,517,10,1,163.05,163.05,2025-01-13,processing,,South,362.49,2025-01-13,Home Item 02,Home,76.01,163.05,True
739,517,14,1,61.39,61.39,2025-01-13,processing,,South,362.49,2025-01-13,Home Item 06,Home,36.75,61.39,True
740,517,42,1,138.05,138.05,2025-01-13,processing,,South,362.49,2025-01-13,Grocery Item 02,Grocery,61.43,138.05,True
741,518,8,1,20.47,20.47,2025-01-13,completed,,North,20.47,2025-01-13,Electronics Item 08,Electronics,12.26,20.47,True
742,519,44,1,69.13,69.13,2025-01-13,completed,,South,69.13,2025-01-13,Grocery Item 04,Grocery,46.32,69.13,True
743,520,40,2,202.48,404.96,2025-01-13,completed,,South,404.96,2025-01-13,Fashion Item 08,Fashion,92.66,202.48,True
744,521,32,1,12.22,12.22,2025-01-13,completed,,East,12.22,2025-01-13,Sports Item 08,Sports,7.11,12.22,True
745,522,44,1,69.13,69.13,2025-01-13,completed,,Central,69.13,2025-01-13,Grocery Item 04,Grocery,46.32,69.13,True
746,523,23,1,83.16,83.16,2025-01-13,processing,,South,83.16,2025-01-13,Beauty Item 07,Beauty,39.32,83.16,True
747,524,36,3,53.45,160.35,2025-01-13,completed,,South,160.35,2025-01-13,Fashion Item 04,Fashion,28.42,53.45,True
748,525,21,1,78.32,78.32,2025-01-13,completed,,East,78.32,2025-01-13,Beauty Item 05,Beauty,34.88,78.32,True
749,526,23,1,83.16,83.16,2025-01-13,completed,,North,152.29,2025-01-13,Beauty Item 07,Beauty,39.32,83.16,True
750,526,44,1,69.13,69.13,2025-01-13,completed,,North,152.29,2025-01-13,Grocery Item 04,Grocery,46.32,69.13,True
751,527,28,1,84.15,84.15,2025-01-13,completed,,North,127.88,2025-01-13,Sports Item 04,Sports,39.74,84.15,True
752,527,25,1,43.73,43.73,2025-01-13,completed,,North,127.88,2025-01-13,Sports Item 01,Sports,20.88,43.73,True
753,528,44,1,69.13,69.13,2025-01-13,refunded,,East,69.13,2025-01-13,Grocery Item 04,Grocery,46.32,69.13,False
754,529,31,1,19.71,19.71,2025-01-13,completed,,South,19.71,2025-01-13,Sports Item 07,Sports,11.9,19.71,True
755,530,40,1,202.48,202.48,2025-01-13,completed,,South,202.48,2025-01-13,Fashion Item 08,Fashion,92.66,202.48,True
756,531,25,1,43.73,43.73,2025-01-13,processing,,South,43.73,2025-01-13,Sports Item 01,Sports,20.88,43.73,True
757,532,16,1,144.13,144.13,2025-01-14,completed,,Central,144.13,2025-01-14,Home Item 08,Home,93.01,144.13,True
758,533,30,1,67.9,67.9,2025-01-14,processing,,North,67.9,2025-01-14,Sports Item 06,Sports,46.01,67.9,True
759,534,37,1,141.93,141.93,2025-01-14,completed,,Central,141.93,2025-01-14,Fashion Item 05,Fashion,76.85,141.93,True
760,535,21,1,78.32,78.32,2025-01-14,refunded,,South,564.38,2025-01-14,Beauty Item 05,Beauty,34.88,78.32,False
761,535,15,2,173.9,347.8,2025-01-14,refunded,,South,564.38,2025-01-14,Home Item 07,Home,83.24,173.9,False
762,535,44,2,69.13,138.26,2025-01-14,refunded,,South,564.38,2025-01-14,Grocery Item 04,Grocery,46.32,69.13,False
763,536,3,1,57.71,57.71,2025-01-14,completed,,South,141.86,2025-01-14,Electronics Item 03,Electronics,26.19,57.71,True
764,536,28,1,84.15,84.15,2025-01-14,completed,,South,141.86,2025-01-14,Sports Item 04,Sports,39.74,84.15,True
765,537,26,1,124.26,124.26,2025-01-14,completed,,Central,124.26,2025-01-14,Sports Item 02,Sports,72.7,124.26,True
766,538,40,2,202.48,404.96,2025-01-14,refunded,,North,404.96,2025-01-14,Fashion Item 08,Fashion,92.66,202.48,False
767,539,12,1,117.99,117.99,2025-01-14,completed,,East,117.99,2025-01-14,Home Item 04,Home,58.96,117.99,True
768,540,30,3,67.9,203.7,2025-01-14,completed,,South,203.7,2025-01-14,Sports Item 06,Sports,46.01,67.9,True
769,541,6,1,88.2,88.2,2025-01-14,completed,,South,212.26,2025-01-14,Electronics Item 06,Electronics,39.5,88.2,True
770,541,39,1,124.06,124.06,2025-01-14,completed,,South,212.26,2025-01-14,Fashion Item 07,Fashion,65.04,124.06,True
771,542,38,1,81.08,81.08,2025-01-14,cancelled,,East,81.08,2025-01-14,Fashion Item 06,Fashion,44.22,81.08,False
772,543,47,2,21.34,42.68,2025-01-14,processing,,Central,42.68,2025-01-14,Grocery Item 07,Grocery,13.74,21.34,True
773,544,19,1,152.53,152.53,2025-01-14,completed,,South,152.53,2025-01-14,Beauty Item 03,Beauty,83.95,152.53,True
774,545,14,1,61.39,61.39,2025-01-14,completed,,South,61.39,2025-01-14,Home Item 06,Home,36.75,61.39,True
775,546,32,1,12.22,12.22,2025-01-14,completed,,Central,95.38,2025-01-14,Sports Item 08,Sports,7.11,12.22,True
776,546,23,1,83.16,83.16,2025-01-14,completed,,Central,95.38,2025-01-14,Beauty Item 07,Beauty,39.32,83.16,True
777,547,18,1,37.74,37.74,2025-01-14,cancelled,,South,37.74,2025-01-14,Beauty Item 02,Beauty,18.64,37.74,False
778,548,44,1,69.13,69.13,2025-01-14,completed,,North,69.13,2025-01-14,Grocery Item 04,Grocery,46.32,69.13,True
779,549,22,1,75.66,75.66,2025-01-14,completed,,Central,213.71,2025-01-14,Beauty Item 06,Beauty,36.14,75.66,True
780,549,42,1,138.05,138.05,2025-01-14,completed,,Central,213.71,2025-01-14,Grocery Item 02,Grocery,61.43,138.05,True
781,550,36,1,53.45,53.45,2025-01-14,completed,,East,53.45,2025-01-14,Fashion Item 04,Fashion,28.42,53.45,True
782,551,36,1,53.45,53.45,2025-01-14,processing,,South,317.32,2025-01-14,Fashion Item 04,Fashion,28.42,53.45,True
783,551,40,1,202.48,202.48,2025-01-14,processing,,South,317.32,2025-01-14,Fashion Item 08,Fashion,92.66,202.48,True
784,551,14,1,61.39,61.39,2025-01-14,processing,,South,317.32,2025-01-14,Home Item 06,Home,36.75,61.39,True
785,552,8,1,20.47,20.47,2025-01-14,completed,,South,73.92,2025-01-14,Electronics Item 08,Electronics,12.26,20.47,True
786,552,36,1,53.45,53.45,2025-01-14,completed,,South,73.92,2025-01-14,Fashion Item 04,Fashion,28.42,53.45,True
787,553,47,2,21.34,42.68,2025-01-14,completed,,South,67.28999999999999,2025-01-14,Grocery Item 07,Grocery,13.74,21.34,True
788,553,43,1,24.61,24.61,2025-01-14,completed,,South,67.28999999999999,2025-01-14,Grocery Item 03,Grocery,11.56,24.61,True
789,554,40,1,202.48,202.48,2025-01-14,completed,,Central,400.83,2025-01-14,Fashion Item 08,Fashion,92.66,202.48,True
790,554,46,1,125.88,125.88,2025-01-14,completed,,Central,400.83,2025-01-14,Grocery Item 06,Grocery,73.75,125.88,True
791,554,4,1,72.47,72.47,2025-01-14,completed,,Central,400.83,2025-01-14,Electronics Item 04,Electronics,34.44,72.47,True
792,555,21,1,78.32,78.32,2025-01-14,completed,,East,98.03,2025-01-14,Beauty Item 05,Beauty,34.88,78.32,True
793,555,31,1,19.71,19.71,2025-01-14,completed,,East,98.03,2025-01-14,Sports Item 07,Sports,11.9,19.71,True
794,556,25,2,43.73,87.46,2025-01-14,completed,,East,245.11,2025-01-14,Sports Item 01,Sports,20.88,43.73,True
795,556,35,1,157.65,157.65,2025-01-14,completed,,East,245.11,2025-01-14,Fashion Item 03,Fashion,77.82,157.65,True
796,557,1,1,114.06,114.06,2025-01-14,completed,,Central,123.26,2025-01-14,Electronics Item 01,Electronics,75.52,114.06,True
797,557,29,1,9.2,9.2,2025-01-14,completed,,Central,123.26,2025-01-14,Sports Item 05,Sports,4.26,9.2,True
798,558,6,1,88.2,88.2,2025-01-14,completed,,North,347.9,2025-01-14,Electronics Item 06,Electronics,39.5,88.2,True
799,558,45,1,31.58,31.58,2025-01-14,completed,,North,347.9,2025-01-14,Grocery Item 05,Grocery,18.68,31.58,True
800,558,1,2,114.06,228.12,2025-01-14,completed,,North,347.9,2025-01-14,Electronics Item 01,Electronics,75.52,114.06,True
801,559,14,1,61.39,61.39,2025-01-14,completed,,East,61.39,2025-01-14,Home Item 06,Home,36.75,61.39,True
802,560,47,1,21.34,21.34,2025-01-14,completed,,South,136.76,2025-01-14,Grocery Item 07,Grocery,13.74,21.34,True
803,560,3,2,57.71,115.42,2025-01-14,completed,,South,136.76,2025-01-14,Electronics Item 03,Electronics,26.19,57.71,True
804,561,42,1,138.05,138.05,2025-01-14,completed,,North,306.35,2025-01-14,Grocery Item 02,Grocery,61.43,138.05,True
805,561,28,2,84.15,168.3,2025-01-14,completed,,North,306.35,2025-01-14,Sports Item 04,Sports,39.74,84.15,True
806,562,20,1,42.3,42.3,2025-01-14,completed,,Central,42.3,2025-01-14,Beauty Item 04,Beauty,18.73,42.3,True
807,563,35,1,157.65,157.65,2025-01-14,completed,,North,198.59,2025-01-14,Fashion Item 03,Fashion,77.82,157.65,True
808,563,8,2,20.47,40.94,2025-01-14,completed,,North,198.59,2025-01-14,Electronics Item 08,Electronics,12.26,20.47,True
809,564,21,2,78.32,156.64,2025-01-14,completed,,East,340.23,2025-01-14,Beauty Item 05,Beauty,34.88,78.32,True
810,564,3,1,57.71,57.71,2025-01-14,completed,,East,340.23,2025-01-14,Electronics Item 03,Electronics,26.19,57.71,True
811,564,46,1,125.88,125.88,2025-01-14,completed,,East,340.23,2025-01-14,Grocery Item 06,Grocery,73.75,125.88,True
812,565,47,1,21.34,21.34,2025-01-14,completed,,East,21.34,2025-01-14,Grocery Item 07,Grocery,13.74,21.34,True
813,566,32,1,12.22,12.22,2025-01-14,completed,,North,12.22,2025-01-14,Sports Item 08,Sports,7.11,12.22,True
814,567,3,1,57.71,57.71,2025-01-14,completed,,Central,57.71,2025-01-14,Electronics Item 03,Electronics,26.19,57.71,True
815,568,40,1,202.48,202.48,2025-01-14,completed,,North,202.48,2025-01-14,Fashion Item 08,Fashion,92.66,202.48,True
816,569,28,1,84.15,84.15,2025-01-14,completed,,South,387.9,2025-01-14,Sports Item 04,Sports,39.74,84.15,True
817,569,17,3,101.25,303.75,2025-01-14,completed,,South,387.9,2025-01-14,Beauty Item 01,Beauty,68.35,101.25,True
818,570,31,2,19.71,39.42,2025-01-14,completed,,North,81.72,2025-01-14,Sports Item 07,Sports,11.9,19.71,True
819,570,20,1,42.3,42.3,2025-01-14,completed,,North,81.72,2025-01-14,Beauty Item 04,Beauty,18.73,42.3,True
820,571,4,1,72.47,72.47,2025-01-14,completed,,East,72.47,2025-01-14,Electronics Item 04,Electronics,34.44,72.47,True
821,572,44,1,69.13,69.13,2025-01-14,processing,,North,245.53,2025-01-14,Grocery Item 04,Grocery,46.32,69.13,True
822,572,6,2,88.2,176.4,2025-01-14,processing,,North,245.53,2025-01-14,Electronics Item 06,Electronics,39.5,88.2,True
823,573,29,1,9.2,9.2,2025-01-14,completed,,South,9.2,2025-01-14,Sports Item 05,Sports,4.26,9.2,True
824,574,26,2,124.26,248.52,2025-01-15,completed,,East,422.42,2025-01-15,Sports Item 02,Sports,72.7,124.26,True
825,574,15,1,173.9,173.9,2025-01-15,completed,,East,422.42,2025-01-15,Home Item 07,Home,83.24,173.9,True
826,575,47,1,21.34,21.34,2025-01-15,completed,,Central,21.34,2025-01-15,Grocery Item 07,Grocery,13.74,21.34,True
827,576,35,1,157.65,157.65,2025-01-15,completed,,North,157.65,2025-01-15,Fashion Item 03,Fashion,77.82,157.65,True
828,577,42,1,138.05,138.05,2025-01-15,completed,,South,199.20000000000002,2025-01-15,Grocery Item 02,Grocery,61.43,138.05,True
829,577,5,1,61.15,61.15,2025-01-15,completed,,South,199.20000000000002,2025-01-15,Electronics Item 05,Electronics,33.0,61.15,True
830,578,14,1,61.39,61.39,2025-01-15,completed,,East,61.39,2025-01-15,Home Item 06,Home,36.75,61.39,True
831,579,23,1,83.16,83.16,2025-01-15,completed,,North,83.16,2025-01-15,Beauty Item 07,Beauty,39.32,83.16,True
832,580,33,1,171.28,171.28,2025-01-15,completed,,Central,171.28,2025-01-15,Fashion Item 01,Fashion,77.9,171.28,True
833,581,46,1,125.88,125.88,2025-01-15,completed,,North,125.88,2025-01-15,Grocery Item 06,Grocery,73.75,125.88,True
834,582,1,1,114.06,114.06,2025-01-15,completed,,South,285.34000000000003,2025-01-15,Electronics Item 01,Electronics,75.52,114.06,True
835,582,33,1,171.28,171.28,2025-01-15,completed,,South,285.34000000000003,2025-01-15,Fashion Item 01,Fashion,77.9,171.28,True
836,583,8,2,20.47,40.94,2025-01-15,cancelled,,East,40.94,2025-01-15,Electronics Item 08,Electronics,12.26,20.47,False
837,584,21,1,78.32,78.32,2025-01-15,completed,,Central,78.32,2025-01-15,Beauty Item 05,Beauty,34.88,78.32,True
838,585,13,1,34.71,34.71,2025-01-15,completed,,South,34.71,2025-01-15,Home Item 05,Home,15.9,34.71,True
839,586,33,2,171.28,342.56,2025-01-15,completed,,East,517.66,2025-01-15,Fashion Item 01,Fashion,77.9,171.28,True
840,586,43,2,24.61,49.22,2025-01-15,completed,,East,517.66,2025-01-15,Grocery Item 03,Grocery,11.56,24.61,True
841,586,46,1,125.88,125.88,2025-01-15,completed,,East,517.66,2025-01-15,Grocery Item 06,Grocery,73.75,125.88,True
842,587,15,1,173.9,173.9,2025-01-15,completed,,Central,173.9,2025-01-15,Home Item 07,Home,83.24,173.9,True
843,588,47,1,21.34,21.34,2025-01-15,completed,,North,21.34,2025-01-15,Grocery Item 07,Grocery,13.74,21.34,True
844,589,26,1,124.26,124.26,2025-01-15,completed,,Central,155.84,2025-01-15,Sports Item 02,Sports,72.7,124.26,True
845,589,45,1,31.58,31.58,2025-01-15,completed,,Central,155.84,2025-01-15,Grocery Item 05,Grocery,18.68,31.58,True
846,590,8,1,20.47,20.47,2025-01-15,completed,,South,20.47,2025-01-15,Electronics Item 08,Electronics,12.26,20.47,True
847,591,47,1,21.34,21.34,2025-01-15,completed,,Central,21.34,2025-01-15,Grocery Item 07,Grocery,13.74,21.34,True
848,592,22,2,75.66,151.32,2025-01-15,completed,,East,151.32,2025-01-15,Beauty Item 06,Beauty,36.14,75.66,True
849,593,28,2,84.15,168.3,2025-01-15,completed,,North,168.3,2025-01-15,Sports Item 04,Sports,39.74,84.15,True
850,594,30,1,67.9,67.9,2025-01-15,completed,,East,67.9,2025-01-15,Sports Item 06,Sports,46.01,67.9,True
851,595,28,1,84.15,84.15,2025-01-15,completed,,North,84.15,2025-01-15,Sports Item 04,Sports,39.74,84.15,True
852,596,32,1,12.22,12.22,2025-01-15,completed,,Central,12.22,2025-01-15,Sports Item 08,Sports,7.11,12.22,True
853,597,14,2,61.39,122.78,2025-01-15,completed,,Central,122.78,2025-01-15,Home Item 06,Home,36.75,61.39,True
854,598,35,1,157.65,157.65,2025-01-15,completed,,South,241.8,2025-01-15,Fashion Item 03,Fashion,77.82,157.65,True
855,598,28,1,84.15,84.15,2025-01-15,completed,,South,241.8,2025-01-15,Sports Item 04,Sports,39.74,84.15,True
856,599,3,1,57.71,57.71,2025-01-15,cancelled,,South,161.57000000000002,2025-01-15,Electronics Item 03,Electronics,26.19,57.71,False
857,599,28,1,84.15,84.15,2025-01-15,cancelled,,South,161.57000000000002,2025-01-15,Sports Item 04,Sports,39.74,84.15,False
858,599,31,1,19.71,19.71,2025-01-15,cancelled,,South,161.57000000000002,2025-01-15,Sports Item 07,Sports,11.9,19.71,False
859,600,36,1,53.45,53.45,2025-01-15,refunded,,North,53.45,2025-01-15,Fashion Item 04,Fashion,28.42,53.45,False
860,601,39,1,124.06,124.06,2025-01-15,completed,,East,124.06,2025-01-15,Fashion Item 07,Fashion,65.04,124.06,True
861,602,15,3,173.9,521.7,2025-01-15,completed,,North,521.7,2025-01-15,Home Item 07,Home,83.24,173.9,True
862,603,23,1,83.16,83.16,2025-01-15,completed,,North,83.16,2025-01-15,Beauty Item 07,Beauty,39.32,83.16,True
863,604,21,1,78.32,78.32,2025-01-15,completed,,South,78.32,2025-01-15,Beauty Item 05,Beauty,34.88,78.32,True
864,605,14,2,61.39,122.78,2025-01-15,processing,,East,122.78,2025-01-15,Home Item 06,Home,36.75,61.39,True
865,606,10,1,163.05,163.05,2025-01-15,completed,,South,163.05,2025-01-15,Home Item 02,Home,76.01,163.05,True
866,607,33,1,171.28,171.28,2025-01-15,completed,,South,171.28,2025-01-15,Fashion Item 01,Fashion,77.9,171.28,True
867,608,4,1,72.47,72.47,2025-01-15,completed,,Central,72.47,2025-01-15,Electronics Item 04,Electronics,34.44,72.47,True
868,609,27,1,24.68,24.68,2025-01-15,completed,,Central,24.68,2025-01-15,Sports Item 03,Sports,10.9,24.68,True
869,610,43,1,24.61,24.61,2025-01-15,processing,,Central,24.61,2025-01-15,Grocery Item 03,Grocery,11.56,24.61,True
870,611,44,1,69.13,69.13,2025-01-15,completed,,Central,69.13,2025-01-15,Grocery Item 04,Grocery,46.32,69.13,True
871,612,14,1,61.39,61.39,2025-01-15,completed,,Central,213.92000000000002,2025-01-15,Home Item 06,Home,36.75,61.39,True
872,612,19,1,152.53,152.53,2025-01-15,completed,,Central,213.92000000000002,2025-01-15,Beauty Item 03,Beauty,83.95,152.53,True
873,613,34,1,43.74,43.74,2025-01-15,completed,,East,43.74,2025-01-15,Fashion Item 02,Fashion,22.77,43.74,True
874,614,34,1,43.74,43.74,2025-01-15,completed,,East,168.0,2025-01-15,Fashion Item 02,Fashion,22.77,43.74,True
875,614,26,1,124.26,124.26,2025-01-15,completed,,East,168.0,2025-01-15,Sports Item 02,Sports,72.7,124.26,True
876,615,32,1,12.22,12.22,2025-01-15,completed,,South,12.22,2025-01-15,Sports Item 08,Sports,7.11,12.22,True
877,616,44,1,69.13,69.13,2025-01-15,completed,,East,69.13,2025-01-15,Grocery Item 04,Grocery,46.32,69.13,True
878,617,43,1,24.61,24.61,2025-01-15,completed,,North,24.61,2025-01-15,Grocery Item 03,Grocery,11.56,24.61,True
879,618,36,1,53.45,53.45,2025-01-15,completed,,North,53.45,2025-01-15,Fashion Item 04,Fashion,28.42,53.45,True
880,619,47,1,21.34,21.34,2025-01-15,completed,,North,21.34,2025-01-15,Grocery Item 07,Grocery,13.74,21.34,True
881,620,13,1,34.71,34.71,2025-01-16,completed,,North,34.71,2025-01-16,Home Item 05,Home,15.9,34.71,True
882,621,30,2,67.9,135.8,2025-01-16,completed,,South,193.51000000000002,2025-01-16,Sports Item 06,Sports,46.01,67.9,True
883,621,3,1,57.71,57.71,2025-01-16,completed,,South,193.51000000000002,2025-01-16,Electronics Item 03,Electronics,26.19,57.71,True
884,622,18,2,37.74,75.48,2025-01-16,completed,,North,75.48,2025-01-16,Beauty Item 02,Beauty,18.64,37.74,True
885,623,13,1,34.71,34.71,2025-01-16,completed,,South,34.71,2025-01-16,Home Item 05,Home,15.9,34.71,True
886,624,13,1,34.71,34.71,2025-01-16,completed,,South,78.44,2025-01-16,Home Item 05,Home,15.9,34.71,True
887,624,25,1,43.73,43.73,2025-01-16,completed,,South,78.44,2025-01-16,Sports Item 01,Sports,20.88,43.73,True
888,625,43,1,24.61,24.61,2025-01-16,completed,,North,24.61,2025-01-16,Grocery Item 03,Grocery,11.56,24.61,True
889,626,22,1,75.66,75.66,2025-01-16,completed,,East,222.88,2025-01-16,Beauty Item 06,Beauty,36.14,75.66,True
890,626,46,1,125.88,125.88,2025-01-16,completed,,East,222.88,2025-01-16,Grocery Item 06,Grocery,73.75,125.88,True
891,626,47,1,21.34,21.34,2025-01-16,completed,,East,222.88,2025-01-16,Grocery Item 07,Grocery,13.74,21.34,True
892,627,8,1,20.47,20.47,2025-01-16,completed,,East,20.47,2025-01-16,Electronics Item 08,Electronics,12.26,20.47,True
893,628,47,2,21.34,42.68,2025-01-16,completed,,Central,42.68,2025-01-16,Grocery Item 07,Grocery,13.74,21.34,True
894,629,30,2,67.9,135.8,2025-01-16,completed,,Central,135.8,2025-01-16,Sports Item 06,Sports,46.01,67.9,True
895,630,42,2,138.05,276.1,2025-01-16,refunded,,East,276.1,2025-01-16,Grocery Item 02,Grocery,61.43,138.05,False
896,631,8,1,20.47,20.47,2025-01-16,refunded,,East,20.47,2025-01-16,Electronics Item 08,Electronics,12.26,20.47,False
897,632,29,2,9.2,18.4,2025-01-16,completed,,Central,49.98,2025-01-16,Sports Item 05,Sports,4.26,9.2,True
898,632,45,1,31.58,31.58,2025-01-16,completed,,Central,49.98,2025-01-16,Grocery Item 05,Grocery,18.68,31.58,True
899,633,43,1,24.61,24.61,2025-01-16,completed,,Central,78.06,2025-01-16,Grocery Item 03,Grocery,11.56,24.61,True
900,633,36,1,53.45,53.45,2025-01-16,completed,,Central,78.06,2025-01-16,Fashion Item 04,Fashion,28.42,53.45,True
901,634,26,1,124.26,124.26,2025-01-16,completed,,Central,124.26,2025-01-16,Sports Item 02,Sports,72.7,124.26,True
902,635,8,1,20.47,20.47,2025-01-16,completed,,East,20.47,2025-01-16,Electronics Item 08,Electronics,12.26,20.47,True
903,636,14,1,61.39,61.39,2025-01-16,completed,,East,61.39,2025-01-16,Home Item 06,Home,36.75,61.39,True
904,637,12,1,117.99,117.99,2025-01-16,completed,,East,117.99,2025-01-16,Home Item 04,Home,58.96,117.99,True
905,638,31,1,19.71,19.71,2025-01-16,completed,,East,79.4,2025-01-16,Sports Item 07,Sports,11.9,19.71,True
906,638,9,1,59.69,59.69,2025-01-16,completed,,East,79.4,2025-01-16,Home Item 01,Home,38.0,59.69,True
907,639,15,1,173.9,173.9,2025-01-16,completed,,East,173.9,2025-01-16,Home Item 07,Home,83.24,173.9,True
908,640,25,1,43.73,43.73,2025-01-16,completed,,South,43.73,2025-01-16,Sports Item 01,Sports,20.88,43.73,True
909,641,47,1,21.34,21.34,2025-01-16,completed,,South,97.0,2025-01-16,Grocery Item 07,Grocery,13.74,21.34,True
910,641,22,1,75.66,75.66,2025-01-16,completed,,South,97.0,2025-01-16,Beauty Item 06,Beauty,36.14,75.66,True
911,642,32,2,12.22,24.44,2025-01-16,completed,,South,49.05,2025-01-16,Sports Item 08,Sports,7.11,12.22,True
912,642,43,1,24.61,24.61,2025-01-16,completed,,South,49.05,2025-01-16,Grocery Item 03,Grocery,11.56,24.61,True
913,643,8,1,20.47,20.47,2025-01-16,completed,,South,20.47,2025-01-16,Electronics Item 08,Electronics,12.26,20.47,True
914,644,48,1,101.03,101.03,2025-01-16,completed,,North,101.03,2025-01-16,,Grocery,44.45,101.03,True
915,645,20,1,42.3,42.3,2025-01-16,completed,,Central,42.3,2025-01-16,Beauty Item 04,Beauty,18.73,42.3,True
916,646,21,1,78.32,78.32,2025-01-16,refunded,,North,78.32,2025-01-16,Beauty Item 05,Beauty,34.88,78.32,False
917,647,13,1,34.71,34.71,2025-01-16,completed,,East,34.71,2025-01-16,Home Item 05,Home,15.9,34.71,True
918,648,3,1,57.71,57.71,2025-01-16,completed,,Central,57.71,2025-01-16,Electronics Item 03,Electronics,26.19,57.71,True
919,649,13,1,34.71,34.71,2025-01-16,completed,,North,237.19,2025-01-16,Home Item 05,Home,15.9,34.71,True
920,649,40,1,202.48,202.48,2025-01-16,completed,,North,237.19,2025-01-16,Fashion Item 08,Fashion,92.66,202.48,True
921,650,10,1,163.05,163.05,2025-01-16,completed,,North,163.05,2025-01-16,Home Item 02,Home,76.01,163.05,True
922,651,35,1,157.65,157.65,2025-01-16,processing,,Central,206.87,2025-01-16,Fashion Item 03,Fashion,77.82,157.65,True
923,651,43,2,24.61,49.22,2025-01-16,processing,,Central,206.87,2025-01-16,Grocery Item 03,Grocery,11.56,24.61,True
924,652,18,2,37.74,75.48,2025-01-16,completed,,Central,75.48,2025-01-16,Beauty Item 02,Beauty,18.64,37.74,True
925,653,3,1,57.71,57.71,2025-01-16,completed,,East,89.28999999999999,2025-01-16,Electronics Item 03,Electronics,26.19,57.71,True
926,653,45,1,31.58,31.58,2025-01-16,completed,,East,89.28999999999999,2025-01-16,Grocery Item 05,Grocery,18.68,31.58,True
927,654,44,1,69.13,69.13,2025-01-16,completed,,South,69.13,2025-01-16,Grocery Item 04,Grocery,46.32,69.13,True
928,655,44,2,69.13,138.26,2025-01-16,completed,,East,138.26,2025-01-16,Grocery Item 04,Grocery,46.32,69.13,True
929,656,19,1,152.53,152.53,2025-01-16,completed,,East,152.53,2025-01-16,Beauty Item 03,Beauty,83.95,152.53,True
930,657,43,1,24.61,24.61,2025-01-16,completed,,Central,24.61,2025-01-16,Grocery Item 03,Grocery,11.56,24.61,True
931,658,2,1,100.26,100.26,2025-01-16,completed,,North,100.26,2025-01-16,Electronics Item 02,Electronics,54.16,100.26,True
932,659,30,1,67.9,67.9,2025-01-17,completed,,South,137.03,2025-01-17,Sports Item 06,Sports,46.01,67.9,True
933,659,44,1,69.13,69.13,2025-01-17,completed,,South,137.03,2025-01-17,Grocery Item 04,Grocery,46.32,69.13,True
934,660,8,3,20.47,61.41,2025-01-17,completed,,Central,110.96,2025-01-17,Electronics Item 08,Electronics,12.26,20.47,True
935,660,41,1,49.55,49.55,2025-01-17,completed,,Central,110.96,2025-01-17,Grocery Item 01,Grocery,22.88,49.55,True
936,661,28,2,84.15,168.3,2025-01-17,completed,,South,168.3,2025-01-17,Sports Item 04,Sports,39.74,84.15,True
937,662,28,1,84.15,84.15,2025-01-17,completed,,South,84.15,2025-01-17,Sports Item 04,Sports,39.74,84.15,True
938,663,45,1,31.58,31.58,2025-01-17,completed,,South,85.03,2025-01-17,Grocery Item 05,Grocery,18.68,31.58,True
939,663,36,1,53.45,53.45,2025-01-17,completed,,South,85.03,2025-01-17,Fashion Item 04,Fashion,28.42,53.45,True
940,664,8,1,20.47,20.47,2025-01-17,completed,,East,20.47,2025-01-17,Electronics Item 08,Electronics,12.26,20.47,True
941,665,47,1,21.34,21.34,2025-01-17,completed,,East,21.34,2025-01-17,Grocery Item 07,Grocery,13.74,21.34,True
942,666,14,2,61.39,122.78,2025-01-17,completed,,North,245.07999999999998,2025-01-17,Home Item 06,Home,36.75,61.39,True
943,666,5,2,61.15,122.3,2025-01-17,completed,,North,245.07999999999998,2025-01-17,Electronics Item 05,Electronics,33.0,61.15,True
944,667,19,1,152.53,152.53,2025-01-17,processing,,Central,152.53,2025-01-17,Beauty Item 03,Beauty,83.95,152.53,True
945,668,17,2,101.25,202.5,2025-01-17,completed,,Central,274.36,2025-01-17,Beauty Item 01,Beauty,68.35,101.25,True
946,668,24,1,29.56,29.56,2025-01-17,completed,,Central,274.36,2025-01-17,Beauty Item 08,Beauty,14.55,29.56,True
947,668,20,1,42.3,42.3,2025-01-17,completed,,Central,274.36,2025-01-17,Beauty Item 04,Beauty,18.73,42.3,True
948,669,14,1,61.39,61.39,2025-01-17,completed,,North,145.54000000000002,2025-01-17,Home Item 06,Home,36.75,61.39,True
949,669,28,1,84.15,84.15,2025-01-17,completed,,North,145.54000000000002,2025-01-17,Sports Item 04,Sports,39.74,84.15,True
950,670,2,1,100.26,100.26,2025-01-17,completed,,East,178.57999999999998,2025-01-17,Electronics Item 02,Electronics,54.16,100.26,True
951,670,21,1,78.32,78.32,2025-01-17,completed,,East,178.57999999999998,2025-01-17,Beauty Item 05,Beauty,34.88,78.32,True
952,671,14,1,61.39,61.39,2025-01-17,cancelled,,East,61.39,2025-01-17,Home Item 06,Home,36.75,61.39,False
953,672,32,1,12.22,12.22,2025-01-17,completed,,South,12.22,2025-01-17,Sports Item 08,Sports,7.11,12.22,True
954,673,36,1,53.45,53.45,2025-01-17,completed,,East,95.75,2025-01-17,Fashion Item 04,Fashion,28.42,53.45,True
955,673,20,1,42.3,42.3,2025-01-17,completed,,East,95.75,2025-01-17,Beauty Item 04,Beauty,18.73,42.3,True
956,674,47,1,21.34,21.34,2025-01-17,completed,,South,21.34,2025-01-17,Grocery Item 07,Grocery,13.74,21.34,True
957,675,36,2,53.45,106.9,2025-01-17,refunded,,Central,106.9,2025-01-17,Fashion Item 04,Fashion,28.42,53.45,False
958,676,33,1,171.28,171.28,2025-01-17,processing,,Central,171.28,2025-01-17,Fashion Item 01,Fashion,77.9,171.28,True
959,677,35,1,157.65,157.65,2025-01-17,processing,,East,157.65,2025-01-17,Fashion Item 03,Fashion,77.82,157.65,True
960,678,46,2,125.88,251.76,2025-01-17,completed,,South,251.76,2025-01-17,Grocery Item 06,Grocery,73.75,125.88,True
961,679,3,1,57.71,57.71,2025-01-17,completed,,South,265.09999999999997,2025-01-17,Electronics Item 03,Electronics,26.19,57.71,True
962,679,44,3,69.13,207.39,2025-01-17,completed,,South,265.09999999999997,2025-01-17,Grocery Item 04,Grocery,46.32,69.13,True
963,680,28,1,84.15,84.15,2025-01-17,completed,,East,84.15,2025-01-17,Sports Item 04,Sports,39.74,84.15,True
964,681,21,1,78.32,78.32,2025-01-17,completed,,East,182.94,2025-01-17,Beauty Item 05,Beauty,34.88,78.32,True
965,681,8,1,20.47,20.47,2025-01-17,completed,,East,182.94,2025-01-17,Electronics Item 08,Electronics,12.26,20.47,True
966,681,28,1,84.15,84.15,2025-01-17,completed,,East,182.94,2025-01-17,Sports Item 04,Sports,39.74,84.15,True
967,682,32,3,12.22,36.66,2025-01-17,completed,,North,36.66,2025-01-17,Sports Item 08,Sports,7.11,12.22,True
968,683,8,1,20.47,20.47,2025-01-17,completed,,East,20.47,2025-01-17,Electronics Item 08,Electronics,12.26,20.47,True
969,684,30,1,67.9,67.9,2025-01-17,completed,,East,137.03,2025-01-17,Sports Item 06,Sports,46.01,67.9,True
970,684,44,1,69.13,69.13,2025-01-17,completed,,East,137.03,2025-01-17,Grocery Item 04,Grocery,46.32,69.13,True
971,685,32,2,12.22,24.44,2025-01-17,completed,,North,24.44,2025-01-17,Sports Item 08,Sports,7.11,12.22,True
972,686,37,1,141.93,141.93,2025-01-17,completed,,South,141.93,2025-01-17,Fashion Item 05,Fashion,76.85,141.93,True
973,687,28,2,84.15,168.3,2025-01-17,completed,,East,168.3,2025-01-17,Sports Item 04,Sports,39.74,84.15,True
974,688,46,1,125.88,125.88,2025-01-17,completed,,East,125.88,2025-01-17,Grocery Item 06,Grocery,73.75,125.88,True
975,689,25,1,43.73,43.73,2025-01-17,completed,,North,43.73,2025-01-17,Sports Item 01,Sports,20.88,43.73,True
976,690,12,1,117.99,117.99,2025-01-17,completed,,South,117.99,2025-01-17,Home Item 04,Home,58.96,117.99,True
977,691,23,1,83.16,83.16,2025-01-17,completed,,Central,83.16,2025-01-17,Beauty Item 07,Beauty,39.32,83.16,True
978,692,23,2,83.16,166.32,2025-01-17,completed,,Central,166.32,2025-01-17,Beauty Item 07,Beauty,39.32,83.16,True
979,693,44,1,69.13,69.13,2025-01-17,completed,,South,69.13,2025-01-17,Grocery Item 04,Grocery,46.32,69.13,True
980,694,45,1,31.58,31.58,2025-01-17,completed,,North,100.71,2025-01-17,Grocery Item 05,Grocery,18.68,31.58,True
981,694,44,1,69.13,69.13,2025-01-17,completed,,North,100.71,2025-01-17,Grocery Item 04,Grocery,46.32,69.13,True
982,695,44,1,69.13,69.13,2025-01-17,completed,,Central,69.13,2025-01-17,Grocery Item 04,Grocery,46.32,69.13,True
983,696,43,1,24.61,24.61,2025-01-17,processing,,South,24.61,2025-01-17,Grocery Item 03,Grocery,11.56,24.61,True
984,697,21,1,78.32,78.32,2025-01-17,completed,,South,222.87,2025-01-17,Beauty Item 05,Beauty,34.88,78.32,True
985,697,14,1,61.39,61.39,2025-01-17,completed,,South,222.87,2025-01-17,Home Item 06,Home,36.75,61.39,True
986,697,23,1,83.16,83.16,2025-01-17,completed,,South,222.87,2025-01-17,Beauty Item 07,Beauty,39.32,83.16,True
987,698,42,1,138.05,138.05,2025-01-17,completed,,North,340.11,2025-01-17,Grocery Item 02,Grocery,61.43,138.05,True
988,698,48,2,101.03,202.06,2025-01-17,completed,,North,340.11,2025-01-17,,Grocery,44.45,101.03,True
989,699,35,2,157.65,315.3,2025-01-17,completed,,East,575.47,2025-01-17,Fashion Item 03,Fashion,77.82,157.65,True
990,699,4,2,72.47,144.94,2025-01-17,completed,,East,575.47,2025-01-17,Electronics Item 04,Electronics,34.44,72.47,True
991,699,11,1,115.23,115.23,2025-01-17,completed,,East,575.47,2025-01-17,Home Item 03,Home,73.04,115.23,True
992,700,17,2,101.25,202.5,2025-01-18,processing,,South,202.5,2025-01-18,Beauty Item 01,Beauty,68.35,101.25,True
993,701,44,1,69.13,69.13,2025-01-18,completed,,North,271.61,2025-01-18,Grocery Item 04,Grocery,46.32,69.13,True
994,701,40,1,202.48,202.48,2025-01-18,completed,,North,271.61,2025-01-18,Fashion Item 08,Fashion,92.66,202.48,True
995,702,32,1,12.22,12.22,2025-01-18,completed,,South,12.22,2025-01-18,Sports Item 08,Sports,7.11,12.22,True
996,703,15,2,173.9,347.8,2025-01-18,processing,,South,505.45000000000005,2025-01-18,Home Item 07,Home,83.24,173.9,True
997,703,35,1,157.65,157.65,2025-01-18,processing,,South,505.45000000000005,2025-01-18,Fashion Item 03,Fashion,77.82,157.65,True
998,704,47,1,21.34,21.34,2025-01-18,cancelled,,North,21.34,2025-01-18,Grocery Item 07,Grocery,13.74,21.34,False
999,705,32,2,12.22,24.44,2025-01-18,completed,,North,24.44,2025-01-18,Sports Item 08,Sports,7.11,12.22,True
1000,706,12,1,117.99,117.99,2025-01-18,completed,,South,117.99,2025-01-18,Home Item 04,Home,58.96,117.99,True
1001,707,2,1,100.26,100.26,2025-01-18,completed,,East,321.02,2025-01-18,Electronics Item 02,Electronics,54.16,100.26,True
1002,707,10,1,163.05,163.05,2025-01-18,completed,,East,321.02,2025-01-18,Home Item 02,Home,76.01,163.05,True
1003,707,3,1,57.71,57.71,2025-01-18,completed,,East,321.02,2025-01-18,Electronics Item 03,Electronics,26.19,57.71,True
1004,708,6,1,88.2,88.2,2025-01-18,processing,,North,88.2,2025-01-18,Electronics Item 06,Electronics,39.5,88.2,True
1005,709,39,1,124.06,124.06,2025-01-18,completed,,Central,124.06,2025-01-18,Fashion Item 07,Fashion,65.04,124.06,True
1006,710,14,1,61.39,61.39,2025-01-18,processing,,Central,61.39,2025-01-18,Home Item 06,Home,36.75,61.39,True
1007,711,32,1,12.22,12.22,2025-01-18,completed,,South,12.22,2025-01-18,Sports Item 08,Sports,7.11,12.22,True
1008,712,25,1,43.73,43.73,2025-01-18,completed,,East,43.73,2025-01-18,Sports Item 01,Sports,20.88,43.73,True
1009,713,36,2,53.45,106.9,2025-01-18,completed,,North,106.9,2025-01-18,Fashion Item 04,Fashion,28.42,53.45,True
1010,714,2,1,100.26,100.26,2025-01-18,refunded,,Central,100.26,2025-01-18,Electronics Item 02,Electronics,54.16,100.26,False
1011,715,19,1,152.53,152.53,2025-01-18,completed,,East,152.53,2025-01-18,Beauty Item 03,Beauty,83.95,152.53,True
1012,716,47,3,21.34,64.02,2025-01-18,completed,,North,350.65,2025-01-18,Grocery Item 07,Grocery,13.74,21.34,True
1013,716,28,1,84.15,84.15,2025-01-18,completed,,North,350.65,2025-01-18,Sports Item 04,Sports,39.74,84.15,True
1014,716,40,1,202.48,202.48,2025-01-18,completed,,North,350.65,2025-01-18,Fashion Item 08,Fashion,92.66,202.48,True
1015,717,26,1,124.26,124.26,2025-01-18,completed,,South,394.95,2025-01-18,Sports Item 02,Sports,72.7,124.26,True
1016,717,12,2,117.99,235.98,2025-01-18,completed,,South,394.95,2025-01-18,Home Item 04,Home,58.96,117.99,True
1017,717,13,1,34.71,34.71,2025-01-18,completed,,South,394.95,2025-01-18,Home Item 05,Home,15.9,34.71,True
1018,718,47,1,21.34,21.34,2025-01-18,completed,,North,21.34,2025-01-18,Grocery Item 07,Grocery,13.74,21.34,True
1019,719,10,1,163.05,163.05,2025-01-18,completed,,Central,163.05,2025-01-18,Home Item 02,Home,76.01,163.05,True
1020,720,40,1,202.48,202.48,2025-01-18,completed,,North,315.51,2025-01-18,Fashion Item 08,Fashion,92.66,202.48,True
1021,720,21,1,78.32,78.32,2025-01-18,completed,,North,315.51,2025-01-18,Beauty Item 05,Beauty,34.88,78.32,True
1022,720,13,1,34.71,34.71,2025-01-18,completed,,North,315.51,2025-01-18,Home Item 05,Home,15.9,34.71,True
1023,721,46,1,125.88,125.88,2025-01-18,cancelled,,East,125.88,2025-01-18,Grocery Item 06,Grocery,73.75,125.88,False
1024,722,14,1,61.39,61.39,2025-01-18,completed,,Central,224.44,2025-01-18,Home Item 06,Home,36.75,61.39,True
1025,722,10,1,163.05,163.05,2025-01-18,completed,,Central,224.44,2025-01-18,Home Item 02,Home,76.01,163.05,True
1026,723,40,1,202.48,202.48,2025-01-18,processing,,Central,202.48,2025-01-18,Fashion Item 08,Fashion,92.66,202.48,True
1027,724,36,2,53.45,106.9,2025-01-18,completed,,South,106.9,2025-01-18,Fashion Item 04,Fashion,28.42,53.45,True
1028,725,12,2,117.99,235.98,2025-01-18,completed,,Central,235.98,2025-01-18,Home Item 04,Home,58.96,117.99,True
1029,726,8,2,20.47,40.94,2025-01-18,completed,,East,178.99,2025-01-18,Electronics Item 08,Electronics,12.26,20.47,True
1030,726,42,1,138.05,138.05,2025-01-18,completed,,East,178.99,2025-01-18,Grocery Item 02,Grocery,61.43,138.05,True
1031,727,36,1,53.45,53.45,2025-01-18,completed,,South,53.45,2025-01-18,Fashion Item 04,Fashion,28.42,53.45,True
1032,728,44,1,69.13,69.13,2025-01-18,completed,,East,69.13,2025-01-18,Grocery Item 04,Grocery,46.32,69.13,True
1033,729,35,1,157.65,157.65,2025-01-18,completed,,East,280.43,2025-01-18,Fashion Item 03,Fashion,77.82,157.65,True
1034,729,14,2,61.39,122.78,2025-01-18,completed,,East,280.43,2025-01-18,Home Item 06,Home,36.75,61.39,True
1035,730,20,1,42.3,42.3,2025-01-18,completed,,South,42.3,2025-01-18,Beauty Item 04,Beauty,18.73,42.3,True
1036,731,44,3,69.13,207.39,2025-01-18,cancelled,,Central,207.39,2025-01-18,Grocery Item 04,Grocery,46.32,69.13,False
1037,732,12,1,117.99,117.99,2025-01-18,completed,,East,117.99,2025-01-18,Home Item 04,Home,58.96,117.99,True
1038,733,35,3,157.65,472.95,2025-01-18,processing,,South,608.75,2025-01-18,Fashion Item 03,Fashion,77.82,157.65,True
1039,733,30,2,67.9,135.8,2025-01-18,processing,,South,608.75,2025-01-18,Sports Item 06,Sports,46.01,67.9,True
1040,734,10,1,163.05,163.05,2025-01-18,processing,,Central,163.05,2025-01-18,Home Item 02,Home,76.01,163.05,True
1041,735,47,1,21.34,21.34,2025-01-19,completed,,Central,21.34,2025-01-19,Grocery Item 07,Grocery,13.74,21.34,True
1042,736,28,1,84.15,84.15,2025-01-19,completed,,Central,84.15,2025-01-19,Sports Item 04,Sports,39.74,84.15,True
1043,737,8,1,20.47,20.47,2025-01-19,cancelled,,South,20.47,2025-01-19,Electronics Item 08,Electronics,12.26,20.47,False
1044,738,25,1,43.73,43.73,2025-01-19,processing,,East,84.66999999999999,2025-01-19,Sports Item 01,Sports,20.88,43.73,True
1045,738,8,2,20.47,40.94,2025-01-19,processing,,East,84.66999999999999,2025-01-19,Electronics Item 08,Electronics,12.26,20.47,True
1046,739,22,2,75.66,151.32,2025-01-19,completed,,Central,151.32,2025-01-19,Beauty Item 06,Beauty,36.14,75.66,True
1047,740,19,2,152.53,305.06,2025-01-19,refunded,,South,499.69,2025-01-19,Beauty Item 03,Beauty,83.95,152.53,False
1048,740,10,1,163.05,163.05,2025-01-19,refunded,,South,499.69,2025-01-19,Home Item 02,Home,76.01,163.05,False
1049,740,45,1,31.58,31.58,2025-01-19,refunded,,South,499.69,2025-01-19,Grocery Item 05,Grocery,18.68,31.58,False
1050,741,23,1,83.16,83.16,2025-01-19,completed,,Central,83.16,2025-01-19,Beauty Item 07,Beauty,39.32,83.16,True
1051,742,20,1,42.3,42.3,2025-01-19,completed,,East,156.36,2025-01-19,Beauty Item 04,Beauty,18.73,42.3,True
1052,742,1,1,114.06,114.06,2025-01-19,completed,,East,156.36,2025-01-19,Electronics Item 01,Electronics,75.52,114.06,True
1053,743,17,1,101.25,101.25,2025-01-19,completed,,South,101.25,2025-01-19,Beauty Item 01,Beauty,68.35,101.25,True
1054,744,23,1,83.16,83.16,2025-01-19,completed,,Central,125.46,2025-01-19,Beauty Item 07,Beauty,39.32,83.16,True
1055,744,20,1,42.3,42.3,2025-01-19,completed,,Central,125.46,2025-01-19,Beauty Item 04,Beauty,18.73,42.3,True
1056,745,8,1,20.47,20.47,2025-01-19,completed,,East,178.12,2025-01-19,Electronics Item 08,Electronics,12.26,20.47,True
1057,745,35,1,157.65,157.65,2025-01-19,completed,,East,178.12,2025-01-19,Fashion Item 03,Fashion,77.82,157.65,True
1058,746,41,1,49.55,49.55,2025-01-19,completed,,North,49.55,2025-01-19,Grocery Item 01,Grocery,22.88,49.55,True
1059,747,43,1,24.61,24.61,2025-01-19,completed,,South,182.26,2025-01-19,Grocery Item 03,Grocery,11.56,24.61,True
1060,747,35,1,157.65,157.65,2025-01-19,completed,,South,182.26,2025-01-19,Fashion Item 03,Fashion,77.82,157.65,True
1061,748,22,1,75.66,75.66,2025-01-19,completed,,North,75.66,2025-01-19,Beauty Item 06,Beauty,36.14,75.66,True
1062,749,6,1,88.2,88.2,2025-01-19,completed,,South,88.2,2025-01-19,Electronics Item 06,Electronics,39.5,88.2,True
1063,750,14,1,61.39,61.39,2025-01-19,completed,,East,61.39,2025-01-19,Home Item 06,Home,36.75,61.39,True
1064,751,39,1,124.06,124.06,2025-01-19,refunded,,Central,124.06,2025-01-19,Fashion Item 07,Fashion,65.04,124.06,False
1065,752,3,1,57.71,57.71,2025-01-19,completed,,North,57.71,2025-01-19,Electronics Item 03,Electronics,26.19,57.71,True
1066,753,36,3,53.45,160.35,2025-01-19,completed,,Central,160.35,2025-01-19,Fashion Item 04,Fashion,28.42,53.45,True
1067,754,13,2,34.71,69.42,2025-01-19,refunded,,Central,69.42,2025-01-19,Home Item 05,Home,15.9,34.71,False
1068,755,21,1,78.32,78.32,2025-01-19,completed,,East,78.32,2025-01-19,Beauty Item 05,Beauty,34.88,78.32,True
1069,756,12,1,117.99,117.99,2025-01-19,refunded,,South,117.99,2025-01-19,Home Item 04,Home,58.96,117.99,False
1070,757,42,1,138.05,138.05,2025-01-19,processing,,East,138.05,2025-01-19,Grocery Item 02,Grocery,61.43,138.05,True
1071,758,30,1,67.9,67.9,2025-01-19,completed,,North,67.9,2025-01-19,Sports Item 06,Sports,46.01,67.9,True
1072,759,44,2,69.13,138.26,2025-01-19,processing,,East,138.26,2025-01-19,Grocery Item 04,Grocery,46.32,69.13,True
1073,760,12,1,117.99,117.99,2025-01-19,completed,,Central,117.99,2025-01-19,Home Item 04,Home,58.96,117.99,True
1074,761,12,1,117.99,117.99,2025-01-19,completed,,East,253.79000000000002,2025-01-19,Home Item 04,Home,58.96,117.99,True
1075,761,30,2,67.9,135.8,2025-01-19,completed,,East,253.79000000000002,2025-01-19,Sports Item 06,Sports,46.01,67.9,True
1076,762,20,1,42.3,42.3,2025-01-19,completed,,South,103.69,2025-01-19,Beauty Item 04,Beauty,18.73,42.3,True
1077,762,14,1,61.39,61.39,2025-01-19,completed,,South,103.69,2025-01-19,Home Item 06,Home,36.75,61.39,True
1078,763,37,2,141.93,283.86,2025-01-19,completed,,Central,283.86,2025-01-19,Fashion Item 05,Fashion,76.85,141.93,True
1079,764,38,3,81.08,243.24,2025-01-19,processing,,Central,243.24,2025-01-19,Fashion Item 06,Fashion,44.22,81.08,True
1080,765,11,1,115.23,115.23,2025-01-19,completed,,East,115.23,2025-01-19,Home Item 03,Home,73.04,115.23,True
1081,766,28,1,84.15,84.15,2025-01-19,completed,,South,84.15,2025-01-19,Sports Item 04,Sports,39.74,84.15,True
1082,767,15,2,173.9,347.8,2025-01-19,completed,,South,347.8,2025-01-19,Home Item 07,Home,83.24,173.9,True
1083,768,39,2,124.06,248.12,2025-01-19,completed,,North,248.12,2025-01-19,Fashion Item 07,Fashion,65.04,124.06,True
1084,769,44,1,69.13,69.13,2025-01-19,completed,,East,69.13,2025-01-19,Grocery Item 04,Grocery,46.32,69.13,True
1085,770,47,1,21.34,21.34,2025-01-19,completed,,Central,79.05,2025-01-19,Grocery Item 07,Grocery,13.74,21.34,True
1086,770,3,1,57.71,57.71,2025-01-19,completed,,Central,79.05,2025-01-19,Electronics Item 03,Electronics,26.19,57.71,True
1087,771,37,1,141.93,141.93,2025-01-19,completed,,North,141.93,2025-01-19,Fashion Item 05,Fashion,76.85,141.93,True
1088,772,37,1,141.93,141.93,2025-01-19,completed,,Central,211.06,2025-01-19,Fashion Item 05,Fashion,76.85,141.93,True
1089,772,44,1,69.13,69.13,2025-01-19,completed,,Central,211.06,2025-01-19,Grocery Item 04,Grocery,46.32,69.13,True
1090,773,35,1,157.65,157.65,2025-01-19,completed,,East,157.65,2025-01-19,Fashion Item 03,Fashion,77.82,157.65,True
1091,774,23,1,83.16,83.16,2025-01-19,completed,,East,83.16,2025-01-19,Beauty Item 07,Beauty,39.32,83.16,True
1092,775,21,1,78.32,78.32,2025-01-19,completed,,South,136.03,2025-01-19,Beauty Item 05,Beauty,34.88,78.32,True
1093,775,3,1,57.71,57.71,2025-01-19,completed,,South,136.03,2025-01-19,Electronics Item 03,Electronics,26.19,57.71,True
1094,776,10,1,163.05,163.05,2025-01-19,completed,,North,163.05,2025-01-19,Home Item 02,Home,76.01,163.05,True
1095,777,10,1,163.05,163.05,2025-01-19,completed,,North,163.05,2025-01-19,Home Item 02,Home,76.01,163.05,True
1096,778,28,2,84.15,168.3,2025-01-19,completed,,South,370.78,2025-01-19,Sports Item 04,Sports,39.74,84.15,True
1097,778,40,1,202.48,202.48,2025-01-19,completed,,South,370.78,2025-01-19,Fashion Item 08,Fashion,92.66,202.48,True
1098,779,8,1,20.47,20.47,2025-01-19,completed,,Central,20.47,2025-01-19,Electronics Item 08,Electronics,12.26,20.47,True
1099,780,21,3,78.32,234.96,2025-01-19,completed,,Central,335.99,2025-01-19,Beauty Item 05,Beauty,34.88,78.32,True
1100,780,48,1,101.03,101.03,2025-01-19,completed,,Central,335.99,2025-01-19,,Grocery,44.45,101.03,True
1101,781,47,1,21.34,21.34,2025-01-19,completed,,North,21.34,2025-01-19,Grocery Item 07,Grocery,13.74,21.34,True
1102,782,27,1,24.68,24.68,2025-01-19,completed,,South,49.29,2025-01-19,Sports Item 03,Sports,10.9,24.68,True
1103,782,43,1,24.61,24.61,2025-01-19,completed,,South,49.29,2025-01-19,Grocery Item 03,Grocery,11.56,24.61,True
1104,783,45,1,31.58,31.58,2025-01-20,completed,,Central,31.58,2025-01-20,Grocery Item 05,Grocery,18.68,31.58,True
1105,784,3,1,57.71,57.71,2025-01-20,cancelled,,Central,57.71,2025-01-20,Electronics Item 03,Electronics,26.19,57.71,False
1106,785,46,1,125.88,125.88,2025-01-20,completed,,Central,145.59,2025-01-20,Grocery Item 06,Grocery,73.75,125.88,True
1107,785,31,1,19.71,19.71,2025-01-20,completed,,Central,145.59,2025-01-20,Sports Item 07,Sports,11.9,19.71,True
1108,786,23,1,83.16,83.16,2025-01-20,completed,,South,329.49,2025-01-20,Beauty Item 07,Beauty,39.32,83.16,True
1109,786,24,3,29.56,88.68,2025-01-20,completed,,South,329.49,2025-01-20,Beauty Item 08,Beauty,14.55,29.56,True
1110,786,35,1,157.65,157.65,2025-01-20,completed,,South,329.49,2025-01-20,Fashion Item 03,Fashion,77.82,157.65,True
1111,787,23,1,83.16,83.16,2025-01-20,completed,,South,83.16,2025-01-20,Beauty Item 07,Beauty,39.32,83.16,True
1112,788,6,1,88.2,88.2,2025-01-20,completed,,North,88.2,2025-01-20,Electronics Item 06,Electronics,39.5,88.2,True
1113,789,18,2,37.74,75.48,2025-01-20,completed,,South,131.5,2025-01-20,Beauty Item 02,Beauty,18.64,37.74,True
1114,789,45,1,31.58,31.58,2025-01-20,completed,,South,131.5,2025-01-20,Grocery Item 05,Grocery,18.68,31.58,True
1115,789,32,2,12.22,24.44,2025-01-20,completed,,South,131.5,2025-01-20,Sports Item 08,Sports,7.11,12.22,True
1116,790,35,1,157.65,157.65,2025-01-20,completed,,East,157.65,2025-01-20,Fashion Item 03,Fashion,77.82,157.65,True
1117,791,44,1,69.13,69.13,2025-01-20,completed,,North,69.13,2025-01-20,Grocery Item 04,Grocery,46.32,69.13,True
1118,792,25,1,43.73,43.73,2025-01-20,completed,,South,43.73,2025-01-20,Sports Item 01,Sports,20.88,43.73,True
1119,793,43,1,24.61,24.61,2025-01-20,completed,,East,24.61,2025-01-20,Grocery Item 03,Grocery,11.56,24.61,True
1120,794,14,1,61.39,61.39,2025-01-20,completed,,East,61.39,2025-01-20,Home Item 06,Home,36.75,61.39,True
1121,795,32,3,12.22,36.66,2025-01-20,cancelled,,South,109.13,2025-01-20,Sports Item 08,Sports,7.11,12.22,False
1122,795,4,1,72.47,72.47,2025-01-20,cancelled,,South,109.13,2025-01-20,Electronics Item 04,Electronics,34.44,72.47,False
1123,796,23,1,83.16,83.16,2025-01-20,completed,,Central,290.54999999999995,2025-01-20,Beauty Item 07,Beauty,39.32,83.16,True
1124,796,44,3,69.13,207.39,2025-01-20,completed,,Central,290.54999999999995,2025-01-20,Grocery Item 04,Grocery,46.32,69.13,True
1125,797,14,1,61.39,61.39,2025-01-20,completed,,Central,61.39,2025-01-20,Home Item 06,Home,36.75,61.39,True
1126,798,6,1,88.2,88.2,2025-01-20,completed,,East,88.2,2025-01-20,Electronics Item 06,Electronics,39.5,88.2,True
1127,799,12,1,117.99,117.99,2025-01-20,processing,,South,224.89,2025-01-20,Home Item 04,Home,58.96,117.99,True
1128,799,36,2,53.45,106.9,2025-01-20,processing,,South,224.89,2025-01-20,Fashion Item 04,Fashion,28.42,53.45,True
1129,800,27,1,24.68,24.68,2025-01-20,completed,,South,24.68,2025-01-20,Sports Item 03,Sports,10.9,24.68,True
1130,801,21,1,78.32,78.32,2025-01-20,completed,,North,147.45,2025-01-20,Beauty Item 05,Beauty,34.88,78.32,True
1131,801,44,1,69.13,69.13,2025-01-20,completed,,North,147.45,2025-01-20,Grocery Item 04,Grocery,46.32,69.13,True
1132,802,28,1,84.15,84.15,2025-01-20,completed,,East,84.15,2025-01-20,Sports Item 04,Sports,39.74,84.15,True
1133,803,27,1,24.68,24.68,2025-01-20,completed,,South,107.84,2025-01-20,Sports Item 03,Sports,10.9,24.68,True
1134,803,23,1,83.16,83.16,2025-01-20,completed,,South,107.84,2025-01-20,Beauty Item 07,Beauty,39.32,83.16,True
1135,804,14,1,61.39,61.39,2025-01-20,completed,,East,61.39,2025-01-20,Home Item 06,Home,36.75,61.39,True
1136,805,28,1,84.15,84.15,2025-01-20,completed,,East,348.75,2025-01-20,Sports Item 04,Sports,39.74,84.15,True
1137,805,6,3,88.2,264.6,2025-01-20,completed,,East,348.75,2025-01-20,Electronics Item 06,Electronics,39.5,88.2,True
1138,806,33,2,171.28,342.56,2025-01-20,completed,,East,342.56,2025-01-20,Fashion Item 01,Fashion,77.9,171.28,True
1139,807,40,1,202.48,202.48,2025-01-20,completed,,East,280.79999999999995,2025-01-20,Fashion Item 08,Fashion,92.66,202.48,True
1140,807,21,1,78.32,78.32,2025-01-20,completed,,East,280.79999999999995,2025-01-20,Beauty Item 05,Beauty,34.88,78.32,True
1141,808,8,1,20.47,20.47,2025-01-20,completed,,East,20.47,2025-01-20,Electronics Item 08,Electronics,12.26,20.47,True
1142,809,25,1,43.73,43.73,2025-01-20,completed,,North,43.73,2025-01-20,Sports Item 01,Sports,20.88,43.73,True
1143,810,10,1,163.05,163.05,2025-01-20,completed,,Central,187.66000000000003,2025-01-20,Home Item 02,Home,76.01,163.05,True
1144,810,43,1,24.61,24.61,2025-01-20,completed,,Central,187.66000000000003,2025-01-20,Grocery Item 03,Grocery,11.56,24.61,True
1145,811,38,1,81.08,81.08,2025-01-20,completed,,North,283.56,2025-01-20,Fashion Item 06,Fashion,44.22,81.08,True
1146,811,40,1,202.48,202.48,2025-01-20,completed,,North,283.56,2025-01-20,Fashion Item 08,Fashion,92.66,202.48,True
1147,812,20,1,42.3,42.3,2025-01-20,refunded,,East,42.3,2025-01-20,Beauty Item 04,Beauty,18.73,42.3,False
1148,813,43,1,24.61,24.61,2025-01-20,completed,,Central,139.84,2025-01-20,Grocery Item 03,Grocery,11.56,24.61,True
1149,813,11,1,115.23,115.23,2025-01-20,completed,,Central,139.84,2025-01-20,Home Item 03,Home,73.04,115.23,True
1150,814,43,2,24.61,49.22,2025-01-20,completed,,South,49.22,2025-01-20,Grocery Item 03,Grocery,11.56,24.61,True
1151,815,6,2,88.2,176.4,2025-01-20,completed,,South,176.4,2025-01-20,Electronics Item 06,Electronics,39.5,88.2,True
1152,816,3,1,57.71,57.71,2025-01-20,completed,,North,57.71,2025-01-20,Electronics Item 03,Electronics,26.19,57.71,True
1153,817,2,1,100.26,100.26,2025-01-20,completed,,South,100.26,2025-01-20,Electronics Item 02,Electronics,54.16,100.26,True
1154,818,14,1,61.39,61.39,2025-01-20,completed,,South,103.69,2025-01-20,Home Item 06,Home,36.75,61.39,True
1155,818,20,1,42.3,42.3,2025-01-20,completed,,South,103.69,2025-01-20,Beauty Item 04,Beauty,18.73,42.3,True
1156,819,27,1,24.68,24.68,2025-01-20,processing,,East,24.68,2025-01-20,Sports Item 03,Sports,10.9,24.68,True
1157,820,31,1,19.71,19.71,2025-01-20,completed,,South,362.27,2025-01-20,Sports Item 07,Sports,11.9,19.71,True
1158,820,33,2,171.28,342.56,2025-01-20,completed,,South,362.27,2025-01-20,Fashion Item 01,Fashion,77.9,171.28,True
1159,821,25,1,43.73,43.73,2025-01-20,processing,,North,43.73,2025-01-20,Sports Item 01,Sports,20.88,43.73,True
1160,822,35,1,157.65,157.65,2025-01-20,cancelled,,Central,157.65,2025-01-20,Fashion Item 03,Fashion,77.82,157.65,False
1161,823,45,1,31.58,31.58,2025-01-20,completed,,Central,31.58,2025-01-20,Grocery Item 05,Grocery,18.68,31.58,True
1162,824,23,1,83.16,83.16,2025-01-21,completed,,East,83.16,2025-01-21,Beauty Item 07,Beauty,39.32,83.16,True
1163,825,36,2,53.45,106.9,2025-01-21,completed,,Central,285.89,2025-01-21,Fashion Item 04,Fashion,28.42,53.45,True
1164,825,35,1,157.65,157.65,2025-01-21,completed,,Central,285.89,2025-01-21,Fashion Item 03,Fashion,77.82,157.65,True
1165,825,47,1,21.34,21.34,2025-01-21,completed,,Central,285.89,2025-01-21,Grocery Item 07,Grocery,13.74,21.34,True
1166,826,20,2,42.3,84.6,2025-01-21,completed,,East,84.6,2025-01-21,Beauty Item 04,Beauty,18.73,42.3,True
1167,827,15,3,173.9,521.7,2025-01-21,completed,,East,604.86,2025-01-21,Home Item 07,Home,83.24,173.9,True
1168,827,23,1,83.16,83.16,2025-01-21,completed,,East,604.86,2025-01-21,Beauty Item 07,Beauty,39.32,83.16,True
1169,828,25,1,43.73,43.73,2025-01-21,completed,,Central,43.73,2025-01-21,Sports Item 01,Sports,20.88,43.73,True
1170,829,14,1,61.39,61.39,2025-01-21,completed,,Central,131.32,2025-01-21,Home Item 06,Home,36.75,61.39,True
1171,829,32,1,12.22,12.22,2025-01-21,completed,,Central,131.32,2025-01-21,Sports Item 08,Sports,7.11,12.22,True
1172,829,3,1,57.71,57.71,2025-01-21,completed,,Central,131.32,2025-01-21,Electronics Item 03,Electronics,26.19,57.71,True
1173,830,20,1,42.3,42.3,2025-01-21,completed,,East,184.64,2025-01-21,Beauty Item 04,Beauty,18.73,42.3,True
1174,830,47,3,21.34,64.02,2025-01-21,completed,,East,184.64,2025-01-21,Grocery Item 07,Grocery,13.74,21.34,True
1175,830,21,1,78.32,78.32,2025-01-21,completed,,East,184.64,2025-01-21,Beauty Item 05,Beauty,34.88,78.32,True
1176,831,26,1,124.26,124.26,2025-01-21,completed,,Central,124.26,2025-01-21,Sports Item 02,Sports,72.7,124.26,True
1177,832,46,1,125.88,125.88,2025-01-21,completed,,East,199.49,2025-01-21,Grocery Item 06,Grocery,73.75,125.88,True
1178,832,32,1,12.22,12.22,2025-01-21,completed,,East,199.49,2025-01-21,Sports Item 08,Sports,7.11,12.22,True
1179,832,14,1,61.39,61.39,2025-01-21,completed,,East,199.49,2025-01-21,Home Item 06,Home,36.75,61.39,True
1180,833,25,1,43.73,43.73,2025-01-21,completed,,East,43.73,2025-01-21,Sports Item 01,Sports,20.88,43.73,True
1181,834,18,1,37.74,37.74,2025-01-21,completed,,Central,37.74,2025-01-21,Beauty Item 02,Beauty,18.64,37.74,True
1182,835,18,1,37.74,37.74,2025-01-21,completed,,East,37.74,2025-01-21,Beauty Item 02,Beauty,18.64,37.74,True
1183,836,25,2,43.73,87.46,2025-01-21,completed,,East,87.46,2025-01-21,Sports Item 01,Sports,20.88,43.73,True
1184,837,42,2,138.05,276.1,2025-01-21,completed,,Central,276.1,2025-01-21,Grocery Item 02,Grocery,61.43,138.05,True
1185,838,32,1,12.22,12.22,2025-01-21,cancelled,,South,12.22,2025-01-21,Sports Item 08,Sports,7.11,12.22,False
1186,839,47,1,21.34,21.34,2025-01-21,completed,,Central,74.79,2025-01-21,Grocery Item 07,Grocery,13.74,21.34,True
1187,839,36,1,53.45,53.45,2025-01-21,completed,,Central,74.79,2025-01-21,Fashion Item 04,Fashion,28.42,53.45,True
1188,840,45,1,31.58,31.58,2025-01-21,processing,,North,31.58,2025-01-21,Grocery Item 05,Grocery,18.68,31.58,True
1189,841,35,1,157.65,157.65,2025-01-21,processing,,Central,157.65,2025-01-21,Fashion Item 03,Fashion,77.82,157.65,True
1190,842,42,2,138.05,276.1,2025-01-21,completed,,South,276.1,2025-01-21,Grocery Item 02,Grocery,61.43,138.05,True
1191,843,45,3,31.58,94.74,2025-01-21,processing,,Central,94.74,2025-01-21,Grocery Item 05,Grocery,18.68,31.58,True
1192,844,45,1,31.58,31.58,2025-01-21,completed,,Central,89.28999999999999,2025-01-21,Grocery Item 05,Grocery,18.68,31.58,True
1193,844,3,1,57.71,57.71,2025-01-21,completed,,Central,89.28999999999999,2025-01-21,Electronics Item 03,Electronics,26.19,57.71,True
1194,845,23,1,83.16,83.16,2025-01-21,completed,,South,83.16,2025-01-21,Beauty Item 07,Beauty,39.32,83.16,True
1195,846,43,1,24.61,24.61,2025-01-21,completed,,East,24.61,2025-01-21,Grocery Item 03,Grocery,11.56,24.61,True
1196,847,36,1,53.45,53.45,2025-01-21,cancelled,,Central,136.61,2025-01-21,Fashion Item 04,Fashion,28.42,53.45,False
1197,847,23,1,83.16,83.16,2025-01-21,cancelled,,Central,136.61,2025-01-21,Beauty Item 07,Beauty,39.32,83.16,False
1198,848,36,1,53.45,53.45,2025-01-21,completed,,North,53.45,2025-01-21,Fashion Item 04,Fashion,28.42,53.45,True
1199,849,46,1,125.88,125.88,2025-01-21,completed,,East,428.22,2025-01-21,Grocery Item 06,Grocery,73.75,125.88,True
1200,849,18,1,37.74,37.74,2025-01-21,completed,,East,428.22,2025-01-21,Beauty Item 02,Beauty,18.64,37.74,True
1201,849,6,3,88.2,264.6,2025-01-21,completed,,East,428.22,2025-01-21,Electronics Item 06,Electronics,39.5,88.2,True
1202,850,30,1,67.9,67.9,2025-01-21,completed,,South,67.9,2025-01-21,Sports Item 06,Sports,46.01,67.9,True
1203,851,40,1,202.48,202.48,2025-01-21,completed,,South,355.45,2025-01-21,Fashion Item 08,Fashion,92.66,202.48,True
1204,851,11,1,115.23,115.23,2025-01-21,completed,,South,355.45,2025-01-21,Home Item 03,Home,73.04,115.23,True
1205,851,18,1,37.74,37.74,2025-01-21,completed,,South,355.45,2025-01-21,Beauty Item 02,Beauty,18.64,37.74,True
1206,852,10,2,163.05,326.1,2025-01-21,completed,,East,326.1,2025-01-21,Home Item 02,Home,76.01,163.05,True
1207,853,8,1,20.47,20.47,2025-01-21,refunded,,Central,162.4,2025-01-21,Electronics Item 08,Electronics,12.26,20.47,False
1208,853,37,1,141.93,141.93,2025-01-21,refunded,,Central,162.4,2025-01-21,Fashion Item 05,Fashion,76.85,141.93,False
1209,854,40,1,202.48,202.48,2025-01-21,completed,,North,370.78,2025-01-21,Fashion Item 08,Fashion,92.66,202.48,True
1210,854,28,2,84.15,168.3,2025-01-21,completed,,North,370.78,2025-01-21,Sports Item 04,Sports,39.74,84.15,True
1211,855,10,1,163.05,163.05,2025-01-21,completed,,South,163.05,2025-01-21,Home Item 02,Home,76.01,163.05,True
1212,856,14,2,61.39,122.78,2025-01-21,processing,,North,201.1,2025-01-21,Home Item 06,Home,36.75,61.39,True
1213,856,21,1,78.32,78.32,2025-01-21,processing,,North,201.1,2025-01-21,Beauty Item 05,Beauty,34.88,78.32,True
1214,857,37,1,141.93,141.93,2025-01-21,completed,,East,141.93,2025-01-21,Fashion Item 05,Fashion,76.85,141.93,True
1215,858,14,1,61.39,61.39,2025-01-21,completed,,South,61.39,2025-01-21,Home Item 06,Home,36.75,61.39,True
1216,859,32,1,12.22,12.22,2025-01-21,completed,,Central,235.26,2025-01-21,Sports Item 08,Sports,7.11,12.22,True
1217,859,2,1,100.26,100.26,2025-01-21,completed,,Central,235.26,2025-01-21,Electronics Item 02,Electronics,54.16,100.26,True
1218,859,14,2,61.39,122.78,2025-01-21,completed,,Central,235.26,2025-01-21,Home Item 06,Home,36.75,61.39,True
1219,860,39,1,124.06,124.06,2025-01-21,cancelled,,East,124.06,2025-01-21,Fashion Item 07,Fashion,65.04,124.06,False
1220,861,36,1,53.45,53.45,2025-01-21,processing,,South,53.45,2025-01-21,Fashion Item 04,Fashion,28.42,53.45,True
1221,862,4,1,72.47,72.47,2025-01-21,processing,,Central,72.47,2025-01-21,Electronics Item 04,Electronics,34.44,72.47,True
1222,863,43,2,24.61,49.22,2025-01-22,completed,,Central,49.22,2025-01-22,Grocery Item 03,Grocery,11.56,24.61,True
1223,864,14,1,61.39,61.39,2025-01-22,completed,,Central,227.70999999999998,2025-01-22,Home Item 06,Home,36.75,61.39,True
1224,864,23,2,83.16,166.32,2025-01-22,completed,,Central,227.70999999999998,2025-01-22,Beauty Item 07,Beauty,39.32,83.16,True
1225,865,32,1,12.22,12.22,2025-01-22,completed,,Central,12.22,2025-01-22,Sports Item 08,Sports,7.11,12.22,True
1226,866,8,1,20.47,20.47,2025-01-22,refunded,,South,20.47,2025-01-22,Electronics Item 08,Electronics,12.26,20.47,False
1227,867,37,1,141.93,141.93,2025-01-22,completed,,East,161.64000000000001,2025-01-22,Fashion Item 05,Fashion,76.85,141.93,True
1228,867,31,1,19.71,19.71,2025-01-22,completed,,East,161.64000000000001,2025-01-22,Sports Item 07,Sports,11.9,19.71,True
1229,868,14,1,61.39,61.39,2025-01-22,completed,,South,61.39,2025-01-22,Home Item 06,Home,36.75,61.39,True
1230,869,18,2,37.74,75.48,2025-01-22,completed,,East,159.63,2025-01-22,Beauty Item 02,Beauty,18.64,37.74,True
1231,869,28,1,84.15,84.15,2025-01-22,completed,,East,159.63,2025-01-22,Sports Item 04,Sports,39.74,84.15,True
1232,870,41,2,49.55,99.1,2025-01-22,completed,,North,99.1,2025-01-22,Grocery Item 01,Grocery,22.88,49.55,True
1233,871,48,1,101.03,101.03,2025-01-22,completed,,North,240.7,2025-01-22,,Grocery,44.45,101.03,True
1234,871,32,2,12.22,24.44,2025-01-22,completed,,North,240.7,2025-01-22,Sports Item 08,Sports,7.11,12.22,True
1235,871,11,1,115.23,115.23,2025-01-22,completed,,North,240.7,2025-01-22,Home Item 03,Home,73.04,115.23,True
1236,872,23,1,83.16,83.16,2025-01-22,completed,,East,83.16,2025-01-22,Beauty Item 07,Beauty,39.32,83.16,True
1237,873,34,1,43.74,43.74,2025-01-22,processing,,East,43.74,2025-01-22,Fashion Item 02,Fashion,22.77,43.74,True
1238,874,21,2,78.32,156.64,2025-01-22,completed,,Central,156.64,2025-01-22,Beauty Item 05,Beauty,34.88,78.32,True
1239,875,19,1,152.53,152.53,2025-01-22,completed,,East,478.63,2025-01-22,Beauty Item 03,Beauty,83.95,152.53,True
1240,875,10,2,163.05,326.1,2025-01-22,completed,,East,478.63,2025-01-22,Home Item 02,Home,76.01,163.05,True
1241,876,21,1,78.32,78.32,2025-01-22,completed,,South,78.32,2025-01-22,Beauty Item 05,Beauty,34.88,78.32,True
1242,877,32,1,12.22,12.22,2025-01-22,completed,,South,127.64,2025-01-22,Sports Item 08,Sports,7.11,12.22,True
1243,877,3,2,57.71,115.42,2025-01-22,completed,,South,127.64,2025-01-22,Electronics Item 03,Electronics,26.19,57.71,True
1244,878,28,1,84.15,84.15,2025-01-22,completed,,East,84.15,2025-01-22,Sports Item 04,Sports,39.74,84.15,True
1245,879,14,1,61.39,61.39,2025-01-22,completed,,North,61.39,2025-01-22,Home Item 06,Home,36.75,61.39,True
1246,880,42,1,138.05,138.05,2025-01-22,completed,,North,138.05,2025-01-22,Grocery Item 02,Grocery,61.43,138.05,True
1247,881,8,2,20.47,40.94,2025-01-22,completed,,Central,40.94,2025-01-22,Electronics Item 08,Electronics,12.26,20.47,True
1248,882,44,1,69.13,69.13,2025-01-22,completed,,Central,124.31,2025-01-22,Grocery Item 04,Grocery,46.32,69.13,True
1249,882,13,1,34.71,34.71,2025-01-22,completed,,Central,124.31,2025-01-22,Home Item 05,Home,15.9,34.71,True
1250,882,8,1,20.47,20.47,2025-01-22,completed,,Central,124.31,2025-01-22,Electronics Item 08,Electronics,12.26,20.47,True
1251,883,8,1,20.47,20.47,2025-01-22,completed,,South,20.47,2025-01-22,Electronics Item 08,Electronics,12.26,20.47,True
1252,884,8,1,20.47,20.47,2025-01-22,completed,,North,20.47,2025-01-22,Electronics Item 08,Electronics,12.26,20.47,True
1253,885,8,1,20.47,20.47,2025-01-22,completed,,North,335.77,2025-01-22,Electronics Item 08,Electronics,12.26,20.47,True
1254,885,35,2,157.65,315.3,2025-01-22,completed,,North,335.77,2025-01-22,Fashion Item 03,Fashion,77.82,157.65,True
1255,886,4,2,72.47,144.94,2025-01-22,completed,,North,270.82,2025-01-22,Electronics Item 04,Electronics,34.44,72.47,True
1256,886,46,1,125.88,125.88,2025-01-22,completed,,North,270.82,2025-01-22,Grocery Item 06,Grocery,73.75,125.88,True
1257,887,8,1,20.47,20.47,2025-01-22,completed,,Central,20.47,2025-01-22,Electronics Item 08,Electronics,12.26,20.47,True
1258,888,34,2,43.74,87.48,2025-01-22,completed,,North,87.48,2025-01-22,Fashion Item 02,Fashion,22.77,43.74,True
1259,889,28,1,84.15,84.15,2025-01-22,completed,,North,413.08000000000004,2025-01-22,Sports Item 04,Sports,39.74,84.15,True
1260,889,35,1,157.65,157.65,2025-01-22,completed,,North,413.08000000000004,2025-01-22,Fashion Item 03,Fashion,77.82,157.65,True
1261,889,33,1,171.28,171.28,2025-01-22,completed,,North,413.08000000000004,2025-01-22,Fashion Item 01,Fashion,77.9,171.28,True
1262,890,33,1,171.28,171.28,2025-01-22,completed,,Central,171.28,2025-01-22,Fashion Item 01,Fashion,77.9,171.28,True
1263,891,30,1,67.9,67.9,2025-01-22,completed,,North,67.9,2025-01-22,Sports Item 06,Sports,46.01,67.9,True
1264,892,47,1,21.34,21.34,2025-01-22,completed,,North,21.34,2025-01-22,Grocery Item 07,Grocery,13.74,21.34,True
1265,893,11,1,115.23,115.23,2025-01-22,completed,,North,172.94,2025-01-22,Home Item 03,Home,73.04,115.23,True
1266,893,3,1,57.71,57.71,2025-01-22,completed,,North,172.94,2025-01-22,Electronics Item 03,Electronics,26.19,57.71,True
1267,894,32,1,12.22,12.22,2025-01-22,completed,,Central,12.22,2025-01-22,Sports Item 08,Sports,7.11,12.22,True
1268,895,14,1,61.39,61.39,2025-01-22,completed,,North,224.44,2025-01-22,Home Item 06,Home,36.75,61.39,True
1269,895,10,1,163.05,163.05,2025-01-22,completed,,North,224.44,2025-01-22,Home Item 02,Home,76.01,163.05,True
1270,896,39,1,124.06,124.06,2025-01-22,unknown_status,,North,185.45,2025-01-22,Fashion Item 07,Fashion,65.04,124.06,False
1271,896,14,1,61.39,61.39,2025-01-22,unknown_status,,North,185.45,2025-01-22,Home Item 06,Home,36.75,61.39,False
1272,897,45,1,31.58,31.58,2025-01-23,completed,,South,31.58,2025-01-23,Grocery Item 05,Grocery,18.68,31.58,True
1273,898,4,1,72.47,72.47,2025-01-23,completed,,East,72.47,2025-01-23,Electronics Item 04,Electronics,34.44,72.47,True
1274,899,44,1,69.13,69.13,2025-01-23,completed,,North,118.67999999999999,2025-01-23,Grocery Item 04,Grocery,46.32,69.13,True
1275,899,41,1,49.55,49.55,2025-01-23,completed,,North,118.67999999999999,2025-01-23,Grocery Item 01,Grocery,22.88,49.55,True
1276,900,11,1,115.23,115.23,2025-01-23,completed,,South,115.23,2025-01-23,Home Item 03,Home,73.04,115.23,True
1277,901,22,1,75.66,75.66,2025-01-23,completed,,Central,75.66,2025-01-23,Beauty Item 06,Beauty,36.14,75.66,True
1278,902,14,1,61.39,61.39,2025-01-23,completed,,Central,119.1,2025-01-23,Home Item 06,Home,36.75,61.39,True
1279,902,3,1,57.71,57.71,2025-01-23,completed,,Central,119.1,2025-01-23,Electronics Item 03,Electronics,26.19,57.71,True
1280,903,3,1,57.71,57.71,2025-01-23,completed,,Central,392.04,2025-01-23,Electronics Item 03,Electronics,26.19,57.71,True
1281,903,10,1,163.05,163.05,2025-01-23,completed,,Central,392.04,2025-01-23,Home Item 02,Home,76.01,163.05,True
1282,903,33,1,171.28,171.28,2025-01-23,completed,,Central,392.04,2025-01-23,Fashion Item 01,Fashion,77.9,171.28,True
1283,904,42,1,138.05,138.05,2025-01-23,completed,,South,138.05,2025-01-23,Grocery Item 02,Grocery,61.43,138.05,True
1284,905,33,2,171.28,342.56,2025-01-23,completed,,Central,495.09000000000003,2025-01-23,Fashion Item 01,Fashion,77.9,171.28,True
1285,905,19,1,152.53,152.53,2025-01-23,completed,,Central,495.09000000000003,2025-01-23,Beauty Item 03,Beauty,83.95,152.53,True
1286,906,10,1,163.05,163.05,2025-01-23,completed,,North,264.3,2025-01-23,Home Item 02,Home,76.01,163.05,True
1287,906,17,1,101.25,101.25,2025-01-23,completed,,North,264.3,2025-01-23,Beauty Item 01,Beauty,68.35,101.25,True
1288,907,12,1,117.99,117.99,2025-01-23,completed,,South,117.99,2025-01-23,Home Item 04,Home,58.96,117.99,True
1289,908,19,1,152.53,152.53,2025-01-23,processing,,South,315.58000000000004,2025-01-23,Beauty Item 03,Beauty,83.95,152.53,True
1290,908,10,1,163.05,163.05,2025-01-23,processing,,South,315.58000000000004,2025-01-23,Home Item 02,Home,76.01,163.05,True
1291,909,27,3,24.68,74.04,2025-01-23,completed,,South,74.04,2025-01-23,Sports Item 03,Sports,10.9,24.68,True
1292,910,30,1,67.9,67.9,2025-01-23,completed,,Central,67.9,2025-01-23,Sports Item 06,Sports,46.01,67.9,True
1293,911,14,2,61.39,122.78,2025-01-23,completed,,South,122.78,2025-01-23,Home Item 06,Home,36.75,61.39,True
1294,912,40,2,202.48,404.96,2025-01-23,refunded,,Central,404.96,2025-01-23,Fashion Item 08,Fashion,92.66,202.48,False
1295,913,19,1,152.53,152.53,2025-01-23,completed,,Central,270.52,2025-01-23,Beauty Item 03,Beauty,83.95,152.53,True
1296,913,12,1,117.99,117.99,2025-01-23,completed,,Central,270.52,2025-01-23,Home Item 04,Home,58.96,117.99,True
1297,914,42,1,138.05,138.05,2025-01-23,completed,,South,138.05,2025-01-23,Grocery Item 02,Grocery,61.43,138.05,True
1298,915,36,1,53.45,53.45,2025-01-23,completed,,North,65.67,2025-01-23,Fashion Item 04,Fashion,28.42,53.45,True
1299,915,32,1,12.22,12.22,2025-01-23,completed,,North,65.67,2025-01-23,Sports Item 08,Sports,7.11,12.22,True
1300,916,43,1,24.61,24.61,2025-01-23,completed,,South,24.61,2025-01-23,Grocery Item 03,Grocery,11.56,24.61,True
1301,917,31,1,19.71,19.71,2025-01-23,processing,,Central,19.71,2025-01-23,Sports Item 07,Sports,11.9,19.71,True
1302,918,36,1,53.45,53.45,2025-01-23,completed,,Central,53.45,2025-01-23,Fashion Item 04,Fashion,28.42,53.45,True
1303,919,12,1,117.99,117.99,2025-01-23,refunded,,South,117.99,2025-01-23,Home Item 04,Home,58.96,117.99,False
1304,920,21,1,78.32,78.32,2025-01-23,completed,,North,78.32,2025-01-23,Beauty Item 05,Beauty,34.88,78.32,True
1305,921,28,1,84.15,84.15,2025-01-23,completed,,North,84.15,2025-01-23,Sports Item 04,Sports,39.74,84.15,True
1306,922,21,1,78.32,78.32,2025-01-23,completed,,North,78.32,2025-01-23,Beauty Item 05,Beauty,34.88,78.32,True
1307,923,35,1,157.65,157.65,2025-01-23,completed,,Central,295.70000000000005,2025-01-23,Fashion Item 03,Fashion,77.82,157.65,True
1308,923,42,1,138.05,138.05,2025-01-23,completed,,Central,295.70000000000005,2025-01-23,Grocery Item 02,Grocery,61.43,138.05,True
1309,924,18,1,37.74,37.74,2025-01-23,completed,,Central,37.74,2025-01-23,Beauty Item 02,Beauty,18.64,37.74,True
1310,925,8,1,20.47,20.47,2025-01-23,completed,,East,135.7,2025-01-23,Electronics Item 08,Electronics,12.26,20.47,True
1311,925,11,1,115.23,115.23,2025-01-23,completed,,East,135.7,2025-01-23,Home Item 03,Home,73.04,115.23,True
1312,926,44,1,69.13,69.13,2025-01-23,completed,,East,118.67999999999999,2025-01-23,Grocery Item 04,Grocery,46.32,69.13,True
1313,926,41,1,49.55,49.55,2025-01-23,completed,,East,118.67999999999999,2025-01-23,Grocery Item 01,Grocery,22.88,49.55,True
1314,927,28,1,84.15,84.15,2025-01-23,completed,,North,84.15,2025-01-23,Sports Item 04,Sports,39.74,84.15,True
1315,928,30,1,67.9,67.9,2025-01-23,completed,,South,316.42,2025-01-23,Sports Item 06,Sports,46.01,67.9,True
1316,928,26,2,124.26,248.52,2025-01-23,completed,,South,316.42,2025-01-23,Sports Item 02,Sports,72.7,124.26,True
1317,929,10,1,163.05,163.05,2025-01-23,completed,,North,163.05,2025-01-23,Home Item 02,Home,76.01,163.05,True
1318,930,25,1,43.73,43.73,2025-01-23,completed,,East,127.88,2025-01-23,Sports Item 01,Sports,20.88,43.73,True
1319,930,28,1,84.15,84.15,2025-01-23,completed,,East,127.88,2025-01-23,Sports Item 04,Sports,39.74,84.15,True
1320,931,10,1,163.05,163.05,2025-01-23,completed,,North,187.66000000000003,2025-01-23,Home Item 02,Home,76.01,163.05,True
1321,931,43,1,24.61,24.61,2025-01-23,completed,,North,187.66000000000003,2025-01-23,Grocery Item 03,Grocery,11.56,24.61,True
1322,932,37,1,141.93,141.93,2025-01-23,completed,,East,255.99,2025-01-23,Fashion Item 05,Fashion,76.85,141.93,True
1323,932,1,1,114.06,114.06,2025-01-23,completed,,East,255.99,2025-01-23,Electronics Item 01,Electronics,75.52,114.06,True
1324,933,30,1,67.9,67.9,2025-01-23,completed,,East,67.9,2025-01-23,Sports Item 06,Sports,46.01,67.9,True
1325,934,43,1,24.61,24.61,2025-01-23,refunded,,North,24.61,2025-01-23,Grocery Item 03,Grocery,11.56,24.61,False
1326,935,3,1,57.71,57.71,2025-01-23,completed,,North,111.16,2025-01-23,Electronics Item 03,Electronics,26.19,57.71,True
1327,935,36,1,53.45,53.45,2025-01-23,completed,,North,111.16,2025-01-23,Fashion Item 04,Fashion,28.42,53.45,True
1328,936,12,1,117.99,117.99,2025-01-23,completed,,East,117.99,2025-01-23,Home Item 04,Home,58.96,117.99,True
1329,937,8,1,20.47,20.47,2025-01-23,completed,,South,20.47,2025-01-23,Electronics Item 08,Electronics,12.26,20.47,True
1330,938,40,2,202.48,404.96,2025-01-23,completed,,North,488.12,2025-01-23,Fashion Item 08,Fashion,92.66,202.48,True
1331,938,23,1,83.16,83.16,2025-01-23,completed,,North,488.12,2025-01-23,Beauty Item 07,Beauty,39.32,83.16,True
1332,939,34,2,43.74,87.48,2025-01-23,processing,,East,87.48,2025-01-23,Fashion Item 02,Fashion,22.77,43.74,True
1333,940,35,1,157.65,157.65,2025-01-23,completed,,North,157.65,2025-01-23,Fashion Item 03,Fashion,77.82,157.65,True
1334,941,37,3,141.93,425.79,2025-01-24,completed,,East,549.85,2025-01-24,Fashion Item 05,Fashion,76.85,141.93,True
1335,941,39,1,124.06,124.06,2025-01-24,completed,,East,549.85,2025-01-24,Fashion Item 07,Fashion,65.04,124.06,True
1336,942,42,2,138.05,276.1,2025-01-24,completed,,East,310.81,2025-01-24,Grocery Item 02,Grocery,61.43,138.05,True
1337,942,13,1,34.71,34.71,2025-01-24,completed,,East,310.81,2025-01-24,Home Item 05,Home,15.9,34.71,True
1338,943,25,2,43.73,87.46,2025-01-24,processing,,Central,87.46,2025-01-24,Sports Item 01,Sports,20.88,43.73,True
1339,944,31,1,19.71,19.71,2025-01-24,completed,,South,19.71,2025-01-24,Sports Item 07,Sports,11.9,19.71,True
1340,945,35,1,157.65,157.65,2025-01-24,completed,,East,157.65,2025-01-24,Fashion Item 03,Fashion,77.82,157.65,True
1341,946,10,2,163.05,326.1,2025-01-24,completed,,South,326.1,2025-01-24,Home Item 02,Home,76.01,163.05,True
1342,947,17,1,101.25,101.25,2025-01-24,cancelled,,Central,189.45,2025-01-24,Beauty Item 01,Beauty,68.35,101.25,False
1343,947,6,1,88.2,88.2,2025-01-24,cancelled,,Central,189.45,2025-01-24,Electronics Item 06,Electronics,39.5,88.2,False
1344,948,23,1,83.16,83.16,2025-01-24,completed,,East,83.16,2025-01-24,Beauty Item 07,Beauty,39.32,83.16,True
1345,949,34,1,43.74,43.74,2025-01-24,completed,,South,43.74,2025-01-24,Fashion Item 02,Fashion,22.77,43.74,True
1346,950,29,2,9.2,18.4,2025-01-24,processing,,East,18.4,2025-01-24,Sports Item 05,Sports,4.26,9.2,True
1347,951,47,1,21.34,21.34,2025-01-24,completed,,North,65.08,2025-01-24,Grocery Item 07,Grocery,13.74,21.34,True
1348,951,34,1,43.74,43.74,2025-01-24,completed,,North,65.08,2025-01-24,Fashion Item 02,Fashion,22.77,43.74,True
1349,952,42,1,138.05,138.05,2025-01-24,completed,,East,222.20000000000002,2025-01-24,Grocery Item 02,Grocery,61.43,138.05,True
1350,952,28,1,84.15,84.15,2025-01-24,completed,,East,222.20000000000002,2025-01-24,Sports Item 04,Sports,39.74,84.15,True
1351,953,46,1,125.88,125.88,2025-01-24,completed,,North,210.91,2025-01-24,Grocery Item 06,Grocery,73.75,125.88,True
1352,953,45,1,31.58,31.58,2025-01-24,completed,,North,210.91,2025-01-24,Grocery Item 05,Grocery,18.68,31.58,True
1353,953,36,1,53.45,53.45,2025-01-24,completed,,North,210.91,2025-01-24,Fashion Item 04,Fashion,28.42,53.45,True
1354,954,13,1,34.71,34.71,2025-01-24,processing,,South,261.69,2025-01-24,Home Item 05,Home,15.9,34.71,True
1355,954,22,3,75.66,226.98,2025-01-24,processing,,South,261.69,2025-01-24,Beauty Item 06,Beauty,36.14,75.66,True
1356,955,21,2,78.32,156.64,2025-01-24,completed,,East,156.64,2025-01-24,Beauty Item 05,Beauty,34.88,78.32,True
1357,956,28,1,84.15,84.15,2025-01-24,completed,,North,84.15,2025-01-24,Sports Item 04,Sports,39.74,84.15,True
1358,957,8,1,20.47,20.47,2025-01-24,completed,,Central,281.13,2025-01-24,Electronics Item 08,Electronics,12.26,20.47,True
1359,957,12,2,117.99,235.98,2025-01-24,completed,,Central,281.13,2025-01-24,Home Item 04,Home,58.96,117.99,True
1360,957,27,1,24.68,24.68,2025-01-24,completed,,Central,281.13,2025-01-24,Sports Item 03,Sports,10.9,24.68,True
1361,958,32,2,12.22,24.44,2025-01-24,completed,,Central,85.83,2025-01-24,Sports Item 08,Sports,7.11,12.22,True
1362,958,14,1,61.39,61.39,2025-01-24,completed,,Central,85.83,2025-01-24,Home Item 06,Home,36.75,61.39,True
1363,959,15,1,173.9,173.9,2025-01-24,cancelled,,East,173.9,2025-01-24,Home Item 07,Home,83.24,173.9,False
1364,960,40,2,202.48,404.96,2025-01-24,processing,,North,404.96,2025-01-24,Fashion Item 08,Fashion,92.66,202.48,True
1365,961,35,2,157.65,315.3,2025-01-24,completed,,Central,315.3,2025-01-24,Fashion Item 03,Fashion,77.82,157.65,True
1366,962,30,1,67.9,67.9,2025-01-24,completed,,East,220.43,2025-01-24,Sports Item 06,Sports,46.01,67.9,True
1367,962,19,1,152.53,152.53,2025-01-24,completed,,East,220.43,2025-01-24,Beauty Item 03,Beauty,83.95,152.53,True
1368,963,35,1,157.65,157.65,2025-01-24,completed,,South,266.32,2025-01-24,Fashion Item 03,Fashion,77.82,157.65,True
1369,963,8,1,20.47,20.47,2025-01-24,completed,,South,266.32,2025-01-24,Electronics Item 08,Electronics,12.26,20.47,True
1370,963,6,1,88.2,88.2,2025-01-24,completed,,South,266.32,2025-01-24,Electronics Item 06,Electronics,39.5,88.2,True
1371,964,44,2,69.13,138.26,2025-01-24,completed,,East,138.26,2025-01-24,Grocery Item 04,Grocery,46.32,69.13,True
1372,965,8,2,20.47,40.94,2025-01-24,processing,,North,53.16,2025-01-24,Electronics Item 08,Electronics,12.26,20.47,True
1373,965,32,1,12.22,12.22,2025-01-24,processing,,North,53.16,2025-01-24,Sports Item 08,Sports,7.11,12.22,True
1374,966,13,2,34.71,69.42,2025-01-24,processing,,Central,230.09,2025-01-24,Home Item 05,Home,15.9,34.71,True
1375,966,6,1,88.2,88.2,2025-01-24,processing,,Central,230.09,2025-01-24,Electronics Item 06,Electronics,39.5,88.2,True
1376,966,4,1,72.47,72.47,2025-01-24,processing,,Central,230.09,2025-01-24,Electronics Item 04,Electronics,34.44,72.47,True
1377,967,45,1,31.58,31.58,2025-01-24,completed,,South,114.74,2025-01-24,Grocery Item 05,Grocery,18.68,31.58,True
1378,967,23,1,83.16,83.16,2025-01-24,completed,,South,114.74,2025-01-24,Beauty Item 07,Beauty,39.32,83.16,True
1379,968,12,2,117.99,235.98,2025-01-24,completed,,East,235.98,2025-01-24,Home Item 04,Home,58.96,117.99,True
1380,969,28,1,84.15,84.15,2025-01-24,processing,,North,84.15,2025-01-24,Sports Item 04,Sports,39.74,84.15,True
1381,970,3,1,57.71,57.71,2025-01-24,completed,,South,224.03,2025-01-24,Electronics Item 03,Electronics,26.19,57.71,True
1382,970,23,2,83.16,166.32,2025-01-24,completed,,South,224.03,2025-01-24,Beauty Item 07,Beauty,39.32,83.16,True
1383,971,21,1,78.32,78.32,2025-01-24,cancelled,,South,146.22,2025-01-24,Beauty Item 05,Beauty,34.88,78.32,False
1384,971,30,1,67.9,67.9,2025-01-24,cancelled,,South,146.22,2025-01-24,Sports Item 06,Sports,46.01,67.9,False
1385,972,20,1,42.3,42.3,2025-01-24,completed,,North,42.3,2025-01-24,Beauty Item 04,Beauty,18.73,42.3,True
1386,973,22,1,75.66,75.66,2025-01-24,processing,,Central,75.66,2025-01-24,Beauty Item 06,Beauty,36.14,75.66,True
1387,974,2,1,100.26,100.26,2025-01-24,cancelled,,Central,100.26,2025-01-24,Electronics Item 02,Electronics,54.16,100.26,False
1388,975,37,1,141.93,141.93,2025-01-24,completed,,South,141.93,2025-01-24,Fashion Item 05,Fashion,76.85,141.93,True
1389,976,23,1,83.16,83.16,2025-01-24,completed,,Central,83.16,2025-01-24,Beauty Item 07,Beauty,39.32,83.16,True
1390,977,13,2,34.71,69.42,2025-01-24,cancelled,,South,69.42,2025-01-24,Home Item 05,Home,15.9,34.71,False
1391,978,28,1,84.15,84.15,2025-01-24,completed,,North,84.15,2025-01-24,Sports Item 04,Sports,39.74,84.15,True
1392,979,26,1,124.26,124.26,2025-01-24,completed,,Central,124.26,2025-01-24,Sports Item 02,Sports,72.7,124.26,True
1393,980,19,2,152.53,305.06,2025-01-24,completed,,North,305.06,2025-01-24,Beauty Item 03,Beauty,83.95,152.53,True
1394,981,36,2,53.45,106.9,2025-01-24,processing,,East,106.9,2025-01-24,Fashion Item 04,Fashion,28.42,53.45,True
1395,982,37,1,141.93,141.93,2025-01-24,completed,,East,141.93,2025-01-24,Fashion Item 05,Fashion,76.85,141.93,True
1396,983,34,1,43.74,43.74,2025-01-24,refunded,,South,395.5,2025-01-24,Fashion Item 02,Fashion,22.77,43.74,False
1397,983,22,1,75.66,75.66,2025-01-24,refunded,,South,395.5,2025-01-24,Beauty Item 06,Beauty,36.14,75.66,False
1398,983,42,2,138.05,276.1,2025-01-24,refunded,,South,395.5,2025-01-24,Grocery Item 02,Grocery,61.43,138.05,False
1399,984,46,1,125.88,125.88,2025-01-25,completed,,Central,125.88,2025-01-25,Grocery Item 06,Grocery,73.75,125.88,True
1400,985,47,1,21.34,21.34,2025-01-25,completed,,East,21.34,2025-01-25,Grocery Item 07,Grocery,13.74,21.34,True
1401,986,44,1,69.13,69.13,2025-01-25,cancelled,,North,69.13,2025-01-25,Grocery Item 04,Grocery,46.32,69.13,False
1402,987,41,1,49.55,49.55,2025-01-25,completed,,Central,49.55,2025-01-25,Grocery Item 01,Grocery,22.88,49.55,True
1403,988,8,1,20.47,20.47,2025-01-25,completed,,Central,143.25,2025-01-25,Electronics Item 08,Electronics,12.26,20.47,True
1404,988,14,2,61.39,122.78,2025-01-25,completed,,Central,143.25,2025-01-25,Home Item 06,Home,36.75,61.39,True
1405,989,32,2,12.22,24.44,2025-01-25,completed,,Central,24.44,2025-01-25,Sports Item 08,Sports,7.11,12.22,True
1406,990,33,1,171.28,171.28,2025-01-25,cancelled,,North,171.28,2025-01-25,Fashion Item 01,Fashion,77.9,171.28,False
1407,991,30,2,67.9,135.8,2025-01-25,completed,,East,135.8,2025-01-25,Sports Item 06,Sports,46.01,67.9,True
1408,992,1,2,114.06,228.12,2025-01-25,completed,,South,228.12,2025-01-25,Electronics Item 01,Electronics,75.52,114.06,True
1409,993,36,1,53.45,53.45,2025-01-25,refunded,,North,53.45,2025-01-25,Fashion Item 04,Fashion,28.42,53.45,False
1410,994,35,1,157.65,157.65,2025-01-25,completed,,South,157.65,2025-01-25,Fashion Item 03,Fashion,77.82,157.65,True
1411,995,28,2,84.15,168.3,2025-01-25,completed,,East,168.3,2025-01-25,Sports Item 04,Sports,39.74,84.15,True
1412,996,25,1,43.73,43.73,2025-01-25,completed,,South,43.73,2025-01-25,Sports Item 01,Sports,20.88,43.73,True
1413,997,10,1,163.05,163.05,2025-01-25,unknown_status,,East,220.76000000000002,2025-01-25,Home Item 02,Home,76.01,163.05,False
1414,997,3,1,57.71,57.71,2025-01-25,unknown_status,,East,220.76000000000002,2025-01-25,Electronics Item 03,Electronics,26.19,57.71,False
1415,998,36,1,53.45,53.45,2025-01-25,unknown_status,,South,53.45,2025-01-25,Fashion Item 04,Fashion,28.42,53.45,False
1416,999,3,2,57.71,115.42,2025-01-25,completed,,East,115.42,2025-01-25,Electronics Item 03,Electronics,26.19,57.71,True
1417,1000,40,1,202.48,202.48,2025-01-25,completed,,East,202.48,2025-01-25,Fashion Item 08,Fashion,92.66,202.48,True
1418,1001,44,1,69.13,69.13,2025-01-25,processing,,Central,588.7,2025-01-25,Grocery Item 04,Grocery,46.32,69.13,True
1419,1001,37,1,141.93,141.93,2025-01-25,processing,,Central,588.7,2025-01-25,Fashion Item 05,Fashion,76.85,141.93,True
1420,1001,46,3,125.88,377.64,2025-01-25,processing,,Central,588.7,2025-01-25,Grocery Item 06,Grocery,73.75,125.88,True
1421,1002,10,1,163.05,163.05,2025-01-25,completed,,South,163.05,2025-01-25,Home Item 02,Home,76.01,163.05,True
1422,1003,38,1,81.08,81.08,2025-01-25,completed,,North,81.08,2025-01-25,Fashion Item 06,Fashion,44.22,81.08,True
1423,1004,35,1,157.65,157.65,2025-01-25,completed,,North,157.65,2025-01-25,Fashion Item 03,Fashion,77.82,157.65,True
1424,1005,32,1,12.22,12.22,2025-01-25,completed,,South,12.22,2025-01-25,Sports Item 08,Sports,7.11,12.22,True
1425,1006,17,1,101.25,101.25,2025-01-25,refunded,,Central,101.25,2025-01-25,Beauty Item 01,Beauty,68.35,101.25,False
1426,1007,3,1,57.71,57.71,2025-01-25,completed,,East,57.71,2025-01-25,Electronics Item 03,Electronics,26.19,57.71,True
1427,1008,4,3,72.47,217.41,2025-01-25,completed,,South,217.41,2025-01-25,Electronics Item 04,Electronics,34.44,72.47,True
1428,1009,8,1,20.47,20.47,2025-01-25,completed,,South,134.53,2025-01-25,Electronics Item 08,Electronics,12.26,20.47,True
1429,1009,1,1,114.06,114.06,2025-01-25,completed,,South,134.53,2025-01-25,Electronics Item 01,Electronics,75.52,114.06,True
1430,1010,44,1,69.13,69.13,2025-01-25,processing,,Central,69.13,2025-01-25,Grocery Item 04,Grocery,46.32,69.13,True
1431,1011,43,1,24.61,24.61,2025-01-25,processing,,North,107.77,2025-01-25,Grocery Item 03,Grocery,11.56,24.61,True
1432,1011,23,1,83.16,83.16,2025-01-25,processing,,North,107.77,2025-01-25,Beauty Item 07,Beauty,39.32,83.16,True
1433,1012,43,1,24.61,24.61,2025-01-25,completed,,South,24.61,2025-01-25,Grocery Item 03,Grocery,11.56,24.61,True
1434,1013,44,1,69.13,69.13,2025-01-25,completed,,South,69.13,2025-01-25,Grocery Item 04,Grocery,46.32,69.13,True
1435,1014,22,1,75.66,75.66,2025-01-25,completed,,North,233.31,2025-01-25,Beauty Item 06,Beauty,36.14,75.66,True
1436,1014,35,1,157.65,157.65,2025-01-25,completed,,North,233.31,2025-01-25,Fashion Item 03,Fashion,77.82,157.65,True
1437,1015,28,1,84.15,84.15,2025-01-25,completed,,North,84.15,2025-01-25,Sports Item 04,Sports,39.74,84.15,True
1438,1016,41,3,49.55,148.65,2025-01-25,completed,,South,234.68,2025-01-25,Grocery Item 01,Grocery,22.88,49.55,True
1439,1016,25,1,43.73,43.73,2025-01-25,completed,,South,234.68,2025-01-25,Sports Item 01,Sports,20.88,43.73,True
1440,1016,20,1,42.3,42.3,2025-01-25,completed,,South,234.68,2025-01-25,Beauty Item 04,Beauty,18.73,42.3,True
1441,1017,26,2,124.26,248.52,2025-01-25,completed,,South,248.52,2025-01-25,Sports Item 02,Sports,72.7,124.26,True
1442,1018,14,2,61.39,122.78,2025-01-25,completed,,South,143.25,2025-01-25,Home Item 06,Home,36.75,61.39,True
1443,1018,8,1,20.47,20.47,2025-01-25,completed,,South,143.25,2025-01-25,Electronics Item 08,Electronics,12.26,20.47,True
1444,1019,43,1,24.61,24.61,2025-01-25,completed,,East,78.06,2025-01-25,Grocery Item 03,Grocery,11.56,24.61,True
1445,1019,36,1,53.45,53.45,2025-01-25,completed,,East,78.06,2025-01-25,Fashion Item 04,Fashion,28.42,53.45,True
1446,1020,17,3,101.25,303.75,2025-01-25,completed,,East,303.75,2025-01-25,Beauty Item 01,Beauty,68.35,101.25,True
1447,1021,18,1,37.74,37.74,2025-01-25,processing,,South,37.74,2025-01-25,Beauty Item 02,Beauty,18.64,37.74,True
1448,1022,28,1,84.15,84.15,2025-01-25,completed,,North,236.68,2025-01-25,Sports Item 04,Sports,39.74,84.15,True
1449,1022,19,1,152.53,152.53,2025-01-25,completed,,North,236.68,2025-01-25,Beauty Item 03,Beauty,83.95,152.53,True
1450,1023,28,1,84.15,84.15,2025-01-25,completed,,East,84.15,2025-01-25,Sports Item 04,Sports,39.74,84.15,True
1451,1024,3,1,57.71,57.71,2025-01-25,completed,,North,57.71,2025-01-25,Electronics Item 03,Electronics,26.19,57.71,True
1452,1025,12,2,117.99,235.98,2025-01-25,completed,,Central,235.98,2025-01-25,Home Item 04,Home,58.96,117.99,True
1453,1026,44,1,69.13,69.13,2025-01-25,completed,,South,349.93,2025-01-25,Grocery Item 04,Grocery,46.32,69.13,True
1454,1026,36,2,53.45,106.9,2025-01-25,completed,,South,349.93,2025-01-25,Fashion Item 04,Fashion,28.42,53.45,True
1455,1026,15,1,173.9,173.9,2025-01-25,completed,,South,349.93,2025-01-25,Home Item 07,Home,83.24,173.9,True
1456,1027,12,1,117.99,117.99,2025-01-25,completed,,South,117.99,2025-01-25,Home Item 04,Home,58.96,117.99,True
1457,1028,28,2,84.15,168.3,2025-01-25,unknown_status,,East,168.3,2025-01-25,Sports Item 04,Sports,39.74,84.15,False
1458,1029,22,1,75.66,75.66,2025-01-25,completed,,East,75.66,2025-01-25,Beauty Item 06,Beauty,36.14,75.66,True
1459,1030,47,1,21.34,21.34,2025-01-25,completed,,East,21.34,2025-01-25,Grocery Item 07,Grocery,13.74,21.34,True
1460,1031,4,1,72.47,72.47,2025-01-25,completed,,North,72.47,2025-01-25,Electronics Item 04,Electronics,34.44,72.47,True
1461,1032,8,1,20.47,20.47,2025-01-25,completed,,Central,20.47,2025-01-25,Electronics Item 08,Electronics,12.26,20.47,True
1462,1033,11,1,115.23,115.23,2025-01-25,completed,,East,184.36,2025-01-25,Home Item 03,Home,73.04,115.23,True
1463,1033,44,1,69.13,69.13,2025-01-25,completed,,East,184.36,2025-01-25,Grocery Item 04,Grocery,46.32,69.13,True
1464,1034,35,1,157.65,157.65,2025-01-25,completed,,East,330.45,2025-01-25,Fashion Item 03,Fashion,77.82,157.65,True
1465,1034,6,1,88.2,88.2,2025-01-25,completed,,East,330.45,2025-01-25,Electronics Item 06,Electronics,39.5,88.2,True
1466,1034,20,2,42.3,84.6,2025-01-25,completed,,East,330.45,2025-01-25,Beauty Item 04,Beauty,18.73,42.3,True
1467,1035,15,1,173.9,173.9,2025-01-25,processing,,North,173.9,2025-01-25,Home Item 07,Home,83.24,173.9,True
1468,1036,39,1,124.06,124.06,2025-01-25,completed,,East,124.06,2025-01-25,Fashion Item 07,Fashion,65.04,124.06,True
1469,1037,14,1,61.39,61.39,2025-01-25,completed,,North,61.39,2025-01-25,Home Item 06,Home,36.75,61.39,True
1470,1038,3,1,57.71,57.71,2025-01-25,completed,,South,57.71,2025-01-25,Electronics Item 03,Electronics,26.19,57.71,True
1471,1039,36,1,53.45,53.45,2025-01-25,completed,,North,53.45,2025-01-25,Fashion Item 04,Fashion,28.42,53.45,True
1472,1040,21,2,78.32,156.64,2025-01-25,completed,,Central,156.64,2025-01-25,Beauty Item 05,Beauty,34.88,78.32,True
1473,1041,32,1,12.22,12.22,2025-01-25,cancelled,,Central,12.22,2025-01-25,Sports Item 08,Sports,7.11,12.22,False
1474,1042,23,2,83.16,166.32,2025-01-25,completed,,South,191.0,2025-01-25,Beauty Item 07,Beauty,39.32,83.16,True
1475,1042,27,1,24.68,24.68,2025-01-25,completed,,South,191.0,2025-01-25,Sports Item 03,Sports,10.9,24.68,True
1476,1043,14,1,61.39,61.39,2025-01-25,processing,,North,61.39,2025-01-25,Home Item 06,Home,36.75,61.39,True
1477,1044,43,1,24.61,24.61,2025-01-25,completed,,Central,24.61,2025-01-25,Grocery Item 03,Grocery,11.56,24.61,True
1478,1045,32,1,12.22,12.22,2025-01-25,completed,,North,12.22,2025-01-25,Sports Item 08,Sports,7.11,12.22,True
1479,1046,26,2,124.26,248.52,2025-01-25,processing,,Central,309.91,2025-01-25,Sports Item 02,Sports,72.7,124.26,True
1480,1046,14,1,61.39,61.39,2025-01-25,processing,,Central,309.91,2025-01-25,Home Item 06,Home,36.75,61.39,True
1481,1047,43,1,24.61,24.61,2025-01-25,completed,,East,182.14,2025-01-25,Grocery Item 03,Grocery,11.56,24.61,True
1482,1047,11,1,115.23,115.23,2025-01-25,completed,,East,182.14,2025-01-25,Home Item 03,Home,73.04,115.23,True
1483,1047,20,1,42.3,42.3,2025-01-25,completed,,East,182.14,2025-01-25,Beauty Item 04,Beauty,18.73,42.3,True
1484,1048,29,1,9.2,9.2,2025-01-26,completed,,North,9.2,2025-01-26,Sports Item 05,Sports,4.26,9.2,True
1485,1049,10,1,163.05,163.05,2025-01-26,completed,,North,163.05,2025-01-26,Home Item 02,Home,76.01,163.05,True
1486,1050,28,1,84.15,84.15,2025-01-26,processing,,South,84.15,2025-01-26,Sports Item 04,Sports,39.74,84.15,True
1487,1051,1,1,114.06,114.06,2025-01-26,completed,,Central,114.06,2025-01-26,Electronics Item 01,Electronics,75.52,114.06,True
1488,1052,21,2,78.32,156.64,2025-01-26,completed,,Central,200.38,2025-01-26,Beauty Item 05,Beauty,34.88,78.32,True
1489,1052,34,1,43.74,43.74,2025-01-26,completed,,Central,200.38,2025-01-26,Fashion Item 02,Fashion,22.77,43.74,True
1490,1053,20,1,42.3,42.3,2025-01-26,completed,,East,42.3,2025-01-26,Beauty Item 04,Beauty,18.73,42.3,True
1491,1054,31,2,19.71,39.42,2025-01-26,completed,,Central,39.42,2025-01-26,Sports Item 07,Sports,11.9,19.71,True
1492,1055,28,1,84.15,84.15,2025-01-26,refunded,,Central,105.49000000000001,2025-01-26,Sports Item 04,Sports,39.74,84.15,False
1493,1055,47,1,21.34,21.34,2025-01-26,refunded,,Central,105.49000000000001,2025-01-26,Grocery Item 07,Grocery,13.74,21.34,False
1494,1056,39,1,124.06,124.06,2025-01-26,processing,,Central,324.58000000000004,2025-01-26,Fashion Item 07,Fashion,65.04,124.06,True
1495,1056,2,2,100.26,200.52,2025-01-26,processing,,Central,324.58000000000004,2025-01-26,Electronics Item 02,Electronics,54.16,100.26,True
1496,1057,15,1,173.9,173.9,2025-01-26,completed,,South,173.9,2025-01-26,Home Item 07,Home,83.24,173.9,True
1497,1058,13,1,34.71,34.71,2025-01-26,completed,,South,95.86,2025-01-26,Home Item 05,Home,15.9,34.71,True
1498,1058,5,1,61.15,61.15,2025-01-26,completed,,South,95.86,2025-01-26,Electronics Item 05,Electronics,33.0,61.15,True
1499,1059,8,1,20.47,20.47,2025-01-26,completed,,East,20.47,2025-01-26,Electronics Item 08,Electronics,12.26,20.47,True
1500,1060,10,2,163.05,326.1,2025-01-26,completed,,East,399.71000000000004,2025-01-26,Home Item 02,Home,76.01,163.05,True
1501,1060,14,1,61.39,61.39,2025-01-26,completed,,East,399.71000000000004,2025-01-26,Home Item 06,Home,36.75,61.39,True
1502,1060,32,1,12.22,12.22,2025-01-26,completed,,East,399.71000000000004,2025-01-26,Sports Item 08,Sports,7.11,12.22,True
1503,1061,42,1,138.05,138.05,2025-01-26,processing,,East,175.79000000000002,2025-01-26,Grocery Item 02,Grocery,61.43,138.05,True
1504,1061,18,1,37.74,37.74,2025-01-26,processing,,East,175.79000000000002,2025-01-26,Beauty Item 02,Beauty,18.64,37.74,True
1505,1062,19,1,152.53,152.53,2025-01-26,completed,,North,152.53,2025-01-26,Beauty Item 03,Beauty,83.95,152.53,True
1506,1063,22,1,75.66,75.66,2025-01-26,completed,,North,118.34,2025-01-26,Beauty Item 06,Beauty,36.14,75.66,True
1507,1063,47,2,21.34,42.68,2025-01-26,completed,,North,118.34,2025-01-26,Grocery Item 07,Grocery,13.74,21.34,True
1508,1064,36,1,53.45,53.45,2025-01-26,completed,,Central,53.45,2025-01-26,Fashion Item 04,Fashion,28.42,53.45,True
1509,1065,25,2,43.73,87.46,2025-01-26,processing,,North,87.46,2025-01-26,Sports Item 01,Sports,20.88,43.73,True
1510,1066,15,1,173.9,173.9,2025-01-26,completed,,Central,219.05,2025-01-26,Home Item 07,Home,83.24,173.9,True
1511,1066,27,1,24.68,24.68,2025-01-26,completed,,Central,219.05,2025-01-26,Sports Item 03,Sports,10.9,24.68,True
1512,1066,8,1,20.47,20.47,2025-01-26,completed,,Central,219.05,2025-01-26,Electronics Item 08,Electronics,12.26,20.47,True
1513,1067,37,1,141.93,141.93,2025-01-26,cancelled,,South,141.93,2025-01-26,Fashion Item 05,Fashion,76.85,141.93,False
1514,1068,9,1,59.69,59.69,2025-01-26,completed,,Central,59.69,2025-01-26,Home Item 01,Home,38.0,59.69,True
1515,1069,40,2,202.48,404.96,2025-01-26,completed,,Central,404.96,2025-01-26,Fashion Item 08,Fashion,92.66,202.48,True
1516,1070,23,1,83.16,83.16,2025-01-26,completed,,Central,278.92,2025-01-26,Beauty Item 07,Beauty,39.32,83.16,True
1517,1070,42,1,138.05,138.05,2025-01-26,completed,,Central,278.92,2025-01-26,Grocery Item 02,Grocery,61.43,138.05,True
1518,1070,3,1,57.71,57.71,2025-01-26,completed,,Central,278.92,2025-01-26,Electronics Item 03,Electronics,26.19,57.71,True
1519,1071,13,1,34.71,34.71,2025-01-26,completed,,North,34.71,2025-01-26,Home Item 05,Home,15.9,34.71,True
1520,1072,12,2,117.99,235.98,2025-01-26,completed,,East,409.88,2025-01-26,Home Item 04,Home,58.96,117.99,True
1521,1072,15,1,173.9,173.9,2025-01-26,completed,,East,409.88,2025-01-26,Home Item 07,Home,83.24,173.9,True
1522,1073,8,1,20.47,20.47,2025-01-26,completed,,North,20.47,2025-01-26,Electronics Item 08,Electronics,12.26,20.47,True
1523,1074,45,1,31.58,31.58,2025-01-26,processing,,East,31.58,2025-01-26,Grocery Item 05,Grocery,18.68,31.58,True
1524,1075,36,1,53.45,53.45,2025-01-26,processing,,North,65.67,2025-01-26,Fashion Item 04,Fashion,28.42,53.45,True
1525,1075,32,1,12.22,12.22,2025-01-26,processing,,North,65.67,2025-01-26,Sports Item 08,Sports,7.11,12.22,True
1526,1076,5,1,61.15,61.15,2025-01-26,completed,,East,61.15,2025-01-26,Electronics Item 05,Electronics,33.0,61.15,True
1527,1077,19,1,152.53,152.53,2025-01-26,cancelled,,South,152.53,2025-01-26,Beauty Item 03,Beauty,83.95,152.53,False
1528,1078,41,1,49.55,49.55,2025-01-26,completed,,East,49.55,2025-01-26,Grocery Item 01,Grocery,22.88,49.55,True
1529,1079,28,1,84.15,84.15,2025-01-26,completed,,East,84.15,2025-01-26,Sports Item 04,Sports,39.74,84.15,True
1530,1080,10,2,163.05,326.1,2025-01-26,completed,,Central,326.1,2025-01-26,Home Item 02,Home,76.01,163.05,True
1531,1081,36,1,53.45,53.45,2025-01-26,completed,,Central,111.16,2025-01-26,Fashion Item 04,Fashion,28.42,53.45,True
1532,1081,3,1,57.71,57.71,2025-01-26,completed,,Central,111.16,2025-01-26,Electronics Item 03,Electronics,26.19,57.71,True
1533,1082,44,1,69.13,69.13,2025-01-26,completed,,South,69.13,2025-01-26,Grocery Item 04,Grocery,46.32,69.13,True
1534,1083,32,3,12.22,36.66,2025-01-26,completed,,South,36.66,2025-01-26,Sports Item 08,Sports,7.11,12.22,True
1535,1084,40,2,202.48,404.96,2025-01-26,completed,,East,522.9499999999999,2025-01-26,Fashion Item 08,Fashion,92.66,202.48,True
1536,1084,12,1,117.99,117.99,2025-01-26,completed,,East,522.9499999999999,2025-01-26,Home Item 04,Home,58.96,117.99,True
1537,1085,28,1,84.15,84.15,2025-01-26,completed,,South,247.20000000000002,2025-01-26,Sports Item 04,Sports,39.74,84.15,True
1538,1085,10,1,163.05,163.05,2025-01-26,completed,,South,247.20000000000002,2025-01-26,Home Item 02,Home,76.01,163.05,True
1539,1086,26,1,124.26,124.26,2025-01-26,completed,,North,124.26,2025-01-26,Sports Item 02,Sports,72.7,124.26,True
1540,1087,26,2,124.26,248.52,2025-01-26,unknown_status,,East,248.52,2025-01-26,Sports Item 02,Sports,72.7,124.26,False
1541,1088,21,1,78.32,78.32,2025-01-26,completed,,North,78.32,2025-01-26,Beauty Item 05,Beauty,34.88,78.32,True
1542,1089,35,1,157.65,157.65,2025-01-26,completed,,North,157.65,2025-01-26,Fashion Item 03,Fashion,77.82,157.65,True
1543,1090,42,1,138.05,138.05,2025-01-26,completed,,North,541.5500000000001,2025-01-26,Grocery Item 02,Grocery,61.43,138.05,True
1544,1090,35,2,157.65,315.3,2025-01-26,completed,,North,541.5500000000001,2025-01-26,Fashion Item 03,Fashion,77.82,157.65,True
1545,1090,6,1,88.2,88.2,2025-01-26,completed,,North,541.5500000000001,2025-01-26,Electronics Item 06,Electronics,39.5,88.2,True
1546,1091,35,1,157.65,157.65,2025-01-26,completed,,North,157.65,2025-01-26,Fashion Item 03,Fashion,77.82,157.65,True
1547,1092,24,1,29.56,29.56,2025-01-26,completed,,Central,29.56,2025-01-26,Beauty Item 08,Beauty,14.55,29.56,True
1548,1093,29,1,9.2,9.2,2025-01-26,completed,,North,181.2,2025-01-26,Sports Item 05,Sports,4.26,9.2,True
1549,1093,14,2,61.39,122.78,2025-01-26,completed,,North,181.2,2025-01-26,Home Item 06,Home,36.75,61.39,True
1550,1093,43,2,24.61,49.22,2025-01-26,completed,,North,181.2,2025-01-26,Grocery Item 03,Grocery,11.56,24.61,True
1551,1094,10,2,163.05,326.1,2025-01-26,completed,,South,326.1,2025-01-26,Home Item 02,Home,76.01,163.05,True
1552,1095,42,1,138.05,138.05,2025-01-27,completed,,South,138.05,2025-01-27,Grocery Item 02,Grocery,61.43,138.05,True
1553,1096,36,1,53.45,53.45,2025-01-27,completed,,North,53.45,2025-01-27,Fashion Item 04,Fashion,28.42,53.45,True
1554,1097,19,1,152.53,152.53,2025-01-27,completed,,South,318.85,2025-01-27,Beauty Item 03,Beauty,83.95,152.53,True
1555,1097,23,2,83.16,166.32,2025-01-27,completed,,South,318.85,2025-01-27,Beauty Item 07,Beauty,39.32,83.16,True
1556,1098,30,1,67.9,67.9,2025-01-27,completed,,North,183.13,2025-01-27,Sports Item 06,Sports,46.01,67.9,True
1557,1098,11,1,115.23,115.23,2025-01-27,completed,,North,183.13,2025-01-27,Home Item 03,Home,73.04,115.23,True
1558,1099,35,1,157.65,157.65,2025-01-27,completed,,South,157.65,2025-01-27,Fashion Item 03,Fashion,77.82,157.65,True
1559,1100,21,1,78.32,78.32,2025-01-27,completed,,Central,78.32,2025-01-27,Beauty Item 05,Beauty,34.88,78.32,True
1560,1101,37,1,141.93,141.93,2025-01-27,completed,,Central,141.93,2025-01-27,Fashion Item 05,Fashion,76.85,141.93,True
1561,1102,44,1,69.13,69.13,2025-01-27,completed,,Central,89.6,2025-01-27,Grocery Item 04,Grocery,46.32,69.13,True
1562,1102,8,1,20.47,20.47,2025-01-27,completed,,Central,89.6,2025-01-27,Electronics Item 08,Electronics,12.26,20.47,True
1563,1103,12,1,117.99,117.99,2025-01-27,processing,,North,320.46999999999997,2025-01-27,Home Item 04,Home,58.96,117.99,True
1564,1103,40,1,202.48,202.48,2025-01-27,processing,,North,320.46999999999997,2025-01-27,Fashion Item 08,Fashion,92.66,202.48,True
1565,1104,32,1,12.22,12.22,2025-01-27,completed,,East,99.67999999999999,2025-01-27,Sports Item 08,Sports,7.11,12.22,True
1566,1104,25,2,43.73,87.46,2025-01-27,completed,,East,99.67999999999999,2025-01-27,Sports Item 01,Sports,20.88,43.73,True
1567,1105,14,2,61.39,122.78,2025-01-27,processing,,North,122.78,2025-01-27,Home Item 06,Home,36.75,61.39,True
1568,1106,12,1,117.99,117.99,2025-01-27,completed,,South,117.99,2025-01-27,Home Item 04,Home,58.96,117.99,True
1569,1107,45,1,31.58,31.58,2025-01-27,processing,,South,31.58,2025-01-27,Grocery Item 05,Grocery,18.68,31.58,True
1570,1108,32,1,12.22,12.22,2025-01-27,completed,,North,81.35,2025-01-27,Sports Item 08,Sports,7.11,12.22,True
1571,1108,44,1,69.13,69.13,2025-01-27,completed,,North,81.35,2025-01-27,Grocery Item 04,Grocery,46.32,69.13,True
1572,1109,46,1,125.88,125.88,2025-01-27,completed,,North,283.53,2025-01-27,Grocery Item 06,Grocery,73.75,125.88,True
1573,1109,35,1,157.65,157.65,2025-01-27,completed,,North,283.53,2025-01-27,Fashion Item 03,Fashion,77.82,157.65,True
1574,1110,44,1,69.13,69.13,2025-01-27,completed,,South,152.29,2025-01-27,Grocery Item 04,Grocery,46.32,69.13,True
1575,1110,23,1,83.16,83.16,2025-01-27,completed,,South,152.29,2025-01-27,Beauty Item 07,Beauty,39.32,83.16,True
1576,1111,19,2,152.53,305.06,2025-01-27,completed,,South,305.06,2025-01-27,Beauty Item 03,Beauty,83.95,152.53,True
1577,1112,44,1,69.13,69.13,2025-01-27,completed,,North,69.13,2025-01-27,Grocery Item 04,Grocery,46.32,69.13,True
1578,1113,43,2,24.61,49.22,2025-01-27,completed,,Central,49.22,2025-01-27,Grocery Item 03,Grocery,11.56,24.61,True
1579,1114,46,2,125.88,251.76,2025-01-27,completed,,North,251.76,2025-01-27,Grocery Item 06,Grocery,73.75,125.88,True
1580,1115,8,3,20.47,61.41,2025-01-27,completed,,Central,165.91,2025-01-27,Electronics Item 08,Electronics,12.26,20.47,True
1581,1115,47,1,21.34,21.34,2025-01-27,completed,,Central,165.91,2025-01-27,Grocery Item 07,Grocery,13.74,21.34,True
1582,1115,23,1,83.16,83.16,2025-01-27,completed,,Central,165.91,2025-01-27,Beauty Item 07,Beauty,39.32,83.16,True
1583,1116,42,1,138.05,138.05,2025-01-27,completed,,North,357.09000000000003,2025-01-27,Grocery Item 02,Grocery,61.43,138.05,True
1584,1116,35,1,157.65,157.65,2025-01-27,completed,,North,357.09000000000003,2025-01-27,Fashion Item 03,Fashion,77.82,157.65,True
1585,1116,14,1,61.39,61.39,2025-01-27,completed,,North,357.09000000000003,2025-01-27,Home Item 06,Home,36.75,61.39,True
1586,1117,44,1,69.13,69.13,2025-01-27,completed,,East,69.13,2025-01-27,Grocery Item 04,Grocery,46.32,69.13,True
1587,1118,10,1,163.05,163.05,2025-01-27,completed,,South,200.79000000000002,2025-01-27,Home Item 02,Home,76.01,163.05,True
1588,1118,18,1,37.74,37.74,2025-01-27,completed,,South,200.79000000000002,2025-01-27,Beauty Item 02,Beauty,18.64,37.74,True
1589,1119,43,3,24.61,73.83,2025-01-27,completed,,East,155.93,2025-01-27,Grocery Item 03,Grocery,11.56,24.61,True
1590,1119,31,2,19.71,39.42,2025-01-27,completed,,East,155.93,2025-01-27,Sports Item 07,Sports,11.9,19.71,True
1591,1119,47,2,21.34,42.68,2025-01-27,completed,,East,155.93,2025-01-27,Grocery Item 07,Grocery,13.74,21.34,True
1592,1120,8,1,20.47,20.47,2025-01-27,completed,,East,92.94,2025-01-27,Electronics Item 08,Electronics,12.26,20.47,True
1593,1120,4,1,72.47,72.47,2025-01-27,completed,,East,92.94,2025-01-27,Electronics Item 04,Electronics,34.44,72.47,True
1594,1121,5,1,61.15,61.15,2025-01-27,completed,,Central,61.15,2025-01-27,Electronics Item 05,Electronics,33.0,61.15,True
1595,1122,10,1,163.05,163.05,2025-01-27,completed,,Central,163.05,2025-01-27,Home Item 02,Home,76.01,163.05,True
1596,1123,46,2,125.88,251.76,2025-01-27,completed,,Central,251.76,2025-01-27,Grocery Item 06,Grocery,73.75,125.88,True
1597,1124,30,1,67.9,67.9,2025-01-27,completed,,East,67.9,2025-01-27,Sports Item 06,Sports,46.01,67.9,True
1598,1125,28,1,84.15,84.15,2025-01-27,completed,,Central,84.15,2025-01-27,Sports Item 04,Sports,39.74,84.15,True
1599,1126,36,1,53.45,53.45,2025-01-27,completed,,North,53.45,2025-01-27,Fashion Item 04,Fashion,28.42,53.45,True
1600,1127,3,1,57.71,57.71,2025-01-27,completed,,North,57.71,2025-01-27,Electronics Item 03,Electronics,26.19,57.71,True
1601,1128,43,1,24.61,24.61,2025-01-27,completed,,South,24.61,2025-01-27,Grocery Item 03,Grocery,11.56,24.61,True
1602,1129,18,1,37.74,37.74,2025-01-27,unknown_status,,North,37.74,2025-01-27,Beauty Item 02,Beauty,18.64,37.74,False
1603,1130,40,2,202.48,404.96,2025-01-27,processing,,South,426.29999999999995,2025-01-27,Fashion Item 08,Fashion,92.66,202.48,True
1604,1130,47,1,21.34,21.34,2025-01-27,processing,,South,426.29999999999995,2025-01-27,Grocery Item 07,Grocery,13.74,21.34,True
1605,1131,25,1,43.73,43.73,2025-01-27,completed,,Central,43.73,2025-01-27,Sports Item 01,Sports,20.88,43.73,True
1606,1132,42,2,138.05,276.1,2025-01-27,processing,,East,532.4,2025-01-27,Grocery Item 02,Grocery,61.43,138.05,True
1607,1132,21,3,78.32,234.96,2025-01-27,processing,,East,532.4,2025-01-27,Beauty Item 05,Beauty,34.88,78.32,True
1608,1132,47,1,21.34,21.34,2025-01-27,processing,,East,532.4,2025-01-27,Grocery Item 07,Grocery,13.74,21.34,True
1609,1133,34,1,43.74,43.74,2025-01-27,completed,,East,68.35,2025-01-27,Fashion Item 02,Fashion,22.77,43.74,True
1610,1133,43,1,24.61,24.61,2025-01-27,completed,,East,68.35,2025-01-27,Grocery Item 03,Grocery,11.56,24.61,True
1611,1134,14,1,61.39,61.39,2025-01-27,refunded,,Central,61.39,2025-01-27,Home Item 06,Home,36.75,61.39,False
1612,1135,39,1,124.06,124.06,2025-01-27,completed,,Central,124.06,2025-01-27,Fashion Item 07,Fashion,65.04,124.06,True
1613,1136,35,1,157.65,157.65,2025-01-28,completed,,South,157.65,2025-01-28,Fashion Item 03,Fashion,77.82,157.65,True
1614,1137,8,1,20.47,20.47,2025-01-28,completed,,Central,20.47,2025-01-28,Electronics Item 08,Electronics,12.26,20.47,True
1615,1138,28,1,84.15,84.15,2025-01-28,completed,,North,84.15,2025-01-28,Sports Item 04,Sports,39.74,84.15,True
1616,1139,19,1,152.53,152.53,2025-01-28,completed,,South,152.53,2025-01-28,Beauty Item 03,Beauty,83.95,152.53,True
1617,1140,28,2,84.15,168.3,2025-01-28,completed,,East,168.3,2025-01-28,Sports Item 04,Sports,39.74,84.15,True
1618,1141,8,1,20.47,20.47,2025-01-28,completed,,South,78.18,2025-01-28,Electronics Item 08,Electronics,12.26,20.47,True
1619,1141,3,1,57.71,57.71,2025-01-28,completed,,South,78.18,2025-01-28,Electronics Item 03,Electronics,26.19,57.71,True
1620,1142,40,1,202.48,202.48,2025-01-28,completed,,South,202.48,2025-01-28,Fashion Item 08,Fashion,92.66,202.48,True
1621,1143,23,1,83.16,83.16,2025-01-28,completed,,South,83.16,2025-01-28,Beauty Item 07,Beauty,39.32,83.16,True
1622,1144,23,2,83.16,166.32,2025-01-28,processing,,East,267.35,2025-01-28,Beauty Item 07,Beauty,39.32,83.16,True
1623,1144,48,1,101.03,101.03,2025-01-28,processing,,East,267.35,2025-01-28,,Grocery,44.45,101.03,True
1624,1145,44,1,69.13,69.13,2025-01-28,refunded,,South,69.13,2025-01-28,Grocery Item 04,Grocery,46.32,69.13,False
1625,1146,10,1,163.05,163.05,2025-01-28,completed,,Central,163.05,2025-01-28,Home Item 02,Home,76.01,163.05,True
1626,1147,14,1,61.39,61.39,2025-01-28,completed,,East,61.39,2025-01-28,Home Item 06,Home,36.75,61.39,True
1627,1148,36,1,53.45,53.45,2025-01-28,completed,,East,53.45,2025-01-28,Fashion Item 04,Fashion,28.42,53.45,True
1628,1149,20,1,42.3,42.3,2025-01-28,processing,,North,150.84,2025-01-28,Beauty Item 04,Beauty,18.73,42.3,True
1629,1149,43,3,24.61,73.83,2025-01-28,processing,,North,150.84,2025-01-28,Grocery Item 03,Grocery,11.56,24.61,True
1630,1149,13,1,34.71,34.71,2025-01-28,processing,,North,150.84,2025-01-28,Home Item 05,Home,15.9,34.71,True
1631,1150,47,1,21.34,21.34,2025-01-28,refunded,,North,21.34,2025-01-28,Grocery Item 07,Grocery,13.74,21.34,False
1632,1151,40,1,202.48,202.48,2025-01-28,completed,,South,202.48,2025-01-28,Fashion Item 08,Fashion,92.66,202.48,True
1633,1152,21,1,78.32,78.32,2025-01-28,completed,,East,78.32,2025-01-28,Beauty Item 05,Beauty,34.88,78.32,True
1634,1153,30,1,67.9,67.9,2025-01-28,completed,,East,67.9,2025-01-28,Sports Item 06,Sports,46.01,67.9,True
1635,1154,21,1,78.32,78.32,2025-01-28,completed,,Central,78.32,2025-01-28,Beauty Item 05,Beauty,34.88,78.32,True
1636,1155,8,1,20.47,20.47,2025-01-28,processing,,South,272.23,2025-01-28,Electronics Item 08,Electronics,12.26,20.47,True
1637,1155,46,2,125.88,251.76,2025-01-28,processing,,South,272.23,2025-01-28,Grocery Item 06,Grocery,73.75,125.88,True
1638,1156,28,1,84.15,84.15,2025-01-28,completed,,East,84.15,2025-01-28,Sports Item 04,Sports,39.74,84.15,True
1639,1157,35,1,157.65,157.65,2025-01-28,completed,,East,398.76,2025-01-28,Fashion Item 03,Fashion,77.82,157.65,True
1640,1157,46,1,125.88,125.88,2025-01-28,completed,,East,398.76,2025-01-28,Grocery Item 06,Grocery,73.75,125.88,True
1641,1157,11,1,115.23,115.23,2025-01-28,completed,,East,398.76,2025-01-28,Home Item 03,Home,73.04,115.23,True
1642,1158,21,1,78.32,78.32,2025-01-28,completed,,South,78.32,2025-01-28,Beauty Item 05,Beauty,34.88,78.32,True
1643,1159,8,1,20.47,20.47,2025-01-28,completed,,South,20.47,2025-01-28,Electronics Item 08,Electronics,12.26,20.47,True
1644,1160,14,1,61.39,61.39,2025-01-28,completed,,East,61.39,2025-01-28,Home Item 06,Home,36.75,61.39,True
1645,1161,21,1,78.32,78.32,2025-01-28,completed,,East,147.45,2025-01-28,Beauty Item 05,Beauty,34.88,78.32,True
1646,1161,44,1,69.13,69.13,2025-01-28,completed,,East,147.45,2025-01-28,Grocery Item 04,Grocery,46.32,69.13,True
1647,1162,20,1,42.3,42.3,2025-01-28,completed,,South,42.3,2025-01-28,Beauty Item 04,Beauty,18.73,42.3,True
1648,1163,12,1,117.99,117.99,2025-01-28,completed,,North,117.99,2025-01-28,Home Item 04,Home,58.96,117.99,True
1649,1164,2,1,100.26,100.26,2025-01-28,processing,,North,324.70000000000005,2025-01-28,Electronics Item 02,Electronics,54.16,100.26,True
1650,1164,14,1,61.39,61.39,2025-01-28,processing,,North,324.70000000000005,2025-01-28,Home Item 06,Home,36.75,61.39,True
1651,1164,10,1,163.05,163.05,2025-01-28,processing,,North,324.70000000000005,2025-01-28,Home Item 02,Home,76.01,163.05,True
1652,1165,43,1,24.61,24.61,2025-01-28,completed,,East,24.61,2025-01-28,Grocery Item 03,Grocery,11.56,24.61,True
1653,1166,15,3,173.9,521.7,2025-01-28,completed,,South,543.0400000000001,2025-01-28,Home Item 07,Home,83.24,173.9,True
1654,1166,47,1,21.34,21.34,2025-01-28,completed,,South,543.0400000000001,2025-01-28,Grocery Item 07,Grocery,13.74,21.34,True
1655,1167,10,1,163.05,163.05,2025-01-28,completed,,South,163.05,2025-01-28,Home Item 02,Home,76.01,163.05,True
1656,1168,42,1,138.05,138.05,2025-01-28,completed,,North,138.05,2025-01-28,Grocery Item 02,Grocery,61.43,138.05,True
1657,1169,15,1,173.9,173.9,2025-01-28,processing,,Central,173.9,2025-01-28,Home Item 07,Home,83.24,173.9,True
1658,1170,12,1,117.99,117.99,2025-01-28,completed,,North,117.99,2025-01-28,Home Item 04,Home,58.96,117.99,True
1659,1171,39,2,124.06,248.12,2025-01-28,completed,,South,662.27,2025-01-28,Fashion Item 07,Fashion,65.04,124.06,True
1660,1171,42,3,138.05,414.15,2025-01-28,completed,,South,662.27,2025-01-28,Grocery Item 02,Grocery,61.43,138.05,True
1661,1172,11,1,115.23,115.23,2025-01-28,completed,,Central,115.23,2025-01-28,Home Item 03,Home,73.04,115.23,True
1662,1173,17,1,101.25,101.25,2025-01-28,completed,,East,101.25,2025-01-28,Beauty Item 01,Beauty,68.35,101.25,True
1663,1174,20,1,42.3,42.3,2025-01-28,completed,,North,54.519999999999996,2025-01-28,Beauty Item 04,Beauty,18.73,42.3,True
1664,1174,32,1,12.22,12.22,2025-01-28,completed,,North,54.519999999999996,2025-01-28,Sports Item 08,Sports,7.11,12.22,True
1665,1175,47,1,21.34,21.34,2025-01-28,completed,,South,21.34,2025-01-28,Grocery Item 07,Grocery,13.74,21.34,True
1666,1176,25,1,43.73,43.73,2025-01-28,completed,,Central,43.73,2025-01-28,Sports Item 01,Sports,20.88,43.73,True
1667,1177,3,1,57.71,57.71,2025-01-28,completed,,East,57.71,2025-01-28,Electronics Item 03,Electronics,26.19,57.71,True
1668,1178,14,1,61.39,61.39,2025-01-28,completed,,East,61.39,2025-01-28,Home Item 06,Home,36.75,61.39,True
1669,1179,8,1,20.47,20.47,2025-01-28,processing,,South,20.47,2025-01-28,Electronics Item 08,Electronics,12.26,20.47,True
1670,1180,11,2,115.23,230.46,2025-01-28,completed,,Central,242.68,2025-01-28,Home Item 03,Home,73.04,115.23,True
1671,1180,32,1,12.22,12.22,2025-01-28,completed,,Central,242.68,2025-01-28,Sports Item 08,Sports,7.11,12.22,True
1672,1181,43,1,24.61,24.61,2025-01-28,completed,,East,24.61,2025-01-28,Grocery Item 03,Grocery,11.56,24.61,True
1673,1182,8,1,20.47,20.47,2025-01-28,completed,,Central,96.13,2025-01-28,Electronics Item 08,Electronics,12.26,20.47,True
1674,1182,22,1,75.66,75.66,2025-01-28,completed,,Central,96.13,2025-01-28,Beauty Item 06,Beauty,36.14,75.66,True
1675,1183,28,1,84.15,84.15,2025-01-28,completed,,Central,84.15,2025-01-28,Sports Item 04,Sports,39.74,84.15,True
1676,1184,35,1,157.65,157.65,2025-01-28,completed,,East,157.65,2025-01-28,Fashion Item 03,Fashion,77.82,157.65,True
1677,1185,48,3,101.03,303.09,2025-01-28,completed,,South,303.09,2025-01-28,,Grocery,44.45,101.03,True
1678,1186,25,1,43.73,43.73,2025-01-29,cancelled,,South,43.73,2025-01-29,Sports Item 01,Sports,20.88,43.73,False
1679,1187,25,1,43.73,43.73,2025-01-29,processing,,North,64.19999999999999,2025-01-29,Sports Item 01,Sports,20.88,43.73,True
1680,1187,8,1,20.47,20.47,2025-01-29,processing,,North,64.19999999999999,2025-01-29,Electronics Item 08,Electronics,12.26,20.47,True
1681,1188,4,1,72.47,72.47,2025-01-29,completed,,South,72.47,2025-01-29,Electronics Item 04,Electronics,34.44,72.47,True
1682,1189,2,1,100.26,100.26,2025-01-29,completed,,South,100.26,2025-01-29,Electronics Item 02,Electronics,54.16,100.26,True
1683,1190,4,1,72.47,72.47,2025-01-29,completed,,North,72.47,2025-01-29,Electronics Item 04,Electronics,34.44,72.47,True
1684,1191,30,1,67.9,67.9,2025-01-29,completed,,North,67.9,2025-01-29,Sports Item 06,Sports,46.01,67.9,True
1685,1192,12,1,117.99,117.99,2025-01-29,processing,,South,117.99,2025-01-29,Home Item 04,Home,58.96,117.99,True
1686,1193,34,1,43.74,43.74,2025-01-29,completed,,South,43.74,2025-01-29,Fashion Item 02,Fashion,22.77,43.74,True
1687,1194,21,1,78.32,78.32,2025-01-29,completed,,South,244.64,2025-01-29,Beauty Item 05,Beauty,34.88,78.32,True
1688,1194,23,2,83.16,166.32,2025-01-29,completed,,South,244.64,2025-01-29,Beauty Item 07,Beauty,39.32,83.16,True
1689,1195,25,2,43.73,87.46,2025-01-29,completed,,South,165.77999999999997,2025-01-29,Sports Item 01,Sports,20.88,43.73,True
1690,1195,21,1,78.32,78.32,2025-01-29,completed,,South,165.77999999999997,2025-01-29,Beauty Item 05,Beauty,34.88,78.32,True
1691,1196,45,1,31.58,31.58,2025-01-29,completed,,South,31.58,2025-01-29,Grocery Item 05,Grocery,18.68,31.58,True
1692,1197,14,1,61.39,61.39,2025-01-29,completed,,North,61.39,2025-01-29,Home Item 06,Home,36.75,61.39,True
1693,1198,2,1,100.26,100.26,2025-01-29,cancelled,,North,100.26,2025-01-29,Electronics Item 02,Electronics,54.16,100.26,False
1694,1199,3,1,57.71,57.71,2025-01-29,completed,,North,57.71,2025-01-29,Electronics Item 03,Electronics,26.19,57.71,True
1695,1200,21,1,78.32,78.32,2025-01-29,completed,,North,120.61999999999999,2025-01-29,Beauty Item 05,Beauty,34.88,78.32,True
1696,1200,20,1,42.3,42.3,2025-01-29,completed,,North,120.61999999999999,2025-01-29,Beauty Item 04,Beauty,18.73,42.3,True
1697,1201,28,1,84.15,84.15,2025-01-29,completed,,East,84.15,2025-01-29,Sports Item 04,Sports,39.74,84.15,True
1698,1202,40,1,202.48,202.48,2025-01-29,completed,,South,202.48,2025-01-29,Fashion Item 08,Fashion,92.66,202.48,True
1699,1203,35,1,157.65,157.65,2025-01-29,completed,,East,157.65,2025-01-29,Fashion Item 03,Fashion,77.82,157.65,True
1700,1204,37,2,141.93,283.86,2025-01-29,completed,,North,427.99,2025-01-29,Fashion Item 05,Fashion,76.85,141.93,True
1701,1204,16,1,144.13,144.13,2025-01-29,completed,,North,427.99,2025-01-29,Home Item 08,Home,93.01,144.13,True
1702,1205,40,1,202.48,202.48,2025-01-29,completed,,North,202.48,2025-01-29,Fashion Item 08,Fashion,92.66,202.48,True
1703,1206,42,1,138.05,138.05,2025-01-29,completed,,East,138.05,2025-01-29,Grocery Item 02,Grocery,61.43,138.05,True
1704,1207,30,1,67.9,67.9,2025-01-29,completed,,North,67.9,2025-01-29,Sports Item 06,Sports,46.01,67.9,True
1705,1208,37,1,141.93,141.93,2025-01-29,cancelled,,South,162.4,2025-01-29,Fashion Item 05,Fashion,76.85,141.93,False
1706,1208,8,1,20.47,20.47,2025-01-29,cancelled,,South,162.4,2025-01-29,Electronics Item 08,Electronics,12.26,20.47,False
1707,1209,32,2,12.22,24.44,2025-01-29,completed,,East,24.44,2025-01-29,Sports Item 08,Sports,7.11,12.22,True
1708,1210,15,2,173.9,347.8,2025-01-29,completed,,Central,347.8,2025-01-29,Home Item 07,Home,83.24,173.9,True
1709,1211,43,1,24.61,24.61,2025-01-29,completed,,South,24.61,2025-01-29,Grocery Item 03,Grocery,11.56,24.61,True
1710,1212,37,2,141.93,283.86,2025-01-29,processing,,East,401.85,2025-01-29,Fashion Item 05,Fashion,76.85,141.93,True
1711,1212,12,1,117.99,117.99,2025-01-29,processing,,East,401.85,2025-01-29,Home Item 04,Home,58.96,117.99,True
1712,1213,36,1,53.45,53.45,2025-01-29,completed,,North,53.45,2025-01-29,Fashion Item 04,Fashion,28.42,53.45,True
1713,1214,8,2,20.47,40.94,2025-01-29,completed,,East,40.94,2025-01-29,Electronics Item 08,Electronics,12.26,20.47,True
1714,1215,44,1,69.13,69.13,2025-01-29,completed,,East,69.13,2025-01-29,Grocery Item 04,Grocery,46.32,69.13,True
1715,1216,23,1,83.16,83.16,2025-01-29,completed,,Central,144.55,2025-01-29,Beauty Item 07,Beauty,39.32,83.16,True
1716,1216,14,1,61.39,61.39,2025-01-29,completed,,Central,144.55,2025-01-29,Home Item 06,Home,36.75,61.39,True
1717,1217,28,2,84.15,168.3,2025-01-29,completed,,East,448.73,2025-01-29,Sports Item 04,Sports,39.74,84.15,True
1718,1217,35,1,157.65,157.65,2025-01-29,completed,,East,448.73,2025-01-29,Fashion Item 03,Fashion,77.82,157.65,True
1719,1217,14,2,61.39,122.78,2025-01-29,completed,,East,448.73,2025-01-29,Home Item 06,Home,36.75,61.39,True
1720,1218,43,1,24.61,24.61,2025-01-29,completed,,South,24.61,2025-01-29,Grocery Item 03,Grocery,11.56,24.61,True
1721,1219,21,2,78.32,156.64,2025-01-29,completed,,South,156.64,2025-01-29,Beauty Item 05,Beauty,34.88,78.32,True
1722,1220,9,1,59.69,59.69,2025-01-29,completed,,North,142.85,2025-01-29,Home Item 01,Home,38.0,59.69,True
1723,1220,23,1,83.16,83.16,2025-01-29,completed,,North,142.85,2025-01-29,Beauty Item 07,Beauty,39.32,83.16,True
1724,1221,21,1,78.32,78.32,2025-01-29,completed,,East,78.32,2025-01-29,Beauty Item 05,Beauty,34.88,78.32,True
1725,1222,23,1,83.16,83.16,2025-01-29,completed,,Central,83.16,2025-01-29,Beauty Item 07,Beauty,39.32,83.16,True
1726,1223,20,1,42.3,42.3,2025-01-29,completed,,Central,42.3,2025-01-29,Beauty Item 04,Beauty,18.73,42.3,True
1727,1224,12,1,117.99,117.99,2025-01-29,completed,,East,117.99,2025-01-29,Home Item 04,Home,58.96,117.99,True
1728,1225,15,1,173.9,173.9,2025-01-29,completed,,South,173.9,2025-01-29,Home Item 07,Home,83.24,173.9,True
1729,1226,21,2,78.32,156.64,2025-01-30,processing,,North,156.64,2025-01-30,Beauty Item 05,Beauty,34.88,78.32,True
1730,1227,47,1,21.34,21.34,2025-01-30,completed,,East,21.34,2025-01-30,Grocery Item 07,Grocery,13.74,21.34,True
1731,1228,47,1,21.34,21.34,2025-01-30,processing,,East,21.34,2025-01-30,Grocery Item 07,Grocery,13.74,21.34,True
1732,1229,9,1,59.69,59.69,2025-01-30,completed,,East,59.69,2025-01-30,Home Item 01,Home,38.0,59.69,True
1733,1230,28,1,84.15,84.15,2025-01-30,completed,,Central,133.37,2025-01-30,Sports Item 04,Sports,39.74,84.15,True
1734,1230,43,2,24.61,49.22,2025-01-30,completed,,Central,133.37,2025-01-30,Grocery Item 03,Grocery,11.56,24.61,True
1735,1231,15,1,173.9,173.9,2025-01-30,cancelled,,South,173.9,2025-01-30,Home Item 07,Home,83.24,173.9,False
1736,1232,40,1,202.48,202.48,2025-01-30,completed,,East,202.48,2025-01-30,Fashion Item 08,Fashion,92.66,202.48,True
1737,1233,35,1,157.65,157.65,2025-01-30,completed,,East,157.65,2025-01-30,Fashion Item 03,Fashion,77.82,157.65,True
1738,1234,35,1,157.65,157.65,2025-01-30,completed,,East,157.65,2025-01-30,Fashion Item 03,Fashion,77.82,157.65,True
1739,1235,28,3,84.15,252.45,2025-01-30,completed,,South,252.45,2025-01-30,Sports Item 04,Sports,39.74,84.15,True
1740,1236,25,2,43.73,87.46,2025-01-30,completed,,South,148.85,2025-01-30,Sports Item 01,Sports,20.88,43.73,True
1741,1236,14,1,61.39,61.39,2025-01-30,completed,,South,148.85,2025-01-30,Home Item 06,Home,36.75,61.39,True
1742,1237,14,1,61.39,61.39,2025-01-30,completed,,North,73.61,2025-01-30,Home Item 06,Home,36.75,61.39,True
1743,1237,32,1,12.22,12.22,2025-01-30,completed,,North,73.61,2025-01-30,Sports Item 08,Sports,7.11,12.22,True
1744,1238,33,1,171.28,171.28,2025-01-30,completed,,North,192.62,2025-01-30,Fashion Item 01,Fashion,77.9,171.28,True
1745,1238,47,1,21.34,21.34,2025-01-30,completed,,North,192.62,2025-01-30,Grocery Item 07,Grocery,13.74,21.34,True
1746,1239,19,1,152.53,152.53,2025-01-30,completed,,North,219.44,2025-01-30,Beauty Item 03,Beauty,83.95,152.53,True
1747,1239,43,1,24.61,24.61,2025-01-30,completed,,North,219.44,2025-01-30,Grocery Item 03,Grocery,11.56,24.61,True
1748,1239,20,1,42.3,42.3,2025-01-30,completed,,North,219.44,2025-01-30,Beauty Item 04,Beauty,18.73,42.3,True
1749,1240,23,1,83.16,83.16,2025-01-30,completed,,South,83.16,2025-01-30,Beauty Item 07,Beauty,39.32,83.16,True
1750,1241,36,1,53.45,53.45,2025-01-30,processing,,Central,124.34,2025-01-30,Fashion Item 04,Fashion,28.42,53.45,True
1751,1241,47,1,21.34,21.34,2025-01-30,processing,,Central,124.34,2025-01-30,Grocery Item 07,Grocery,13.74,21.34,True
1752,1241,41,1,49.55,49.55,2025-01-30,processing,,Central,124.34,2025-01-30,Grocery Item 01,Grocery,22.88,49.55,True
1753,1242,44,2,69.13,138.26,2025-01-30,completed,,South,138.26,2025-01-30,Grocery Item 04,Grocery,46.32,69.13,True
1754,1243,44,1,69.13,69.13,2025-01-30,completed,,South,69.13,2025-01-30,Grocery Item 04,Grocery,46.32,69.13,True
1755,1244,3,3,57.71,173.13,2025-01-30,refunded,,Central,173.13,2025-01-30,Electronics Item 03,Electronics,26.19,57.71,False
1756,1245,33,1,171.28,171.28,2025-01-30,completed,,East,249.6,2025-01-30,Fashion Item 01,Fashion,77.9,171.28,True
1757,1245,21,1,78.32,78.32,2025-01-30,completed,,East,249.6,2025-01-30,Beauty Item 05,Beauty,34.88,78.32,True
1758,1246,27,1,24.68,24.68,2025-01-30,completed,,North,24.68,2025-01-30,Sports Item 03,Sports,10.9,24.68,True
1759,1247,3,2,57.71,115.42,2025-01-30,completed,,East,115.42,2025-01-30,Electronics Item 03,Electronics,26.19,57.71,True
1760,1248,39,1,124.06,124.06,2025-01-30,completed,,East,191.96,2025-01-30,Fashion Item 07,Fashion,65.04,124.06,True
1761,1248,30,1,67.9,67.9,2025-01-30,completed,,East,191.96,2025-01-30,Sports Item 06,Sports,46.01,67.9,True
1762,1249,21,2,78.32,156.64,2025-01-30,completed,,South,156.64,2025-01-30,Beauty Item 05,Beauty,34.88,78.32,True
1763,1250,8,1,20.47,20.47,2025-01-30,processing,,North,20.47,2025-01-30,Electronics Item 08,Electronics,12.26,20.47,True
1764,1251,22,1,75.66,75.66,2025-01-30,completed,,Central,75.66,2025-01-30,Beauty Item 06,Beauty,36.14,75.66,True
1765,1252,42,2,138.05,276.1,2025-01-30,completed,,South,382.97,2025-01-30,Grocery Item 02,Grocery,61.43,138.05,True
1766,1252,18,1,37.74,37.74,2025-01-30,completed,,South,382.97,2025-01-30,Beauty Item 02,Beauty,18.64,37.74,True
1767,1252,44,1,69.13,69.13,2025-01-30,completed,,South,382.97,2025-01-30,Grocery Item 04,Grocery,46.32,69.13,True
1768,1253,42,1,138.05,138.05,2025-01-30,completed,,North,295.70000000000005,2025-01-30,Grocery Item 02,Grocery,61.43,138.05,True
1769,1253,35,1,157.65,157.65,2025-01-30,completed,,North,295.70000000000005,2025-01-30,Fashion Item 03,Fashion,77.82,157.65,True
1770,1254,47,1,21.34,21.34,2025-01-30,completed,,North,21.34,2025-01-30,Grocery Item 07,Grocery,13.74,21.34,True
1771,1255,18,1,37.74,37.74,2025-01-30,completed,,East,240.24,2025-01-30,Beauty Item 02,Beauty,18.64,37.74,True
1772,1255,17,2,101.25,202.5,2025-01-30,completed,,East,240.24,2025-01-30,Beauty Item 01,Beauty,68.35,101.25,True
1773,1256,13,1,34.71,34.71,2025-01-30,completed,,East,34.71,2025-01-30,Home Item 05,Home,15.9,34.71,True
1774,1257,42,1,138.05,138.05,2025-01-30,completed,,South,253.28000000000003,2025-01-30,Grocery Item 02,Grocery,61.43,138.05,True
1775,1257,11,1,115.23,115.23,2025-01-30,completed,,South,253.28000000000003,2025-01-30,Home Item 03,Home,73.04,115.23,True
1776,1258,26,1,124.26,124.26,2025-01-30,completed,,East,124.26,2025-01-30,Sports Item 02,Sports,72.7,124.26,True
1777,1259,23,2,83.16,166.32,2025-01-30,completed,,North,219.76999999999998,2025-01-30,Beauty Item 07,Beauty,39.32,83.16,True
1778,1259,36,1,53.45,53.45,2025-01-30,completed,,North,219.76999999999998,2025-01-30,Fashion Item 04,Fashion,28.42,53.45,True
1779,1260,36,1,53.45,53.45,2025-01-30,completed,,Central,53.45,2025-01-30,Fashion Item 04,Fashion,28.42,53.45,True
1780,1261,35,2,157.65,315.3,2025-01-30,processing,,North,467.83000000000004,2025-01-30,Fashion Item 03,Fashion,77.82,157.65,True
1781,1261,19,1,152.53,152.53,2025-01-30,processing,,North,467.83000000000004,2025-01-30,Beauty Item 03,Beauty,83.95,152.53,True
1782,1262,32,1,12.22,12.22,2025-01-30,completed,,South,12.22,2025-01-30,Sports Item 08,Sports,7.11,12.22,True
1783,1263,6,1,88.2,88.2,2025-01-30,completed,,North,88.2,2025-01-30,Electronics Item 06,Electronics,39.5,88.2,True
1784,1264,31,1,19.71,19.71,2025-01-30,completed,,East,19.71,2025-01-30,Sports Item 07,Sports,11.9,19.71,True
1785,1265,35,1,157.65,157.65,2025-01-30,completed,,East,157.65,2025-01-30,Fashion Item 03,Fashion,77.82,157.65,True
1786,1266,21,1,78.32,78.32,2025-01-30,completed,,East,212.18,2025-01-30,Beauty Item 05,Beauty,34.88,78.32,True
1787,1266,4,1,72.47,72.47,2025-01-30,completed,,East,212.18,2025-01-30,Electronics Item 04,Electronics,34.44,72.47,True
1788,1266,14,1,61.39,61.39,2025-01-30,completed,,East,212.18,2025-01-30,Home Item 06,Home,36.75,61.39,True
1789,1267,20,2,42.3,84.6,2025-01-30,processing,,North,167.76,2025-01-30,Beauty Item 04,Beauty,18.73,42.3,True
1790,1267,23,1,83.16,83.16,2025-01-30,processing,,North,167.76,2025-01-30,Beauty Item 07,Beauty,39.32,83.16,True
1791,1268,44,1,69.13,69.13,2025-01-30,completed,,East,69.13,2025-01-30,Grocery Item 04,Grocery,46.32,69.13,True
1792,1269,13,1,34.71,34.71,2025-01-30,completed,,Central,92.42,2025-01-30,Home Item 05,Home,15.9,34.71,True
1793,1269,3,1,57.71,57.71,2025-01-30,completed,,Central,92.42,2025-01-30,Electronics Item 03,Electronics,26.19,57.71,True
1794,1270,8,1,20.47,20.47,2025-01-30,completed,,Central,20.47,2025-01-30,Electronics Item 08,Electronics,12.26,20.47,True
1795,1271,35,1,157.65,157.65,2025-01-30,completed,,North,157.65,2025-01-30,Fashion Item 03,Fashion,77.82,157.65,True
1796,1272,6,1,88.2,88.2,2025-01-30,completed,,Central,88.2,2025-01-30,Electronics Item 06,Electronics,39.5,88.2,True
1797,1273,25,1,43.73,43.73,2025-01-30,completed,,North,43.73,2025-01-30,Sports Item 01,Sports,20.88,43.73,True
1798,1274,46,1,125.88,125.88,2025-01-30,completed,,South,125.88,2025-01-30,Grocery Item 06,Grocery,73.75,125.88,True
1799,1275,8,1,20.47,20.47,2025-01-31,completed,,East,78.18,2025-01-31,Electronics Item 08,Electronics,12.26,20.47,True
1800,1275,3,1,57.71,57.71,2025-01-31,completed,,East,78.18,2025-01-31,Electronics Item 03,Electronics,26.19,57.71,True
1801,1276,46,1,125.88,125.88,2025-01-31,completed,,South,125.88,2025-01-31,Grocery Item 06,Grocery,73.75,125.88,True
1802,1277,11,2,115.23,230.46,2025-01-31,completed,,North,230.46,2025-01-31,Home Item 03,Home,73.04,115.23,True
1803,1278,10,2,163.05,326.1,2025-01-31,completed,,East,483.75,2025-01-31,Home Item 02,Home,76.01,163.05,True
1804,1278,35,1,157.65,157.65,2025-01-31,completed,,East,483.75,2025-01-31,Fashion Item 03,Fashion,77.82,157.65,True
1805,1279,11,1,115.23,115.23,2025-01-31,completed,,North,115.23,2025-01-31,Home Item 03,Home,73.04,115.23,True
1806,1280,45,1,31.58,31.58,2025-01-31,completed,,East,205.48000000000002,2025-01-31,Grocery Item 05,Grocery,18.68,31.58,True
1807,1280,15,1,173.9,173.9,2025-01-31,completed,,East,205.48000000000002,2025-01-31,Home Item 07,Home,83.24,173.9,True
1808,1281,5,1,61.15,61.15,2025-01-31,cancelled,,South,61.15,2025-01-31,Electronics Item 05,Electronics,33.0,61.15,False
1809,1282,16,1,144.13,144.13,2025-01-31,processing,,North,144.13,2025-01-31,Home Item 08,Home,93.01,144.13,True
1810,1283,44,1,69.13,69.13,2025-01-31,completed,,North,69.13,2025-01-31,Grocery Item 04,Grocery,46.32,69.13,True
1811,1284,36,1,53.45,53.45,2025-01-31,completed,,Central,114.84,2025-01-31,Fashion Item 04,Fashion,28.42,53.45,True
1812,1284,14,1,61.39,61.39,2025-01-31,completed,,Central,114.84,2025-01-31,Home Item 06,Home,36.75,61.39,True
1813,1285,20,1,42.3,42.3,2025-01-31,completed,,East,141.39999999999998,2025-01-31,Beauty Item 04,Beauty,18.73,42.3,True
1814,1285,41,2,49.55,99.1,2025-01-31,completed,,East,141.39999999999998,2025-01-31,Grocery Item 01,Grocery,22.88,49.55,True
1815,1286,25,1,43.73,43.73,2025-01-31,completed,,North,43.73,2025-01-31,Sports Item 01,Sports,20.88,43.73,True
1816,1287,40,2,202.48,404.96,2025-01-31,completed,,South,466.10999999999996,2025-01-31,Fashion Item 08,Fashion,92.66,202.48,True
1817,1287,5,1,61.15,61.15,2025-01-31,completed,,South,466.10999999999996,2025-01-31,Electronics Item 05,Electronics,33.0,61.15,True
1818,1288,13,1,34.71,34.71,2025-01-31,completed,,South,34.71,2025-01-31,Home Item 05,Home,15.9,34.71,True
1819,1289,14,1,61.39,61.39,2025-01-31,completed,,South,61.39,2025-01-31,Home Item 06,Home,36.75,61.39,True
1820,1290,8,1,20.47,20.47,2025-01-31,processing,,Central,222.95,2025-01-31,Electronics Item 08,Electronics,12.26,20.47,True
1821,1290,40,1,202.48,202.48,2025-01-31,processing,,Central,222.95,2025-01-31,Fashion Item 08,Fashion,92.66,202.48,True
1822,1291,32,1,12.22,12.22,2025-01-31,completed,,East,12.22,2025-01-31,Sports Item 08,Sports,7.11,12.22,True
1823,1292,23,1,83.16,83.16,2025-01-31,completed,,East,240.81,2025-01-31,Beauty Item 07,Beauty,39.32,83.16,True
1824,1292,35,1,157.65,157.65,2025-01-31,completed,,East,240.81,2025-01-31,Fashion Item 03,Fashion,77.82,157.65,True
1825,1293,48,1,101.03,101.03,2025-01-31,completed,,East,101.03,2025-01-31,,Grocery,44.45,101.03,True
1826,1294,8,2,20.47,40.94,2025-01-31,completed,,South,134.68,2025-01-31,Electronics Item 08,Electronics,12.26,20.47,True
1827,1294,43,1,24.61,24.61,2025-01-31,completed,,South,134.68,2025-01-31,Grocery Item 03,Grocery,11.56,24.61,True
1828,1294,44,1,69.13,69.13,2025-01-31,completed,,South,134.68,2025-01-31,Grocery Item 04,Grocery,46.32,69.13,True
1829,1295,43,1,24.61,24.61,2025-01-31,completed,,North,109.21,2025-01-31,Grocery Item 03,Grocery,11.56,24.61,True
1830,1295,20,2,42.3,84.6,2025-01-31,completed,,North,109.21,2025-01-31,Beauty Item 04,Beauty,18.73,42.3,True
1831,1296,17,2,101.25,202.5,2025-01-31,completed,,South,202.5,2025-01-31,Beauty Item 01,Beauty,68.35,101.25,True
1832,1297,23,1,83.16,83.16,2025-01-31,completed,,East,83.16,2025-01-31,Beauty Item 07,Beauty,39.32,83.16,True
1833,1298,3,1,57.71,57.71,2025-01-31,completed,,South,57.71,2025-01-31,Electronics Item 03,Electronics,26.19,57.71,True
1834,1299,21,1,78.32,78.32,2025-01-31,processing,,Central,78.32,2025-01-31,Beauty Item 05,Beauty,34.88,78.32,True
1835,1300,36,1,53.45,53.45,2025-01-31,cancelled,,East,53.45,2025-01-31,Fashion Item 04,Fashion,28.42,53.45,False
1836,1301,35,1,157.65,157.65,2025-01-31,completed,,North,217.34,2025-01-31,Fashion Item 03,Fashion,77.82,157.65,True
1837,1301,9,1,59.69,59.69,2025-01-31,completed,,North,217.34,2025-01-31,Home Item 01,Home,38.0,59.69,True
1838,1302,12,1,117.99,117.99,2025-01-31,completed,,Central,117.99,2025-01-31,Home Item 04,Home,58.96,117.99,True
1839,1303,18,1,37.74,37.74,2025-01-31,completed,,South,37.74,2025-01-31,Beauty Item 02,Beauty,18.64,37.74,True
1840,1304,9,1,59.69,59.69,2025-01-31,completed,,South,217.34,2025-01-31,Home Item 01,Home,38.0,59.69,True
1841,1304,35,1,157.65,157.65,2025-01-31,completed,,South,217.34,2025-01-31,Fashion Item 03,Fashion,77.82,157.65,True
1842,1305,28,1,84.15,84.15,2025-01-31,completed,,South,115.73,2025-01-31,Sports Item 04,Sports,39.74,84.15,True
1843,1305,45,1,31.58,31.58,2025-01-31,completed,,South,115.73,2025-01-31,Grocery Item 05,Grocery,18.68,31.58,True
1844,1306,31,1,19.71,19.71,2025-01-31,completed,,East,19.71,2025-01-31,Sports Item 07,Sports,11.9,19.71,True
1845,1307,34,1,43.74,43.74,2025-01-31,completed,,Central,43.74,2025-01-31,Fashion Item 02,Fashion,22.77,43.74,True
1846,1308,28,1,84.15,84.15,2025-01-31,completed,,South,84.15,2025-01-31,Sports Item 04,Sports,39.74,84.15,True
1847,1309,45,1,31.58,31.58,2025-01-31,completed,,Central,31.58,2025-01-31,Grocery Item 05,Grocery,18.68,31.58,True
1848,1310,3,1,57.71,57.71,2025-02-01,completed,,Central,171.77,2025-02-01,Electronics Item 03,Electronics,26.19,57.71,True
1849,1310,1,1,114.06,114.06,2025-02-01,completed,,Central,171.77,2025-02-01,Electronics Item 01,Electronics,75.52,114.06,True
1850,1311,25,1,43.73,43.73,2025-02-01,completed,,Central,148.35,2025-02-01,Sports Item 01,Sports,20.88,43.73,True
1851,1311,8,1,20.47,20.47,2025-02-01,completed,,Central,148.35,2025-02-01,Electronics Item 08,Electronics,12.26,20.47,True
1852,1311,28,1,84.15,84.15,2025-02-01,completed,,Central,148.35,2025-02-01,Sports Item 04,Sports,39.74,84.15,True
1853,1312,15,1,173.9,173.9,2025-02-01,completed,,East,173.9,2025-02-01,Home Item 07,Home,83.24,173.9,True
1854,1313,47,1,21.34,21.34,2025-02-01,completed,,South,136.18,2025-02-01,Grocery Item 07,Grocery,13.74,21.34,True
1855,1313,36,1,53.45,53.45,2025-02-01,completed,,South,136.18,2025-02-01,Fashion Item 04,Fashion,28.42,53.45,True
1856,1313,14,1,61.39,61.39,2025-02-01,completed,,South,136.18,2025-02-01,Home Item 06,Home,36.75,61.39,True
1857,1314,33,1,171.28,171.28,2025-02-01,completed,,Central,286.51,2025-02-01,Fashion Item 01,Fashion,77.9,171.28,True
1858,1314,11,1,115.23,115.23,2025-02-01,completed,,Central,286.51,2025-02-01,Home Item 03,Home,73.04,115.23,True
1859,1315,34,1,43.74,43.74,2025-02-01,completed,,South,43.74,2025-02-01,Fashion Item 02,Fashion,22.77,43.74,True
1860,1316,44,1,69.13,69.13,2025-02-01,completed,,East,225.76999999999998,2025-02-01,Grocery Item 04,Grocery,46.32,69.13,True
1861,1316,21,2,78.32,156.64,2025-02-01,completed,,East,225.76999999999998,2025-02-01,Beauty Item 05,Beauty,34.88,78.32,True
1862,1317,26,1,124.26,124.26,2025-02-01,completed,,North,124.26,2025-02-01,Sports Item 02,Sports,72.7,124.26,True
1863,1318,3,2,57.71,115.42,2025-02-01,completed,,Central,115.42,2025-02-01,Electronics Item 03,Electronics,26.19,57.71,True
1864,1319,9,1,59.69,59.69,2025-02-01,completed,,Central,59.69,2025-02-01,Home Item 01,Home,38.0,59.69,True
1865,1320,38,1,81.08,81.08,2025-02-01,completed,,East,486.03999999999996,2025-02-01,Fashion Item 06,Fashion,44.22,81.08,True
1866,1320,40,2,202.48,404.96,2025-02-01,completed,,East,486.03999999999996,2025-02-01,Fashion Item 08,Fashion,92.66,202.48,True
1867,1321,10,1,163.05,163.05,2025-02-01,completed,,Central,175.27,2025-02-01,Home Item 02,Home,76.01,163.05,True
1868,1321,32,1,12.22,12.22,2025-02-01,completed,,Central,175.27,2025-02-01,Sports Item 08,Sports,7.11,12.22,True
1869,1322,25,1,43.73,43.73,2025-02-01,completed,,Central,129.73,2025-02-01,Sports Item 01,Sports,20.88,43.73,True
1870,1322,43,1,24.61,24.61,2025-02-01,completed,,Central,129.73,2025-02-01,Grocery Item 03,Grocery,11.56,24.61,True
1871,1322,14,1,61.39,61.39,2025-02-01,completed,,Central,129.73,2025-02-01,Home Item 06,Home,36.75,61.39,True
1872,1323,12,1,117.99,117.99,2025-02-01,completed,,South,117.99,2025-02-01,Home Item 04,Home,58.96,117.99,True
1873,1324,36,1,53.45,53.45,2025-02-01,completed,,South,53.45,2025-02-01,Fashion Item 04,Fashion,28.42,53.45,True
1874,1325,18,1,37.74,37.74,2025-02-01,completed,,South,37.74,2025-02-01,Beauty Item 02,Beauty,18.64,37.74,True
1875,1326,42,1,138.05,138.05,2025-02-01,completed,,South,138.05,2025-02-01,Grocery Item 02,Grocery,61.43,138.05,True
1876,1327,23,1,83.16,83.16,2025-02-01,processing,,South,158.82,2025-02-01,Beauty Item 07,Beauty,39.32,83.16,True
1877,1327,22,1,75.66,75.66,2025-02-01,processing,,South,158.82,2025-02-01,Beauty Item 06,Beauty,36.14,75.66,True
1878,1328,5,1,61.15,61.15,2025-02-01,cancelled,,North,98.89,2025-02-01,Electronics Item 05,Electronics,33.0,61.15,False
1879,1328,18,1,37.74,37.74,2025-02-01,cancelled,,North,98.89,2025-02-01,Beauty Item 02,Beauty,18.64,37.74,False
1880,1329,40,1,202.48,202.48,2025-02-01,completed,,Central,320.46999999999997,2025-02-01,Fashion Item 08,Fashion,92.66,202.48,True
1881,1329,12,1,117.99,117.99,2025-02-01,completed,,Central,320.46999999999997,2025-02-01,Home Item 04,Home,58.96,117.99,True
1882,1330,45,1,31.58,31.58,2025-02-01,processing,,South,31.58,2025-02-01,Grocery Item 05,Grocery,18.68,31.58,True
1883,1331,40,1,202.48,202.48,2025-02-01,completed,,North,202.48,2025-02-01,Fashion Item 08,Fashion,92.66,202.48,True
1884,1332,15,1,173.9,173.9,2025-02-01,completed,,South,173.9,2025-02-01,Home Item 07,Home,83.24,173.9,True
1885,1333,8,2,20.47,40.94,2025-02-01,processing,,Central,214.84,2025-02-01,Electronics Item 08,Electronics,12.26,20.47,True
1886,1333,15,1,173.9,173.9,2025-02-01,processing,,Central,214.84,2025-02-01,Home Item 07,Home,83.24,173.9,True
1887,1334,31,3,19.71,59.13,2025-02-01,completed,,East,83.81,2025-02-01,Sports Item 07,Sports,11.9,19.71,True
1888,1334,27,1,24.68,24.68,2025-02-01,completed,,East,83.81,2025-02-01,Sports Item 03,Sports,10.9,24.68,True
1889,1335,34,1,43.74,43.74,2025-02-01,completed,,Central,122.06,2025-02-01,Fashion Item 02,Fashion,22.77,43.74,True
1890,1335,21,1,78.32,78.32,2025-02-01,completed,,Central,122.06,2025-02-01,Beauty Item 05,Beauty,34.88,78.32,True
1891,1336,13,1,34.71,34.71,2025-02-01,completed,,North,172.76000000000002,2025-02-01,Home Item 05,Home,15.9,34.71,True
1892,1336,42,1,138.05,138.05,2025-02-01,completed,,North,172.76000000000002,2025-02-01,Grocery Item 02,Grocery,61.43,138.05,True
1893,1337,40,1,202.48,202.48,2025-02-01,completed,,South,202.48,2025-02-01,Fashion Item 08,Fashion,92.66,202.48,True
1894,1338,32,2,12.22,24.44,2025-02-01,completed,,Central,24.44,2025-02-01,Sports Item 08,Sports,7.11,12.22,True
1895,1339,36,2,53.45,106.9,2025-02-01,completed,,North,264.62,2025-02-01,Fashion Item 04,Fashion,28.42,53.45,True
1896,1339,20,1,42.3,42.3,2025-02-01,completed,,North,264.62,2025-02-01,Beauty Item 04,Beauty,18.73,42.3,True
1897,1339,3,2,57.71,115.42,2025-02-01,completed,,North,264.62,2025-02-01,Electronics Item 03,Electronics,26.19,57.71,True
1898,1340,35,1,157.65,157.65,2025-02-01,completed,,South,240.81,2025-02-01,Fashion Item 03,Fashion,77.82,157.65,True
1899,1340,23,1,83.16,83.16,2025-02-01,completed,,South,240.81,2025-02-01,Beauty Item 07,Beauty,39.32,83.16,True
1900,1341,31,2,19.71,39.42,2025-02-01,processing,,South,39.42,2025-02-01,Sports Item 07,Sports,11.9,19.71,True
1901,1342,11,1,115.23,115.23,2025-02-01,completed,,South,356.04,2025-02-01,Home Item 03,Home,73.04,115.23,True
1902,1342,23,1,83.16,83.16,2025-02-01,completed,,South,356.04,2025-02-01,Beauty Item 07,Beauty,39.32,83.16,True
1903,1342,35,1,157.65,157.65,2025-02-01,completed,,South,356.04,2025-02-01,Fashion Item 03,Fashion,77.82,157.65,True
1904,1343,41,1,49.55,49.55,2025-02-01,completed,,Central,70.89,2025-02-01,Grocery Item 01,Grocery,22.88,49.55,True
1905,1343,47,1,21.34,21.34,2025-02-01,completed,,Central,70.89,2025-02-01,Grocery Item 07,Grocery,13.74,21.34,True
1906,1344,39,1,124.06,124.06,2025-02-01,completed,,East,124.06,2025-02-01,Fashion Item 07,Fashion,65.04,124.06,True
1907,1345,32,1,12.22,12.22,2025-02-01,completed,,East,12.22,2025-02-01,Sports Item 08,Sports,7.11,12.22,True
1908,1346,44,1,69.13,69.13,2025-02-01,completed,,South,69.13,2025-02-01,Grocery Item 04,Grocery,46.32,69.13,True
1909,1347,34,2,43.74,87.48,2025-02-01,cancelled,,North,87.48,2025-02-01,Fashion Item 02,Fashion,22.77,43.74,False
1910,1348,11,1,115.23,115.23,2025-02-02,completed,,South,157.53,2025-02-02,Home Item 03,Home,73.04,115.23,True
1911,1348,20,1,42.3,42.3,2025-02-02,completed,,South,157.53,2025-02-02,Beauty Item 04,Beauty,18.73,42.3,True
1912,1349,23,3,83.16,249.48,2025-02-02,processing,,South,550.26,2025-02-02,Beauty Item 07,Beauty,39.32,83.16,True
1913,1349,42,2,138.05,276.1,2025-02-02,processing,,South,550.26,2025-02-02,Grocery Item 02,Grocery,61.43,138.05,True
1914,1349,27,1,24.68,24.68,2025-02-02,processing,,South,550.26,2025-02-02,Sports Item 03,Sports,10.9,24.68,True
1915,1350,36,1,53.45,53.45,2025-02-02,refunded,,East,53.45,2025-02-02,Fashion Item 04,Fashion,28.42,53.45,False
1916,1351,28,1,84.15,84.15,2025-02-02,completed,,Central,84.15,2025-02-02,Sports Item 04,Sports,39.74,84.15,True
1917,1352,14,2,61.39,122.78,2025-02-02,processing,,East,157.49,2025-02-02,Home Item 06,Home,36.75,61.39,True
1918,1352,13,1,34.71,34.71,2025-02-02,processing,,East,157.49,2025-02-02,Home Item 05,Home,15.9,34.71,True
1919,1353,32,1,12.22,12.22,2025-02-02,cancelled,,North,111.32,2025-02-02,Sports Item 08,Sports,7.11,12.22,False
1920,1353,41,2,49.55,99.1,2025-02-02,cancelled,,North,111.32,2025-02-02,Grocery Item 01,Grocery,22.88,49.55,False
1921,1354,41,2,49.55,99.1,2025-02-02,processing,,North,99.1,2025-02-02,Grocery Item 01,Grocery,22.88,49.55,True
1922,1355,42,1,138.05,138.05,2025-02-02,completed,,South,264.95000000000005,2025-02-02,Grocery Item 02,Grocery,61.43,138.05,True
1923,1355,34,1,43.74,43.74,2025-02-02,completed,,South,264.95000000000005,2025-02-02,Fashion Item 02,Fashion,22.77,43.74,True
1924,1355,23,1,83.16,83.16,2025-02-02,completed,,South,264.95000000000005,2025-02-02,Beauty Item 07,Beauty,39.32,83.16,True
1925,1356,32,1,12.22,12.22,2025-02-02,completed,,East,36.9,2025-02-02,Sports Item 08,Sports,7.11,12.22,True
1926,1356,27,1,24.68,24.68,2025-02-02,completed,,East,36.9,2025-02-02,Sports Item 03,Sports,10.9,24.68,True
1927,1357,10,1,163.05,163.05,2025-02-02,completed,,South,241.37,2025-02-02,Home Item 02,Home,76.01,163.05,True
1928,1357,21,1,78.32,78.32,2025-02-02,completed,,South,241.37,2025-02-02,Beauty Item 05,Beauty,34.88,78.32,True
1929,1358,22,2,75.66,151.32,2025-02-02,completed,,South,151.32,2025-02-02,Beauty Item 06,Beauty,36.14,75.66,True
1930,1359,19,1,152.53,152.53,2025-02-02,completed,,North,152.53,2025-02-02,Beauty Item 03,Beauty,83.95,152.53,True
1931,1360,35,2,157.65,315.3,2025-02-02,cancelled,,East,315.3,2025-02-02,Fashion Item 03,Fashion,77.82,157.65,False
1932,1361,12,1,117.99,117.99,2025-02-02,completed,,Central,117.99,2025-02-02,Home Item 04,Home,58.96,117.99,True
1933,1362,47,2,21.34,42.68,2025-02-02,completed,,North,168.62,2025-02-02,Grocery Item 07,Grocery,13.74,21.34,True
1934,1362,18,1,37.74,37.74,2025-02-02,completed,,North,168.62,2025-02-02,Beauty Item 02,Beauty,18.64,37.74,True
1935,1362,6,1,88.2,88.2,2025-02-02,completed,,North,168.62,2025-02-02,Electronics Item 06,Electronics,39.5,88.2,True
1936,1363,33,1,171.28,171.28,2025-02-02,completed,,North,171.28,2025-02-02,Fashion Item 01,Fashion,77.9,171.28,True
1937,1364,45,1,31.58,31.58,2025-02-02,completed,,North,31.58,2025-02-02,Grocery Item 05,Grocery,18.68,31.58,True
1938,1365,35,1,157.65,157.65,2025-02-02,completed,,South,240.81,2025-02-02,Fashion Item 03,Fashion,77.82,157.65,True
1939,1365,23,1,83.16,83.16,2025-02-02,completed,,South,240.81,2025-02-02,Beauty Item 07,Beauty,39.32,83.16,True
1940,1366,42,1,138.05,138.05,2025-02-02,completed,,North,138.05,2025-02-02,Grocery Item 02,Grocery,61.43,138.05,True
1941,1367,44,1,69.13,69.13,2025-02-02,completed,,Central,352.99,2025-02-02,Grocery Item 04,Grocery,46.32,69.13,True
1942,1367,37,2,141.93,283.86,2025-02-02,completed,,Central,352.99,2025-02-02,Fashion Item 05,Fashion,76.85,141.93,True
1943,1368,36,1,53.45,53.45,2025-02-02,unknown_status,,Central,53.45,2025-02-02,Fashion Item 04,Fashion,28.42,53.45,False
1944,1369,42,1,138.05,138.05,2025-02-02,completed,,East,213.71,2025-02-02,Grocery Item 02,Grocery,61.43,138.05,True
1945,1369,22,1,75.66,75.66,2025-02-02,completed,,East,213.71,2025-02-02,Beauty Item 06,Beauty,36.14,75.66,True
1946,1370,44,1,69.13,69.13,2025-02-02,processing,,South,176.03,2025-02-02,Grocery Item 04,Grocery,46.32,69.13,True
1947,1370,36,2,53.45,106.9,2025-02-02,processing,,South,176.03,2025-02-02,Fashion Item 04,Fashion,28.42,53.45,True
1948,1371,15,1,173.9,173.9,2025-02-02,completed,,East,173.9,2025-02-02,Home Item 07,Home,83.24,173.9,True
1949,1372,22,1,75.66,75.66,2025-02-02,completed,,North,75.66,2025-02-02,Beauty Item 06,Beauty,36.14,75.66,True
1950,1373,9,1,59.69,59.69,2025-02-02,completed,,South,121.08,2025-02-02,Home Item 01,Home,38.0,59.69,True
1951,1373,14,1,61.39,61.39,2025-02-02,completed,,South,121.08,2025-02-02,Home Item 06,Home,36.75,61.39,True
1952,1374,36,1,53.45,53.45,2025-02-02,completed,,South,53.45,2025-02-02,Fashion Item 04,Fashion,28.42,53.45,True
1953,1375,10,3,163.05,489.15,2025-02-02,completed,,East,489.15,2025-02-02,Home Item 02,Home,76.01,163.05,True
1954,1376,10,1,163.05,163.05,2025-02-02,completed,,Central,163.05,2025-02-02,Home Item 02,Home,76.01,163.05,True
1955,1377,10,1,163.05,163.05,2025-02-02,completed,,North,163.05,2025-02-02,Home Item 02,Home,76.01,163.05,True
1956,1378,36,1,53.45,53.45,2025-02-02,completed,,North,53.45,2025-02-02,Fashion Item 04,Fashion,28.42,53.45,True
1957,1379,10,2,163.05,326.1,2025-02-02,refunded,,North,326.1,2025-02-02,Home Item 02,Home,76.01,163.05,False
1958,1380,44,1,69.13,69.13,2025-02-02,completed,,South,69.13,2025-02-02,Grocery Item 04,Grocery,46.32,69.13,True
1959,1381,44,2,69.13,138.26,2025-02-02,completed,,Central,264.14,2025-02-02,Grocery Item 04,Grocery,46.32,69.13,True
1960,1381,46,1,125.88,125.88,2025-02-02,completed,,Central,264.14,2025-02-02,Grocery Item 06,Grocery,73.75,125.88,True
1961,1382,34,3,43.74,131.22,2025-02-02,completed,,East,131.22,2025-02-02,Fashion Item 02,Fashion,22.77,43.74,True
1962,1383,13,1,34.71,34.71,2025-02-02,completed,,South,34.71,2025-02-02,Home Item 05,Home,15.9,34.71,True
1963,1384,8,1,20.47,20.47,2025-02-02,completed,,Central,178.12,2025-02-02,Electronics Item 08,Electronics,12.26,20.47,True
1964,1384,35,1,157.65,157.65,2025-02-02,completed,,Central,178.12,2025-02-02,Fashion Item 03,Fashion,77.82,157.65,True
1965,1385,3,2,57.71,115.42,2025-02-02,completed,,North,115.42,2025-02-02,Electronics Item 03,Electronics,26.19,57.71,True
1966,1386,35,1,157.65,157.65,2025-02-02,cancelled,,North,157.65,2025-02-02,Fashion Item 03,Fashion,77.82,157.65,False
1967,1387,44,1,69.13,69.13,2025-02-02,completed,,North,374.19,2025-02-02,Grocery Item 04,Grocery,46.32,69.13,True
1968,1387,19,2,152.53,305.06,2025-02-02,completed,,North,374.19,2025-02-02,Beauty Item 03,Beauty,83.95,152.53,True
1969,1388,42,1,138.05,138.05,2025-02-02,completed,,Central,157.76000000000002,2025-02-02,Grocery Item 02,Grocery,61.43,138.05,True
1970,1388,31,1,19.71,19.71,2025-02-02,completed,,Central,157.76000000000002,2025-02-02,Sports Item 07,Sports,11.9,19.71,True
1971,1389,1,1,114.06,114.06,2025-02-02,completed,,North,114.06,2025-02-02,Electronics Item 01,Electronics,75.52,114.06,True
1972,1390,8,2,20.47,40.94,2025-02-02,cancelled,,Central,40.94,2025-02-02,Electronics Item 08,Electronics,12.26,20.47,False
1973,1391,10,1,163.05,163.05,2025-02-02,processing,,Central,770.49,2025-02-02,Home Item 02,Home,76.01,163.05,True
1974,1391,40,3,202.48,607.44,2025-02-02,processing,,Central,770.49,2025-02-02,Fashion Item 08,Fashion,92.66,202.48,True
1975,1392,33,1,171.28,171.28,2025-02-02,cancelled,,Central,171.28,2025-02-02,Fashion Item 01,Fashion,77.9,171.28,False
1976,1393,42,1,138.05,138.05,2025-02-02,completed,,Central,138.05,2025-02-02,Grocery Item 02,Grocery,61.43,138.05,True
1977,1394,8,1,20.47,20.47,2025-02-02,completed,,South,162.4,2025-02-02,Electronics Item 08,Electronics,12.26,20.47,True
1978,1394,37,1,141.93,141.93,2025-02-02,completed,,South,162.4,2025-02-02,Fashion Item 05,Fashion,76.85,141.93,True
1979,1395,11,1,115.23,115.23,2025-02-03,completed,,South,115.23,2025-02-03,Home Item 03,Home,73.04,115.23,True
1980,1396,14,1,61.39,61.39,2025-02-03,completed,,Central,61.39,2025-02-03,Home Item 06,Home,36.75,61.39,True
1981,1397,42,1,138.05,138.05,2025-02-03,completed,,South,260.63,2025-02-03,Grocery Item 02,Grocery,61.43,138.05,True
1982,1397,44,1,69.13,69.13,2025-02-03,completed,,South,260.63,2025-02-03,Grocery Item 04,Grocery,46.32,69.13,True
1983,1397,36,1,53.45,53.45,2025-02-03,completed,,South,260.63,2025-02-03,Fashion Item 04,Fashion,28.42,53.45,True
1984,1398,1,1,114.06,114.06,2025-02-03,processing,,East,148.77,2025-02-03,Electronics Item 01,Electronics,75.52,114.06,True
1985,1398,13,1,34.71,34.71,2025-02-03,processing,,East,148.77,2025-02-03,Home Item 05,Home,15.9,34.71,True
1986,1399,33,2,171.28,342.56,2025-02-03,completed,,North,342.56,2025-02-03,Fashion Item 01,Fashion,77.9,171.28,True
1987,1400,39,1,124.06,124.06,2025-02-03,processing,,Central,242.05,2025-02-03,Fashion Item 07,Fashion,65.04,124.06,True
1988,1400,12,1,117.99,117.99,2025-02-03,processing,,Central,242.05,2025-02-03,Home Item 04,Home,58.96,117.99,True
1989,1401,35,1,157.65,157.65,2025-02-03,completed,,East,272.88,2025-02-03,Fashion Item 03,Fashion,77.82,157.65,True
1990,1401,11,1,115.23,115.23,2025-02-03,completed,,East,272.88,2025-02-03,Home Item 03,Home,73.04,115.23,True
1991,1402,3,1,57.71,57.71,2025-02-03,cancelled,,Central,57.71,2025-02-03,Electronics Item 03,Electronics,26.19,57.71,False
1992,1403,6,1,88.2,88.2,2025-02-03,completed,,East,88.2,2025-02-03,Electronics Item 06,Electronics,39.5,88.2,True
1993,1404,28,2,84.15,168.3,2025-02-03,completed,,South,168.3,2025-02-03,Sports Item 04,Sports,39.74,84.15,True
1994,1405,23,1,83.16,83.16,2025-02-03,refunded,,East,83.16,2025-02-03,Beauty Item 07,Beauty,39.32,83.16,False
1995,1406,47,1,21.34,21.34,2025-02-03,completed,,Central,21.34,2025-02-03,Grocery Item 07,Grocery,13.74,21.34,True
1996,1407,23,1,83.16,83.16,2025-02-03,completed,,East,83.16,2025-02-03,Beauty Item 07,Beauty,39.32,83.16,True
1997,1408,30,1,67.9,67.9,2025-02-03,completed,,North,67.9,2025-02-03,Sports Item 06,Sports,46.01,67.9,True
1998,1409,10,1,163.05,163.05,2025-02-03,refunded,,Central,163.05,2025-02-03,Home Item 02,Home,76.01,163.05,False
1999,1410,37,1,141.93,141.93,2025-02-03,processing,,East,141.93,2025-02-03,Fashion Item 05,Fashion,76.85,141.93,True
2000,1411,8,1,20.47,20.47,2025-02-03,completed,,South,20.47,2025-02-03,Electronics Item 08,Electronics,12.26,20.47,True
2001,1412,39,1,124.06,124.06,2025-02-03,completed,,Central,124.06,2025-02-03,Fashion Item 07,Fashion,65.04,124.06,True
2002,1413,31,2,19.71,39.42,2025-02-03,completed,,East,39.42,2025-02-03,Sports Item 07,Sports,11.9,19.71,True
2003,1414,8,1,20.47,20.47,2025-02-03,completed,,North,20.47,2025-02-03,Electronics Item 08,Electronics,12.26,20.47,True
2004,1415,47,1,21.34,21.34,2025-02-03,refunded,,South,189.64000000000001,2025-02-03,Grocery Item 07,Grocery,13.74,21.34,False
2005,1415,28,2,84.15,168.3,2025-02-03,refunded,,South,189.64000000000001,2025-02-03,Sports Item 04,Sports,39.74,84.15,False
2006,1416,10,2,163.05,326.1,2025-02-03,completed,,North,326.1,2025-02-03,Home Item 02,Home,76.01,163.05,True
2007,1417,47,1,21.34,21.34,2025-02-03,completed,,East,21.34,2025-02-03,Grocery Item 07,Grocery,13.74,21.34,True
2008,1418,44,1,69.13,69.13,2025-02-03,processing,,East,69.13,2025-02-03,Grocery Item 04,Grocery,46.32,69.13,True
2009,1419,23,3,83.16,249.48,2025-02-03,completed,,Central,249.48,2025-02-03,Beauty Item 07,Beauty,39.32,83.16,True
2010,1420,2,1,100.26,100.26,2025-02-03,completed,,North,100.26,2025-02-03,Electronics Item 02,Electronics,54.16,100.26,True
2011,1421,43,2,24.61,49.22,2025-02-03,completed,,South,49.22,2025-02-03,Grocery Item 03,Grocery,11.56,24.61,True
2012,1422,44,1,69.13,69.13,2025-02-03,completed,,North,69.13,2025-02-03,Grocery Item 04,Grocery,46.32,69.13,True
2013,1423,8,1,20.47,20.47,2025-02-03,completed,,North,20.47,2025-02-03,Electronics Item 08,Electronics,12.26,20.47,True
2014,1424,19,1,152.53,152.53,2025-02-03,completed,,Central,152.53,2025-02-03,Beauty Item 03,Beauty,83.95,152.53,True
2015,1425,23,1,83.16,83.16,2025-02-03,completed,,Central,227.69,2025-02-03,Beauty Item 07,Beauty,39.32,83.16,True
2016,1425,39,1,124.06,124.06,2025-02-03,completed,,Central,227.69,2025-02-03,Fashion Item 07,Fashion,65.04,124.06,True
2017,1425,8,1,20.47,20.47,2025-02-03,completed,,Central,227.69,2025-02-03,Electronics Item 08,Electronics,12.26,20.47,True
2018,1426,33,1,171.28,171.28,2025-02-03,processing,,East,171.28,2025-02-03,Fashion Item 01,Fashion,77.9,171.28,True
2019,1427,26,1,124.26,124.26,2025-02-03,completed,,North,124.26,2025-02-03,Sports Item 02,Sports,72.7,124.26,True
2020,1428,23,1,83.16,83.16,2025-02-03,cancelled,,East,83.16,2025-02-03,Beauty Item 07,Beauty,39.32,83.16,False
2021,1429,3,1,57.71,57.71,2025-02-03,refunded,,East,431.9,2025-02-03,Electronics Item 03,Electronics,26.19,57.71,False
2022,1429,44,1,69.13,69.13,2025-02-03,refunded,,East,431.9,2025-02-03,Grocery Item 04,Grocery,46.32,69.13,False
2023,1429,19,2,152.53,305.06,2025-02-03,refunded,,East,431.9,2025-02-03,Beauty Item 03,Beauty,83.95,152.53,False
2024,1430,35,1,157.65,157.65,2025-02-03,completed,,South,157.65,2025-02-03,Fashion Item 03,Fashion,77.82,157.65,True
2025,1431,13,2,34.71,69.42,2025-02-03,completed,,East,69.42,2025-02-03,Home Item 05,Home,15.9,34.71,True
2026,1432,21,1,78.32,78.32,2025-02-03,completed,,South,90.53999999999999,2025-02-03,Beauty Item 05,Beauty,34.88,78.32,True
2027,1432,32,1,12.22,12.22,2025-02-03,completed,,South,90.53999999999999,2025-02-03,Sports Item 08,Sports,7.11,12.22,True
2028,1433,32,1,12.22,12.22,2025-02-03,completed,,South,327.52000000000004,2025-02-03,Sports Item 08,Sports,7.11,12.22,True
2029,1433,35,2,157.65,315.3,2025-02-03,completed,,South,327.52000000000004,2025-02-03,Fashion Item 03,Fashion,77.82,157.65,True
2030,1434,28,1,84.15,84.15,2025-02-03,completed,,North,84.15,2025-02-03,Sports Item 04,Sports,39.74,84.15,True
2031,1435,21,1,78.32,78.32,2025-02-03,completed,,East,78.32,2025-02-03,Beauty Item 05,Beauty,34.88,78.32,True
2032,1436,15,1,173.9,173.9,2025-02-03,completed,,North,203.46,2025-02-03,Home Item 07,Home,83.24,173.9,True
2033,1436,24,1,29.56,29.56,2025-02-03,completed,,North,203.46,2025-02-03,Beauty Item 08,Beauty,14.55,29.56,True
2034,1437,37,1,141.93,141.93,2025-02-03,completed,,Central,141.93,2025-02-03,Fashion Item 05,Fashion,76.85,141.93,True
2035,1438,44,1,69.13,69.13,2025-02-03,completed,,South,137.03,2025-02-03,Grocery Item 04,Grocery,46.32,69.13,True
2036,1438,30,1,67.9,67.9,2025-02-03,completed,,South,137.03,2025-02-03,Sports Item 06,Sports,46.01,67.9,True
2037,1439,47,1,21.34,21.34,2025-02-03,processing,,East,21.34,2025-02-03,Grocery Item 07,Grocery,13.74,21.34,True
2038,1440,14,1,61.39,61.39,2025-02-03,completed,,East,193.76999999999998,2025-02-03,Home Item 06,Home,36.75,61.39,True
2039,1440,23,1,83.16,83.16,2025-02-03,completed,,East,193.76999999999998,2025-02-03,Beauty Item 07,Beauty,39.32,83.16,True
2040,1440,43,2,24.61,49.22,2025-02-03,completed,,East,193.76999999999998,2025-02-03,Grocery Item 03,Grocery,11.56,24.61,True
2041,1441,10,1,163.05,163.05,2025-02-03,completed,,Central,163.05,2025-02-03,Home Item 02,Home,76.01,163.05,True
2042,1442,35,1,157.65,157.65,2025-02-03,completed,,North,157.65,2025-02-03,Fashion Item 03,Fashion,77.82,157.65,True
2043,1443,14,1,61.39,61.39,2025-02-03,completed,,South,180.78,2025-02-03,Home Item 06,Home,36.75,61.39,True
2044,1443,25,1,43.73,43.73,2025-02-03,completed,,South,180.78,2025-02-03,Sports Item 01,Sports,20.88,43.73,True
2045,1443,22,1,75.66,75.66,2025-02-03,completed,,South,180.78,2025-02-03,Beauty Item 06,Beauty,36.14,75.66,True
2046,1444,32,1,12.22,12.22,2025-02-03,processing,,South,12.22,2025-02-03,Sports Item 08,Sports,7.11,12.22,True
2047,1445,25,2,43.73,87.46,2025-02-03,completed,,Central,87.46,2025-02-03,Sports Item 01,Sports,20.88,43.73,True
2048,1446,18,1,37.74,37.74,2025-02-03,completed,,Central,37.74,2025-02-03,Beauty Item 02,Beauty,18.64,37.74,True
2049,1447,3,1,57.71,57.71,2025-02-04,completed,,East,57.71,2025-02-04,Electronics Item 03,Electronics,26.19,57.71,True
2050,1448,11,1,115.23,115.23,2025-02-04,completed,,Central,115.23,2025-02-04,Home Item 03,Home,73.04,115.23,True
2051,1449,47,1,21.34,21.34,2025-02-04,completed,,Central,41.05,2025-02-04,Grocery Item 07,Grocery,13.74,21.34,True
2052,1449,31,1,19.71,19.71,2025-02-04,completed,,Central,41.05,2025-02-04,Sports Item 07,Sports,11.9,19.71,True
2053,1450,33,1,171.28,171.28,2025-02-04,completed,,East,171.28,2025-02-04,Fashion Item 01,Fashion,77.9,171.28,True
2054,1451,47,1,21.34,21.34,2025-02-04,refunded,,North,21.34,2025-02-04,Grocery Item 07,Grocery,13.74,21.34,False
2055,1452,25,3,43.73,131.19,2025-02-04,completed,,South,131.19,2025-02-04,Sports Item 01,Sports,20.88,43.73,True
2056,1453,28,1,84.15,84.15,2025-02-04,completed,,South,84.15,2025-02-04,Sports Item 04,Sports,39.74,84.15,True
2057,1454,14,2,61.39,122.78,2025-02-04,completed,,East,122.78,2025-02-04,Home Item 06,Home,36.75,61.39,True
2058,1455,45,1,31.58,31.58,2025-02-04,completed,,Central,66.28999999999999,2025-02-04,Grocery Item 05,Grocery,18.68,31.58,True
2059,1455,13,1,34.71,34.71,2025-02-04,completed,,Central,66.28999999999999,2025-02-04,Home Item 05,Home,15.9,34.71,True
2060,1456,8,1,20.47,20.47,2025-02-04,cancelled,,North,398.11,2025-02-04,Electronics Item 08,Electronics,12.26,20.47,False
2061,1456,46,3,125.88,377.64,2025-02-04,cancelled,,North,398.11,2025-02-04,Grocery Item 06,Grocery,73.75,125.88,False
2062,1457,26,1,124.26,124.26,2025-02-04,completed,,South,169.41,2025-02-04,Sports Item 02,Sports,72.7,124.26,True
2063,1457,8,1,20.47,20.47,2025-02-04,completed,,South,169.41,2025-02-04,Electronics Item 08,Electronics,12.26,20.47,True
2064,1457,27,1,24.68,24.68,2025-02-04,completed,,South,169.41,2025-02-04,Sports Item 03,Sports,10.9,24.68,True
2065,1458,1,1,114.06,114.06,2025-02-04,completed,,North,126.28,2025-02-04,Electronics Item 01,Electronics,75.52,114.06,True
2066,1458,32,1,12.22,12.22,2025-02-04,completed,,North,126.28,2025-02-04,Sports Item 08,Sports,7.11,12.22,True
2067,1459,19,1,152.53,152.53,2025-02-04,cancelled,,Central,152.53,2025-02-04,Beauty Item 03,Beauty,83.95,152.53,False
2068,1460,3,1,57.71,57.71,2025-02-04,cancelled,,South,140.87,2025-02-04,Electronics Item 03,Electronics,26.19,57.71,False
2069,1460,23,1,83.16,83.16,2025-02-04,cancelled,,South,140.87,2025-02-04,Beauty Item 07,Beauty,39.32,83.16,False
2070,1461,36,1,53.45,53.45,2025-02-04,completed,,East,255.93,2025-02-04,Fashion Item 04,Fashion,28.42,53.45,True
2071,1461,40,1,202.48,202.48,2025-02-04,completed,,East,255.93,2025-02-04,Fashion Item 08,Fashion,92.66,202.48,True
2072,1462,35,1,157.65,157.65,2025-02-04,completed,,East,157.65,2025-02-04,Fashion Item 03,Fashion,77.82,157.65,True
2073,1463,31,2,19.71,39.42,2025-02-04,completed,,South,39.42,2025-02-04,Sports Item 07,Sports,11.9,19.71,True
2074,1464,35,1,157.65,157.65,2025-02-04,completed,,Central,157.65,2025-02-04,Fashion Item 03,Fashion,77.82,157.65,True
2075,1465,29,1,9.2,9.2,2025-02-04,completed,,North,9.2,2025-02-04,Sports Item 05,Sports,4.26,9.2,True
2076,1466,36,1,53.45,53.45,2025-02-04,completed,,North,53.45,2025-02-04,Fashion Item 04,Fashion,28.42,53.45,True
2077,1467,18,1,37.74,37.74,2025-02-04,completed,,East,37.74,2025-02-04,Beauty Item 02,Beauty,18.64,37.74,True
2078,1468,44,2,69.13,138.26,2025-02-04,completed,,East,221.42,2025-02-04,Grocery Item 04,Grocery,46.32,69.13,True
2079,1468,23,1,83.16,83.16,2025-02-04,completed,,East,221.42,2025-02-04,Beauty Item 07,Beauty,39.32,83.16,True
2080,1469,14,1,61.39,61.39,2025-02-04,completed,,East,61.39,2025-02-04,Home Item 06,Home,36.75,61.39,True
2081,1470,28,2,84.15,168.3,2025-02-04,completed,,South,168.3,2025-02-04,Sports Item 04,Sports,39.74,84.15,True
2082,1471,27,3,24.68,74.04,2025-02-04,completed,,East,74.04,2025-02-04,Sports Item 03,Sports,10.9,24.68,True
2083,1472,45,1,31.58,31.58,2025-02-04,completed,,East,31.58,2025-02-04,Grocery Item 05,Grocery,18.68,31.58,True
2084,1473,37,1,141.93,141.93,2025-02-04,completed,,North,294.46000000000004,2025-02-04,Fashion Item 05,Fashion,76.85,141.93,True
2085,1473,19,1,152.53,152.53,2025-02-04,completed,,North,294.46000000000004,2025-02-04,Beauty Item 03,Beauty,83.95,152.53,True
2086,1474,31,1,19.71,19.71,2025-02-04,unknown_status,,Central,19.71,2025-02-04,Sports Item 07,Sports,11.9,19.71,False
2087,1475,14,3,61.39,184.17,2025-02-04,completed,,South,184.17,2025-02-04,Home Item 06,Home,36.75,61.39,True
2088,1476,36,2,53.45,106.9,2025-02-04,completed,,North,533.1999999999999,2025-02-04,Fashion Item 04,Fashion,28.42,53.45,True
2089,1476,40,2,202.48,404.96,2025-02-04,completed,,North,533.1999999999999,2025-02-04,Fashion Item 08,Fashion,92.66,202.48,True
2090,1476,47,1,21.34,21.34,2025-02-04,completed,,North,533.1999999999999,2025-02-04,Grocery Item 07,Grocery,13.74,21.34,True
2091,1477,41,1,49.55,49.55,2025-02-04,completed,,Central,49.55,2025-02-04,Grocery Item 01,Grocery,22.88,49.55,True
2092,1478,15,1,173.9,173.9,2025-02-04,completed,,Central,173.9,2025-02-04,Home Item 07,Home,83.24,173.9,True
2093,1479,28,1,84.15,84.15,2025-02-04,processing,,North,244.64,2025-02-04,Sports Item 04,Sports,39.74,84.15,True
2094,1479,14,1,61.39,61.39,2025-02-04,processing,,North,244.64,2025-02-04,Home Item 06,Home,36.75,61.39,True
2095,1479,41,2,49.55,99.1,2025-02-04,processing,,North,244.64,2025-02-04,Grocery Item 01,Grocery,22.88,49.55,True
2096,1480,37,1,141.93,141.93,2025-02-04,completed,,North,141.93,2025-02-04,Fashion Item 05,Fashion,76.85,141.93,True
2097,1481,8,1,20.47,20.47,2025-02-04,processing,,Central,20.47,2025-02-04,Electronics Item 08,Electronics,12.26,20.47,True
2098,1482,33,1,171.28,171.28,2025-02-04,completed,,East,171.28,2025-02-04,Fashion Item 01,Fashion,77.9,171.28,True
2099,1483,44,1,69.13,69.13,2025-02-04,completed,,North,240.41,2025-02-04,Grocery Item 04,Grocery,46.32,69.13,True
2100,1483,33,1,171.28,171.28,2025-02-04,completed,,North,240.41,2025-02-04,Fashion Item 01,Fashion,77.9,171.28,True
2101,1484,26,1,124.26,124.26,2025-02-04,completed,,Central,124.26,2025-02-04,Sports Item 02,Sports,72.7,124.26,True
2102,1485,15,1,173.9,173.9,2025-02-04,completed,,East,208.61,2025-02-04,Home Item 07,Home,83.24,173.9,True
2103,1485,13,1,34.71,34.71,2025-02-04,completed,,East,208.61,2025-02-04,Home Item 05,Home,15.9,34.71,True
2104,1486,31,1,19.71,19.71,2025-02-04,completed,,South,19.71,2025-02-04,Sports Item 07,Sports,11.9,19.71,True
2105,1487,23,2,83.16,166.32,2025-02-04,completed,,North,166.32,2025-02-04,Beauty Item 07,Beauty,39.32,83.16,True
2106,1488,19,1,152.53,152.53,2025-02-04,completed,,Central,152.53,2025-02-04,Beauty Item 03,Beauty,83.95,152.53,True
2107,1489,27,1,24.68,24.68,2025-02-04,completed,,North,24.68,2025-02-04,Sports Item 03,Sports,10.9,24.68,True
2108,1490,33,2,171.28,342.56,2025-02-05,completed,,East,342.56,2025-02-05,Fashion Item 01,Fashion,77.9,171.28,True
2109,1491,44,1,69.13,69.13,2025-02-05,completed,,South,69.13,2025-02-05,Grocery Item 04,Grocery,46.32,69.13,True
2110,1492,23,1,83.16,83.16,2025-02-05,completed,,North,83.16,2025-02-05,Beauty Item 07,Beauty,39.32,83.16,True
2111,1493,3,1,57.71,57.71,2025-02-05,completed,,East,57.71,2025-02-05,Electronics Item 03,Electronics,26.19,57.71,True
2112,1494,33,1,171.28,171.28,2025-02-05,completed,,North,171.28,2025-02-05,Fashion Item 01,Fashion,77.9,171.28,True
2113,1495,8,2,20.47,40.94,2025-02-05,completed,,North,40.94,2025-02-05,Electronics Item 08,Electronics,12.26,20.47,True
2114,1496,36,1,53.45,53.45,2025-02-05,completed,,East,121.35000000000001,2025-02-05,Fashion Item 04,Fashion,28.42,53.45,True
2115,1496,30,1,67.9,67.9,2025-02-05,completed,,East,121.35000000000001,2025-02-05,Sports Item 06,Sports,46.01,67.9,True
2116,1497,12,1,117.99,117.99,2025-02-05,completed,,South,242.05,2025-02-05,Home Item 04,Home,58.96,117.99,True
2117,1497,39,1,124.06,124.06,2025-02-05,completed,,South,242.05,2025-02-05,Fashion Item 07,Fashion,65.04,124.06,True
2118,1498,21,1,78.32,78.32,2025-02-05,completed,,South,249.6,2025-02-05,Beauty Item 05,Beauty,34.88,78.32,True
2119,1498,33,1,171.28,171.28,2025-02-05,completed,,South,249.6,2025-02-05,Fashion Item 01,Fashion,77.9,171.28,True
2120,1499,28,2,84.15,168.3,2025-02-05,completed,,South,286.29,2025-02-05,Sports Item 04,Sports,39.74,84.15,True
2121,1499,12,1,117.99,117.99,2025-02-05,completed,,South,286.29,2025-02-05,Home Item 04,Home,58.96,117.99,True
2122,1500,14,2,61.39,122.78,2025-02-05,completed,,North,315.14,2025-02-05,Home Item 06,Home,36.75,61.39,True
2123,1500,35,1,157.65,157.65,2025-02-05,completed,,North,315.14,2025-02-05,Fashion Item 03,Fashion,77.82,157.65,True
2124,1500,13,1,34.71,34.71,2025-02-05,completed,,North,315.14,2025-02-05,Home Item 05,Home,15.9,34.71,True
2125,1501,46,1,125.88,125.88,2025-02-05,completed,,North,350.08,2025-02-05,Grocery Item 06,Grocery,73.75,125.88,True
2126,1501,10,1,163.05,163.05,2025-02-05,completed,,North,350.08,2025-02-05,Home Item 02,Home,76.01,163.05,True
2127,1501,5,1,61.15,61.15,2025-02-05,completed,,North,350.08,2025-02-05,Electronics Item 05,Electronics,33.0,61.15,True
2128,1502,15,1,173.9,173.9,2025-02-05,completed,,Central,173.9,2025-02-05,Home Item 07,Home,83.24,173.9,True
2129,1503,42,1,138.05,138.05,2025-02-05,refunded,,North,138.05,2025-02-05,Grocery Item 02,Grocery,61.43,138.05,False
2130,1504,42,3,138.05,414.15,2025-02-05,completed,,Central,451.89,2025-02-05,Grocery Item 02,Grocery,61.43,138.05,True
2131,1504,18,1,37.74,37.74,2025-02-05,completed,,Central,451.89,2025-02-05,Beauty Item 02,Beauty,18.64,37.74,True
2132,1505,27,1,24.68,24.68,2025-02-05,cancelled,,Central,44.39,2025-02-05,Sports Item 03,Sports,10.9,24.68,False
2133,1505,31,1,19.71,19.71,2025-02-05,cancelled,,Central,44.39,2025-02-05,Sports Item 07,Sports,11.9,19.71,False
2134,1506,38,1,81.08,81.08,2025-02-05,completed,,Central,81.08,2025-02-05,Fashion Item 06,Fashion,44.22,81.08,True
2135,1507,32,1,12.22,12.22,2025-02-05,processing,,North,36.83,2025-02-05,Sports Item 08,Sports,7.11,12.22,True
2136,1507,43,1,24.61,24.61,2025-02-05,processing,,North,36.83,2025-02-05,Grocery Item 03,Grocery,11.56,24.61,True
2137,1508,14,3,61.39,184.17,2025-02-05,completed,,East,184.17,2025-02-05,Home Item 06,Home,36.75,61.39,True
2138,1509,23,1,83.16,83.16,2025-02-05,completed,,East,104.5,2025-02-05,Beauty Item 07,Beauty,39.32,83.16,True
2139,1509,47,1,21.34,21.34,2025-02-05,completed,,East,104.5,2025-02-05,Grocery Item 07,Grocery,13.74,21.34,True
2140,1510,3,1,57.71,57.71,2025-02-05,completed,,North,57.71,2025-02-05,Electronics Item 03,Electronics,26.19,57.71,True
2141,1511,12,1,117.99,117.99,2025-02-05,unknown_status,,North,117.99,2025-02-05,Home Item 04,Home,58.96,117.99,False
2142,1512,32,1,12.22,12.22,2025-02-05,processing,,East,32.69,2025-02-05,Sports Item 08,Sports,7.11,12.22,True
2143,1512,8,1,20.47,20.47,2025-02-05,processing,,East,32.69,2025-02-05,Electronics Item 08,Electronics,12.26,20.47,True
2144,1513,14,1,61.39,61.39,2025-02-05,completed,,South,110.61,2025-02-05,Home Item 06,Home,36.75,61.39,True
2145,1513,43,2,24.61,49.22,2025-02-05,completed,,South,110.61,2025-02-05,Grocery Item 03,Grocery,11.56,24.61,True
2146,1514,21,1,78.32,78.32,2025-02-05,completed,,South,280.79999999999995,2025-02-05,Beauty Item 05,Beauty,34.88,78.32,True
2147,1514,40,1,202.48,202.48,2025-02-05,completed,,South,280.79999999999995,2025-02-05,Fashion Item 08,Fashion,92.66,202.48,True
2148,1515,3,1,57.71,57.71,2025-02-05,completed,,North,57.71,2025-02-05,Electronics Item 03,Electronics,26.19,57.71,True
2149,1516,20,2,42.3,84.6,2025-02-05,completed,,South,84.6,2025-02-05,Beauty Item 04,Beauty,18.73,42.3,True
2150,1517,10,3,163.05,489.15,2025-02-05,unknown_status,,North,489.15,2025-02-05,Home Item 02,Home,76.01,163.05,False
2151,1518,20,1,42.3,42.3,2025-02-05,completed,,Central,42.3,2025-02-05,Beauty Item 04,Beauty,18.73,42.3,True
2152,1519,14,2,61.39,122.78,2025-02-05,processing,,North,240.74,2025-02-05,Home Item 06,Home,36.75,61.39,True
2153,1519,20,1,42.3,42.3,2025-02-05,processing,,North,240.74,2025-02-05,Beauty Item 04,Beauty,18.73,42.3,True
2154,1519,22,1,75.66,75.66,2025-02-05,processing,,North,240.74,2025-02-05,Beauty Item 06,Beauty,36.14,75.66,True
2155,1520,20,2,42.3,84.6,2025-02-05,completed,,South,84.6,2025-02-05,Beauty Item 04,Beauty,18.73,42.3,True
2156,1521,38,1,81.08,81.08,2025-02-05,completed,,North,283.56,2025-02-05,Fashion Item 06,Fashion,44.22,81.08,True
2157,1521,40,1,202.48,202.48,2025-02-05,completed,,North,283.56,2025-02-05,Fashion Item 08,Fashion,92.66,202.48,True
2158,1522,12,1,117.99,117.99,2025-02-05,completed,,Central,117.99,2025-02-05,Home Item 04,Home,58.96,117.99,True
2159,1523,14,1,61.39,61.39,2025-02-05,completed,,East,61.39,2025-02-05,Home Item 06,Home,36.75,61.39,True
2160,1524,3,2,57.71,115.42,2025-02-05,processing,,Central,115.42,2025-02-05,Electronics Item 03,Electronics,26.19,57.71,True
2161,1525,32,1,12.22,12.22,2025-02-05,completed,,North,159.67,2025-02-05,Sports Item 08,Sports,7.11,12.22,True
2162,1525,21,1,78.32,78.32,2025-02-05,completed,,North,159.67,2025-02-05,Beauty Item 05,Beauty,34.88,78.32,True
2163,1525,44,1,69.13,69.13,2025-02-05,completed,,North,159.67,2025-02-05,Grocery Item 04,Grocery,46.32,69.13,True
2164,1526,8,1,20.47,20.47,2025-02-05,completed,,Central,20.47,2025-02-05,Electronics Item 08,Electronics,12.26,20.47,True
2165,1527,39,1,124.06,124.06,2025-02-05,processing,,East,124.06,2025-02-05,Fashion Item 07,Fashion,65.04,124.06,True
2166,1528,3,2,57.71,115.42,2025-02-05,completed,,Central,115.42,2025-02-05,Electronics Item 03,Electronics,26.19,57.71,True
2167,1529,7,1,143.57,143.57,2025-02-05,completed,,East,143.57,2025-02-05,Electronics Item 07,Electronics,76.92,143.57,True
2168,1530,10,1,163.05,163.05,2025-02-05,completed,,North,163.05,2025-02-05,Home Item 02,Home,76.01,163.05,True
2169,1531,3,1,57.71,57.71,2025-02-05,completed,,South,89.28999999999999,2025-02-05,Electronics Item 03,Electronics,26.19,57.71,True
2170,1531,45,1,31.58,31.58,2025-02-05,completed,,South,89.28999999999999,2025-02-05,Grocery Item 05,Grocery,18.68,31.58,True
2171,1532,43,1,24.61,24.61,2025-02-05,completed,,East,24.61,2025-02-05,Grocery Item 03,Grocery,11.56,24.61,True
2172,1533,3,1,57.71,57.71,2025-02-05,processing,,East,57.71,2025-02-05,Electronics Item 03,Electronics,26.19,57.71,True
2173,1534,37,2,141.93,283.86,2025-02-05,completed,,East,283.86,2025-02-05,Fashion Item 05,Fashion,76.85,141.93,True
2174,1535,32,1,12.22,12.22,2025-02-05,completed,,East,180.52,2025-02-05,Sports Item 08,Sports,7.11,12.22,True
2175,1535,28,2,84.15,168.3,2025-02-05,completed,,East,180.52,2025-02-05,Sports Item 04,Sports,39.74,84.15,True
2176,1536,20,1,42.3,42.3,2025-02-05,completed,,East,42.3,2025-02-05,Beauty Item 04,Beauty,18.73,42.3,True
2177,1537,3,3,57.71,173.13,2025-02-05,completed,,East,173.13,2025-02-05,Electronics Item 03,Electronics,26.19,57.71,True
2178,1538,15,1,173.9,173.9,2025-02-05,processing,,East,376.38,2025-02-05,Home Item 07,Home,83.24,173.9,True
2179,1538,40,1,202.48,202.48,2025-02-05,processing,,East,376.38,2025-02-05,Fashion Item 08,Fashion,92.66,202.48,True
2180,1539,8,1,20.47,20.47,2025-02-05,unknown_status,,North,78.18,2025-02-05,Electronics Item 08,Electronics,12.26,20.47,False
2181,1539,3,1,57.71,57.71,2025-02-05,unknown_status,,North,78.18,2025-02-05,Electronics Item 03,Electronics,26.19,57.71,False
2182,1540,36,1,53.45,53.45,2025-02-05,completed,,Central,53.45,2025-02-05,Fashion Item 04,Fashion,28.42,53.45,True
2183,1541,8,1,20.47,20.47,2025-02-06,completed,,North,20.47,2025-02-06,Electronics Item 08,Electronics,12.26,20.47,True
2184,1542,32,1,12.22,12.22,2025-02-06,completed,,North,12.22,2025-02-06,Sports Item 08,Sports,7.11,12.22,True
2185,1543,23,1,83.16,83.16,2025-02-06,completed,,South,83.16,2025-02-06,Beauty Item 07,Beauty,39.32,83.16,True
2186,1544,30,1,67.9,67.9,2025-02-06,completed,,Central,192.16000000000003,2025-02-06,Sports Item 06,Sports,46.01,67.9,True
2187,1544,26,1,124.26,124.26,2025-02-06,completed,,Central,192.16000000000003,2025-02-06,Sports Item 02,Sports,72.7,124.26,True
2188,1545,43,1,24.61,24.61,2025-02-06,completed,,Central,125.64,2025-02-06,Grocery Item 03,Grocery,11.56,24.61,True
2189,1545,48,1,101.03,101.03,2025-02-06,completed,,Central,125.64,2025-02-06,,Grocery,44.45,101.03,True
2190,1546,46,3,125.88,377.64,2025-02-06,completed,,East,491.7,2025-02-06,Grocery Item 06,Grocery,73.75,125.88,True
2191,1546,1,1,114.06,114.06,2025-02-06,completed,,East,491.7,2025-02-06,Electronics Item 01,Electronics,75.52,114.06,True
2192,1547,48,1,101.03,101.03,2025-02-06,completed,,East,162.18,2025-02-06,,Grocery,44.45,101.03,True
2193,1547,5,1,61.15,61.15,2025-02-06,completed,,East,162.18,2025-02-06,Electronics Item 05,Electronics,33.0,61.15,True
2194,1548,8,1,20.47,20.47,2025-02-06,completed,,North,20.47,2025-02-06,Electronics Item 08,Electronics,12.26,20.47,True
2195,1549,45,3,31.58,94.74,2025-02-06,processing,,North,261.06,2025-02-06,Grocery Item 05,Grocery,18.68,31.58,True
2196,1549,23,2,83.16,166.32,2025-02-06,processing,,North,261.06,2025-02-06,Beauty Item 07,Beauty,39.32,83.16,True
2197,1550,26,1,124.26,124.26,2025-02-06,processing,,Central,409.6,2025-02-06,Sports Item 02,Sports,72.7,124.26,True
2198,1550,1,1,114.06,114.06,2025-02-06,processing,,Central,409.6,2025-02-06,Electronics Item 01,Electronics,75.52,114.06,True
2199,1550,33,1,171.28,171.28,2025-02-06,processing,,Central,409.6,2025-02-06,Fashion Item 01,Fashion,77.9,171.28,True
2200,1551,45,2,31.58,63.16,2025-02-06,completed,,East,63.16,2025-02-06,Grocery Item 05,Grocery,18.68,31.58,True
2201,1552,45,1,31.58,31.58,2025-02-06,completed,,East,31.58,2025-02-06,Grocery Item 05,Grocery,18.68,31.58,True
2202,1553,35,1,157.65,157.65,2025-02-06,processing,,North,398.61,2025-02-06,Fashion Item 03,Fashion,77.82,157.65,True
2203,1553,20,3,42.3,126.9,2025-02-06,processing,,North,398.61,2025-02-06,Beauty Item 04,Beauty,18.73,42.3,True
2204,1553,1,1,114.06,114.06,2025-02-06,processing,,North,398.61,2025-02-06,Electronics Item 01,Electronics,75.52,114.06,True
2205,1554,20,1,42.3,42.3,2025-02-06,processing,,South,101.69,2025-02-06,Beauty Item 04,Beauty,18.73,42.3,True
2206,1554,13,1,34.71,34.71,2025-02-06,processing,,South,101.69,2025-02-06,Home Item 05,Home,15.9,34.71,True
2207,1554,27,1,24.68,24.68,2025-02-06,processing,,South,101.69,2025-02-06,Sports Item 03,Sports,10.9,24.68,True
2208,1555,3,1,57.71,57.71,2025-02-06,cancelled,,North,57.71,2025-02-06,Electronics Item 03,Electronics,26.19,57.71,False
2209,1556,34,2,43.74,87.48,2025-02-06,completed,,North,87.48,2025-02-06,Fashion Item 02,Fashion,22.77,43.74,True
2210,1557,43,2,24.61,49.22,2025-02-06,completed,,South,49.22,2025-02-06,Grocery Item 03,Grocery,11.56,24.61,True
2211,1558,43,1,24.61,24.61,2025-02-06,completed,,North,138.67000000000002,2025-02-06,Grocery Item 03,Grocery,11.56,24.61,True
2212,1558,1,1,114.06,114.06,2025-02-06,completed,,North,138.67000000000002,2025-02-06,Electronics Item 01,Electronics,75.52,114.06,True
2213,1559,10,2,163.05,326.1,2025-02-06,completed,,Central,326.1,2025-02-06,Home Item 02,Home,76.01,163.05,True
2214,1560,19,1,152.53,152.53,2025-02-06,completed,,South,152.53,2025-02-06,Beauty Item 03,Beauty,83.95,152.53,True
2215,1561,20,1,42.3,42.3,2025-02-06,completed,,South,42.3,2025-02-06,Beauty Item 04,Beauty,18.73,42.3,True
2216,1562,14,1,61.39,61.39,2025-02-06,completed,,South,227.70999999999998,2025-02-06,Home Item 06,Home,36.75,61.39,True
2217,1562,23,2,83.16,166.32,2025-02-06,completed,,South,227.70999999999998,2025-02-06,Beauty Item 07,Beauty,39.32,83.16,True
2218,1563,47,1,21.34,21.34,2025-02-06,completed,,North,21.34,2025-02-06,Grocery Item 07,Grocery,13.74,21.34,True
2219,1564,47,1,21.34,21.34,2025-02-06,completed,,South,21.34,2025-02-06,Grocery Item 07,Grocery,13.74,21.34,True
2220,1565,40,2,202.48,404.96,2025-02-06,completed,,South,722.96,2025-02-06,Fashion Item 08,Fashion,92.66,202.48,True
2221,1565,36,3,53.45,160.35,2025-02-06,completed,,South,722.96,2025-02-06,Fashion Item 04,Fashion,28.42,53.45,True
2222,1565,35,1,157.65,157.65,2025-02-06,completed,,South,722.96,2025-02-06,Fashion Item 03,Fashion,77.82,157.65,True
2223,1566,19,1,152.53,152.53,2025-02-06,completed,,Central,225.69,2025-02-06,Beauty Item 03,Beauty,83.95,152.53,True
2224,1566,36,1,53.45,53.45,2025-02-06,completed,,Central,225.69,2025-02-06,Fashion Item 04,Fashion,28.42,53.45,True
2225,1566,31,1,19.71,19.71,2025-02-06,completed,,Central,225.69,2025-02-06,Sports Item 07,Sports,11.9,19.71,True
2226,1567,15,1,173.9,173.9,2025-02-06,completed,,North,173.9,2025-02-06,Home Item 07,Home,83.24,173.9,True
2227,1568,28,2,84.15,168.3,2025-02-06,completed,,East,168.3,2025-02-06,Sports Item 04,Sports,39.74,84.15,True
2228,1569,8,1,20.47,20.47,2025-02-06,completed,,South,138.45999999999998,2025-02-06,Electronics Item 08,Electronics,12.26,20.47,True
2229,1569,12,1,117.99,117.99,2025-02-06,completed,,South,138.45999999999998,2025-02-06,Home Item 04,Home,58.96,117.99,True
2230,1570,47,1,21.34,21.34,2025-02-06,completed,,Central,21.34,2025-02-06,Grocery Item 07,Grocery,13.74,21.34,True
2231,1571,32,1,12.22,12.22,2025-02-06,completed,,South,12.22,2025-02-06,Sports Item 08,Sports,7.11,12.22,True
2232,1572,30,1,67.9,67.9,2025-02-06,completed,,East,67.9,2025-02-06,Sports Item 06,Sports,46.01,67.9,True
2233,1573,42,1,138.05,138.05,2025-02-06,completed,,Central,138.05,2025-02-06,Grocery Item 02,Grocery,61.43,138.05,True
2234,1574,28,1,84.15,84.15,2025-02-06,completed,,South,103.86000000000001,2025-02-06,Sports Item 04,Sports,39.74,84.15,True
2235,1574,31,1,19.71,19.71,2025-02-06,completed,,South,103.86000000000001,2025-02-06,Sports Item 07,Sports,11.9,19.71,True
2236,1575,2,1,100.26,100.26,2025-02-06,completed,,Central,100.26,2025-02-06,Electronics Item 02,Electronics,54.16,100.26,True
2237,1576,23,3,83.16,249.48,2025-02-06,completed,,East,249.48,2025-02-06,Beauty Item 07,Beauty,39.32,83.16,True
2238,1577,23,1,83.16,83.16,2025-02-06,completed,,South,239.79999999999998,2025-02-06,Beauty Item 07,Beauty,39.32,83.16,True
2239,1577,21,2,78.32,156.64,2025-02-06,completed,,South,239.79999999999998,2025-02-06,Beauty Item 05,Beauty,34.88,78.32,True
2240,1578,28,1,84.15,84.15,2025-02-06,completed,,South,84.15,2025-02-06,Sports Item 04,Sports,39.74,84.15,True
2241,1579,8,2,20.47,40.94,2025-02-06,completed,,North,119.25999999999999,2025-02-06,Electronics Item 08,Electronics,12.26,20.47,True
2242,1579,21,1,78.32,78.32,2025-02-06,completed,,North,119.25999999999999,2025-02-06,Beauty Item 05,Beauty,34.88,78.32,True
2243,1580,1,1,114.06,114.06,2025-02-06,completed,,East,114.06,2025-02-06,Electronics Item 01,Electronics,75.52,114.06,True
2244,1581,23,1,83.16,83.16,2025-02-06,completed,,North,132.70999999999998,2025-02-06,Beauty Item 07,Beauty,39.32,83.16,True
2245,1581,41,1,49.55,49.55,2025-02-06,completed,,North,132.70999999999998,2025-02-06,Grocery Item 01,Grocery,22.88,49.55,True
2246,1582,21,1,78.32,78.32,2025-02-06,completed,,North,78.32,2025-02-06,Beauty Item 05,Beauty,34.88,78.32,True
2247,1583,19,1,152.53,152.53,2025-02-06,processing,,East,152.53,2025-02-06,Beauty Item 03,Beauty,83.95,152.53,True
2248,1584,28,1,84.15,84.15,2025-02-06,completed,,South,84.15,2025-02-06,Sports Item 04,Sports,39.74,84.15,True
2249,1585,13,1,34.71,34.71,2025-02-06,completed,,Central,34.71,2025-02-06,Home Item 05,Home,15.9,34.71,True
2250,1586,47,1,21.34,21.34,2025-02-06,processing,,East,21.34,2025-02-06,Grocery Item 07,Grocery,13.74,21.34,True
2251,1587,44,2,69.13,138.26,2025-02-07,completed,,East,138.26,2025-02-07,Grocery Item 04,Grocery,46.32,69.13,True
2252,1588,25,1,43.73,43.73,2025-02-07,completed,,South,43.73,2025-02-07,Sports Item 01,Sports,20.88,43.73,True
2253,1589,8,1,20.47,20.47,2025-02-07,completed,,Central,20.47,2025-02-07,Electronics Item 08,Electronics,12.26,20.47,True
2254,1590,10,1,163.05,163.05,2025-02-07,processing,,South,163.05,2025-02-07,Home Item 02,Home,76.01,163.05,True
2255,1591,19,2,152.53,305.06,2025-02-07,completed,,North,305.06,2025-02-07,Beauty Item 03,Beauty,83.95,152.53,True
2256,1592,20,1,42.3,42.3,2025-02-07,cancelled,,East,42.3,2025-02-07,Beauty Item 04,Beauty,18.73,42.3,False
2257,1593,22,1,75.66,75.66,2025-02-07,completed,,South,75.66,2025-02-07,Beauty Item 06,Beauty,36.14,75.66,True
2258,1594,10,1,163.05,163.05,2025-02-07,completed,,South,304.98,2025-02-07,Home Item 02,Home,76.01,163.05,True
2259,1594,37,1,141.93,141.93,2025-02-07,completed,,South,304.98,2025-02-07,Fashion Item 05,Fashion,76.85,141.93,True
2260,1595,14,3,61.39,184.17,2025-02-07,completed,,South,226.46999999999997,2025-02-07,Home Item 06,Home,36.75,61.39,True
2261,1595,20,1,42.3,42.3,2025-02-07,completed,,South,226.46999999999997,2025-02-07,Beauty Item 04,Beauty,18.73,42.3,True
2262,1596,23,1,83.16,83.16,2025-02-07,completed,,Central,83.16,2025-02-07,Beauty Item 07,Beauty,39.32,83.16,True
2263,1597,21,1,78.32,78.32,2025-02-07,processing,,South,78.32,2025-02-07,Beauty Item 05,Beauty,34.88,78.32,True
2264,1598,14,1,61.39,61.39,2025-02-07,completed,,East,61.39,2025-02-07,Home Item 06,Home,36.75,61.39,True
2265,1599,8,1,20.47,20.47,2025-02-07,completed,,North,55.18,2025-02-07,Electronics Item 08,Electronics,12.26,20.47,True
2266,1599,13,1,34.71,34.71,2025-02-07,completed,,North,55.18,2025-02-07,Home Item 05,Home,15.9,34.71,True
2267,1600,23,1,83.16,83.16,2025-02-07,completed,,East,83.16,2025-02-07,Beauty Item 07,Beauty,39.32,83.16,True
2268,1601,36,1,53.45,53.45,2025-02-07,completed,,Central,53.45,2025-02-07,Fashion Item 04,Fashion,28.42,53.45,True
2269,1602,9,1,59.69,59.69,2025-02-07,completed,,South,59.69,2025-02-07,Home Item 01,Home,38.0,59.69,True
2270,1603,8,1,20.47,20.47,2025-02-07,cancelled,,South,178.12,2025-02-07,Electronics Item 08,Electronics,12.26,20.47,False
2271,1603,35,1,157.65,157.65,2025-02-07,cancelled,,South,178.12,2025-02-07,Fashion Item 03,Fashion,77.82,157.65,False
2272,1604,43,1,24.61,24.61,2025-02-07,processing,,Central,24.61,2025-02-07,Grocery Item 03,Grocery,11.56,24.61,True
2273,1605,30,1,67.9,67.9,2025-02-07,refunded,,Central,589.6,2025-02-07,Sports Item 06,Sports,46.01,67.9,False
2274,1605,15,3,173.9,521.7,2025-02-07,refunded,,Central,589.6,2025-02-07,Home Item 07,Home,83.24,173.9,False
2275,1606,25,1,43.73,43.73,2025-02-07,completed,,Central,43.73,2025-02-07,Sports Item 01,Sports,20.88,43.73,True
2276,1607,25,1,43.73,43.73,2025-02-07,completed,,South,43.73,2025-02-07,Sports Item 01,Sports,20.88,43.73,True
2277,1608,47,1,21.34,21.34,2025-02-07,completed,,East,21.34,2025-02-07,Grocery Item 07,Grocery,13.74,21.34,True
2278,1609,12,1,117.99,117.99,2025-02-07,refunded,,South,171.44,2025-02-07,Home Item 04,Home,58.96,117.99,False
2279,1609,36,1,53.45,53.45,2025-02-07,refunded,,South,171.44,2025-02-07,Fashion Item 04,Fashion,28.42,53.45,False
2280,1610,14,1,61.39,61.39,2025-02-07,completed,,North,61.39,2025-02-07,Home Item 06,Home,36.75,61.39,True
2281,1611,28,2,84.15,168.3,2025-02-07,refunded,,North,168.3,2025-02-07,Sports Item 04,Sports,39.74,84.15,False
2282,1612,46,1,125.88,125.88,2025-02-07,completed,,Central,168.56,2025-02-07,Grocery Item 06,Grocery,73.75,125.88,True
2283,1612,47,2,21.34,42.68,2025-02-07,completed,,Central,168.56,2025-02-07,Grocery Item 07,Grocery,13.74,21.34,True
2284,1613,19,1,152.53,152.53,2025-02-07,completed,,North,152.53,2025-02-07,Beauty Item 03,Beauty,83.95,152.53,True
2285,1614,47,1,21.34,21.34,2025-02-07,processing,,Central,135.4,2025-02-07,Grocery Item 07,Grocery,13.74,21.34,True
2286,1614,1,1,114.06,114.06,2025-02-07,processing,,Central,135.4,2025-02-07,Electronics Item 01,Electronics,75.52,114.06,True
2287,1615,43,1,24.61,24.61,2025-02-07,completed,,South,24.61,2025-02-07,Grocery Item 03,Grocery,11.56,24.61,True
2288,1616,14,1,61.39,61.39,2025-02-07,cancelled,,East,380.5,2025-02-07,Home Item 06,Home,36.75,61.39,False
2289,1616,28,1,84.15,84.15,2025-02-07,cancelled,,East,380.5,2025-02-07,Sports Item 04,Sports,39.74,84.15,False
2290,1616,21,3,78.32,234.96,2025-02-07,cancelled,,East,380.5,2025-02-07,Beauty Item 05,Beauty,34.88,78.32,False
2291,1617,13,1,34.71,34.71,2025-02-07,completed,,Central,34.71,2025-02-07,Home Item 05,Home,15.9,34.71,True
2292,1618,15,1,173.9,173.9,2025-02-07,completed,,East,173.9,2025-02-07,Home Item 07,Home,83.24,173.9,True
2293,1619,32,1,12.22,12.22,2025-02-07,completed,,East,12.22,2025-02-07,Sports Item 08,Sports,7.11,12.22,True
2294,1620,15,1,173.9,173.9,2025-02-07,completed,,Central,414.71000000000004,2025-02-07,Home Item 07,Home,83.24,173.9,True
2295,1620,35,1,157.65,157.65,2025-02-07,completed,,Central,414.71000000000004,2025-02-07,Fashion Item 03,Fashion,77.82,157.65,True
2296,1620,23,1,83.16,83.16,2025-02-07,completed,,Central,414.71000000000004,2025-02-07,Beauty Item 07,Beauty,39.32,83.16,True
2297,1621,23,1,83.16,83.16,2025-02-07,completed,,South,83.16,2025-02-07,Beauty Item 07,Beauty,39.32,83.16,True
2298,1622,15,1,173.9,173.9,2025-02-07,completed,,South,173.9,2025-02-07,Home Item 07,Home,83.24,173.9,True
2299,1623,45,2,31.58,63.16,2025-02-08,cancelled,,Central,63.16,2025-02-08,Grocery Item 05,Grocery,18.68,31.58,False
2300,1624,8,1,20.47,20.47,2025-02-08,processing,,North,20.47,2025-02-08,Electronics Item 08,Electronics,12.26,20.47,True
2301,1625,23,1,83.16,83.16,2025-02-08,cancelled,,East,83.16,2025-02-08,Beauty Item 07,Beauty,39.32,83.16,False
2302,1626,18,1,37.74,37.74,2025-02-08,completed,,Central,37.74,2025-02-08,Beauty Item 02,Beauty,18.64,37.74,True
2303,1627,20,1,42.3,42.3,2025-02-08,completed,,East,107.97,2025-02-08,Beauty Item 04,Beauty,18.73,42.3,True
2304,1627,32,1,12.22,12.22,2025-02-08,completed,,East,107.97,2025-02-08,Sports Item 08,Sports,7.11,12.22,True
2305,1627,36,1,53.45,53.45,2025-02-08,completed,,East,107.97,2025-02-08,Fashion Item 04,Fashion,28.42,53.45,True
2306,1628,8,1,20.47,20.47,2025-02-08,completed,,South,20.47,2025-02-08,Electronics Item 08,Electronics,12.26,20.47,True
2307,1629,11,1,115.23,115.23,2025-02-08,completed,,Central,115.23,2025-02-08,Home Item 03,Home,73.04,115.23,True
2308,1630,15,1,173.9,173.9,2025-02-08,completed,,East,173.9,2025-02-08,Home Item 07,Home,83.24,173.9,True
2309,1631,15,1,173.9,173.9,2025-02-08,completed,,East,173.9,2025-02-08,Home Item 07,Home,83.24,173.9,True
2310,1632,22,1,75.66,75.66,2025-02-08,processing,,East,100.34,2025-02-08,Beauty Item 06,Beauty,36.14,75.66,True
2311,1632,27,1,24.68,24.68,2025-02-08,processing,,East,100.34,2025-02-08,Sports Item 03,Sports,10.9,24.68,True
2312,1633,35,1,157.65,157.65,2025-02-08,cancelled,,South,320.12,2025-02-08,Fashion Item 03,Fashion,77.82,157.65,False
2313,1633,28,1,84.15,84.15,2025-02-08,cancelled,,South,320.12,2025-02-08,Sports Item 04,Sports,39.74,84.15,False
2314,1633,21,1,78.32,78.32,2025-02-08,cancelled,,South,320.12,2025-02-08,Beauty Item 05,Beauty,34.88,78.32,False
2315,1634,8,1,20.47,20.47,2025-02-08,completed,,East,45.08,2025-02-08,Electronics Item 08,Electronics,12.26,20.47,True
2316,1634,43,1,24.61,24.61,2025-02-08,completed,,East,45.08,2025-02-08,Grocery Item 03,Grocery,11.56,24.61,True
2317,1635,36,1,53.45,53.45,2025-02-08,refunded,,South,53.45,2025-02-08,Fashion Item 04,Fashion,28.42,53.45,False
2318,1636,15,1,173.9,173.9,2025-02-08,refunded,,North,231.61,2025-02-08,Home Item 07,Home,83.24,173.9,False
2319,1636,3,1,57.71,57.71,2025-02-08,refunded,,North,231.61,2025-02-08,Electronics Item 03,Electronics,26.19,57.71,False
2320,1637,24,1,29.56,29.56,2025-02-08,processing,,Central,87.27,2025-02-08,Beauty Item 08,Beauty,14.55,29.56,True
2321,1637,3,1,57.71,57.71,2025-02-08,processing,,Central,87.27,2025-02-08,Electronics Item 03,Electronics,26.19,57.71,True
2322,1638,38,1,81.08,81.08,2025-02-08,processing,,South,81.08,2025-02-08,Fashion Item 06,Fashion,44.22,81.08,True
2323,1639,43,1,24.61,24.61,2025-02-08,completed,,East,24.61,2025-02-08,Grocery Item 03,Grocery,11.56,24.61,True
2324,1640,31,3,19.71,59.13,2025-02-08,completed,,Central,271.4,2025-02-08,Sports Item 07,Sports,11.9,19.71,True
2325,1640,10,1,163.05,163.05,2025-02-08,completed,,Central,271.4,2025-02-08,Home Item 02,Home,76.01,163.05,True
2326,1640,43,2,24.61,49.22,2025-02-08,completed,,Central,271.4,2025-02-08,Grocery Item 03,Grocery,11.56,24.61,True
2327,1641,20,1,42.3,42.3,2025-02-08,completed,,Central,42.3,2025-02-08,Beauty Item 04,Beauty,18.73,42.3,True
2328,1642,44,3,69.13,207.39,2025-02-08,processing,,Central,207.39,2025-02-08,Grocery Item 04,Grocery,46.32,69.13,True
2329,1643,21,1,78.32,78.32,2025-02-08,completed,,North,78.32,2025-02-08,Beauty Item 05,Beauty,34.88,78.32,True
2330,1644,45,1,31.58,31.58,2025-02-08,completed,,South,138.48000000000002,2025-02-08,Grocery Item 05,Grocery,18.68,31.58,True
2331,1644,36,2,53.45,106.9,2025-02-08,completed,,South,138.48000000000002,2025-02-08,Fashion Item 04,Fashion,28.42,53.45,True
2332,1645,37,2,141.93,283.86,2025-02-08,completed,,North,283.86,2025-02-08,Fashion Item 05,Fashion,76.85,141.93,True
2333,1646,44,1,69.13,69.13,2025-02-08,completed,,East,69.13,2025-02-08,Grocery Item 04,Grocery,46.32,69.13,True
2334,1647,43,2,24.61,49.22,2025-02-08,completed,,Central,118.35,2025-02-08,Grocery Item 03,Grocery,11.56,24.61,True
2335,1647,44,1,69.13,69.13,2025-02-08,completed,,Central,118.35,2025-02-08,Grocery Item 04,Grocery,46.32,69.13,True
2336,1648,35,1,157.65,157.65,2025-02-08,completed,,South,187.21,2025-02-08,Fashion Item 03,Fashion,77.82,157.65,True
2337,1648,24,1,29.56,29.56,2025-02-08,completed,,South,187.21,2025-02-08,Beauty Item 08,Beauty,14.55,29.56,True
2338,1649,33,1,171.28,171.28,2025-02-08,completed,,Central,171.28,2025-02-08,Fashion Item 01,Fashion,77.9,171.28,True
2339,1650,26,1,124.26,124.26,2025-02-08,completed,,North,124.26,2025-02-08,Sports Item 02,Sports,72.7,124.26,True
2340,1651,10,1,163.05,163.05,2025-02-08,completed,,South,163.05,2025-02-08,Home Item 02,Home,76.01,163.05,True
2341,1652,28,2,84.15,168.3,2025-02-08,cancelled,,South,281.01,2025-02-08,Sports Item 04,Sports,39.74,84.15,False
2342,1652,45,2,31.58,63.16,2025-02-08,cancelled,,South,281.01,2025-02-08,Grocery Item 05,Grocery,18.68,31.58,False
2343,1652,41,1,49.55,49.55,2025-02-08,cancelled,,South,281.01,2025-02-08,Grocery Item 01,Grocery,22.88,49.55,False
2344,1653,12,1,117.99,117.99,2025-02-08,completed,,North,117.99,2025-02-08,Home Item 04,Home,58.96,117.99,True
2345,1654,47,2,21.34,42.68,2025-02-08,completed,,East,96.13,2025-02-08,Grocery Item 07,Grocery,13.74,21.34,True
2346,1654,36,1,53.45,53.45,2025-02-08,completed,,East,96.13,2025-02-08,Fashion Item 04,Fashion,28.42,53.45,True
2347,1655,45,1,31.58,31.58,2025-02-08,completed,,Central,311.28999999999996,2025-02-08,Grocery Item 05,Grocery,18.68,31.58,True
2348,1655,12,2,117.99,235.98,2025-02-08,completed,,Central,311.28999999999996,2025-02-08,Home Item 04,Home,58.96,117.99,True
2349,1655,25,1,43.73,43.73,2025-02-08,completed,,Central,311.28999999999996,2025-02-08,Sports Item 01,Sports,20.88,43.73,True
2350,1656,26,2,124.26,248.52,2025-02-08,completed,,South,332.67,2025-02-08,Sports Item 02,Sports,72.7,124.26,True
2351,1656,28,1,84.15,84.15,2025-02-08,completed,,South,332.67,2025-02-08,Sports Item 04,Sports,39.74,84.15,True
2352,1657,42,1,138.05,138.05,2025-02-08,refunded,,South,210.52,2025-02-08,Grocery Item 02,Grocery,61.43,138.05,False
2353,1657,4,1,72.47,72.47,2025-02-08,refunded,,South,210.52,2025-02-08,Electronics Item 04,Electronics,34.44,72.47,False
2354,1658,13,1,34.71,34.71,2025-02-08,completed,,South,34.71,2025-02-08,Home Item 05,Home,15.9,34.71,True
2355,1659,43,1,24.61,24.61,2025-02-08,completed,,East,24.61,2025-02-08,Grocery Item 03,Grocery,11.56,24.61,True
2356,1660,9,2,59.69,119.38,2025-02-08,cancelled,,South,119.38,2025-02-08,Home Item 01,Home,38.0,59.69,False
2357,1661,41,1,49.55,49.55,2025-02-08,unknown_status,,North,133.7,2025-02-08,Grocery Item 01,Grocery,22.88,49.55,False
2358,1661,28,1,84.15,84.15,2025-02-08,unknown_status,,North,133.7,2025-02-08,Sports Item 04,Sports,39.74,84.15,False
2359,1662,23,1,83.16,83.16,2025-02-08,processing,,South,335.61,2025-02-08,Beauty Item 07,Beauty,39.32,83.16,True
2360,1662,28,3,84.15,252.45,2025-02-08,processing,,South,335.61,2025-02-08,Sports Item 04,Sports,39.74,84.15,True
2361,1663,42,1,138.05,138.05,2025-02-08,completed,,South,210.52,2025-02-08,Grocery Item 02,Grocery,61.43,138.05,True
2362,1663,4,1,72.47,72.47,2025-02-08,completed,,South,210.52,2025-02-08,Electronics Item 04,Electronics,34.44,72.47,True
2363,1664,14,1,61.39,61.39,2025-02-08,completed,,South,82.73,2025-02-08,Home Item 06,Home,36.75,61.39,True
2364,1664,47,1,21.34,21.34,2025-02-08,completed,,South,82.73,2025-02-08,Grocery Item 07,Grocery,13.74,21.34,True
2365,1665,13,2,34.71,69.42,2025-02-08,cancelled,,Central,346.01,2025-02-08,Home Item 05,Home,15.9,34.71,False
2366,1665,19,1,152.53,152.53,2025-02-08,cancelled,,Central,346.01,2025-02-08,Beauty Item 03,Beauty,83.95,152.53,False
2367,1665,39,1,124.06,124.06,2025-02-08,cancelled,,Central,346.01,2025-02-08,Fashion Item 07,Fashion,65.04,124.06,False
2368,1666,10,1,163.05,163.05,2025-02-08,completed,,Central,163.05,2025-02-08,Home Item 02,Home,76.01,163.05,True
2369,1667,3,1,57.71,57.71,2025-02-08,completed,,North,57.71,2025-02-08,Electronics Item 03,Electronics,26.19,57.71,True
2370,1668,47,1,21.34,21.34,2025-02-08,completed,,Central,21.34,2025-02-08,Grocery Item 07,Grocery,13.74,21.34,True
2371,1669,33,1,171.28,171.28,2025-02-08,completed,,South,319.93,2025-02-08,Fashion Item 01,Fashion,77.9,171.28,True
2372,1669,41,3,49.55,148.65,2025-02-08,completed,,South,319.93,2025-02-08,Grocery Item 01,Grocery,22.88,49.55,True
2373,1670,23,2,83.16,166.32,2025-02-08,completed,,North,186.03,2025-02-08,Beauty Item 07,Beauty,39.32,83.16,True
2374,1670,31,1,19.71,19.71,2025-02-08,completed,,North,186.03,2025-02-08,Sports Item 07,Sports,11.9,19.71,True
2375,1671,36,2,53.45,106.9,2025-02-08,completed,,South,190.06,2025-02-08,Fashion Item 04,Fashion,28.42,53.45,True
2376,1671,23,1,83.16,83.16,2025-02-08,completed,,South,190.06,2025-02-08,Beauty Item 07,Beauty,39.32,83.16,True
2377,1672,19,1,152.53,152.53,2025-02-09,completed,,Central,152.53,2025-02-09,Beauty Item 03,Beauty,83.95,152.53,True
2378,1673,10,1,163.05,163.05,2025-02-09,cancelled,,East,163.05,2025-02-09,Home Item 02,Home,76.01,163.05,False
2379,1674,9,1,59.69,59.69,2025-02-09,completed,,East,217.34,2025-02-09,Home Item 01,Home,38.0,59.69,True
2380,1674,35,1,157.65,157.65,2025-02-09,completed,,East,217.34,2025-02-09,Fashion Item 03,Fashion,77.82,157.65,True
2381,1675,19,1,152.53,152.53,2025-02-09,completed,,Central,152.53,2025-02-09,Beauty Item 03,Beauty,83.95,152.53,True
2382,1676,12,2,117.99,235.98,2025-02-09,completed,,East,235.98,2025-02-09,Home Item 04,Home,58.96,117.99,True
2383,1677,28,1,84.15,84.15,2025-02-09,processing,,East,84.15,2025-02-09,Sports Item 04,Sports,39.74,84.15,True
2384,1678,45,1,31.58,31.58,2025-02-09,completed,,North,31.58,2025-02-09,Grocery Item 05,Grocery,18.68,31.58,True
2385,1679,40,1,202.48,202.48,2025-02-09,completed,,Central,202.48,2025-02-09,Fashion Item 08,Fashion,92.66,202.48,True
2386,1680,10,1,163.05,163.05,2025-02-09,processing,,North,163.05,2025-02-09,Home Item 02,Home,76.01,163.05,True
2387,1681,19,1,152.53,152.53,2025-02-09,completed,,East,152.53,2025-02-09,Beauty Item 03,Beauty,83.95,152.53,True
2388,1682,23,2,83.16,166.32,2025-02-09,completed,,South,166.32,2025-02-09,Beauty Item 07,Beauty,39.32,83.16,True
2389,1683,36,1,53.45,53.45,2025-02-09,processing,,North,122.58,2025-02-09,Fashion Item 04,Fashion,28.42,53.45,True
2390,1683,44,1,69.13,69.13,2025-02-09,processing,,North,122.58,2025-02-09,Grocery Item 04,Grocery,46.32,69.13,True
2391,1684,35,1,157.65,157.65,2025-02-09,completed,,Central,157.65,2025-02-09,Fashion Item 03,Fashion,77.82,157.65,True
2392,1685,30,2,67.9,135.8,2025-02-09,completed,,South,273.85,2025-02-09,Sports Item 06,Sports,46.01,67.9,True
2393,1685,42,1,138.05,138.05,2025-02-09,completed,,South,273.85,2025-02-09,Grocery Item 02,Grocery,61.43,138.05,True
2394,1686,19,2,152.53,305.06,2025-02-09,completed,,East,305.06,2025-02-09,Beauty Item 03,Beauty,83.95,152.53,True
2395,1687,8,1,20.47,20.47,2025-02-09,completed,,North,20.47,2025-02-09,Electronics Item 08,Electronics,12.26,20.47,True
2396,1688,33,1,171.28,171.28,2025-02-09,completed,,East,171.28,2025-02-09,Fashion Item 01,Fashion,77.9,171.28,True
2397,1689,22,1,75.66,75.66,2025-02-09,completed,,South,201.54,2025-02-09,Beauty Item 06,Beauty,36.14,75.66,True
2398,1689,46,1,125.88,125.88,2025-02-09,completed,,South,201.54,2025-02-09,Grocery Item 06,Grocery,73.75,125.88,True
2399,1690,37,1,141.93,141.93,2025-02-09,completed,,South,141.93,2025-02-09,Fashion Item 05,Fashion,76.85,141.93,True
2400,1691,10,1,163.05,163.05,2025-02-09,completed,,Central,320.70000000000005,2025-02-09,Home Item 02,Home,76.01,163.05,True
2401,1691,35,1,157.65,157.65,2025-02-09,completed,,Central,320.70000000000005,2025-02-09,Fashion Item 03,Fashion,77.82,157.65,True
2402,1692,31,1,19.71,19.71,2025-02-09,processing,,Central,41.05,2025-02-09,Sports Item 07,Sports,11.9,19.71,True
2403,1692,47,1,21.34,21.34,2025-02-09,processing,,Central,41.05,2025-02-09,Grocery Item 07,Grocery,13.74,21.34,True
2404,1693,34,1,43.74,43.74,2025-02-09,completed,,South,65.08,2025-02-09,Fashion Item 02,Fashion,22.77,43.74,True
2405,1693,47,1,21.34,21.34,2025-02-09,completed,,South,65.08,2025-02-09,Grocery Item 07,Grocery,13.74,21.34,True
2406,1694,10,2,163.05,326.1,2025-02-09,refunded,,Central,326.1,2025-02-09,Home Item 02,Home,76.01,163.05,False
2407,1695,40,1,202.48,202.48,2025-02-09,completed,,East,287.51,2025-02-09,Fashion Item 08,Fashion,92.66,202.48,True
2408,1695,36,1,53.45,53.45,2025-02-09,completed,,East,287.51,2025-02-09,Fashion Item 04,Fashion,28.42,53.45,True
2409,1695,45,1,31.58,31.58,2025-02-09,completed,,East,287.51,2025-02-09,Grocery Item 05,Grocery,18.68,31.58,True
2410,1696,43,1,24.61,24.61,2025-02-09,completed,,South,24.61,2025-02-09,Grocery Item 03,Grocery,11.56,24.61,True
2411,1697,26,1,124.26,124.26,2025-02-09,refunded,,Central,124.26,2025-02-09,Sports Item 02,Sports,72.7,124.26,False
2412,1698,18,1,37.74,37.74,2025-02-09,completed,,Central,37.74,2025-02-09,Beauty Item 02,Beauty,18.64,37.74,True
2413,1699,3,1,57.71,57.71,2025-02-09,completed,,North,57.71,2025-02-09,Electronics Item 03,Electronics,26.19,57.71,True
2414,1700,21,1,78.32,78.32,2025-02-09,completed,,South,78.32,2025-02-09,Beauty Item 05,Beauty,34.88,78.32,True
2415,1701,14,1,61.39,61.39,2025-02-09,refunded,,Central,139.70999999999998,2025-02-09,Home Item 06,Home,36.75,61.39,False
2416,1701,21,1,78.32,78.32,2025-02-09,refunded,,Central,139.70999999999998,2025-02-09,Beauty Item 05,Beauty,34.88,78.32,False
2417,1702,26,1,124.26,124.26,2025-02-09,completed,,North,202.57999999999998,2025-02-09,Sports Item 02,Sports,72.7,124.26,True
2418,1702,21,1,78.32,78.32,2025-02-09,completed,,North,202.57999999999998,2025-02-09,Beauty Item 05,Beauty,34.88,78.32,True
2419,1703,23,2,83.16,166.32,2025-02-09,completed,,East,166.32,2025-02-09,Beauty Item 07,Beauty,39.32,83.16,True
2420,1704,4,1,72.47,72.47,2025-02-09,completed,,South,72.47,2025-02-09,Electronics Item 04,Electronics,34.44,72.47,True
2421,1705,23,3,83.16,249.48,2025-02-09,completed,,Central,249.48,2025-02-09,Beauty Item 07,Beauty,39.32,83.16,True
2422,1706,13,1,34.71,34.71,2025-02-09,completed,,East,34.71,2025-02-09,Home Item 05,Home,15.9,34.71,True
2423,1707,40,3,202.48,607.44,2025-02-09,completed,,Central,695.6400000000001,2025-02-09,Fashion Item 08,Fashion,92.66,202.48,True
2424,1707,6,1,88.2,88.2,2025-02-09,completed,,Central,695.6400000000001,2025-02-09,Electronics Item 06,Electronics,39.5,88.2,True
2425,1708,43,2,24.61,49.22,2025-02-09,completed,,South,49.22,2025-02-09,Grocery Item 03,Grocery,11.56,24.61,True
2426,1709,8,1,20.47,20.47,2025-02-09,completed,,East,127.37,2025-02-09,Electronics Item 08,Electronics,12.26,20.47,True
2427,1709,36,2,53.45,106.9,2025-02-09,completed,,East,127.37,2025-02-09,Fashion Item 04,Fashion,28.42,53.45,True
2428,1710,42,1,138.05,138.05,2025-02-09,completed,,South,138.05,2025-02-09,Grocery Item 02,Grocery,61.43,138.05,True
2429,1711,2,1,100.26,100.26,2025-02-09,cancelled,,East,222.56,2025-02-09,Electronics Item 02,Electronics,54.16,100.26,False
2430,1711,5,2,61.15,122.3,2025-02-09,cancelled,,East,222.56,2025-02-09,Electronics Item 05,Electronics,33.0,61.15,False
2431,1712,44,2,69.13,138.26,2025-02-09,completed,,Central,138.26,2025-02-09,Grocery Item 04,Grocery,46.32,69.13,True
2432,1713,43,1,24.61,24.61,2025-02-09,completed,,South,24.61,2025-02-09,Grocery Item 03,Grocery,11.56,24.61,True
2433,1714,21,1,78.32,78.32,2025-02-09,completed,,Central,78.32,2025-02-09,Beauty Item 05,Beauty,34.88,78.32,True
2434,1715,34,2,43.74,87.48,2025-02-09,completed,,South,87.48,2025-02-09,Fashion Item 02,Fashion,22.77,43.74,True
2435,1716,26,1,124.26,124.26,2025-02-09,completed,,Central,124.26,2025-02-09,Sports Item 02,Sports,72.7,124.26,True
2436,1717,26,1,124.26,124.26,2025-02-09,completed,,East,124.26,2025-02-09,Sports Item 02,Sports,72.7,124.26,True
2437,1718,6,1,88.2,88.2,2025-02-09,completed,,North,364.3,2025-02-09,Electronics Item 06,Electronics,39.5,88.2,True
2438,1718,42,2,138.05,276.1,2025-02-09,completed,,North,364.3,2025-02-09,Grocery Item 02,Grocery,61.43,138.05,True
2439,1719,15,1,173.9,173.9,2025-02-09,completed,,South,336.95000000000005,2025-02-09,Home Item 07,Home,83.24,173.9,True
2440,1719,10,1,163.05,163.05,2025-02-09,completed,,South,336.95000000000005,2025-02-09,Home Item 02,Home,76.01,163.05,True
2441,1720,43,1,24.61,24.61,2025-02-09,completed,,North,93.74,2025-02-09,Grocery Item 03,Grocery,11.56,24.61,True
2442,1720,44,1,69.13,69.13,2025-02-09,completed,,North,93.74,2025-02-09,Grocery Item 04,Grocery,46.32,69.13,True
2443,1721,19,1,152.53,152.53,2025-02-09,completed,,North,152.53,2025-02-09,Beauty Item 03,Beauty,83.95,152.53,True
2444,1722,43,2,24.61,49.22,2025-02-09,completed,,North,49.22,2025-02-09,Grocery Item 03,Grocery,11.56,24.61,True
2445,1723,44,1,60.83,60.83,2025-02-10,completed,1.0,East,60.83,2025-02-10,Grocery Item 04,Grocery,46.32,69.13,True
2446,1724,34,1,38.49,38.49,2025-02-10,completed,1.0,South,38.49,2025-02-10,Fashion Item 02,Fashion,22.77,43.74,True
2447,1725,32,1,10.75,10.75,2025-02-10,processing,1.0,North,10.75,2025-02-10,Sports Item 08,Sports,7.11,12.22,True
2448,1726,19,1,134.23,134.23,2025-02-10,completed,1.0,South,134.23,2025-02-10,Beauty Item 03,Beauty,83.95,152.53,True
2449,1727,42,1,121.48,121.48,2025-02-10,processing,1.0,South,121.48,2025-02-10,Grocery Item 02,Grocery,61.43,138.05,True
2450,1728,13,1,30.54,30.54,2025-02-10,completed,1.0,North,84.35,2025-02-10,Home Item 05,Home,15.9,34.71,True
2451,1728,5,1,53.81,53.81,2025-02-10,completed,1.0,North,84.35,2025-02-10,Electronics Item 05,Electronics,33.0,61.15,True
2452,1729,42,1,121.48,121.48,2025-02-10,completed,1.0,South,121.48,2025-02-10,Grocery Item 02,Grocery,61.43,138.05,True
2453,1730,23,1,73.18,73.18,2025-02-10,cancelled,1.0,South,73.18,2025-02-10,Beauty Item 07,Beauty,39.32,83.16,False
2454,1731,46,2,110.77,221.54,2025-02-10,completed,1.0,East,221.54,2025-02-10,Grocery Item 06,Grocery,73.75,125.88,True
2455,1732,10,1,143.48,143.48,2025-02-10,completed,1.0,East,143.48,2025-02-10,Home Item 02,Home,76.01,163.05,True
2456,1733,47,1,18.78,18.78,2025-02-10,completed,1.0,South,18.78,2025-02-10,Grocery Item 07,Grocery,13.74,21.34,True
2457,1734,3,1,50.78,50.78,2025-02-10,processing,1.0,Central,50.78,2025-02-10,Electronics Item 03,Electronics,26.19,57.71,True
2458,1735,45,1,27.79,27.79,2025-02-10,completed,1.0,North,46.57,2025-02-10,Grocery Item 05,Grocery,18.68,31.58,True
2459,1735,47,1,18.78,18.78,2025-02-10,completed,1.0,North,46.57,2025-02-10,Grocery Item 07,Grocery,13.74,21.34,True
2460,1736,28,2,74.05,148.1,2025-02-10,processing,1.0,North,148.1,2025-02-10,Sports Item 04,Sports,39.74,84.15,True
2461,1737,25,1,38.48,38.48,2025-02-10,completed,1.0,South,38.48,2025-02-10,Sports Item 01,Sports,20.88,43.73,True
2462,1738,10,2,143.48,286.96,2025-02-10,completed,1.0,North,286.96,2025-02-10,Home Item 02,Home,76.01,163.05,True
2463,1739,14,1,54.02,54.02,2025-02-10,completed,1.0,North,54.02,2025-02-10,Home Item 06,Home,36.75,61.39,True
2464,1740,19,2,134.23,268.46,2025-02-10,completed,1.0,North,545.92,2025-02-10,Beauty Item 03,Beauty,83.95,152.53,True
2465,1740,35,2,138.73,277.46,2025-02-10,completed,1.0,North,545.92,2025-02-10,Fashion Item 03,Fashion,77.82,157.65,True
2466,1741,8,1,18.01,18.01,2025-02-10,completed,1.0,Central,150.94,2025-02-10,Electronics Item 08,Electronics,12.26,20.47,True
2467,1741,23,1,73.18,73.18,2025-02-10,completed,1.0,Central,150.94,2025-02-10,Beauty Item 07,Beauty,39.32,83.16,True
2468,1741,30,1,59.75,59.75,2025-02-10,completed,1.0,Central,150.94,2025-02-10,Sports Item 06,Sports,46.01,67.9,True
2469,1742,23,1,73.18,73.18,2025-02-10,completed,1.0,Central,127.20000000000002,2025-02-10,Beauty Item 07,Beauty,39.32,83.16,True
2470,1742,14,1,54.02,54.02,2025-02-10,completed,1.0,Central,127.20000000000002,2025-02-10,Home Item 06,Home,36.75,61.39,True
2471,1743,12,2,103.83,207.66,2025-02-10,completed,1.0,South,207.66,2025-02-10,Home Item 04,Home,58.96,117.99,True
2472,1744,8,1,18.01,18.01,2025-02-10,completed,1.0,East,18.01,2025-02-10,Electronics Item 08,Electronics,12.26,20.47,True
2473,1745,40,2,178.18,356.36,2025-02-10,cancelled,1.0,South,356.36,2025-02-10,Fashion Item 08,Fashion,92.66,202.48,False
2474,1746,31,1,17.34,17.34,2025-02-10,unknown_status,1.0,East,17.34,2025-02-10,Sports Item 07,Sports,11.9,19.71,False
2475,1747,31,1,17.34,17.34,2025-02-10,completed,1.0,East,17.34,2025-02-10,Sports Item 07,Sports,11.9,19.71,True
2476,1748,40,1,178.18,178.18,2025-02-10,completed,1.0,East,178.18,2025-02-10,Fashion Item 08,Fashion,92.66,202.48,True
2477,1749,28,1,74.05,74.05,2025-02-10,refunded,1.0,South,74.05,2025-02-10,Sports Item 04,Sports,39.74,84.15,False
2478,1750,2,2,88.23,176.46,2025-02-10,completed,1.0,South,176.46,2025-02-10,Electronics Item 02,Electronics,54.16,100.26,True
2479,1751,8,1,18.01,18.01,2025-02-10,completed,1.0,North,18.01,2025-02-10,Electronics Item 08,Electronics,12.26,20.47,True
2480,1752,10,1,143.48,143.48,2025-02-10,completed,1.0,East,595.67,2025-02-10,Home Item 02,Home,76.01,163.05,True
2481,1752,33,3,150.73,452.19,2025-02-10,completed,1.0,East,595.67,2025-02-10,Fashion Item 01,Fashion,77.9,171.28,True
2482,1753,11,1,101.4,101.4,2025-02-10,completed,1.0,Central,279.58000000000004,2025-02-10,Home Item 03,Home,73.04,115.23,True
2483,1753,40,1,178.18,178.18,2025-02-10,completed,1.0,Central,279.58000000000004,2025-02-10,Fashion Item 08,Fashion,92.66,202.48,True
2484,1754,40,1,178.18,178.18,2025-02-10,completed,1.0,Central,178.18,2025-02-10,Fashion Item 08,Fashion,92.66,202.48,True
2485,1755,44,1,60.83,60.83,2025-02-10,completed,1.0,Central,60.83,2025-02-10,Grocery Item 04,Grocery,46.32,69.13,True
2486,1756,28,1,74.05,74.05,2025-02-10,completed,1.0,Central,74.05,2025-02-10,Sports Item 04,Sports,39.74,84.15,True
2487,1757,2,1,88.23,88.23,2025-02-10,completed,1.0,South,88.23,2025-02-10,Electronics Item 02,Electronics,54.16,100.26,True
2488,1758,43,1,21.66,21.66,2025-02-10,completed,1.0,South,81.41,2025-02-10,Grocery Item 03,Grocery,11.56,24.61,True
2489,1758,30,1,59.75,59.75,2025-02-10,completed,1.0,South,81.41,2025-02-10,Sports Item 06,Sports,46.01,67.9,True
2490,1759,11,2,101.4,202.8,2025-02-10,completed,1.0,North,202.8,2025-02-10,Home Item 03,Home,73.04,115.23,True
2491,1760,6,1,77.62,77.62,2025-02-10,completed,1.0,South,120.94,2025-02-10,Electronics Item 06,Electronics,39.5,88.2,True
2492,1760,43,2,21.66,43.32,2025-02-10,completed,1.0,South,120.94,2025-02-10,Grocery Item 03,Grocery,11.56,24.61,True
2493,1761,35,1,138.73,138.73,2025-02-10,completed,1.0,North,138.73,2025-02-10,Fashion Item 03,Fashion,77.82,157.65,True
2494,1762,3,2,50.78,101.56,2025-02-10,completed,1.0,Central,202.96,2025-02-10,Electronics Item 03,Electronics,26.19,57.71,True
2495,1762,11,1,101.4,101.4,2025-02-10,completed,1.0,Central,202.96,2025-02-10,Home Item 03,Home,73.04,115.23,True
2496,1763,28,1,74.05,74.05,2025-02-10,completed,1.0,Central,74.05,2025-02-10,Sports Item 04,Sports,39.74,84.15,True
2497,1764,47,3,18.78,56.34,2025-02-10,cancelled,1.0,East,56.34,2025-02-10,Grocery Item 07,Grocery,13.74,21.34,False
2498,1765,40,3,178.18,534.54,2025-02-10,completed,1.0,South,534.54,2025-02-10,Fashion Item 08,Fashion,92.66,202.48,True
2499,1766,44,1,60.83,60.83,2025-02-10,completed,1.0,South,94.03999999999999,2025-02-10,Grocery Item 04,Grocery,46.32,69.13,True
2500,1766,18,1,33.21,33.21,2025-02-10,completed,1.0,South,94.03999999999999,2025-02-10,Beauty Item 02,Beauty,18.64,37.74,True
2501,1767,23,2,73.18,146.36,2025-02-10,completed,1.0,South,146.36,2025-02-10,Beauty Item 07,Beauty,39.32,83.16,True
2502,1768,10,2,143.48,286.96,2025-02-10,completed,1.0,Central,286.96,2025-02-10,Home Item 02,Home,76.01,163.05,True
2503,1769,42,1,121.48,121.48,2025-02-10,completed,1.0,East,121.48,2025-02-10,Grocery Item 02,Grocery,61.43,138.05,True
2504,1770,23,1,73.18,73.18,2025-02-10,completed,1.0,South,111.66,2025-02-10,Beauty Item 07,Beauty,39.32,83.16,True
2505,1770,25,1,38.48,38.48,2025-02-10,completed,1.0,South,111.66,2025-02-10,Sports Item 01,Sports,20.88,43.73,True
2506,1771,9,1,52.53,52.53,2025-02-10,completed,1.0,South,52.53,2025-02-10,Home Item 01,Home,38.0,59.69,True
2507,1772,44,1,60.83,60.83,2025-02-10,completed,1.0,South,162.39,2025-02-10,Grocery Item 04,Grocery,46.32,69.13,True
2508,1772,3,2,50.78,101.56,2025-02-10,completed,1.0,South,162.39,2025-02-10,Electronics Item 03,Electronics,26.19,57.71,True
2509,1773,32,1,10.75,10.75,2025-02-10,completed,1.0,North,119.92,2025-02-10,Sports Item 08,Sports,7.11,12.22,True
2510,1773,39,1,109.17,109.17,2025-02-10,completed,1.0,North,119.92,2025-02-10,Fashion Item 07,Fashion,65.04,124.06,True
2511,1774,14,1,54.02,54.02,2025-02-11,unknown_status,1.0,North,54.02,2025-02-11,Home Item 06,Home,36.75,61.39,False
2512,1775,11,1,101.4,101.4,2025-02-11,completed,1.0,Central,101.4,2025-02-11,Home Item 03,Home,73.04,115.23,True
2513,1776,19,1,134.23,134.23,2025-02-11,completed,1.0,Central,134.23,2025-02-11,Beauty Item 03,Beauty,83.95,152.53,True
2514,1777,40,3,178.18,534.54,2025-02-11,completed,1.0,North,832.4399999999999,2025-02-11,Fashion Item 08,Fashion,92.66,202.48,True
2515,1777,18,1,33.21,33.21,2025-02-11,completed,1.0,North,832.4399999999999,2025-02-11,Beauty Item 02,Beauty,18.64,37.74,True
2516,1777,2,3,88.23,264.69,2025-02-11,completed,1.0,North,832.4399999999999,2025-02-11,Electronics Item 02,Electronics,54.16,100.26,True
2517,1778,14,1,54.02,54.02,2025-02-11,completed,1.0,North,54.02,2025-02-11,Home Item 06,Home,36.75,61.39,True
2518,1779,23,3,73.18,219.54,2025-02-11,processing,1.0,North,219.54,2025-02-11,Beauty Item 07,Beauty,39.32,83.16,True
2519,1780,13,1,30.54,30.54,2025-02-11,completed,1.0,North,30.54,2025-02-11,Home Item 05,Home,15.9,34.71,True
2520,1781,3,1,50.78,50.78,2025-02-11,completed,1.0,North,50.78,2025-02-11,Electronics Item 03,Electronics,26.19,57.71,True
2521,1782,35,1,138.73,138.73,2025-02-11,completed,1.0,Central,138.73,2025-02-11,Fashion Item 03,Fashion,77.82,157.65,True
2522,1783,46,1,110.77,110.77,2025-02-11,completed,1.0,South,110.77,2025-02-11,Grocery Item 06,Grocery,73.75,125.88,True
2523,1784,23,1,73.18,73.18,2025-02-11,completed,1.0,North,175.31,2025-02-11,Beauty Item 07,Beauty,39.32,83.16,True
2524,1784,18,1,33.21,33.21,2025-02-11,completed,1.0,North,175.31,2025-02-11,Beauty Item 02,Beauty,18.64,37.74,True
2525,1784,21,1,68.92,68.92,2025-02-11,completed,1.0,North,175.31,2025-02-11,Beauty Item 05,Beauty,34.88,78.32,True
2526,1785,14,1,54.02,54.02,2025-02-11,cancelled,1.0,South,175.86,2025-02-11,Home Item 06,Home,36.75,61.39,False
2527,1785,12,1,103.83,103.83,2025-02-11,cancelled,1.0,South,175.86,2025-02-11,Home Item 04,Home,58.96,117.99,False
2528,1785,8,1,18.01,18.01,2025-02-11,cancelled,1.0,South,175.86,2025-02-11,Electronics Item 08,Electronics,12.26,20.47,False
2529,1786,33,1,150.73,150.73,2025-02-11,completed,1.0,East,327.0,2025-02-11,Fashion Item 01,Fashion,77.9,171.28,True
2530,1786,44,1,60.83,60.83,2025-02-11,completed,1.0,East,327.0,2025-02-11,Grocery Item 04,Grocery,46.32,69.13,True
2531,1786,25,3,38.48,115.44,2025-02-11,completed,1.0,East,327.0,2025-02-11,Sports Item 01,Sports,20.88,43.73,True
2532,1787,27,3,21.72,65.16,2025-02-11,completed,1.0,South,115.94,2025-02-11,Sports Item 03,Sports,10.9,24.68,True
2533,1787,3,1,50.78,50.78,2025-02-11,completed,1.0,South,115.94,2025-02-11,Electronics Item 03,Electronics,26.19,57.71,True
2534,1788,33,2,150.73,301.46,2025-02-11,completed,1.0,North,352.24,2025-02-11,Fashion Item 01,Fashion,77.9,171.28,True
2535,1788,3,1,50.78,50.78,2025-02-11,completed,1.0,North,352.24,2025-02-11,Electronics Item 03,Electronics,26.19,57.71,True
2536,1789,23,1,73.18,73.18,2025-02-11,completed,1.0,South,73.18,2025-02-11,Beauty Item 07,Beauty,39.32,83.16,True
2537,1790,6,2,77.62,155.24,2025-02-11,completed,1.0,North,155.24,2025-02-11,Electronics Item 06,Electronics,39.5,88.2,True
2538,1791,27,1,21.72,21.72,2025-02-11,completed,1.0,South,21.72,2025-02-11,Sports Item 03,Sports,10.9,24.68,True
2539,1792,46,1,110.77,110.77,2025-02-11,completed,1.0,Central,110.77,2025-02-11,Grocery Item 06,Grocery,73.75,125.88,True
2540,1793,14,1,54.02,54.02,2025-02-11,completed,1.0,East,54.02,2025-02-11,Home Item 06,Home,36.75,61.39,True
2541,1794,6,1,77.62,77.62,2025-02-11,completed,1.0,North,77.62,2025-02-11,Electronics Item 06,Electronics,39.5,88.2,True
2542,1795,32,1,10.75,10.75,2025-02-11,completed,1.0,Central,361.65,2025-02-11,Sports Item 08,Sports,7.11,12.22,True
2543,1795,28,2,74.05,148.1,2025-02-11,completed,1.0,Central,361.65,2025-02-11,Sports Item 04,Sports,39.74,84.15,True
2544,1795,11,2,101.4,202.8,2025-02-11,completed,1.0,Central,361.65,2025-02-11,Home Item 03,Home,73.04,115.23,True
2545,1796,28,1,74.05,74.05,2025-02-11,completed,1.0,East,74.05,2025-02-11,Sports Item 04,Sports,39.74,84.15,True
2546,1797,23,1,73.18,73.18,2025-02-11,completed,1.0,North,207.41,2025-02-11,Beauty Item 07,Beauty,39.32,83.16,True
2547,1797,19,1,134.23,134.23,2025-02-11,completed,1.0,North,207.41,2025-02-11,Beauty Item 03,Beauty,83.95,152.53,True
2548,1798,47,2,18.78,37.56,2025-02-11,refunded,1.0,North,37.56,2025-02-11,Grocery Item 07,Grocery,13.74,21.34,False
2549,1799,32,1,10.75,10.75,2025-02-11,completed,1.0,East,29.53,2025-02-11,Sports Item 08,Sports,7.11,12.22,True
2550,1799,47,1,18.78,18.78,2025-02-11,completed,1.0,East,29.53,2025-02-11,Grocery Item 07,Grocery,13.74,21.34,True
2551,1800,35,1,138.73,138.73,2025-02-11,completed,1.0,Central,138.73,2025-02-11,Fashion Item 03,Fashion,77.82,157.65,True
2552,1801,13,1,30.54,30.54,2025-02-11,completed,1.0,Central,103.72,2025-02-11,Home Item 05,Home,15.9,34.71,True
2553,1801,23,1,73.18,73.18,2025-02-11,completed,1.0,Central,103.72,2025-02-11,Beauty Item 07,Beauty,39.32,83.16,True
2554,1802,3,1,50.78,50.78,2025-02-11,completed,1.0,East,50.78,2025-02-11,Electronics Item 03,Electronics,26.19,57.71,True
2555,1803,18,1,33.21,33.21,2025-02-11,completed,1.0,South,33.21,2025-02-11,Beauty Item 02,Beauty,18.64,37.74,True
2556,1804,6,1,77.62,77.62,2025-02-11,processing,1.0,North,77.62,2025-02-11,Electronics Item 06,Electronics,39.5,88.2,True
2557,1805,32,1,10.75,10.75,2025-02-11,completed,1.0,South,71.58,2025-02-11,Sports Item 08,Sports,7.11,12.22,True
2558,1805,44,1,60.83,60.83,2025-02-11,completed,1.0,South,71.58,2025-02-11,Grocery Item 04,Grocery,46.32,69.13,True
2559,1806,40,2,178.18,356.36,2025-02-11,completed,1.0,East,356.36,2025-02-11,Fashion Item 08,Fashion,92.66,202.48,True
2560,1807,33,1,150.73,150.73,2025-02-11,completed,1.0,Central,150.73,2025-02-11,Fashion Item 01,Fashion,77.9,171.28,True
2561,1808,36,1,47.04,47.04,2025-02-11,completed,1.0,South,47.04,2025-02-11,Fashion Item 04,Fashion,28.42,53.45,True
2562,1809,8,1,18.01,18.01,2025-02-11,processing,1.0,North,18.01,2025-02-11,Electronics Item 08,Electronics,12.26,20.47,True
2563,1810,36,1,47.04,47.04,2025-02-11,completed,1.0,Central,47.04,2025-02-11,Fashion Item 04,Fashion,28.42,53.45,True
2564,1811,40,1,178.18,178.18,2025-02-11,completed,1.0,Central,178.18,2025-02-11,Fashion Item 08,Fashion,92.66,202.48,True
2565,1812,19,1,134.23,134.23,2025-02-11,refunded,1.0,Central,134.23,2025-02-11,Beauty Item 03,Beauty,83.95,152.53,False
2566,1813,13,1,30.54,30.54,2025-02-11,completed,1.0,North,30.54,2025-02-11,Home Item 05,Home,15.9,34.71,True
2567,1814,8,1,18.01,18.01,2025-02-11,refunded,1.0,East,18.01,2025-02-11,Electronics Item 08,Electronics,12.26,20.47,False
2568,1815,5,2,53.81,107.62,2025-02-11,completed,1.0,East,180.42000000000002,2025-02-11,Electronics Item 05,Electronics,33.0,61.15,True
2569,1815,47,1,18.78,18.78,2025-02-11,completed,1.0,East,180.42000000000002,2025-02-11,Grocery Item 07,Grocery,13.74,21.34,True
2570,1815,14,1,54.02,54.02,2025-02-11,completed,1.0,East,180.42000000000002,2025-02-11,Home Item 06,Home,36.75,61.39,True
2571,1816,35,1,138.73,138.73,2025-02-11,completed,1.0,North,138.73,2025-02-11,Fashion Item 03,Fashion,77.82,157.65,True
2572,1817,23,1,73.18,73.18,2025-02-11,completed,1.0,North,379.24,2025-02-11,Beauty Item 07,Beauty,39.32,83.16,True
2573,1817,15,2,153.03,306.06,2025-02-11,completed,1.0,North,379.24,2025-02-11,Home Item 07,Home,83.24,173.9,True
2574,1818,4,1,63.77,63.77,2025-02-11,completed,1.0,Central,91.56,2025-02-11,Electronics Item 04,Electronics,34.44,72.47,True
2575,1818,45,1,27.79,27.79,2025-02-11,completed,1.0,Central,91.56,2025-02-11,Grocery Item 05,Grocery,18.68,31.58,True
2576,1819,45,1,27.79,27.79,2025-02-11,completed,1.0,East,27.79,2025-02-11,Grocery Item 05,Grocery,18.68,31.58,True
2577,1820,8,1,18.01,18.01,2025-02-11,completed,1.0,South,552.55,2025-02-11,Electronics Item 08,Electronics,12.26,20.47,True
2578,1820,40,3,178.18,534.54,2025-02-11,completed,1.0,South,552.55,2025-02-11,Fashion Item 08,Fashion,92.66,202.48,True
2579,1821,23,2,73.18,146.36,2025-02-11,cancelled,1.0,South,146.36,2025-02-11,Beauty Item 07,Beauty,39.32,83.16,False
2580,1822,17,2,89.1,178.2,2025-02-11,completed,1.0,Central,228.98,2025-02-11,Beauty Item 01,Beauty,68.35,101.25,True
2581,1822,3,1,50.78,50.78,2025-02-11,completed,1.0,Central,228.98,2025-02-11,Electronics Item 03,Electronics,26.19,57.71,True
2582,1823,20,1,37.22,37.22,2025-02-11,completed,1.0,Central,37.22,2025-02-11,Beauty Item 04,Beauty,18.73,42.3,True
2583,1824,3,1,50.78,50.78,2025-02-11,completed,1.0,Central,189.51,2025-02-11,Electronics Item 03,Electronics,26.19,57.71,True
2584,1824,35,1,138.73,138.73,2025-02-11,completed,1.0,Central,189.51,2025-02-11,Fashion Item 03,Fashion,77.82,157.65,True
2585,1825,8,1,18.01,18.01,2025-02-11,unknown_status,1.0,South,18.01,2025-02-11,Electronics Item 08,Electronics,12.26,20.47,False
2586,1826,14,1,54.02,54.02,2025-02-11,completed,1.0,South,54.02,2025-02-11,Home Item 06,Home,36.75,61.39,True
2587,1827,42,1,121.48,121.48,2025-02-11,cancelled,1.0,East,121.48,2025-02-11,Grocery Item 02,Grocery,61.43,138.05,False
2588,1828,10,1,143.48,143.48,2025-02-11,completed,1.0,Central,244.88,2025-02-11,Home Item 02,Home,76.01,163.05,True
2589,1828,11,1,101.4,101.4,2025-02-11,completed,1.0,Central,244.88,2025-02-11,Home Item 03,Home,73.04,115.23,True
2590,1829,19,1,134.23,134.23,2025-02-11,processing,1.0,South,336.34999999999997,2025-02-11,Beauty Item 03,Beauty,83.95,152.53,True
2591,1829,28,2,74.05,148.1,2025-02-11,processing,1.0,South,336.34999999999997,2025-02-11,Sports Item 04,Sports,39.74,84.15,True
2592,1829,14,1,54.02,54.02,2025-02-11,processing,1.0,South,336.34999999999997,2025-02-11,Home Item 06,Home,36.75,61.39,True
2593,1830,23,1,73.18,73.18,2025-02-11,completed,1.0,North,73.18,2025-02-11,Beauty Item 07,Beauty,39.32,83.16,True
2594,1831,34,1,38.49,38.49,2025-02-11,completed,1.0,Central,38.49,2025-02-11,Fashion Item 02,Fashion,22.77,43.74,True
2595,1832,19,2,134.23,268.46,2025-02-11,completed,1.0,Central,268.46,2025-02-11,Beauty Item 03,Beauty,83.95,152.53,True
2596,1833,18,1,33.21,33.21,2025-02-12,completed,1.0,South,33.21,2025-02-12,Beauty Item 02,Beauty,18.64,37.74,True
2597,1834,19,1,134.23,134.23,2025-02-12,completed,1.0,East,134.23,2025-02-12,Beauty Item 03,Beauty,83.95,152.53,True
2598,1835,36,1,47.04,47.04,2025-02-12,processing,1.0,North,47.04,2025-02-12,Fashion Item 04,Fashion,28.42,53.45,True
2599,1836,14,1,54.02,54.02,2025-02-12,processing,1.0,East,360.08,2025-02-12,Home Item 06,Home,36.75,61.39,True
2600,1836,15,2,153.03,306.06,2025-02-12,processing,1.0,East,360.08,2025-02-12,Home Item 07,Home,83.24,173.9,True
2601,1837,41,1,43.6,43.6,2025-02-12,completed,1.0,North,43.6,2025-02-12,Grocery Item 01,Grocery,22.88,49.55,True
2602,1838,3,1,50.78,50.78,2025-02-12,cancelled,1.0,North,50.78,2025-02-12,Electronics Item 03,Electronics,26.19,57.71,False
2603,1839,28,1,74.05,74.05,2025-02-12,completed,1.0,South,317.01,2025-02-12,Sports Item 04,Sports,39.74,84.15,True
2604,1839,42,2,121.48,242.96,2025-02-12,completed,1.0,South,317.01,2025-02-12,Grocery Item 02,Grocery,61.43,138.05,True
2605,1840,36,1,47.04,47.04,2025-02-12,completed,1.0,South,47.04,2025-02-12,Fashion Item 04,Fashion,28.42,53.45,True
2606,1841,45,1,27.79,27.79,2025-02-12,processing,1.0,Central,27.79,2025-02-12,Grocery Item 05,Grocery,18.68,31.58,True
2607,1842,20,1,37.22,37.22,2025-02-12,completed,1.0,North,58.879999999999995,2025-02-12,Beauty Item 04,Beauty,18.73,42.3,True
2608,1842,43,1,21.66,21.66,2025-02-12,completed,1.0,North,58.879999999999995,2025-02-12,Grocery Item 03,Grocery,11.56,24.61,True
2609,1843,40,1,178.18,178.18,2025-02-12,completed,1.0,North,178.18,2025-02-12,Fashion Item 08,Fashion,92.66,202.48,True
2610,1844,32,1,10.75,10.75,2025-02-12,completed,1.0,North,103.25,2025-02-12,Sports Item 08,Sports,7.11,12.22,True
2611,1844,14,1,54.02,54.02,2025-02-12,completed,1.0,North,103.25,2025-02-12,Home Item 06,Home,36.75,61.39,True
2612,1844,25,1,38.48,38.48,2025-02-12,completed,1.0,North,103.25,2025-02-12,Sports Item 01,Sports,20.88,43.73,True
2613,1845,34,1,38.49,38.49,2025-02-12,cancelled,1.0,East,38.49,2025-02-12,Fashion Item 02,Fashion,22.77,43.74,False
2614,1846,28,1,74.05,74.05,2025-02-12,completed,1.0,East,74.05,2025-02-12,Sports Item 04,Sports,39.74,84.15,True
2615,1847,37,2,124.9,249.8,2025-02-12,completed,1.0,Central,268.58000000000004,2025-02-12,Fashion Item 05,Fashion,76.85,141.93,True
2616,1847,47,1,18.78,18.78,2025-02-12,completed,1.0,Central,268.58000000000004,2025-02-12,Grocery Item 07,Grocery,13.74,21.34,True
2617,1848,21,1,68.92,68.92,2025-02-12,completed,1.0,North,68.92,2025-02-12,Beauty Item 05,Beauty,34.88,78.32,True
2618,1849,38,1,71.35,71.35,2025-02-12,completed,1.0,Central,71.35,2025-02-12,Fashion Item 06,Fashion,44.22,81.08,True
2619,1850,3,2,50.78,101.56,2025-02-12,processing,1.0,South,101.56,2025-02-12,Electronics Item 03,Electronics,26.19,57.71,True
2620,1851,37,1,124.9,124.9,2025-02-12,cancelled,1.0,North,124.9,2025-02-12,Fashion Item 05,Fashion,76.85,141.93,False
2621,1852,5,2,53.81,107.62,2025-02-12,cancelled,1.0,East,107.62,2025-02-12,Electronics Item 05,Electronics,33.0,61.15,False
2622,1853,6,1,77.62,77.62,2025-02-12,completed,1.0,North,77.62,2025-02-12,Electronics Item 06,Electronics,39.5,88.2,True
2623,1854,48,1,88.91,88.91,2025-02-12,completed,1.0,Central,162.09,2025-02-12,,Grocery,44.45,101.03,True
2624,1854,23,1,73.18,73.18,2025-02-12,completed,1.0,Central,162.09,2025-02-12,Beauty Item 07,Beauty,39.32,83.16,True
2625,1855,27,1,21.72,21.72,2025-02-12,completed,1.0,Central,21.72,2025-02-12,Sports Item 03,Sports,10.9,24.68,True
2626,1856,32,1,10.75,10.75,2025-02-12,completed,1.0,East,10.75,2025-02-12,Sports Item 08,Sports,7.11,12.22,True
2627,1857,43,3,21.66,64.98,2025-02-12,completed,1.0,North,64.98,2025-02-12,Grocery Item 03,Grocery,11.56,24.61,True
2628,1858,42,1,121.48,121.48,2025-02-12,processing,1.0,East,121.48,2025-02-12,Grocery Item 02,Grocery,61.43,138.05,True
2629,1859,34,1,38.49,38.49,2025-02-12,unknown_status,1.0,North,38.49,2025-02-12,Fashion Item 02,Fashion,22.77,43.74,False
2630,1860,28,1,74.05,74.05,2025-02-12,completed,1.0,North,283.77,2025-02-12,Sports Item 04,Sports,39.74,84.15,True
2631,1860,26,1,109.35,109.35,2025-02-12,completed,1.0,North,283.77,2025-02-12,Sports Item 02,Sports,72.7,124.26,True
2632,1860,1,1,100.37,100.37,2025-02-12,completed,1.0,North,283.77,2025-02-12,Electronics Item 01,Electronics,75.52,114.06,True
2633,1861,42,1,121.48,121.48,2025-02-12,completed,1.0,East,121.48,2025-02-12,Grocery Item 02,Grocery,61.43,138.05,True
2634,1862,28,1,74.05,74.05,2025-02-12,completed,1.0,Central,252.23000000000002,2025-02-12,Sports Item 04,Sports,39.74,84.15,True
2635,1862,40,1,178.18,178.18,2025-02-12,completed,1.0,Central,252.23000000000002,2025-02-12,Fashion Item 08,Fashion,92.66,202.48,True
2636,1863,41,1,43.6,43.6,2025-02-12,completed,1.0,South,43.6,2025-02-12,Grocery Item 01,Grocery,22.88,49.55,True
2637,1864,44,1,60.83,60.83,2025-02-12,completed,1.0,East,60.83,2025-02-12,Grocery Item 04,Grocery,46.32,69.13,True
2638,1865,14,1,54.02,54.02,2025-02-12,completed,1.0,South,54.02,2025-02-12,Home Item 06,Home,36.75,61.39,True
2639,1866,14,1,54.02,54.02,2025-02-12,completed,1.0,East,192.75,2025-02-12,Home Item 06,Home,36.75,61.39,True
2640,1866,35,1,138.73,138.73,2025-02-12,completed,1.0,East,192.75,2025-02-12,Fashion Item 03,Fashion,77.82,157.65,True
2641,1867,37,1,124.9,124.9,2025-02-12,processing,1.0,South,124.9,2025-02-12,Fashion Item 05,Fashion,76.85,141.93,True
2642,1868,31,3,17.34,52.02,2025-02-12,completed,1.0,South,52.02,2025-02-12,Sports Item 07,Sports,11.9,19.71,True
2643,1869,32,1,10.75,10.75,2025-02-12,completed,1.0,Central,10.75,2025-02-12,Sports Item 08,Sports,7.11,12.22,True
2644,1870,36,1,47.04,47.04,2025-02-12,completed,1.0,North,93.61,2025-02-12,Fashion Item 04,Fashion,28.42,53.45,True
2645,1870,45,1,27.79,27.79,2025-02-12,completed,1.0,North,93.61,2025-02-12,Grocery Item 05,Grocery,18.68,31.58,True
2646,1870,47,1,18.78,18.78,2025-02-12,completed,1.0,North,93.61,2025-02-12,Grocery Item 07,Grocery,13.74,21.34,True
2647,1871,2,1,88.23,88.23,2025-02-12,completed,1.0,South,88.23,2025-02-12,Electronics Item 02,Electronics,54.16,100.26,True
2648,1872,19,1,134.23,134.23,2025-02-12,completed,1.0,East,243.57999999999998,2025-02-12,Beauty Item 03,Beauty,83.95,152.53,True
2649,1872,26,1,109.35,109.35,2025-02-12,completed,1.0,East,243.57999999999998,2025-02-12,Sports Item 02,Sports,72.7,124.26,True
2650,1873,3,1,50.78,50.78,2025-02-12,processing,1.0,North,98.75,2025-02-12,Electronics Item 03,Electronics,26.19,57.71,True
2651,1873,32,1,10.75,10.75,2025-02-12,processing,1.0,North,98.75,2025-02-12,Sports Item 08,Sports,7.11,12.22,True
2652,1873,20,1,37.22,37.22,2025-02-12,processing,1.0,North,98.75,2025-02-12,Beauty Item 04,Beauty,18.73,42.3,True
2653,1874,32,1,10.75,10.75,2025-02-12,completed,1.0,East,133.36,2025-02-12,Sports Item 08,Sports,7.11,12.22,True
2654,1874,12,1,103.83,103.83,2025-02-12,completed,1.0,East,133.36,2025-02-12,Home Item 04,Home,58.96,117.99,True
2655,1874,47,1,18.78,18.78,2025-02-12,completed,1.0,East,133.36,2025-02-12,Grocery Item 07,Grocery,13.74,21.34,True
2656,1875,28,1,74.05,74.05,2025-02-12,completed,1.0,East,74.05,2025-02-12,Sports Item 04,Sports,39.74,84.15,True
2657,1876,43,1,21.66,21.66,2025-02-12,completed,1.0,North,348.44,2025-02-12,Grocery Item 03,Grocery,11.56,24.61,True
2658,1876,34,2,38.49,76.98,2025-02-12,completed,1.0,North,348.44,2025-02-12,Fashion Item 02,Fashion,22.77,43.74,True
2659,1876,37,2,124.9,249.8,2025-02-12,completed,1.0,North,348.44,2025-02-12,Fashion Item 05,Fashion,76.85,141.93,True
2660,1877,42,2,121.48,242.96,2025-02-12,unknown_status,1.0,Central,242.96,2025-02-12,Grocery Item 02,Grocery,61.43,138.05,False
2661,1878,35,1,138.73,138.73,2025-02-12,processing,1.0,East,146.82999999999998,2025-02-12,Fashion Item 03,Fashion,77.82,157.65,True
2662,1878,29,1,8.1,8.1,2025-02-12,processing,1.0,East,146.82999999999998,2025-02-12,Sports Item 05,Sports,4.26,9.2,True
2663,1879,35,1,138.73,138.73,2025-02-12,completed,1.0,North,317.65,2025-02-12,Fashion Item 03,Fashion,77.82,157.65,True
2664,1879,37,1,124.9,124.9,2025-02-12,completed,1.0,North,317.65,2025-02-12,Fashion Item 05,Fashion,76.85,141.93,True
2665,1879,14,1,54.02,54.02,2025-02-12,completed,1.0,North,317.65,2025-02-12,Home Item 06,Home,36.75,61.39,True
2666,1880,36,1,47.04,47.04,2025-02-12,processing,1.0,South,47.04,2025-02-12,Fashion Item 04,Fashion,28.42,53.45,True
2667,1881,14,1,54.02,54.02,2025-02-12,completed,1.0,South,54.02,2025-02-12,Home Item 06,Home,36.75,61.39,True
2668,1882,8,3,18.01,54.03,2025-02-12,completed,1.0,South,64.78,2025-02-12,Electronics Item 08,Electronics,12.26,20.47,True
2669,1882,32,1,10.75,10.75,2025-02-12,completed,1.0,South,64.78,2025-02-12,Sports Item 08,Sports,7.11,12.22,True
2670,1883,30,2,59.75,119.5,2025-02-12,completed,1.0,Central,406.46,2025-02-12,Sports Item 06,Sports,46.01,67.9,True
2671,1883,10,2,143.48,286.96,2025-02-12,completed,1.0,Central,406.46,2025-02-12,Home Item 02,Home,76.01,163.05,True
2672,1884,23,1,73.18,73.18,2025-02-12,processing,1.0,East,111.66,2025-02-12,Beauty Item 07,Beauty,39.32,83.16,True
2673,1884,25,1,38.48,38.48,2025-02-12,processing,1.0,East,111.66,2025-02-12,Sports Item 01,Sports,20.88,43.73,True
2674,1885,18,1,33.21,33.21,2025-02-12,completed,1.0,North,33.21,2025-02-12,Beauty Item 02,Beauty,18.64,37.74,True
2675,1886,44,1,60.83,60.83,2025-02-12,completed,1.0,East,310.63,2025-02-12,Grocery Item 04,Grocery,46.32,69.13,True
2676,1886,37,2,124.9,249.8,2025-02-12,completed,1.0,East,310.63,2025-02-12,Fashion Item 05,Fashion,76.85,141.93,True
2677,1887,43,2,21.66,43.32,2025-02-12,completed,1.0,Central,43.32,2025-02-12,Grocery Item 03,Grocery,11.56,24.61,True
2678,1888,43,1,21.66,21.66,2025-02-12,completed,1.0,North,327.72,2025-02-12,Grocery Item 03,Grocery,11.56,24.61,True
2679,1888,15,2,153.03,306.06,2025-02-12,completed,1.0,North,327.72,2025-02-12,Home Item 07,Home,83.24,173.9,True
2680,1889,43,2,21.66,43.32,2025-02-12,completed,1.0,South,43.32,2025-02-12,Grocery Item 03,Grocery,11.56,24.61,True
2681,1890,8,1,18.01,18.01,2025-02-12,completed,1.0,South,18.01,2025-02-12,Electronics Item 08,Electronics,12.26,20.47,True
2682,1891,47,2,18.78,37.56,2025-02-12,completed,1.0,South,37.56,2025-02-12,Grocery Item 07,Grocery,13.74,21.34,True
2683,1892,45,1,27.79,27.79,2025-02-12,completed,1.0,Central,27.79,2025-02-12,Grocery Item 05,Grocery,18.68,31.58,True
2684,1893,3,1,50.78,50.78,2025-02-13,completed,1.0,South,114.55000000000001,2025-02-13,Electronics Item 03,Electronics,26.19,57.71,True
2685,1893,4,1,63.77,63.77,2025-02-13,completed,1.0,South,114.55000000000001,2025-02-13,Electronics Item 04,Electronics,34.44,72.47,True
2686,1894,3,1,50.78,50.78,2025-02-13,processing,1.0,North,161.55,2025-02-13,Electronics Item 03,Electronics,26.19,57.71,True
2687,1894,46,1,110.77,110.77,2025-02-13,processing,1.0,North,161.55,2025-02-13,Grocery Item 06,Grocery,73.75,125.88,True
2688,1895,21,1,68.92,68.92,2025-02-13,completed,1.0,East,203.14999999999998,2025-02-13,Beauty Item 05,Beauty,34.88,78.32,True
2689,1895,19,1,134.23,134.23,2025-02-13,completed,1.0,East,203.14999999999998,2025-02-13,Beauty Item 03,Beauty,83.95,152.53,True
2690,1896,45,1,27.79,27.79,2025-02-13,cancelled,1.0,East,49.45,2025-02-13,Grocery Item 05,Grocery,18.68,31.58,False
2691,1896,43,1,21.66,21.66,2025-02-13,cancelled,1.0,East,49.45,2025-02-13,Grocery Item 03,Grocery,11.56,24.61,False
2692,1897,42,1,121.48,121.48,2025-02-13,completed,1.0,South,121.48,2025-02-13,Grocery Item 02,Grocery,61.43,138.05,True
2693,1898,40,2,178.18,356.36,2025-02-13,completed,1.0,North,477.84000000000003,2025-02-13,Fashion Item 08,Fashion,92.66,202.48,True
2694,1898,42,1,121.48,121.48,2025-02-13,completed,1.0,North,477.84000000000003,2025-02-13,Grocery Item 02,Grocery,61.43,138.05,True
2695,1899,35,1,138.73,138.73,2025-02-13,completed,1.0,Central,138.73,2025-02-13,Fashion Item 03,Fashion,77.82,157.65,True
2696,1900,8,1,18.01,18.01,2025-02-13,completed,1.0,North,18.01,2025-02-13,Electronics Item 08,Electronics,12.26,20.47,True
2697,1901,31,1,17.34,17.34,2025-02-13,completed,1.0,North,17.34,2025-02-13,Sports Item 07,Sports,11.9,19.71,True
2698,1902,21,1,68.92,68.92,2025-02-13,completed,1.0,South,68.92,2025-02-13,Beauty Item 05,Beauty,34.88,78.32,True
2699,1903,6,1,77.62,77.62,2025-02-13,completed,1.0,North,77.62,2025-02-13,Electronics Item 06,Electronics,39.5,88.2,True
2700,1904,4,1,63.77,63.77,2025-02-13,completed,1.0,East,63.77,2025-02-13,Electronics Item 04,Electronics,34.44,72.47,True
2701,1905,42,2,121.48,242.96,2025-02-13,completed,1.0,East,242.96,2025-02-13,Grocery Item 02,Grocery,61.43,138.05,True
2702,1906,25,1,38.48,38.48,2025-02-13,completed,1.0,Central,38.48,2025-02-13,Sports Item 01,Sports,20.88,43.73,True
2703,1907,42,1,121.48,121.48,2025-02-13,completed,1.0,North,274.51,2025-02-13,Grocery Item 02,Grocery,61.43,138.05,True
2704,1907,15,1,153.03,153.03,2025-02-13,completed,1.0,North,274.51,2025-02-13,Home Item 07,Home,83.24,173.9,True
2705,1908,42,2,121.48,242.96,2025-02-13,completed,1.0,Central,316.14,2025-02-13,Grocery Item 02,Grocery,61.43,138.05,True
2706,1908,23,1,73.18,73.18,2025-02-13,completed,1.0,Central,316.14,2025-02-13,Beauty Item 07,Beauty,39.32,83.16,True
2707,1909,19,2,134.23,268.46,2025-02-13,completed,1.0,North,268.46,2025-02-13,Beauty Item 03,Beauty,83.95,152.53,True
2708,1910,12,1,103.83,103.83,2025-02-13,completed,1.0,South,180.81,2025-02-13,Home Item 04,Home,58.96,117.99,True
2709,1910,34,2,38.49,76.98,2025-02-13,completed,1.0,South,180.81,2025-02-13,Fashion Item 02,Fashion,22.77,43.74,True
2710,1911,46,1,110.77,110.77,2025-02-13,completed,1.0,South,271.23,2025-02-13,Grocery Item 06,Grocery,73.75,125.88,True
2711,1911,18,3,33.21,99.63,2025-02-13,completed,1.0,South,271.23,2025-02-13,Beauty Item 02,Beauty,18.64,37.74,True
2712,1911,44,1,60.83,60.83,2025-02-13,completed,1.0,South,271.23,2025-02-13,Grocery Item 04,Grocery,46.32,69.13,True
2713,1912,19,1,134.23,134.23,2025-02-13,processing,1.0,South,134.23,2025-02-13,Beauty Item 03,Beauty,83.95,152.53,True
2714,1913,46,1,110.77,110.77,2025-02-13,completed,1.0,South,175.26,2025-02-13,Grocery Item 06,Grocery,73.75,125.88,True
2715,1913,24,1,26.01,26.01,2025-02-13,completed,1.0,South,175.26,2025-02-13,Beauty Item 08,Beauty,14.55,29.56,True
2716,1913,25,1,38.48,38.48,2025-02-13,completed,1.0,South,175.26,2025-02-13,Sports Item 01,Sports,20.88,43.73,True
2717,1914,43,1,21.66,21.66,2025-02-13,completed,1.0,South,21.66,2025-02-13,Grocery Item 03,Grocery,11.56,24.61,True
2718,1915,28,1,74.05,74.05,2025-02-13,completed,1.0,Central,74.05,2025-02-13,Sports Item 04,Sports,39.74,84.15,True
2719,1916,18,1,33.21,33.21,2025-02-13,completed,1.0,Central,33.21,2025-02-13,Beauty Item 02,Beauty,18.64,37.74,True
2720,1917,11,1,101.4,101.4,2025-02-13,completed,1.0,South,101.4,2025-02-13,Home Item 03,Home,73.04,115.23,True
2721,1918,28,1,74.05,74.05,2025-02-13,completed,1.0,South,142.97,2025-02-13,Sports Item 04,Sports,39.74,84.15,True
2722,1918,21,1,68.92,68.92,2025-02-13,completed,1.0,South,142.97,2025-02-13,Beauty Item 05,Beauty,34.88,78.32,True
2723,1919,32,2,10.75,21.5,2025-02-13,completed,1.0,Central,21.5,2025-02-13,Sports Item 08,Sports,7.11,12.22,True
2724,1920,37,1,124.9,124.9,2025-02-13,completed,1.0,South,259.13,2025-02-13,Fashion Item 05,Fashion,76.85,141.93,True
2725,1920,19,1,134.23,134.23,2025-02-13,completed,1.0,South,259.13,2025-02-13,Beauty Item 03,Beauty,83.95,152.53,True
2726,1921,14,1,54.02,54.02,2025-02-13,processing,1.0,East,54.02,2025-02-13,Home Item 06,Home,36.75,61.39,True
2727,1922,8,1,18.01,18.01,2025-02-13,completed,1.0,East,48.55,2025-02-13,Electronics Item 08,Electronics,12.26,20.47,True
2728,1922,13,1,30.54,30.54,2025-02-13,completed,1.0,East,48.55,2025-02-13,Home Item 05,Home,15.9,34.71,True
2729,1923,13,1,30.54,30.54,2025-02-13,completed,1.0,Central,30.54,2025-02-13,Home Item 05,Home,15.9,34.71,True
2730,1924,36,1,47.04,47.04,2025-02-13,processing,1.0,South,47.04,2025-02-13,Fashion Item 04,Fashion,28.42,53.45,True
2731,1925,5,1,53.81,53.81,2025-02-13,completed,1.0,East,53.81,2025-02-13,Electronics Item 05,Electronics,33.0,61.15,True
2732,1926,35,1,138.73,138.73,2025-02-13,completed,1.0,North,138.73,2025-02-13,Fashion Item 03,Fashion,77.82,157.65,True
2733,1927,11,1,101.4,101.4,2025-02-13,cancelled,1.0,Central,101.4,2025-02-13,Home Item 03,Home,73.04,115.23,False
2734,1928,43,1,21.66,21.66,2025-02-13,completed,1.0,South,21.66,2025-02-13,Grocery Item 03,Grocery,11.56,24.61,True
2735,1929,8,1,18.01,18.01,2025-02-13,completed,1.0,South,18.01,2025-02-13,Electronics Item 08,Electronics,12.26,20.47,True
2736,1930,12,1,103.83,103.83,2025-02-13,completed,1.0,Central,103.83,2025-02-13,Home Item 04,Home,58.96,117.99,True
2737,1931,23,1,73.18,73.18,2025-02-13,cancelled,1.0,South,322.98,2025-02-13,Beauty Item 07,Beauty,39.32,83.16,False
2738,1931,37,2,124.9,249.8,2025-02-13,cancelled,1.0,South,322.98,2025-02-13,Fashion Item 05,Fashion,76.85,141.93,False
2739,1932,35,1,138.73,138.73,2025-02-13,processing,1.0,East,138.73,2025-02-13,Fashion Item 03,Fashion,77.82,157.65,True
2740,1933,43,1,21.66,21.66,2025-02-13,completed,1.0,East,21.66,2025-02-13,Grocery Item 03,Grocery,11.56,24.61,True
2741,1934,37,1,124.9,124.9,2025-02-13,completed,1.0,North,124.9,2025-02-13,Fashion Item 05,Fashion,76.85,141.93,True
2742,1935,23,1,73.18,73.18,2025-02-13,completed,1.0,North,216.66,2025-02-13,Beauty Item 07,Beauty,39.32,83.16,True
2743,1935,10,1,143.48,143.48,2025-02-13,completed,1.0,North,216.66,2025-02-13,Home Item 02,Home,76.01,163.05,True
2744,1936,8,1,18.01,18.01,2025-02-13,completed,1.0,North,18.01,2025-02-13,Electronics Item 08,Electronics,12.26,20.47,True
2745,1937,44,2,60.83,121.66,2025-02-13,completed,1.0,North,121.66,2025-02-13,Grocery Item 04,Grocery,46.32,69.13,True
2746,1938,8,1,18.01,18.01,2025-02-13,processing,1.0,East,115.83000000000001,2025-02-13,Electronics Item 08,Electronics,12.26,20.47,True
2747,1938,3,1,50.78,50.78,2025-02-13,processing,1.0,East,115.83000000000001,2025-02-13,Electronics Item 03,Electronics,26.19,57.71,True
2748,1938,36,1,47.04,47.04,2025-02-13,processing,1.0,East,115.83000000000001,2025-02-13,Fashion Item 04,Fashion,28.42,53.45,True
2749,1939,20,1,37.22,37.22,2025-02-13,unknown_status,1.0,Central,37.22,2025-02-13,Beauty Item 04,Beauty,18.73,42.3,False
2750,1940,8,1,18.01,18.01,2025-02-13,completed,1.0,South,83.17,2025-02-13,Electronics Item 08,Electronics,12.26,20.47,True
2751,1940,27,3,21.72,65.16,2025-02-13,completed,1.0,South,83.17,2025-02-13,Sports Item 03,Sports,10.9,24.68,True
2752,1941,45,1,27.79,27.79,2025-02-13,completed,1.0,North,27.79,2025-02-13,Grocery Item 05,Grocery,18.68,31.58,True
2753,1942,44,1,60.83,60.83,2025-02-13,completed,1.0,South,127.25,2025-02-13,Grocery Item 04,Grocery,46.32,69.13,True
2754,1942,18,2,33.21,66.42,2025-02-13,completed,1.0,South,127.25,2025-02-13,Beauty Item 02,Beauty,18.64,37.74,True
2755,1943,14,1,54.02,54.02,2025-02-13,completed,1.0,North,54.02,2025-02-13,Home Item 06,Home,36.75,61.39,True
2756,1944,38,2,71.35,142.7,2025-02-13,completed,1.0,South,142.7,2025-02-13,Fashion Item 06,Fashion,44.22,81.08,True
2757,1945,42,1,121.48,121.48,2025-02-13,completed,1.0,South,139.49,2025-02-13,Grocery Item 02,Grocery,61.43,138.05,True
2758,1945,8,1,18.01,18.01,2025-02-13,completed,1.0,South,139.49,2025-02-13,Electronics Item 08,Electronics,12.26,20.47,True
2759,1946,25,1,38.48,38.48,2025-02-14,completed,1.0,North,38.48,2025-02-14,Sports Item 01,Sports,20.88,43.73,True
2760,1947,46,1,110.77,110.77,2025-02-14,completed,1.0,North,110.77,2025-02-14,Grocery Item 06,Grocery,73.75,125.88,True
2761,1948,23,1,73.18,73.18,2025-02-14,completed,1.0,Central,73.18,2025-02-14,Beauty Item 07,Beauty,39.32,83.16,True
2762,1949,42,1,121.48,121.48,2025-02-14,completed,1.0,Central,121.48,2025-02-14,Grocery Item 02,Grocery,61.43,138.05,True
2763,1950,44,1,60.83,60.83,2025-02-14,cancelled,1.0,East,78.17,2025-02-14,Grocery Item 04,Grocery,46.32,69.13,False
2764,1950,31,1,17.34,17.34,2025-02-14,cancelled,1.0,East,78.17,2025-02-14,Sports Item 07,Sports,11.9,19.71,False
2765,1951,35,1,138.73,138.73,2025-02-14,completed,1.0,South,138.73,2025-02-14,Fashion Item 03,Fashion,77.82,157.65,True
2766,1952,39,1,109.17,109.17,2025-02-14,processing,1.0,East,109.17,2025-02-14,Fashion Item 07,Fashion,65.04,124.06,True
2767,1953,1,1,100.37,100.37,2025-02-14,completed,1.0,South,100.37,2025-02-14,Electronics Item 01,Electronics,75.52,114.06,True
2768,1954,34,1,38.49,38.49,2025-02-14,completed,1.0,Central,38.49,2025-02-14,Fashion Item 02,Fashion,22.77,43.74,True
2769,1955,36,1,47.04,47.04,2025-02-14,completed,1.0,North,47.04,2025-02-14,Fashion Item 04,Fashion,28.42,53.45,True
2770,1956,37,2,124.9,249.8,2025-02-14,completed,1.0,Central,249.8,2025-02-14,Fashion Item 05,Fashion,76.85,141.93,True
2771,1957,20,1,37.22,37.22,2025-02-14,completed,1.0,Central,106.14,2025-02-14,Beauty Item 04,Beauty,18.73,42.3,True
2772,1957,21,1,68.92,68.92,2025-02-14,completed,1.0,Central,106.14,2025-02-14,Beauty Item 05,Beauty,34.88,78.32,True
2773,1958,31,1,17.34,17.34,2025-02-14,completed,1.0,North,170.37,2025-02-14,Sports Item 07,Sports,11.9,19.71,True
2774,1958,15,1,153.03,153.03,2025-02-14,completed,1.0,North,170.37,2025-02-14,Home Item 07,Home,83.24,173.9,True
2775,1959,14,2,54.02,108.04,2025-02-14,completed,1.0,East,251.51999999999998,2025-02-14,Home Item 06,Home,36.75,61.39,True
2776,1959,10,1,143.48,143.48,2025-02-14,completed,1.0,East,251.51999999999998,2025-02-14,Home Item 02,Home,76.01,163.05,True
2777,1960,12,1,103.83,103.83,2025-02-14,refunded,1.0,East,103.83,2025-02-14,Home Item 04,Home,58.96,117.99,False
2778,1961,10,1,143.48,143.48,2025-02-14,completed,1.0,South,268.38,2025-02-14,Home Item 02,Home,76.01,163.05,True
2779,1961,37,1,124.9,124.9,2025-02-14,completed,1.0,South,268.38,2025-02-14,Fashion Item 05,Fashion,76.85,141.93,True
2780,1962,21,2,68.92,137.84,2025-02-14,completed,1.0,East,137.84,2025-02-14,Beauty Item 05,Beauty,34.88,78.32,True
2781,1963,36,2,47.04,94.08,2025-02-14,completed,1.0,Central,94.08,2025-02-14,Fashion Item 04,Fashion,28.42,53.45,True
2782,1964,28,1,74.05,74.05,2025-02-14,completed,1.0,South,74.05,2025-02-14,Sports Item 04,Sports,39.74,84.15,True
2783,1965,23,1,73.18,73.18,2025-02-14,completed,1.0,South,73.18,2025-02-14,Beauty Item 07,Beauty,39.32,83.16,True
2784,1966,45,1,27.79,27.79,2025-02-14,completed,1.0,North,27.79,2025-02-14,Grocery Item 05,Grocery,18.68,31.58,True
2785,1967,20,3,37.22,111.66,2025-02-14,completed,1.0,Central,111.66,2025-02-14,Beauty Item 04,Beauty,18.73,42.3,True
2786,1968,19,1,134.23,134.23,2025-02-14,completed,1.0,Central,134.23,2025-02-14,Beauty Item 03,Beauty,83.95,152.53,True
2787,1969,11,1,101.4,101.4,2025-02-14,completed,1.0,South,101.4,2025-02-14,Home Item 03,Home,73.04,115.23,True
2788,1970,19,2,134.23,268.46,2025-02-14,processing,1.0,Central,411.93999999999994,2025-02-14,Beauty Item 03,Beauty,83.95,152.53,True
2789,1970,10,1,143.48,143.48,2025-02-14,processing,1.0,Central,411.93999999999994,2025-02-14,Home Item 02,Home,76.01,163.05,True
2790,1971,21,1,68.92,68.92,2025-02-14,completed,1.0,South,247.10000000000002,2025-02-14,Beauty Item 05,Beauty,34.88,78.32,True
2791,1971,40,1,178.18,178.18,2025-02-14,completed,1.0,South,247.10000000000002,2025-02-14,Fashion Item 08,Fashion,92.66,202.48,True
2792,1972,14,1,54.02,54.02,2025-02-14,completed,1.0,South,178.92000000000002,2025-02-14,Home Item 06,Home,36.75,61.39,True
2793,1972,37,1,124.9,124.9,2025-02-14,completed,1.0,South,178.92000000000002,2025-02-14,Fashion Item 05,Fashion,76.85,141.93,True
2794,1973,3,1,50.78,50.78,2025-02-14,completed,1.0,North,50.78,2025-02-14,Electronics Item 03,Electronics,26.19,57.71,True
2795,1974,32,1,10.75,10.75,2025-02-14,completed,1.0,Central,43.96,2025-02-14,Sports Item 08,Sports,7.11,12.22,True
2796,1974,18,1,33.21,33.21,2025-02-14,completed,1.0,Central,43.96,2025-02-14,Beauty Item 02,Beauty,18.64,37.74,True
2797,1975,40,2,178.18,356.36,2025-02-14,completed,1.0,South,482.41,2025-02-14,Fashion Item 08,Fashion,92.66,202.48,True
2798,1975,14,2,54.02,108.04,2025-02-14,completed,1.0,South,482.41,2025-02-14,Home Item 06,Home,36.75,61.39,True
2799,1975,8,1,18.01,18.01,2025-02-14,completed,1.0,South,482.41,2025-02-14,Electronics Item 08,Electronics,12.26,20.47,True
2800,1976,10,1,143.48,143.48,2025-02-14,completed,1.0,Central,143.48,2025-02-14,Home Item 02,Home,76.01,163.05,True
2801,1977,34,1,38.49,38.49,2025-02-14,completed,1.0,South,38.49,2025-02-14,Fashion Item 02,Fashion,22.77,43.74,True
2802,1978,19,1,134.23,134.23,2025-02-14,completed,1.0,South,177.54999999999998,2025-02-14,Beauty Item 03,Beauty,83.95,152.53,True
2803,1978,43,2,21.66,43.32,2025-02-14,completed,1.0,South,177.54999999999998,2025-02-14,Grocery Item 03,Grocery,11.56,24.61,True
2804,1979,37,1,124.9,124.9,2025-02-14,completed,1.0,South,124.9,2025-02-14,Fashion Item 05,Fashion,76.85,141.93,True
2805,1980,40,1,178.18,178.18,2025-02-14,completed,1.0,South,244.76,2025-02-14,Fashion Item 08,Fashion,92.66,202.48,True
2806,1980,22,1,66.58,66.58,2025-02-14,completed,1.0,South,244.76,2025-02-14,Beauty Item 06,Beauty,36.14,75.66,True
2807,1981,3,1,50.78,50.78,2025-02-14,completed,1.0,North,50.78,2025-02-14,Electronics Item 03,Electronics,26.19,57.71,True
2808,1982,28,1,74.05,74.05,2025-02-14,processing,1.0,South,254.75,2025-02-14,Sports Item 04,Sports,39.74,84.15,True
2809,1982,38,1,71.35,71.35,2025-02-14,processing,1.0,South,254.75,2025-02-14,Fashion Item 06,Fashion,44.22,81.08,True
2810,1982,26,1,109.35,109.35,2025-02-14,processing,1.0,South,254.75,2025-02-14,Sports Item 02,Sports,72.7,124.26,True
2811,1983,3,1,50.78,50.78,2025-02-14,completed,1.0,East,50.78,2025-02-14,Electronics Item 03,Electronics,26.19,57.71,True
2812,1984,38,1,71.35,71.35,2025-02-14,completed,1.0,South,71.35,2025-02-14,Fashion Item 06,Fashion,44.22,81.08,True
2813,1985,12,2,103.83,207.66,2025-02-14,completed,1.0,East,319.32,2025-02-14,Home Item 04,Home,58.96,117.99,True
2814,1985,23,1,73.18,73.18,2025-02-14,completed,1.0,East,319.32,2025-02-14,Beauty Item 07,Beauty,39.32,83.16,True
2815,1985,25,1,38.48,38.48,2025-02-14,completed,1.0,East,319.32,2025-02-14,Sports Item 01,Sports,20.88,43.73,True
2816,1986,36,2,47.04,94.08,2025-02-14,completed,1.0,East,94.08,2025-02-14,Fashion Item 04,Fashion,28.42,53.45,True
2817,1987,32,1,10.75,10.75,2025-02-14,completed,1.0,South,38.54,2025-02-14,Sports Item 08,Sports,7.11,12.22,True
2818,1987,45,1,27.79,27.79,2025-02-14,completed,1.0,South,38.54,2025-02-14,Grocery Item 05,Grocery,18.68,31.58,True
2819,1988,27,1,21.72,21.72,2025-02-14,processing,1.0,North,198.18,2025-02-14,Sports Item 03,Sports,10.9,24.68,True
2820,1988,2,2,88.23,176.46,2025-02-14,processing,1.0,North,198.18,2025-02-14,Electronics Item 02,Electronics,54.16,100.26,True
2821,1989,10,1,143.48,143.48,2025-02-14,completed,1.0,Central,271.02,2025-02-14,Home Item 02,Home,76.01,163.05,True
2822,1989,4,2,63.77,127.54,2025-02-14,completed,1.0,Central,271.02,2025-02-14,Electronics Item 04,Electronics,34.44,72.47,True
2823,1990,14,3,54.02,162.06,2025-02-14,completed,1.0,East,405.02,2025-02-14,Home Item 06,Home,36.75,61.39,True
2824,1990,42,2,121.48,242.96,2025-02-14,completed,1.0,East,405.02,2025-02-14,Grocery Item 02,Grocery,61.43,138.05,True
2825,1991,32,1,10.75,10.75,2025-02-14,completed,1.0,East,10.75,2025-02-14,Sports Item 08,Sports,7.11,12.22,True
2826,1992,34,3,38.49,115.47,2025-02-14,completed,1.0,East,115.47,2025-02-14,Fashion Item 02,Fashion,22.77,43.74,True
2827,1993,21,3,68.92,206.76,2025-02-14,completed,1.0,Central,206.76,2025-02-14,Beauty Item 05,Beauty,34.88,78.32,True
2828,1994,21,1,68.92,68.92,2025-02-14,processing,1.0,East,68.92,2025-02-14,Beauty Item 05,Beauty,34.88,78.32,True
2829,1995,10,2,143.48,286.96,2025-02-14,processing,1.0,South,286.96,2025-02-14,Home Item 02,Home,76.01,163.05,True
2830,1996,14,1,54.02,54.02,2025-02-14,completed,1.0,South,54.02,2025-02-14,Home Item 06,Home,36.75,61.39,True
2831,1997,33,1,150.73,150.73,2025-02-14,completed,1.0,East,150.73,2025-02-14,Fashion Item 01,Fashion,77.9,171.28,True
2832,1998,28,1,74.05,74.05,2025-02-14,completed,1.0,South,121.09,2025-02-14,Sports Item 04,Sports,39.74,84.15,True
2833,1998,36,1,47.04,47.04,2025-02-14,completed,1.0,South,121.09,2025-02-14,Fashion Item 04,Fashion,28.42,53.45,True
2834,1999,21,1,68.92,68.92,2025-02-14,completed,1.0,South,68.92,2025-02-14,Beauty Item 05,Beauty,34.88,78.32,True
2835,2000,36,1,47.04,47.04,2025-02-14,completed,1.0,South,144.01,2025-02-14,Fashion Item 04,Fashion,28.42,53.45,True
2836,2000,30,1,59.75,59.75,2025-02-14,completed,1.0,South,144.01,2025-02-14,Sports Item 06,Sports,46.01,67.9,True
2837,2000,20,1,37.22,37.22,2025-02-14,completed,1.0,South,144.01,2025-02-14,Beauty Item 04,Beauty,18.73,42.3,True
2838,2001,1,1,100.37,100.37,2025-02-14,completed,1.0,North,100.37,2025-02-14,Electronics Item 01,Electronics,75.52,114.06,True
2839,2002,8,1,18.01,18.01,2025-02-14,completed,1.0,North,18.01,2025-02-14,Electronics Item 08,Electronics,12.26,20.47,True
2840,2003,8,1,18.01,18.01,2025-02-15,completed,1.0,Central,18.01,2025-02-15,Electronics Item 08,Electronics,12.26,20.47,True
2841,2004,18,1,33.21,33.21,2025-02-15,completed,1.0,South,134.77,2025-02-15,Beauty Item 02,Beauty,18.64,37.74,True
2842,2004,3,2,50.78,101.56,2025-02-15,completed,1.0,South,134.77,2025-02-15,Electronics Item 03,Electronics,26.19,57.71,True
2843,2005,27,1,21.72,21.72,2025-02-15,processing,1.0,North,129.34,2025-02-15,Sports Item 03,Sports,10.9,24.68,True
2844,2005,5,2,53.81,107.62,2025-02-15,processing,1.0,North,129.34,2025-02-15,Electronics Item 05,Electronics,33.0,61.15,True
2845,2006,3,1,50.78,50.78,2025-02-15,completed,1.0,North,50.78,2025-02-15,Electronics Item 03,Electronics,26.19,57.71,True
2846,2007,35,1,138.73,138.73,2025-02-15,completed,1.0,Central,149.48,2025-02-15,Fashion Item 03,Fashion,77.82,157.65,True
2847,2007,32,1,10.75,10.75,2025-02-15,completed,1.0,Central,149.48,2025-02-15,Sports Item 08,Sports,7.11,12.22,True
2848,2008,3,3,50.78,152.34,2025-02-15,completed,1.0,Central,152.34,2025-02-15,Electronics Item 03,Electronics,26.19,57.71,True
2849,2009,32,1,10.75,10.75,2025-02-15,completed,1.0,Central,10.75,2025-02-15,Sports Item 08,Sports,7.11,12.22,True
2850,2010,15,1,153.03,153.03,2025-02-15,completed,1.0,North,256.86,2025-02-15,Home Item 07,Home,83.24,173.9,True
2851,2010,12,1,103.83,103.83,2025-02-15,completed,1.0,North,256.86,2025-02-15,Home Item 04,Home,58.96,117.99,True
2852,2011,46,2,110.77,221.54,2025-02-15,completed,1.0,South,221.54,2025-02-15,Grocery Item 06,Grocery,73.75,125.88,True
2853,2012,21,1,68.92,68.92,2025-02-15,refunded,1.0,East,68.92,2025-02-15,Beauty Item 05,Beauty,34.88,78.32,False
2854,2013,42,1,121.48,121.48,2025-02-15,completed,1.0,South,264.96,2025-02-15,Grocery Item 02,Grocery,61.43,138.05,True
2855,2013,10,1,143.48,143.48,2025-02-15,completed,1.0,South,264.96,2025-02-15,Home Item 02,Home,76.01,163.05,True
2856,2014,23,1,73.18,73.18,2025-02-15,processing,1.0,South,73.18,2025-02-15,Beauty Item 07,Beauty,39.32,83.16,True
2857,2015,2,1,88.23,88.23,2025-02-15,completed,1.0,East,88.23,2025-02-15,Electronics Item 02,Electronics,54.16,100.26,True
2858,2016,2,1,88.23,88.23,2025-02-15,completed,1.0,South,394.29,2025-02-15,Electronics Item 02,Electronics,54.16,100.26,True
2859,2016,15,2,153.03,306.06,2025-02-15,completed,1.0,South,394.29,2025-02-15,Home Item 07,Home,83.24,173.9,True
2860,2017,36,1,47.04,47.04,2025-02-15,completed,1.0,East,181.26999999999998,2025-02-15,Fashion Item 04,Fashion,28.42,53.45,True
2861,2017,19,1,134.23,134.23,2025-02-15,completed,1.0,East,181.26999999999998,2025-02-15,Beauty Item 03,Beauty,83.95,152.53,True
2862,2018,44,1,60.83,60.83,2025-02-15,completed,1.0,South,60.83,2025-02-15,Grocery Item 04,Grocery,46.32,69.13,True
2863,2019,46,1,110.77,110.77,2025-02-15,completed,1.0,East,110.77,2025-02-15,Grocery Item 06,Grocery,73.75,125.88,True
2864,2020,37,1,124.9,124.9,2025-02-15,completed,1.0,North,235.67000000000002,2025-02-15,Fashion Item 05,Fashion,76.85,141.93,True
2865,2020,46,1,110.77,110.77,2025-02-15,completed,1.0,North,235.67000000000002,2025-02-15,Grocery Item 06,Grocery,73.75,125.88,True
2866,2021,29,1,8.1,8.1,2025-02-15,completed,1.0,North,133.0,2025-02-15,Sports Item 05,Sports,4.26,9.2,True
2867,2021,37,1,124.9,124.9,2025-02-15,completed,1.0,North,133.0,2025-02-15,Fashion Item 05,Fashion,76.85,141.93,True
2868,2022,21,1,68.92,68.92,2025-02-15,completed,1.0,South,68.92,2025-02-15,Beauty Item 05,Beauty,34.88,78.32,True
2869,2023,10,1,143.48,143.48,2025-02-15,completed,1.0,North,143.48,2025-02-15,Home Item 02,Home,76.01,163.05,True
2870,2024,14,1,54.02,54.02,2025-02-15,completed,1.0,North,54.02,2025-02-15,Home Item 06,Home,36.75,61.39,True
2871,2025,1,1,100.37,100.37,2025-02-15,completed,1.0,East,100.37,2025-02-15,Electronics Item 01,Electronics,75.52,114.06,True
2872,2026,19,1,134.23,134.23,2025-02-15,completed,1.0,North,134.23,2025-02-15,Beauty Item 03,Beauty,83.95,152.53,True
2873,2027,13,1,30.54,30.54,2025-02-15,processing,1.0,North,30.54,2025-02-15,Home Item 05,Home,15.9,34.71,True
2874,2028,30,1,59.75,59.75,2025-02-15,completed,1.0,Central,112.28,2025-02-15,Sports Item 06,Sports,46.01,67.9,True
2875,2028,9,1,52.53,52.53,2025-02-15,completed,1.0,Central,112.28,2025-02-15,Home Item 01,Home,38.0,59.69,True
2876,2029,14,1,54.02,54.02,2025-02-15,completed,1.0,Central,54.02,2025-02-15,Home Item 06,Home,36.75,61.39,True
2877,2030,11,1,101.4,101.4,2025-02-15,processing,1.0,South,244.88,2025-02-15,Home Item 03,Home,73.04,115.23,True
2878,2030,10,1,143.48,143.48,2025-02-15,processing,1.0,South,244.88,2025-02-15,Home Item 02,Home,76.01,163.05,True
2879,2031,8,1,18.01,18.01,2025-02-15,completed,1.0,North,92.45,2025-02-15,Electronics Item 08,Electronics,12.26,20.47,True
2880,2031,20,2,37.22,74.44,2025-02-15,completed,1.0,North,92.45,2025-02-15,Beauty Item 04,Beauty,18.73,42.3,True
2881,2032,33,1,150.73,150.73,2025-02-15,completed,1.0,North,372.27,2025-02-15,Fashion Item 01,Fashion,77.9,171.28,True
2882,2032,46,2,110.77,221.54,2025-02-15,completed,1.0,North,372.27,2025-02-15,Grocery Item 06,Grocery,73.75,125.88,True
2883,2033,45,1,27.79,27.79,2025-02-15,processing,1.0,Central,27.79,2025-02-15,Grocery Item 05,Grocery,18.68,31.58,True
2884,2034,45,1,27.79,27.79,2025-02-15,completed,1.0,East,27.79,2025-02-15,Grocery Item 05,Grocery,18.68,31.58,True
2885,2035,23,2,73.18,146.36,2025-02-15,completed,1.0,Central,146.36,2025-02-15,Beauty Item 07,Beauty,39.32,83.16,True
2886,2036,44,1,60.83,60.83,2025-02-15,refunded,1.0,South,91.37,2025-02-15,Grocery Item 04,Grocery,46.32,69.13,False
2887,2036,13,1,30.54,30.54,2025-02-15,refunded,1.0,South,91.37,2025-02-15,Home Item 05,Home,15.9,34.71,False
2888,2037,21,1,68.92,68.92,2025-02-15,completed,1.0,South,261.66999999999996,2025-02-15,Beauty Item 05,Beauty,34.88,78.32,True
2889,2037,14,1,54.02,54.02,2025-02-15,completed,1.0,South,261.66999999999996,2025-02-15,Home Item 06,Home,36.75,61.39,True
2890,2037,35,1,138.73,138.73,2025-02-15,completed,1.0,South,261.66999999999996,2025-02-15,Fashion Item 03,Fashion,77.82,157.65,True
2891,2038,8,1,18.01,18.01,2025-02-15,completed,1.0,Central,18.01,2025-02-15,Electronics Item 08,Electronics,12.26,20.47,True
2892,2039,12,1,103.83,103.83,2025-02-15,completed,1.0,North,103.83,2025-02-15,Home Item 04,Home,58.96,117.99,True
2893,2040,35,1,138.73,138.73,2025-02-15,completed,1.0,East,138.73,2025-02-15,Fashion Item 03,Fashion,77.82,157.65,True
2894,2041,34,2,38.49,76.98,2025-02-15,completed,1.0,South,76.98,2025-02-15,Fashion Item 02,Fashion,22.77,43.74,True
2895,2042,8,1,18.01,18.01,2025-02-15,completed,1.0,North,18.01,2025-02-15,Electronics Item 08,Electronics,12.26,20.47,True
2896,2043,43,1,21.66,21.66,2025-02-15,completed,1.0,East,21.66,2025-02-15,Grocery Item 03,Grocery,11.56,24.61,True
2897,2044,44,1,60.83,60.83,2025-02-15,completed,1.0,South,78.84,2025-02-15,Grocery Item 04,Grocery,46.32,69.13,True
2898,2044,8,1,18.01,18.01,2025-02-15,completed,1.0,South,78.84,2025-02-15,Electronics Item 08,Electronics,12.26,20.47,True
2899,2045,9,2,52.53,105.06,2025-02-15,completed,1.0,North,105.06,2025-02-15,Home Item 01,Home,38.0,59.69,True
2900,2046,32,1,10.75,10.75,2025-02-15,cancelled,1.0,South,10.75,2025-02-15,Sports Item 08,Sports,7.11,12.22,False
2901,2047,38,1,71.35,71.35,2025-02-15,completed,1.0,North,71.35,2025-02-15,Fashion Item 06,Fashion,44.22,81.08,True
2902,2048,36,1,47.04,47.04,2025-02-15,completed,1.0,Central,121.09,2025-02-15,Fashion Item 04,Fashion,28.42,53.45,True
2903,2048,28,1,74.05,74.05,2025-02-15,completed,1.0,Central,121.09,2025-02-15,Sports Item 04,Sports,39.74,84.15,True
2904,2049,19,2,134.23,268.46,2025-02-15,completed,1.0,Central,268.46,2025-02-15,Beauty Item 03,Beauty,83.95,152.53,True
2905,2050,39,1,109.17,109.17,2025-02-15,completed,1.0,South,109.17,2025-02-15,Fashion Item 07,Fashion,65.04,124.06,True
2906,2051,33,1,150.73,150.73,2025-02-15,completed,1.0,East,150.73,2025-02-15,Fashion Item 01,Fashion,77.9,171.28,True
2907,2052,42,1,121.48,121.48,2025-02-15,completed,1.0,North,121.48,2025-02-15,Grocery Item 02,Grocery,61.43,138.05,True
2908,2053,22,1,66.58,66.58,2025-02-15,processing,1.0,South,66.58,2025-02-15,Beauty Item 06,Beauty,36.14,75.66,True
2909,2054,36,1,47.04,47.04,2025-02-15,completed,1.0,East,207.96,2025-02-15,Fashion Item 04,Fashion,28.42,53.45,True
2910,2054,37,1,124.9,124.9,2025-02-15,completed,1.0,East,207.96,2025-02-15,Fashion Item 05,Fashion,76.85,141.93,True
2911,2054,8,2,18.01,36.02,2025-02-15,completed,1.0,East,207.96,2025-02-15,Electronics Item 08,Electronics,12.26,20.47,True
2912,2055,36,1,47.04,47.04,2025-02-15,processing,1.0,North,47.04,2025-02-15,Fashion Item 04,Fashion,28.42,53.45,True
2913,2056,47,1,18.78,18.78,2025-02-15,unknown_status,1.0,East,18.78,2025-02-15,Grocery Item 07,Grocery,13.74,21.34,False
2914,2057,27,1,21.72,21.72,2025-02-15,completed,1.0,Central,174.75,2025-02-15,Sports Item 03,Sports,10.9,24.68,True
2915,2057,15,1,153.03,153.03,2025-02-15,completed,1.0,Central,174.75,2025-02-15,Home Item 07,Home,83.24,173.9,True
2916,2058,30,2,59.75,119.5,2025-02-15,processing,1.0,North,119.5,2025-02-15,Sports Item 06,Sports,46.01,67.9,True
2917,2059,30,1,59.75,59.75,2025-02-15,completed,1.0,South,59.75,2025-02-15,Sports Item 06,Sports,46.01,67.9,True
2918,2060,45,1,27.79,27.79,2025-02-15,completed,1.0,Central,27.79,2025-02-15,Grocery Item 05,Grocery,18.68,31.58,True
2919,2061,32,1,10.75,10.75,2025-02-15,completed,1.0,East,10.75,2025-02-15,Sports Item 08,Sports,7.11,12.22,True
2920,2062,26,2,109.35,218.7,2025-02-15,completed,1.0,North,218.7,2025-02-15,Sports Item 02,Sports,72.7,124.26,True
2921,2063,36,1,47.04,47.04,2025-02-15,completed,1.0,North,47.04,2025-02-15,Fashion Item 04,Fashion,28.42,53.45,True
2922,2064,44,1,60.83,60.83,2025-02-15,completed,1.0,East,60.83,2025-02-15,Grocery Item 04,Grocery,46.32,69.13,True
2923,2065,35,1,138.73,138.73,2025-02-16,completed,1.0,Central,149.48,2025-02-16,Fashion Item 03,Fashion,77.82,157.65,True
2924,2065,32,1,10.75,10.75,2025-02-16,completed,1.0,Central,149.48,2025-02-16,Sports Item 08,Sports,7.11,12.22,True
2925,2066,14,1,54.02,54.02,2025-02-16,completed,1.0,South,54.02,2025-02-16,Home Item 06,Home,36.75,61.39,True
2926,2067,42,1,121.48,121.48,2025-02-16,completed,1.0,Central,121.48,2025-02-16,Grocery Item 02,Grocery,61.43,138.05,True
2927,2068,21,1,68.92,68.92,2025-02-16,refunded,1.0,East,68.92,2025-02-16,Beauty Item 05,Beauty,34.88,78.32,False
2928,2069,32,1,10.75,10.75,2025-02-16,completed,1.0,Central,10.75,2025-02-16,Sports Item 08,Sports,7.11,12.22,True
2929,2070,43,2,21.66,43.32,2025-02-16,processing,1.0,East,43.32,2025-02-16,Grocery Item 03,Grocery,11.56,24.61,True
2930,2071,33,1,150.73,150.73,2025-02-16,completed,1.0,South,150.73,2025-02-16,Fashion Item 01,Fashion,77.9,171.28,True
2931,2072,14,1,54.02,54.02,2025-02-16,completed,1.0,Central,87.23,2025-02-16,Home Item 06,Home,36.75,61.39,True
2932,2072,18,1,33.21,33.21,2025-02-16,completed,1.0,Central,87.23,2025-02-16,Beauty Item 02,Beauty,18.64,37.74,True
2933,2073,47,1,18.78,18.78,2025-02-16,completed,1.0,East,18.78,2025-02-16,Grocery Item 07,Grocery,13.74,21.34,True
2934,2074,21,1,68.92,68.92,2025-02-16,completed,1.0,East,68.92,2025-02-16,Beauty Item 05,Beauty,34.88,78.32,True
2935,2075,23,1,73.18,73.18,2025-02-16,completed,1.0,East,73.18,2025-02-16,Beauty Item 07,Beauty,39.32,83.16,True
2936,2076,41,1,43.6,43.6,2025-02-16,completed,1.0,East,62.38,2025-02-16,Grocery Item 01,Grocery,22.88,49.55,True
2937,2076,47,1,18.78,18.78,2025-02-16,completed,1.0,East,62.38,2025-02-16,Grocery Item 07,Grocery,13.74,21.34,True
2938,2077,32,1,10.75,10.75,2025-02-16,refunded,1.0,North,10.75,2025-02-16,Sports Item 08,Sports,7.11,12.22,False
2939,2078,9,1,52.53,52.53,2025-02-16,processing,1.0,North,52.53,2025-02-16,Home Item 01,Home,38.0,59.69,True
2940,2079,6,2,77.62,155.24,2025-02-16,completed,1.0,East,293.97,2025-02-16,Electronics Item 06,Electronics,39.5,88.2,True
2941,2079,35,1,138.73,138.73,2025-02-16,completed,1.0,East,293.97,2025-02-16,Fashion Item 03,Fashion,77.82,157.65,True
2942,2080,21,1,68.92,68.92,2025-02-16,completed,1.0,East,68.92,2025-02-16,Beauty Item 05,Beauty,34.88,78.32,True
2943,2081,12,1,103.83,103.83,2025-02-16,completed,1.0,Central,103.83,2025-02-16,Home Item 04,Home,58.96,117.99,True
2944,2082,20,1,37.22,37.22,2025-02-16,completed,1.0,East,37.22,2025-02-16,Beauty Item 04,Beauty,18.73,42.3,True
2945,2083,23,1,73.18,73.18,2025-02-16,completed,1.0,North,73.18,2025-02-16,Beauty Item 07,Beauty,39.32,83.16,True
2946,2084,10,1,143.48,143.48,2025-02-16,completed,1.0,East,244.54,2025-02-16,Home Item 02,Home,76.01,163.05,True
2947,2084,14,1,54.02,54.02,2025-02-16,completed,1.0,East,244.54,2025-02-16,Home Item 06,Home,36.75,61.39,True
2948,2084,36,1,47.04,47.04,2025-02-16,completed,1.0,East,244.54,2025-02-16,Fashion Item 04,Fashion,28.42,53.45,True
2949,2085,20,1,37.22,37.22,2025-02-16,completed,1.0,Central,37.22,2025-02-16,Beauty Item 04,Beauty,18.73,42.3,True
2950,2086,8,1,18.01,18.01,2025-02-16,processing,1.0,South,18.01,2025-02-16,Electronics Item 08,Electronics,12.26,20.47,True
2951,2087,40,1,178.18,178.18,2025-02-16,completed,1.0,East,251.36,2025-02-16,Fashion Item 08,Fashion,92.66,202.48,True
2952,2087,23,1,73.18,73.18,2025-02-16,completed,1.0,East,251.36,2025-02-16,Beauty Item 07,Beauty,39.32,83.16,True
2953,2088,43,1,21.66,21.66,2025-02-16,completed,1.0,Central,21.66,2025-02-16,Grocery Item 03,Grocery,11.56,24.61,True
2954,2089,41,1,43.6,43.6,2025-02-16,completed,1.0,East,60.94,2025-02-16,Grocery Item 01,Grocery,22.88,49.55,True
2955,2089,31,1,17.34,17.34,2025-02-16,completed,1.0,East,60.94,2025-02-16,Sports Item 07,Sports,11.9,19.71,True
2956,2090,33,3,150.73,452.19,2025-02-16,completed,1.0,South,529.81,2025-02-16,Fashion Item 01,Fashion,77.9,171.28,True
2957,2090,6,1,77.62,77.62,2025-02-16,completed,1.0,South,529.81,2025-02-16,Electronics Item 06,Electronics,39.5,88.2,True
2958,2091,14,1,54.02,54.02,2025-02-16,completed,1.0,North,105.24000000000001,2025-02-16,Home Item 06,Home,36.75,61.39,True
2959,2091,18,1,33.21,33.21,2025-02-16,completed,1.0,North,105.24000000000001,2025-02-16,Beauty Item 02,Beauty,18.64,37.74,True
2960,2091,8,1,18.01,18.01,2025-02-16,completed,1.0,North,105.24000000000001,2025-02-16,Electronics Item 08,Electronics,12.26,20.47,True
2961,2092,46,1,110.77,110.77,2025-02-16,completed,1.0,East,110.77,2025-02-16,Grocery Item 06,Grocery,73.75,125.88,True
2962,2093,44,1,60.83,60.83,2025-02-16,completed,1.0,South,60.83,2025-02-16,Grocery Item 04,Grocery,46.32,69.13,True
2963,2094,10,1,143.48,143.48,2025-02-16,completed,1.0,South,143.48,2025-02-16,Home Item 02,Home,76.01,163.05,True
2964,2095,14,1,54.02,54.02,2025-02-16,completed,1.0,Central,197.5,2025-02-16,Home Item 06,Home,36.75,61.39,True
2965,2095,10,1,143.48,143.48,2025-02-16,completed,1.0,Central,197.5,2025-02-16,Home Item 02,Home,76.01,163.05,True
2966,2096,43,1,21.66,21.66,2025-02-16,completed,1.0,Central,21.66,2025-02-16,Grocery Item 03,Grocery,11.56,24.61,True
2967,2097,14,1,54.02,54.02,2025-02-16,completed,1.0,South,188.25,2025-02-16,Home Item 06,Home,36.75,61.39,True
2968,2097,19,1,134.23,134.23,2025-02-16,completed,1.0,South,188.25,2025-02-16,Beauty Item 03,Beauty,83.95,152.53,True
2969,2098,46,1,110.77,110.77,2025-02-16,completed,1.0,South,110.77,2025-02-16,Grocery Item 06,Grocery,73.75,125.88,True
2970,2099,33,1,150.73,150.73,2025-02-16,completed,1.0,South,150.73,2025-02-16,Fashion Item 01,Fashion,77.9,171.28,True
2971,2100,44,3,60.83,182.49,2025-02-16,completed,1.0,South,182.49,2025-02-16,Grocery Item 04,Grocery,46.32,69.13,True
2972,2101,21,1,68.92,68.92,2025-02-16,completed,1.0,Central,68.92,2025-02-16,Beauty Item 05,Beauty,34.88,78.32,True
2973,2102,21,1,68.92,68.92,2025-02-16,completed,1.0,Central,68.92,2025-02-16,Beauty Item 05,Beauty,34.88,78.32,True
2974,2103,36,1,47.04,47.04,2025-02-16,processing,1.0,Central,197.84,2025-02-16,Fashion Item 04,Fashion,28.42,53.45,True
2975,2103,6,1,77.62,77.62,2025-02-16,processing,1.0,Central,197.84,2025-02-16,Electronics Item 06,Electronics,39.5,88.2,True
2976,2103,23,1,73.18,73.18,2025-02-16,processing,1.0,Central,197.84,2025-02-16,Beauty Item 07,Beauty,39.32,83.16,True
2977,2104,3,1,50.78,50.78,2025-02-16,completed,1.0,South,114.55000000000001,2025-02-16,Electronics Item 03,Electronics,26.19,57.71,True
2978,2104,4,1,63.77,63.77,2025-02-16,completed,1.0,South,114.55000000000001,2025-02-16,Electronics Item 04,Electronics,34.44,72.47,True
2979,2105,20,1,37.22,37.22,2025-02-16,completed,1.0,Central,75.69999999999999,2025-02-16,Beauty Item 04,Beauty,18.73,42.3,True
2980,2105,25,1,38.48,38.48,2025-02-16,completed,1.0,Central,75.69999999999999,2025-02-16,Sports Item 01,Sports,20.88,43.73,True
2981,2106,21,1,68.92,68.92,2025-02-16,completed,1.0,Central,68.92,2025-02-16,Beauty Item 05,Beauty,34.88,78.32,True
2982,2107,27,1,21.72,21.72,2025-02-16,completed,1.0,North,75.74000000000001,2025-02-16,Sports Item 03,Sports,10.9,24.68,True
2983,2107,14,1,54.02,54.02,2025-02-16,completed,1.0,North,75.74000000000001,2025-02-16,Home Item 06,Home,36.75,61.39,True
2984,2108,11,1,101.4,101.4,2025-02-16,completed,1.0,South,101.4,2025-02-16,Home Item 03,Home,73.04,115.23,True
2985,2109,43,1,21.66,21.66,2025-02-16,completed,1.0,East,21.66,2025-02-16,Grocery Item 03,Grocery,11.56,24.61,True
2986,2110,44,1,60.83,60.83,2025-02-16,processing,1.0,Central,113.36,2025-02-16,Grocery Item 04,Grocery,46.32,69.13,True
2987,2110,9,1,52.53,52.53,2025-02-16,processing,1.0,Central,113.36,2025-02-16,Home Item 01,Home,38.0,59.69,True
2988,2111,35,1,138.73,138.73,2025-02-16,completed,1.0,South,138.73,2025-02-16,Fashion Item 03,Fashion,77.82,157.65,True
2989,2112,22,1,66.58,66.58,2025-02-16,completed,1.0,East,110.18,2025-02-16,Beauty Item 06,Beauty,36.14,75.66,True
2990,2112,41,1,43.6,43.6,2025-02-16,completed,1.0,East,110.18,2025-02-16,Grocery Item 01,Grocery,22.88,49.55,True
2991,2113,36,1,47.04,47.04,2025-02-16,completed,1.0,Central,47.04,2025-02-16,Fashion Item 04,Fashion,28.42,53.45,True
2992,2114,36,1,47.04,47.04,2025-02-16,processing,1.0,South,103.38,2025-02-16,Fashion Item 04,Fashion,28.42,53.45,True
2993,2114,47,3,18.78,56.34,2025-02-16,processing,1.0,South,103.38,2025-02-16,Grocery Item 07,Grocery,13.74,21.34,True
2994,2115,46,1,110.77,110.77,2025-02-16,completed,1.0,South,235.67000000000002,2025-02-16,Grocery Item 06,Grocery,73.75,125.88,True
2995,2115,37,1,124.9,124.9,2025-02-16,completed,1.0,South,235.67000000000002,2025-02-16,Fashion Item 05,Fashion,76.85,141.93,True
2996,2116,44,1,60.83,60.83,2025-02-16,completed,1.0,South,265.7,2025-02-16,Grocery Item 04,Grocery,46.32,69.13,True
2997,2116,9,1,52.53,52.53,2025-02-16,completed,1.0,South,265.7,2025-02-16,Home Item 01,Home,38.0,59.69,True
2998,2116,3,3,50.78,152.34,2025-02-16,completed,1.0,South,265.7,2025-02-16,Electronics Item 03,Electronics,26.19,57.71,True
2999,2117,28,2,74.05,148.1,2025-02-16,completed,1.0,South,148.1,2025-02-16,Sports Item 04,Sports,39.74,84.15,True
3000,2118,8,1,18.01,18.01,2025-02-16,completed,1.0,South,18.01,2025-02-16,Electronics Item 08,Electronics,12.26,20.47,True
3001,2119,14,1,54.02,54.02,2025-02-16,completed,1.0,South,54.02,2025-02-16,Home Item 06,Home,36.75,61.39,True
3002,2120,23,1,73.18,73.18,2025-02-16,refunded,1.0,Central,73.18,2025-02-16,Beauty Item 07,Beauty,39.32,83.16,False
3003,2121,42,1,121.48,121.48,2025-02-16,completed,1.0,East,121.48,2025-02-16,Grocery Item 02,Grocery,61.43,138.05,True
3004,2122,46,1,110.77,110.77,2025-02-16,completed,1.0,North,110.77,2025-02-16,Grocery Item 06,Grocery,73.75,125.88,True
3005,2123,21,1,68.92,68.92,2025-02-16,processing,1.0,North,302.99,2025-02-16,Beauty Item 05,Beauty,34.88,78.32,True
3006,2123,39,1,109.17,109.17,2025-02-16,processing,1.0,North,302.99,2025-02-16,Fashion Item 07,Fashion,65.04,124.06,True
3007,2123,37,1,124.9,124.9,2025-02-16,processing,1.0,North,302.99,2025-02-16,Fashion Item 05,Fashion,76.85,141.93,True
3008,2124,12,2,103.83,207.66,2025-02-17,completed,1.0,South,359.9,2025-02-17,Home Item 04,Home,58.96,117.99,True
3009,2124,8,1,18.01,18.01,2025-02-17,completed,1.0,South,359.9,2025-02-17,Electronics Item 08,Electronics,12.26,20.47,True
3010,2124,19,1,134.23,134.23,2025-02-17,completed,1.0,South,359.9,2025-02-17,Beauty Item 03,Beauty,83.95,152.53,True
3011,2125,26,1,109.35,109.35,2025-02-17,completed,1.0,East,109.35,2025-02-17,Sports Item 02,Sports,72.7,124.26,True
3012,2126,8,1,18.01,18.01,2025-02-17,completed,1.0,Central,18.01,2025-02-17,Electronics Item 08,Electronics,12.26,20.47,True
3013,2127,23,1,73.18,73.18,2025-02-17,completed,1.0,Central,239.29000000000002,2025-02-17,Beauty Item 07,Beauty,39.32,83.16,True
3014,2127,8,1,18.01,18.01,2025-02-17,completed,1.0,Central,239.29000000000002,2025-02-17,Electronics Item 08,Electronics,12.26,20.47,True
3015,2127,28,2,74.05,148.1,2025-02-17,completed,1.0,Central,239.29000000000002,2025-02-17,Sports Item 04,Sports,39.74,84.15,True
3016,2128,35,1,138.73,138.73,2025-02-17,completed,1.0,South,138.73,2025-02-17,Fashion Item 03,Fashion,77.82,157.65,True
3017,2129,33,2,150.73,301.46,2025-02-17,completed,1.0,South,301.46,2025-02-17,Fashion Item 01,Fashion,77.9,171.28,True
3018,2130,12,1,103.83,103.83,2025-02-17,completed,1.0,South,103.83,2025-02-17,Home Item 04,Home,58.96,117.99,True
3019,2131,47,1,18.78,18.78,2025-02-17,completed,1.0,North,407.01,2025-02-17,Grocery Item 07,Grocery,13.74,21.34,True
3020,2131,46,1,110.77,110.77,2025-02-17,completed,1.0,North,407.01,2025-02-17,Grocery Item 06,Grocery,73.75,125.88,True
3021,2131,35,2,138.73,277.46,2025-02-17,completed,1.0,North,407.01,2025-02-17,Fashion Item 03,Fashion,77.82,157.65,True
3022,2132,10,2,143.48,286.96,2025-02-17,completed,1.0,Central,425.68999999999994,2025-02-17,Home Item 02,Home,76.01,163.05,True
3023,2132,35,1,138.73,138.73,2025-02-17,completed,1.0,Central,425.68999999999994,2025-02-17,Fashion Item 03,Fashion,77.82,157.65,True
3024,2133,28,1,74.05,74.05,2025-02-17,completed,1.0,Central,74.05,2025-02-17,Sports Item 04,Sports,39.74,84.15,True
3025,2134,34,1,38.49,38.49,2025-02-17,completed,1.0,Central,38.49,2025-02-17,Fashion Item 02,Fashion,22.77,43.74,True
3026,2135,4,1,63.77,63.77,2025-02-17,processing,1.0,South,63.77,2025-02-17,Electronics Item 04,Electronics,34.44,72.47,True
3027,2136,14,1,54.02,54.02,2025-02-17,completed,1.0,Central,54.02,2025-02-17,Home Item 06,Home,36.75,61.39,True
3028,2137,12,1,103.83,103.83,2025-02-17,completed,1.0,East,103.83,2025-02-17,Home Item 04,Home,58.96,117.99,True
3029,2138,36,2,47.04,94.08,2025-02-17,completed,1.0,Central,242.67,2025-02-17,Fashion Item 04,Fashion,28.42,53.45,True
3030,2138,21,2,68.92,137.84,2025-02-17,completed,1.0,Central,242.67,2025-02-17,Beauty Item 05,Beauty,34.88,78.32,True
3031,2138,32,1,10.75,10.75,2025-02-17,completed,1.0,Central,242.67,2025-02-17,Sports Item 08,Sports,7.11,12.22,True
3032,2139,40,1,178.18,178.18,2025-02-17,completed,1.0,Central,178.18,2025-02-17,Fashion Item 08,Fashion,92.66,202.48,True
3033,2140,10,1,143.48,143.48,2025-02-17,completed,1.0,East,143.48,2025-02-17,Home Item 02,Home,76.01,163.05,True
3034,2141,30,1,59.75,59.75,2025-02-17,completed,1.0,North,59.75,2025-02-17,Sports Item 06,Sports,46.01,67.9,True
3035,2142,19,1,134.23,134.23,2025-02-17,cancelled,1.0,South,188.79,2025-02-17,Beauty Item 03,Beauty,83.95,152.53,False
3036,2142,31,1,17.34,17.34,2025-02-17,cancelled,1.0,South,188.79,2025-02-17,Sports Item 07,Sports,11.9,19.71,False
3037,2142,20,1,37.22,37.22,2025-02-17,cancelled,1.0,South,188.79,2025-02-17,Beauty Item 04,Beauty,18.73,42.3,False
3038,2143,47,1,18.78,18.78,2025-02-17,cancelled,1.0,Central,18.78,2025-02-17,Grocery Item 07,Grocery,13.74,21.34,False
3039,2144,2,1,88.23,88.23,2025-02-17,completed,1.0,East,88.23,2025-02-17,Electronics Item 02,Electronics,54.16,100.26,True
3040,2145,19,1,134.23,134.23,2025-02-17,completed,1.0,East,134.23,2025-02-17,Beauty Item 03,Beauty,83.95,152.53,True
3041,2146,10,1,143.48,143.48,2025-02-17,completed,1.0,North,254.25,2025-02-17,Home Item 02,Home,76.01,163.05,True
3042,2146,46,1,110.77,110.77,2025-02-17,completed,1.0,North,254.25,2025-02-17,Grocery Item 06,Grocery,73.75,125.88,True
3043,2147,3,1,50.78,50.78,2025-02-17,completed,1.0,North,104.80000000000001,2025-02-17,Electronics Item 03,Electronics,26.19,57.71,True
3044,2147,14,1,54.02,54.02,2025-02-17,completed,1.0,North,104.80000000000001,2025-02-17,Home Item 06,Home,36.75,61.39,True
3045,2148,46,1,110.77,110.77,2025-02-17,completed,1.0,Central,110.77,2025-02-17,Grocery Item 06,Grocery,73.75,125.88,True
3046,2149,31,1,17.34,17.34,2025-02-17,processing,1.0,East,168.07,2025-02-17,Sports Item 07,Sports,11.9,19.71,True
3047,2149,33,1,150.73,150.73,2025-02-17,processing,1.0,East,168.07,2025-02-17,Fashion Item 01,Fashion,77.9,171.28,True
3048,2150,36,2,47.04,94.08,2025-02-17,cancelled,1.0,East,232.81,2025-02-17,Fashion Item 04,Fashion,28.42,53.45,False
3049,2150,35,1,138.73,138.73,2025-02-17,cancelled,1.0,East,232.81,2025-02-17,Fashion Item 03,Fashion,77.82,157.65,False
3050,2151,36,1,47.04,47.04,2025-02-17,processing,1.0,Central,47.04,2025-02-17,Fashion Item 04,Fashion,28.42,53.45,True
3051,2152,3,1,50.78,50.78,2025-02-17,completed,1.0,East,50.78,2025-02-17,Electronics Item 03,Electronics,26.19,57.71,True
3052,2153,4,3,63.77,191.31,2025-02-17,completed,1.0,East,191.31,2025-02-17,Electronics Item 04,Electronics,34.44,72.47,True
3053,2154,8,1,18.01,18.01,2025-02-17,completed,1.0,South,156.73999999999998,2025-02-17,Electronics Item 08,Electronics,12.26,20.47,True
3054,2154,35,1,138.73,138.73,2025-02-17,completed,1.0,South,156.73999999999998,2025-02-17,Fashion Item 03,Fashion,77.82,157.65,True
3055,2155,42,1,121.48,121.48,2025-02-17,completed,1.0,North,121.48,2025-02-17,Grocery Item 02,Grocery,61.43,138.05,True
3056,2156,3,1,50.78,50.78,2025-02-17,completed,1.0,East,50.78,2025-02-17,Electronics Item 03,Electronics,26.19,57.71,True
3057,2157,19,1,134.23,134.23,2025-02-17,completed,1.0,North,134.23,2025-02-17,Beauty Item 03,Beauty,83.95,152.53,True
3058,2158,42,1,121.48,121.48,2025-02-17,completed,1.0,Central,152.02,2025-02-17,Grocery Item 02,Grocery,61.43,138.05,True
3059,2158,13,1,30.54,30.54,2025-02-17,completed,1.0,Central,152.02,2025-02-17,Home Item 05,Home,15.9,34.71,True
3060,2159,18,1,33.21,33.21,2025-02-17,completed,1.0,East,33.21,2025-02-17,Beauty Item 02,Beauty,18.64,37.74,True
3061,2160,23,1,73.18,73.18,2025-02-17,completed,1.0,Central,211.91,2025-02-17,Beauty Item 07,Beauty,39.32,83.16,True
3062,2160,35,1,138.73,138.73,2025-02-17,completed,1.0,Central,211.91,2025-02-17,Fashion Item 03,Fashion,77.82,157.65,True
3063,2161,8,1,18.01,18.01,2025-02-17,completed,1.0,Central,18.01,2025-02-17,Electronics Item 08,Electronics,12.26,20.47,True
3064,2162,14,1,54.02,54.02,2025-02-17,completed,1.0,Central,72.03,2025-02-17,Home Item 06,Home,36.75,61.39,True
3065,2162,8,1,18.01,18.01,2025-02-17,completed,1.0,Central,72.03,2025-02-17,Electronics Item 08,Electronics,12.26,20.47,True
3066,2163,36,1,47.04,47.04,2025-02-17,completed,1.0,East,47.04,2025-02-17,Fashion Item 04,Fashion,28.42,53.45,True
3067,2164,23,1,73.18,73.18,2025-02-17,completed,1.0,East,73.18,2025-02-17,Beauty Item 07,Beauty,39.32,83.16,True
3068,2165,40,3,178.18,534.54,2025-02-17,completed,1.0,South,534.54,2025-02-17,Fashion Item 08,Fashion,92.66,202.48,True
3069,2166,48,1,88.91,88.91,2025-02-17,completed,1.0,South,88.91,2025-02-17,,Grocery,44.45,101.03,True
3070,2167,32,1,10.75,10.75,2025-02-17,completed,1.0,North,10.75,2025-02-17,Sports Item 08,Sports,7.11,12.22,True
3071,2168,47,1,18.78,18.78,2025-02-17,completed,1.0,Central,18.78,2025-02-17,Grocery Item 07,Grocery,13.74,21.34,True
3072,2169,15,1,153.03,153.03,2025-02-17,completed,1.0,Central,153.03,2025-02-17,Home Item 07,Home,83.24,173.9,True
3073,2170,33,2,150.73,301.46,2025-02-17,completed,1.0,East,301.46,2025-02-17,Fashion Item 01,Fashion,77.9,171.28,True
3074,2171,26,2,109.35,218.7,2025-02-17,completed,1.0,North,218.7,2025-02-17,Sports Item 02,Sports,72.7,124.26,True
3075,2172,8,1,18.01,18.01,2025-02-17,completed,1.0,North,18.01,2025-02-17,Electronics Item 08,Electronics,12.26,20.47,True
3076,2173,12,1,103.83,103.83,2025-02-17,completed,1.0,East,103.83,2025-02-17,Home Item 04,Home,58.96,117.99,True
3077,2174,23,1,73.18,73.18,2025-02-17,completed,1.0,South,73.18,2025-02-17,Beauty Item 07,Beauty,39.32,83.16,True
3078,2175,14,1,54.02,54.02,2025-02-17,completed,1.0,East,188.25,2025-02-17,Home Item 06,Home,36.75,61.39,True
3079,2175,19,1,134.23,134.23,2025-02-17,completed,1.0,East,188.25,2025-02-17,Beauty Item 03,Beauty,83.95,152.53,True
3080,2176,3,1,50.78,50.78,2025-02-17,completed,1.0,East,50.78,2025-02-17,Electronics Item 03,Electronics,26.19,57.71,True
3081,2177,10,1,143.48,143.48,2025-02-17,completed,1.0,South,143.48,2025-02-17,Home Item 02,Home,76.01,163.05,True
3082,2178,33,1,150.73,150.73,2025-02-17,completed,1.0,South,150.73,2025-02-17,Fashion Item 01,Fashion,77.9,171.28,True
3083,2179,21,1,68.92,68.92,2025-02-17,completed,1.0,South,77.02,2025-02-17,Beauty Item 05,Beauty,34.88,78.32,True
3084,2179,29,1,8.1,8.1,2025-02-17,completed,1.0,South,77.02,2025-02-17,Sports Item 05,Sports,4.26,9.2,True
3085,2180,40,1,178.18,178.18,2025-02-17,completed,1.0,South,178.18,2025-02-17,Fashion Item 08,Fashion,92.66,202.48,True
3086,2181,23,1,73.18,73.18,2025-02-17,completed,1.0,North,73.18,2025-02-17,Beauty Item 07,Beauty,39.32,83.16,True
3087,2182,4,2,63.77,127.54,2025-02-17,completed,1.0,North,194.12,2025-02-17,Electronics Item 04,Electronics,34.44,72.47,True
3088,2182,22,1,66.58,66.58,2025-02-17,completed,1.0,North,194.12,2025-02-17,Beauty Item 06,Beauty,36.14,75.66,True
3089,2183,47,1,18.78,18.78,2025-02-17,completed,1.0,North,18.78,2025-02-17,Grocery Item 07,Grocery,13.74,21.34,True
3090,2184,30,1,59.75,59.75,2025-02-17,completed,1.0,South,103.19,2025-02-17,Sports Item 06,Sports,46.01,67.9,True
3091,2184,27,2,21.72,43.44,2025-02-17,completed,1.0,South,103.19,2025-02-17,Sports Item 03,Sports,10.9,24.68,True
3092,2185,8,1,18.01,18.01,2025-02-17,completed,1.0,East,45.8,2025-02-17,Electronics Item 08,Electronics,12.26,20.47,True
3093,2185,45,1,27.79,27.79,2025-02-17,completed,1.0,East,45.8,2025-02-17,Grocery Item 05,Grocery,18.68,31.58,True
3094,2186,44,3,60.83,182.49,2025-02-17,completed,1.0,South,321.22,2025-02-17,Grocery Item 04,Grocery,46.32,69.13,True
3095,2186,35,1,138.73,138.73,2025-02-17,completed,1.0,South,321.22,2025-02-17,Fashion Item 03,Fashion,77.82,157.65,True
3096,2187,40,1,178.18,178.18,2025-02-17,completed,1.0,North,178.18,2025-02-17,Fashion Item 08,Fashion,92.66,202.48,True
3097,2188,3,1,50.78,50.78,2025-02-18,completed,1.0,North,50.78,2025-02-18,Electronics Item 03,Electronics,26.19,57.71,True
3098,2189,47,1,18.78,18.78,2025-02-18,cancelled,1.0,South,324.84000000000003,2025-02-18,Grocery Item 07,Grocery,13.74,21.34,False
3099,2189,15,2,153.03,306.06,2025-02-18,cancelled,1.0,South,324.84000000000003,2025-02-18,Home Item 07,Home,83.24,173.9,False
3100,2190,47,1,18.78,18.78,2025-02-18,unknown_status,1.0,Central,18.78,2025-02-18,Grocery Item 07,Grocery,13.74,21.34,False
3101,2191,23,1,73.18,73.18,2025-02-18,completed,1.0,Central,73.18,2025-02-18,Beauty Item 07,Beauty,39.32,83.16,True
3102,2192,20,1,37.22,37.22,2025-02-18,completed,1.0,Central,37.22,2025-02-18,Beauty Item 04,Beauty,18.73,42.3,True
3103,2193,33,2,150.73,301.46,2025-02-18,completed,1.0,South,588.42,2025-02-18,Fashion Item 01,Fashion,77.9,171.28,True
3104,2193,10,2,143.48,286.96,2025-02-18,completed,1.0,South,588.42,2025-02-18,Home Item 02,Home,76.01,163.05,True
3105,2194,10,2,143.48,286.96,2025-02-18,completed,1.0,South,308.46,2025-02-18,Home Item 02,Home,76.01,163.05,True
3106,2194,32,2,10.75,21.5,2025-02-18,completed,1.0,South,308.46,2025-02-18,Sports Item 08,Sports,7.11,12.22,True
3107,2195,10,1,143.48,143.48,2025-02-18,processing,1.0,South,187.07999999999998,2025-02-18,Home Item 02,Home,76.01,163.05,True
3108,2195,41,1,43.6,43.6,2025-02-18,processing,1.0,South,187.07999999999998,2025-02-18,Grocery Item 01,Grocery,22.88,49.55,True
3109,2196,6,1,77.62,77.62,2025-02-18,completed,1.0,North,188.39,2025-02-18,Electronics Item 06,Electronics,39.5,88.2,True
3110,2196,46,1,110.77,110.77,2025-02-18,completed,1.0,North,188.39,2025-02-18,Grocery Item 06,Grocery,73.75,125.88,True
3111,2197,32,1,10.75,10.75,2025-02-18,completed,1.0,East,10.75,2025-02-18,Sports Item 08,Sports,7.11,12.22,True
3112,2198,8,1,18.01,18.01,2025-02-18,cancelled,1.0,South,18.01,2025-02-18,Electronics Item 08,Electronics,12.26,20.47,False
3113,2199,33,1,150.73,150.73,2025-02-18,completed,1.0,East,150.73,2025-02-18,Fashion Item 01,Fashion,77.9,171.28,True
3114,2200,33,1,150.73,150.73,2025-02-18,cancelled,1.0,East,150.73,2025-02-18,Fashion Item 01,Fashion,77.9,171.28,False
3115,2201,15,1,153.03,153.03,2025-02-18,unknown_status,1.0,Central,282.22,2025-02-18,Home Item 07,Home,83.24,173.9,False
3116,2201,11,1,101.4,101.4,2025-02-18,unknown_status,1.0,Central,282.22,2025-02-18,Home Item 03,Home,73.04,115.23,False
3117,2201,45,1,27.79,27.79,2025-02-18,unknown_status,1.0,Central,282.22,2025-02-18,Grocery Item 05,Grocery,18.68,31.58,False
3118,2202,28,1,74.05,74.05,2025-02-18,cancelled,1.0,South,74.05,2025-02-18,Sports Item 04,Sports,39.74,84.15,False
3119,2203,44,2,60.83,121.66,2025-02-18,processing,1.0,North,268.02,2025-02-18,Grocery Item 04,Grocery,46.32,69.13,True
3120,2203,23,2,73.18,146.36,2025-02-18,processing,1.0,North,268.02,2025-02-18,Beauty Item 07,Beauty,39.32,83.16,True
3121,2204,47,1,18.78,18.78,2025-02-18,completed,1.0,South,107.69,2025-02-18,Grocery Item 07,Grocery,13.74,21.34,True
3122,2204,48,1,88.91,88.91,2025-02-18,completed,1.0,South,107.69,2025-02-18,,Grocery,44.45,101.03,True
3123,2205,14,3,54.02,162.06,2025-02-18,completed,1.0,South,162.06,2025-02-18,Home Item 06,Home,36.75,61.39,True
3124,2206,29,1,8.1,8.1,2025-02-18,completed,1.0,North,190.59,2025-02-18,Sports Item 05,Sports,4.26,9.2,True
3125,2206,44,3,60.83,182.49,2025-02-18,completed,1.0,North,190.59,2025-02-18,Grocery Item 04,Grocery,46.32,69.13,True
3126,2207,40,2,178.18,356.36,2025-02-18,completed,1.0,North,478.02,2025-02-18,Fashion Item 08,Fashion,92.66,202.48,True
3127,2207,44,2,60.83,121.66,2025-02-18,completed,1.0,North,478.02,2025-02-18,Grocery Item 04,Grocery,46.32,69.13,True
3128,2208,48,1,88.91,88.91,2025-02-18,completed,1.0,Central,88.91,2025-02-18,,Grocery,44.45,101.03,True
3129,2209,14,2,54.02,108.04,2025-02-18,cancelled,1.0,East,158.82,2025-02-18,Home Item 06,Home,36.75,61.39,False
3130,2209,3,1,50.78,50.78,2025-02-18,cancelled,1.0,East,158.82,2025-02-18,Electronics Item 03,Electronics,26.19,57.71,False
3131,2210,29,2,8.1,16.2,2025-02-18,completed,1.0,Central,55.870000000000005,2025-02-18,Sports Item 05,Sports,4.26,9.2,True
3132,2210,8,1,18.01,18.01,2025-02-18,completed,1.0,Central,55.870000000000005,2025-02-18,Electronics Item 08,Electronics,12.26,20.47,True
3133,2210,43,1,21.66,21.66,2025-02-18,completed,1.0,Central,55.870000000000005,2025-02-18,Grocery Item 03,Grocery,11.56,24.61,True
3134,2211,19,1,134.23,134.23,2025-02-18,completed,1.0,Central,134.23,2025-02-18,Beauty Item 03,Beauty,83.95,152.53,True
3135,2212,44,1,60.83,60.83,2025-02-18,completed,1.0,Central,60.83,2025-02-18,Grocery Item 04,Grocery,46.32,69.13,True
3136,2213,26,2,109.35,218.7,2025-02-18,completed,1.0,North,218.7,2025-02-18,Sports Item 02,Sports,72.7,124.26,True
3137,2214,44,1,60.83,60.83,2025-02-18,completed,1.0,North,60.83,2025-02-18,Grocery Item 04,Grocery,46.32,69.13,True
3138,2215,14,1,54.02,54.02,2025-02-18,completed,1.0,South,54.02,2025-02-18,Home Item 06,Home,36.75,61.39,True
3139,2216,14,1,54.02,54.02,2025-02-18,processing,1.0,East,192.75,2025-02-18,Home Item 06,Home,36.75,61.39,True
3140,2216,35,1,138.73,138.73,2025-02-18,processing,1.0,East,192.75,2025-02-18,Fashion Item 03,Fashion,77.82,157.65,True
3141,2217,8,2,18.01,36.02,2025-02-18,completed,1.0,Central,36.02,2025-02-18,Electronics Item 08,Electronics,12.26,20.47,True
3142,2218,8,1,18.01,18.01,2025-02-18,completed,1.0,South,18.01,2025-02-18,Electronics Item 08,Electronics,12.26,20.47,True
3143,2219,6,1,77.62,77.62,2025-02-18,cancelled,1.0,South,77.62,2025-02-18,Electronics Item 06,Electronics,39.5,88.2,False
3144,2220,14,1,54.02,54.02,2025-02-18,completed,1.0,South,54.02,2025-02-18,Home Item 06,Home,36.75,61.39,True
3145,2221,14,2,54.02,108.04,2025-02-18,completed,1.0,North,108.04,2025-02-18,Home Item 06,Home,36.75,61.39,True
3146,2222,47,1,18.78,18.78,2025-02-18,completed,1.0,Central,18.78,2025-02-18,Grocery Item 07,Grocery,13.74,21.34,True
3147,2223,20,1,37.22,37.22,2025-02-18,completed,1.0,North,37.22,2025-02-18,Beauty Item 04,Beauty,18.73,42.3,True
3148,2224,44,1,60.83,60.83,2025-02-18,completed,1.0,Central,60.83,2025-02-18,Grocery Item 04,Grocery,46.32,69.13,True
3149,2225,8,1,18.01,18.01,2025-02-18,completed,1.0,North,48.55,2025-02-18,Electronics Item 08,Electronics,12.26,20.47,True
3150,2225,13,1,30.54,30.54,2025-02-18,completed,1.0,North,48.55,2025-02-18,Home Item 05,Home,15.9,34.71,True
3151,2226,3,1,50.78,50.78,2025-02-18,unknown_status,1.0,South,50.78,2025-02-18,Electronics Item 03,Electronics,26.19,57.71,False
3152,2227,6,1,77.62,77.62,2025-02-18,completed,1.0,Central,77.62,2025-02-18,Electronics Item 06,Electronics,39.5,88.2,True
3153,2228,8,1,18.01,18.01,2025-02-18,completed,1.0,South,65.05,2025-02-18,Electronics Item 08,Electronics,12.26,20.47,True
3154,2228,36,1,47.04,47.04,2025-02-18,completed,1.0,South,65.05,2025-02-18,Fashion Item 04,Fashion,28.42,53.45,True
3155,2229,42,1,121.48,121.48,2025-02-18,completed,1.0,South,270.96,2025-02-18,Grocery Item 02,Grocery,61.43,138.05,True
3156,2229,32,1,10.75,10.75,2025-02-18,completed,1.0,South,270.96,2025-02-18,Sports Item 08,Sports,7.11,12.22,True
3157,2229,35,1,138.73,138.73,2025-02-18,completed,1.0,South,270.96,2025-02-18,Fashion Item 03,Fashion,77.82,157.65,True
3158,2230,23,1,73.18,73.18,2025-02-18,completed,1.0,East,103.72,2025-02-18,Beauty Item 07,Beauty,39.32,83.16,True
3159,2230,13,1,30.54,30.54,2025-02-18,completed,1.0,East,103.72,2025-02-18,Home Item 05,Home,15.9,34.71,True
3160,2231,34,1,38.49,38.49,2025-02-18,completed,1.0,Central,38.49,2025-02-18,Fashion Item 02,Fashion,22.77,43.74,True
3161,2232,43,1,21.66,21.66,2025-02-18,completed,1.0,North,21.66,2025-02-18,Grocery Item 03,Grocery,11.56,24.61,True
3162,2233,35,1,138.73,138.73,2025-02-18,completed,1.0,South,215.69,2025-02-18,Fashion Item 03,Fashion,77.82,157.65,True
3163,2233,25,2,38.48,76.96,2025-02-18,completed,1.0,South,215.69,2025-02-18,Sports Item 01,Sports,20.88,43.73,True
3164,2234,10,1,143.48,143.48,2025-02-18,completed,1.0,East,143.48,2025-02-18,Home Item 02,Home,76.01,163.05,True
3165,2235,11,1,101.4,101.4,2025-02-18,completed,1.0,South,195.48000000000002,2025-02-18,Home Item 03,Home,73.04,115.23,True
3166,2235,36,2,47.04,94.08,2025-02-18,completed,1.0,South,195.48000000000002,2025-02-18,Fashion Item 04,Fashion,28.42,53.45,True
3167,2236,23,2,73.18,146.36,2025-02-18,completed,1.0,East,146.36,2025-02-18,Beauty Item 07,Beauty,39.32,83.16,True
3168,2237,40,2,178.18,356.36,2025-02-18,completed,1.0,Central,356.36,2025-02-18,Fashion Item 08,Fashion,92.66,202.48,True
3169,2238,25,2,38.48,76.96,2025-02-18,completed,1.0,South,76.96,2025-02-18,Sports Item 01,Sports,20.88,43.73,True
3170,2239,45,1,27.79,27.79,2025-02-18,completed,1.0,South,178.66,2025-02-18,Grocery Item 05,Grocery,18.68,31.58,True
3171,2239,36,1,47.04,47.04,2025-02-18,completed,1.0,South,178.66,2025-02-18,Fashion Item 04,Fashion,28.42,53.45,True
3172,2239,12,1,103.83,103.83,2025-02-18,completed,1.0,South,178.66,2025-02-18,Home Item 04,Home,58.96,117.99,True
3173,2240,23,1,73.18,73.18,2025-02-18,completed,1.0,East,73.18,2025-02-18,Beauty Item 07,Beauty,39.32,83.16,True
3174,2241,23,1,73.18,73.18,2025-02-18,completed,1.0,North,73.18,2025-02-18,Beauty Item 07,Beauty,39.32,83.16,True
3175,2242,6,2,77.62,155.24,2025-02-18,processing,1.0,North,202.28,2025-02-18,Electronics Item 06,Electronics,39.5,88.2,True
3176,2242,36,1,47.04,47.04,2025-02-18,processing,1.0,North,202.28,2025-02-18,Fashion Item 04,Fashion,28.42,53.45,True
3177,2243,23,1,73.18,73.18,2025-02-18,completed,1.0,North,360.14,2025-02-18,Beauty Item 07,Beauty,39.32,83.16,True
3178,2243,10,2,143.48,286.96,2025-02-18,completed,1.0,North,360.14,2025-02-18,Home Item 02,Home,76.01,163.05,True
3179,2244,27,1,21.72,21.72,2025-02-18,completed,1.0,Central,415.40999999999997,2025-02-18,Sports Item 03,Sports,10.9,24.68,True
3180,2244,42,2,121.48,242.96,2025-02-18,completed,1.0,Central,415.40999999999997,2025-02-18,Grocery Item 02,Grocery,61.43,138.05,True
3181,2244,33,1,150.73,150.73,2025-02-18,completed,1.0,Central,415.40999999999997,2025-02-18,Fashion Item 01,Fashion,77.9,171.28,True
3182,2245,1,2,100.37,200.74,2025-02-18,completed,1.0,Central,200.74,2025-02-18,Electronics Item 01,Electronics,75.52,114.06,True
3183,2246,14,2,54.02,108.04,2025-02-18,completed,1.0,East,108.04,2025-02-18,Home Item 06,Home,36.75,61.39,True
3184,2247,19,1,134.23,134.23,2025-02-18,completed,1.0,South,255.70999999999998,2025-02-18,Beauty Item 03,Beauty,83.95,152.53,True
3185,2247,42,1,121.48,121.48,2025-02-18,completed,1.0,South,255.70999999999998,2025-02-18,Grocery Item 02,Grocery,61.43,138.05,True
3186,2248,43,1,24.61,24.61,2025-02-19,processing,,North,24.61,2025-02-19,Grocery Item 03,Grocery,11.56,24.61,True
3187,2249,44,1,69.13,69.13,2025-02-19,completed,,Central,684.37,2025-02-19,Grocery Item 04,Grocery,46.32,69.13,True
3188,2249,19,3,152.53,457.59,2025-02-19,completed,,Central,684.37,2025-02-19,Beauty Item 03,Beauty,83.95,152.53,True
3189,2249,35,1,157.65,157.65,2025-02-19,completed,,Central,684.37,2025-02-19,Fashion Item 03,Fashion,77.82,157.65,True
3190,2250,34,1,43.74,43.74,2025-02-19,completed,,East,43.74,2025-02-19,Fashion Item 02,Fashion,22.77,43.74,True
3191,2251,21,1,78.32,78.32,2025-02-19,processing,,Central,147.45,2025-02-19,Beauty Item 05,Beauty,34.88,78.32,True
3192,2251,44,1,69.13,69.13,2025-02-19,processing,,Central,147.45,2025-02-19,Grocery Item 04,Grocery,46.32,69.13,True
3193,2252,40,1,202.48,202.48,2025-02-19,completed,,East,438.46,2025-02-19,Fashion Item 08,Fashion,92.66,202.48,True
3194,2252,12,2,117.99,235.98,2025-02-19,completed,,East,438.46,2025-02-19,Home Item 04,Home,58.96,117.99,True
3195,2253,40,1,202.48,202.48,2025-02-19,processing,,North,202.48,2025-02-19,Fashion Item 08,Fashion,92.66,202.48,True
3196,2254,8,1,20.47,20.47,2025-02-19,completed,,South,98.78999999999999,2025-02-19,Electronics Item 08,Electronics,12.26,20.47,True
3197,2254,21,1,78.32,78.32,2025-02-19,completed,,South,98.78999999999999,2025-02-19,Beauty Item 05,Beauty,34.88,78.32,True
3198,2255,15,2,173.9,347.8,2025-02-19,completed,,South,473.68,2025-02-19,Home Item 07,Home,83.24,173.9,True
3199,2255,46,1,125.88,125.88,2025-02-19,completed,,South,473.68,2025-02-19,Grocery Item 06,Grocery,73.75,125.88,True
3200,2256,23,1,83.16,83.16,2025-02-19,completed,,Central,95.38,2025-02-19,Beauty Item 07,Beauty,39.32,83.16,True
3201,2256,32,1,12.22,12.22,2025-02-19,completed,,Central,95.38,2025-02-19,Sports Item 08,Sports,7.11,12.22,True
3202,2257,14,1,61.39,61.39,2025-02-19,completed,,Central,61.39,2025-02-19,Home Item 06,Home,36.75,61.39,True
3203,2258,44,1,69.13,69.13,2025-02-19,completed,,Central,69.13,2025-02-19,Grocery Item 04,Grocery,46.32,69.13,True
3204,2259,37,1,141.93,141.93,2025-02-19,completed,,North,141.93,2025-02-19,Fashion Item 05,Fashion,76.85,141.93,True
3205,2260,44,1,69.13,69.13,2025-02-19,cancelled,,South,69.13,2025-02-19,Grocery Item 04,Grocery,46.32,69.13,False
3206,2261,23,2,83.16,166.32,2025-02-19,completed,,North,210.04999999999998,2025-02-19,Beauty Item 07,Beauty,39.32,83.16,True
3207,2261,25,1,43.73,43.73,2025-02-19,completed,,North,210.04999999999998,2025-02-19,Sports Item 01,Sports,20.88,43.73,True
3208,2262,23,1,83.16,83.16,2025-02-19,completed,,North,83.16,2025-02-19,Beauty Item 07,Beauty,39.32,83.16,True
3209,2263,18,1,37.74,37.74,2025-02-19,completed,,Central,37.74,2025-02-19,Beauty Item 02,Beauty,18.64,37.74,True
3210,2264,44,1,69.13,69.13,2025-02-19,completed,,East,69.13,2025-02-19,Grocery Item 04,Grocery,46.32,69.13,True
3211,2265,10,1,163.05,163.05,2025-02-19,cancelled,,East,163.05,2025-02-19,Home Item 02,Home,76.01,163.05,False
3212,2266,32,1,12.22,12.22,2025-02-19,completed,,South,12.22,2025-02-19,Sports Item 08,Sports,7.11,12.22,True
3213,2267,32,1,12.22,12.22,2025-02-19,completed,,North,12.22,2025-02-19,Sports Item 08,Sports,7.11,12.22,True
3214,2268,14,1,61.39,61.39,2025-02-19,completed,,East,61.39,2025-02-19,Home Item 06,Home,36.75,61.39,True
3215,2269,15,1,173.9,173.9,2025-02-19,completed,,South,173.9,2025-02-19,Home Item 07,Home,83.24,173.9,True
3216,2270,1,1,114.06,114.06,2025-02-19,completed,,East,114.06,2025-02-19,Electronics Item 01,Electronics,75.52,114.06,True
3217,2271,25,1,43.73,43.73,2025-02-19,completed,,North,43.73,2025-02-19,Sports Item 01,Sports,20.88,43.73,True
3218,2272,23,1,83.16,83.16,2025-02-19,cancelled,,North,83.16,2025-02-19,Beauty Item 07,Beauty,39.32,83.16,False
3219,2273,18,1,37.74,37.74,2025-02-19,completed,,East,37.74,2025-02-19,Beauty Item 02,Beauty,18.64,37.74,True
3220,2274,21,1,78.32,78.32,2025-02-19,completed,,South,159.39999999999998,2025-02-19,Beauty Item 05,Beauty,34.88,78.32,True
3221,2274,38,1,81.08,81.08,2025-02-19,completed,,South,159.39999999999998,2025-02-19,Fashion Item 06,Fashion,44.22,81.08,True
3222,2275,10,1,163.05,163.05,2025-02-19,completed,,North,200.79000000000002,2025-02-19,Home Item 02,Home,76.01,163.05,True
3223,2275,18,1,37.74,37.74,2025-02-19,completed,,North,200.79000000000002,2025-02-19,Beauty Item 02,Beauty,18.64,37.74,True
3224,2276,27,1,24.68,24.68,2025-02-19,completed,,Central,24.68,2025-02-19,Sports Item 03,Sports,10.9,24.68,True
3225,2277,15,1,173.9,173.9,2025-02-19,completed,,North,173.9,2025-02-19,Home Item 07,Home,83.24,173.9,True
3226,2278,10,1,163.05,163.05,2025-02-19,completed,,Central,205.35000000000002,2025-02-19,Home Item 02,Home,76.01,163.05,True
3227,2278,20,1,42.3,42.3,2025-02-19,completed,,Central,205.35000000000002,2025-02-19,Beauty Item 04,Beauty,18.73,42.3,True
3228,2279,34,2,43.74,87.48,2025-02-19,completed,,Central,87.48,2025-02-19,Fashion Item 02,Fashion,22.77,43.74,True
3229,2280,33,1,171.28,171.28,2025-02-19,cancelled,,South,323.81,2025-02-19,Fashion Item 01,Fashion,77.9,171.28,False
3230,2280,19,1,152.53,152.53,2025-02-19,cancelled,,South,323.81,2025-02-19,Beauty Item 03,Beauty,83.95,152.53,False
3231,2281,23,1,83.16,83.16,2025-02-19,completed,,Central,83.16,2025-02-19,Beauty Item 07,Beauty,39.32,83.16,True
3232,2282,36,1,53.45,53.45,2025-02-19,completed,,Central,53.45,2025-02-19,Fashion Item 04,Fashion,28.42,53.45,True
3233,2283,20,1,42.3,42.3,2025-02-19,completed,,North,62.769999999999996,2025-02-19,Beauty Item 04,Beauty,18.73,42.3,True
3234,2283,8,1,20.47,20.47,2025-02-19,completed,,North,62.769999999999996,2025-02-19,Electronics Item 08,Electronics,12.26,20.47,True
3235,2284,35,1,157.65,157.65,2025-02-19,completed,,East,157.65,2025-02-19,Fashion Item 03,Fashion,77.82,157.65,True
3236,2285,25,1,43.73,43.73,2025-02-19,processing,,North,43.73,2025-02-19,Sports Item 01,Sports,20.88,43.73,True
3237,2286,36,2,53.45,106.9,2025-02-19,completed,,East,224.89,2025-02-19,Fashion Item 04,Fashion,28.42,53.45,True
3238,2286,12,1,117.99,117.99,2025-02-19,completed,,East,224.89,2025-02-19,Home Item 04,Home,58.96,117.99,True
3239,2287,8,1,20.47,20.47,2025-02-20,processing,,North,432.58,2025-02-20,Electronics Item 08,Electronics,12.26,20.47,True
3240,2287,46,2,125.88,251.76,2025-02-20,processing,,North,432.58,2025-02-20,Grocery Item 06,Grocery,73.75,125.88,True
3241,2287,36,3,53.45,160.35,2025-02-20,processing,,North,432.58,2025-02-20,Fashion Item 04,Fashion,28.42,53.45,True
3242,2288,14,2,61.39,122.78,2025-02-20,completed,,East,135.0,2025-02-20,Home Item 06,Home,36.75,61.39,True
3243,2288,32,1,12.22,12.22,2025-02-20,completed,,East,135.0,2025-02-20,Sports Item 08,Sports,7.11,12.22,True
3244,2289,35,2,157.65,315.3,2025-02-20,unknown_status,,South,315.3,2025-02-20,Fashion Item 03,Fashion,77.82,157.65,False
3245,2290,36,1,53.45,53.45,2025-02-20,completed,,East,53.45,2025-02-20,Fashion Item 04,Fashion,28.42,53.45,True
3246,2291,41,1,49.55,49.55,2025-02-20,completed,,North,49.55,2025-02-20,Grocery Item 01,Grocery,22.88,49.55,True
3247,2292,23,1,83.16,83.16,2025-02-20,processing,,East,259.56,2025-02-20,Beauty Item 07,Beauty,39.32,83.16,True
3248,2292,6,2,88.2,176.4,2025-02-20,processing,,East,259.56,2025-02-20,Electronics Item 06,Electronics,39.5,88.2,True
3249,2293,32,1,12.22,12.22,2025-02-20,completed,,East,12.22,2025-02-20,Sports Item 08,Sports,7.11,12.22,True
3250,2294,21,1,78.32,78.32,2025-02-20,completed,,Central,78.32,2025-02-20,Beauty Item 05,Beauty,34.88,78.32,True
3251,2295,23,1,83.16,83.16,2025-02-20,completed,,North,83.16,2025-02-20,Beauty Item 07,Beauty,39.32,83.16,True
3252,2296,13,1,34.71,34.71,2025-02-20,completed,,Central,192.36,2025-02-20,Home Item 05,Home,15.9,34.71,True
3253,2296,35,1,157.65,157.65,2025-02-20,completed,,Central,192.36,2025-02-20,Fashion Item 03,Fashion,77.82,157.65,True
3254,2297,47,1,21.34,21.34,2025-02-20,completed,,Central,192.62,2025-02-20,Grocery Item 07,Grocery,13.74,21.34,True
3255,2297,33,1,171.28,171.28,2025-02-20,completed,,Central,192.62,2025-02-20,Fashion Item 01,Fashion,77.9,171.28,True
3256,2298,14,1,61.39,61.39,2025-02-20,completed,,South,61.39,2025-02-20,Home Item 06,Home,36.75,61.39,True
3257,2299,8,1,20.47,20.47,2025-02-20,processing,,East,20.47,2025-02-20,Electronics Item 08,Electronics,12.26,20.47,True
3258,2300,31,1,19.71,19.71,2025-02-20,completed,,North,363.06,2025-02-20,Sports Item 07,Sports,11.9,19.71,True
3259,2300,1,2,114.06,228.12,2025-02-20,completed,,North,363.06,2025-02-20,Electronics Item 01,Electronics,75.52,114.06,True
3260,2300,11,1,115.23,115.23,2025-02-20,completed,,North,363.06,2025-02-20,Home Item 03,Home,73.04,115.23,True
3261,2301,25,2,43.73,87.46,2025-02-20,cancelled,,East,87.46,2025-02-20,Sports Item 01,Sports,20.88,43.73,False
3262,2302,38,1,81.08,81.08,2025-02-20,refunded,,South,81.08,2025-02-20,Fashion Item 06,Fashion,44.22,81.08,False
3263,2303,10,1,163.05,163.05,2025-02-20,completed,,North,163.05,2025-02-20,Home Item 02,Home,76.01,163.05,True
3264,2304,14,1,61.39,61.39,2025-02-20,completed,,South,99.13,2025-02-20,Home Item 06,Home,36.75,61.39,True
3265,2304,18,1,37.74,37.74,2025-02-20,completed,,South,99.13,2025-02-20,Beauty Item 02,Beauty,18.64,37.74,True
3266,2305,23,1,83.16,83.16,2025-02-20,processing,,South,262.23,2025-02-20,Beauty Item 07,Beauty,39.32,83.16,True
3267,2305,9,3,59.69,179.07,2025-02-20,processing,,South,262.23,2025-02-20,Home Item 01,Home,38.0,59.69,True
3268,2306,32,1,12.22,12.22,2025-02-20,completed,,South,12.22,2025-02-20,Sports Item 08,Sports,7.11,12.22,True
3269,2307,11,1,115.23,115.23,2025-02-20,completed,,East,366.99,2025-02-20,Home Item 03,Home,73.04,115.23,True
3270,2307,46,2,125.88,251.76,2025-02-20,completed,,East,366.99,2025-02-20,Grocery Item 06,Grocery,73.75,125.88,True
3271,2308,36,1,53.45,53.45,2025-02-20,completed,,South,283.09,2025-02-20,Fashion Item 04,Fashion,28.42,53.45,True
3272,2308,22,2,75.66,151.32,2025-02-20,completed,,South,283.09,2025-02-20,Beauty Item 06,Beauty,36.14,75.66,True
3273,2308,21,1,78.32,78.32,2025-02-20,completed,,South,283.09,2025-02-20,Beauty Item 05,Beauty,34.88,78.32,True
3274,2309,43,2,24.61,49.22,2025-02-20,completed,,Central,49.22,2025-02-20,Grocery Item 03,Grocery,11.56,24.61,True
3275,2310,41,1,49.55,49.55,2025-02-20,completed,,North,49.55,2025-02-20,Grocery Item 01,Grocery,22.88,49.55,True
3276,2311,23,1,83.16,83.16,2025-02-20,completed,,South,83.16,2025-02-20,Beauty Item 07,Beauty,39.32,83.16,True
3277,2312,47,3,21.34,64.02,2025-02-20,completed,,East,221.67000000000002,2025-02-20,Grocery Item 07,Grocery,13.74,21.34,True
3278,2312,35,1,157.65,157.65,2025-02-20,completed,,East,221.67000000000002,2025-02-20,Fashion Item 03,Fashion,77.82,157.65,True
3279,2313,26,1,124.26,124.26,2025-02-20,completed,,South,124.26,2025-02-20,Sports Item 02,Sports,72.7,124.26,True
3280,2314,21,1,78.32,78.32,2025-02-20,completed,,East,182.16,2025-02-20,Beauty Item 05,Beauty,34.88,78.32,True
3281,2314,13,1,34.71,34.71,2025-02-20,completed,,East,182.16,2025-02-20,Home Item 05,Home,15.9,34.71,True
3282,2314,44,1,69.13,69.13,2025-02-20,completed,,East,182.16,2025-02-20,Grocery Item 04,Grocery,46.32,69.13,True
3283,2315,32,2,12.22,24.44,2025-02-20,completed,,Central,24.44,2025-02-20,Sports Item 08,Sports,7.11,12.22,True
3284,2316,46,1,125.88,125.88,2025-02-20,completed,,South,157.45999999999998,2025-02-20,Grocery Item 06,Grocery,73.75,125.88,True
3285,2316,45,1,31.58,31.58,2025-02-20,completed,,South,157.45999999999998,2025-02-20,Grocery Item 05,Grocery,18.68,31.58,True
3286,2317,30,1,67.9,67.9,2025-02-20,completed,,Central,67.9,2025-02-20,Sports Item 06,Sports,46.01,67.9,True
3287,2318,42,2,138.05,276.1,2025-02-20,completed,,North,276.1,2025-02-20,Grocery Item 02,Grocery,61.43,138.05,True
3288,2319,14,1,61.39,61.39,2025-02-21,processing,,North,61.39,2025-02-21,Home Item 06,Home,36.75,61.39,True
3289,2320,14,1,61.39,61.39,2025-02-21,completed,,South,139.70999999999998,2025-02-21,Home Item 06,Home,36.75,61.39,True
3290,2320,21,1,78.32,78.32,2025-02-21,completed,,South,139.70999999999998,2025-02-21,Beauty Item 05,Beauty,34.88,78.32,True
3291,2321,23,1,83.16,83.16,2025-02-21,completed,,North,83.16,2025-02-21,Beauty Item 07,Beauty,39.32,83.16,True
3292,2322,8,1,20.47,20.47,2025-02-21,completed,,East,20.47,2025-02-21,Electronics Item 08,Electronics,12.26,20.47,True
3293,2323,42,1,138.05,138.05,2025-02-21,completed,,Central,138.05,2025-02-21,Grocery Item 02,Grocery,61.43,138.05,True
3294,2324,43,1,24.61,24.61,2025-02-21,completed,,South,24.61,2025-02-21,Grocery Item 03,Grocery,11.56,24.61,True
3295,2325,12,1,117.99,117.99,2025-02-21,completed,,South,117.99,2025-02-21,Home Item 04,Home,58.96,117.99,True
3296,2326,25,3,43.73,131.19,2025-02-21,completed,,South,253.25,2025-02-21,Sports Item 01,Sports,20.88,43.73,True
3297,2326,21,1,78.32,78.32,2025-02-21,completed,,South,253.25,2025-02-21,Beauty Item 05,Beauty,34.88,78.32,True
3298,2326,34,1,43.74,43.74,2025-02-21,completed,,South,253.25,2025-02-21,Fashion Item 02,Fashion,22.77,43.74,True
3299,2327,12,1,117.99,117.99,2025-02-21,completed,,South,117.99,2025-02-21,Home Item 04,Home,58.96,117.99,True
3300,2328,40,1,202.48,202.48,2025-02-21,completed,,North,202.48,2025-02-21,Fashion Item 08,Fashion,92.66,202.48,True
3301,2329,2,1,100.26,100.26,2025-02-21,completed,,North,124.94,2025-02-21,Electronics Item 02,Electronics,54.16,100.26,True
3302,2329,27,1,24.68,24.68,2025-02-21,completed,,North,124.94,2025-02-21,Sports Item 03,Sports,10.9,24.68,True
3303,2330,36,1,53.45,53.45,2025-02-21,completed,,Central,260.87,2025-02-21,Fashion Item 04,Fashion,28.42,53.45,True
3304,2330,23,1,83.16,83.16,2025-02-21,completed,,Central,260.87,2025-02-21,Beauty Item 07,Beauty,39.32,83.16,True
3305,2330,26,1,124.26,124.26,2025-02-21,completed,,Central,260.87,2025-02-21,Sports Item 02,Sports,72.7,124.26,True
3306,2331,46,1,125.88,125.88,2025-02-21,completed,,North,125.88,2025-02-21,Grocery Item 06,Grocery,73.75,125.88,True
3307,2332,21,1,78.32,78.32,2025-02-21,completed,,East,305.1,2025-02-21,Beauty Item 05,Beauty,34.88,78.32,True
3308,2332,35,1,157.65,157.65,2025-02-21,completed,,East,305.1,2025-02-21,Fashion Item 03,Fashion,77.82,157.65,True
3309,2332,44,1,69.13,69.13,2025-02-21,completed,,East,305.1,2025-02-21,Grocery Item 04,Grocery,46.32,69.13,True
3310,2333,44,1,69.13,69.13,2025-02-21,completed,,North,69.13,2025-02-21,Grocery Item 04,Grocery,46.32,69.13,True
3311,2334,14,2,61.39,122.78,2025-02-21,completed,,Central,122.78,2025-02-21,Home Item 06,Home,36.75,61.39,True
3312,2335,12,1,117.99,117.99,2025-02-21,completed,,Central,232.76,2025-02-21,Home Item 04,Home,58.96,117.99,True
3313,2335,20,1,42.3,42.3,2025-02-21,completed,,Central,232.76,2025-02-21,Beauty Item 04,Beauty,18.73,42.3,True
3314,2335,4,1,72.47,72.47,2025-02-21,completed,,Central,232.76,2025-02-21,Electronics Item 04,Electronics,34.44,72.47,True
3315,2336,21,2,78.32,156.64,2025-02-21,cancelled,,South,156.64,2025-02-21,Beauty Item 05,Beauty,34.88,78.32,False
3316,2337,47,1,21.34,21.34,2025-02-21,completed,,East,197.04000000000002,2025-02-21,Grocery Item 07,Grocery,13.74,21.34,True
3317,2337,3,1,57.71,57.71,2025-02-21,completed,,East,197.04000000000002,2025-02-21,Electronics Item 03,Electronics,26.19,57.71,True
3318,2337,12,1,117.99,117.99,2025-02-21,completed,,East,197.04000000000002,2025-02-21,Home Item 04,Home,58.96,117.99,True
3319,2338,2,1,100.26,100.26,2025-02-21,completed,,Central,100.26,2025-02-21,Electronics Item 02,Electronics,54.16,100.26,True
3320,2339,25,1,43.73,43.73,2025-02-21,completed,,North,267.18,2025-02-21,Sports Item 01,Sports,20.88,43.73,True
3321,2339,15,1,173.9,173.9,2025-02-21,completed,,North,267.18,2025-02-21,Home Item 07,Home,83.24,173.9,True
3322,2339,41,1,49.55,49.55,2025-02-21,completed,,North,267.18,2025-02-21,Grocery Item 01,Grocery,22.88,49.55,True
3323,2340,35,1,157.65,157.65,2025-02-21,completed,,East,157.65,2025-02-21,Fashion Item 03,Fashion,77.82,157.65,True
3324,2341,44,2,69.13,138.26,2025-02-21,completed,,East,138.26,2025-02-21,Grocery Item 04,Grocery,46.32,69.13,True
3325,2342,13,2,34.71,69.42,2025-02-21,processing,,North,69.42,2025-02-21,Home Item 05,Home,15.9,34.71,True
3326,2343,3,1,57.71,57.71,2025-02-21,completed,,South,126.84,2025-02-21,Electronics Item 03,Electronics,26.19,57.71,True
3327,2343,44,1,69.13,69.13,2025-02-21,completed,,South,126.84,2025-02-21,Grocery Item 04,Grocery,46.32,69.13,True
3328,2344,45,2,31.58,63.16,2025-02-21,processing,,North,63.16,2025-02-21,Grocery Item 05,Grocery,18.68,31.58,True
3329,2345,3,1,57.71,57.71,2025-02-21,completed,,North,57.71,2025-02-21,Electronics Item 03,Electronics,26.19,57.71,True
3330,2346,15,1,173.9,173.9,2025-02-21,completed,,Central,173.9,2025-02-21,Home Item 07,Home,83.24,173.9,True
3331,2347,23,1,83.16,83.16,2025-02-21,completed,,South,83.16,2025-02-21,Beauty Item 07,Beauty,39.32,83.16,True
3332,2348,33,1,171.28,171.28,2025-02-21,completed,,South,171.28,2025-02-21,Fashion Item 01,Fashion,77.9,171.28,True
3333,2349,13,1,34.71,34.71,2025-02-21,processing,,North,96.1,2025-02-21,Home Item 05,Home,15.9,34.71,True
3334,2349,14,1,61.39,61.39,2025-02-21,processing,,North,96.1,2025-02-21,Home Item 06,Home,36.75,61.39,True
3335,2350,10,1,163.05,163.05,2025-02-21,completed,,South,163.05,2025-02-21,Home Item 02,Home,76.01,163.05,True
3336,2351,43,1,24.61,24.61,2025-02-21,completed,,East,24.61,2025-02-21,Grocery Item 03,Grocery,11.56,24.61,True
3337,2352,45,1,31.58,31.58,2025-02-21,completed,,East,31.58,2025-02-21,Grocery Item 05,Grocery,18.68,31.58,True
3338,2353,23,1,83.16,83.16,2025-02-21,completed,,Central,527.25,2025-02-21,Beauty Item 07,Beauty,39.32,83.16,True
3339,2353,10,2,163.05,326.1,2025-02-21,completed,,Central,527.25,2025-02-21,Home Item 02,Home,76.01,163.05,True
3340,2353,12,1,117.99,117.99,2025-02-21,completed,,Central,527.25,2025-02-21,Home Item 04,Home,58.96,117.99,True
3341,2354,12,1,117.99,117.99,2025-02-21,completed,,South,117.99,2025-02-21,Home Item 04,Home,58.96,117.99,True
3342,2355,27,1,24.68,24.68,2025-02-21,completed,,East,401.06,2025-02-21,Sports Item 03,Sports,10.9,24.68,True
3343,2355,15,1,173.9,173.9,2025-02-21,completed,,East,401.06,2025-02-21,Home Item 07,Home,83.24,173.9,True
3344,2355,40,1,202.48,202.48,2025-02-21,completed,,East,401.06,2025-02-21,Fashion Item 08,Fashion,92.66,202.48,True
3345,2356,5,1,61.15,61.15,2025-02-21,completed,,Central,61.15,2025-02-21,Electronics Item 05,Electronics,33.0,61.15,True
3346,2357,36,1,53.45,53.45,2025-02-21,completed,,North,53.45,2025-02-21,Fashion Item 04,Fashion,28.42,53.45,True
3347,2358,37,1,141.93,141.93,2025-02-22,completed,,East,141.93,2025-02-22,Fashion Item 05,Fashion,76.85,141.93,True
3348,2359,13,1,34.71,34.71,2025-02-22,completed,,East,609.86,2025-02-22,Home Item 05,Home,15.9,34.71,True
3349,2359,36,1,53.45,53.45,2025-02-22,completed,,East,609.86,2025-02-22,Fashion Item 04,Fashion,28.42,53.45,True
3350,2359,15,3,173.9,521.7,2025-02-22,completed,,East,609.86,2025-02-22,Home Item 07,Home,83.24,173.9,True
3351,2360,3,2,57.71,115.42,2025-02-22,completed,,Central,115.42,2025-02-22,Electronics Item 03,Electronics,26.19,57.71,True
3352,2361,32,1,12.22,12.22,2025-02-22,completed,,South,93.3,2025-02-22,Sports Item 08,Sports,7.11,12.22,True
3353,2361,38,1,81.08,81.08,2025-02-22,completed,,South,93.3,2025-02-22,Fashion Item 06,Fashion,44.22,81.08,True
3354,2362,18,3,37.74,113.22,2025-02-22,completed,,North,125.44,2025-02-22,Beauty Item 02,Beauty,18.64,37.74,True
3355,2362,32,1,12.22,12.22,2025-02-22,completed,,North,125.44,2025-02-22,Sports Item 08,Sports,7.11,12.22,True
3356,2363,26,1,124.26,124.26,2025-02-22,completed,,East,124.26,2025-02-22,Sports Item 02,Sports,72.7,124.26,True
3357,2364,32,2,12.22,24.44,2025-02-22,completed,,North,24.44,2025-02-22,Sports Item 08,Sports,7.11,12.22,True
3358,2365,32,1,12.22,12.22,2025-02-22,cancelled,,North,32.69,2025-02-22,Sports Item 08,Sports,7.11,12.22,False
3359,2365,8,1,20.47,20.47,2025-02-22,cancelled,,North,32.69,2025-02-22,Electronics Item 08,Electronics,12.26,20.47,False
3360,2366,40,1,202.48,202.48,2025-02-22,completed,,East,320.46999999999997,2025-02-22,Fashion Item 08,Fashion,92.66,202.48,True
3361,2366,12,1,117.99,117.99,2025-02-22,completed,,East,320.46999999999997,2025-02-22,Home Item 04,Home,58.96,117.99,True
3362,2367,34,2,43.74,87.48,2025-02-22,completed,,Central,122.19,2025-02-22,Fashion Item 02,Fashion,22.77,43.74,True
3363,2367,13,1,34.71,34.71,2025-02-22,completed,,Central,122.19,2025-02-22,Home Item 05,Home,15.9,34.71,True
3364,2368,6,2,88.2,176.4,2025-02-22,completed,,East,387.5,2025-02-22,Electronics Item 06,Electronics,39.5,88.2,True
3365,2368,35,1,157.65,157.65,2025-02-22,completed,,East,387.5,2025-02-22,Fashion Item 03,Fashion,77.82,157.65,True
3366,2368,36,1,53.45,53.45,2025-02-22,completed,,East,387.5,2025-02-22,Fashion Item 04,Fashion,28.42,53.45,True
3367,2369,39,2,124.06,248.12,2025-02-22,refunded,,East,248.12,2025-02-22,Fashion Item 07,Fashion,65.04,124.06,False
3368,2370,43,1,24.61,24.61,2025-02-22,completed,,South,24.61,2025-02-22,Grocery Item 03,Grocery,11.56,24.61,True
3369,2371,46,2,125.88,251.76,2025-02-22,completed,,South,251.76,2025-02-22,Grocery Item 06,Grocery,73.75,125.88,True
3370,2372,27,3,24.68,74.04,2025-02-22,completed,,North,74.04,2025-02-22,Sports Item 03,Sports,10.9,24.68,True
3371,2373,36,1,53.45,53.45,2025-02-22,completed,,South,237.62,2025-02-22,Fashion Item 04,Fashion,28.42,53.45,True
3372,2373,14,3,61.39,184.17,2025-02-22,completed,,South,237.62,2025-02-22,Home Item 06,Home,36.75,61.39,True
3373,2374,40,1,202.48,202.48,2025-02-22,processing,,South,380.19,2025-02-22,Fashion Item 08,Fashion,92.66,202.48,True
3374,2374,36,1,53.45,53.45,2025-02-22,processing,,South,380.19,2025-02-22,Fashion Item 04,Fashion,28.42,53.45,True
3375,2374,26,1,124.26,124.26,2025-02-22,processing,,South,380.19,2025-02-22,Sports Item 02,Sports,72.7,124.26,True
3376,2375,32,1,12.22,12.22,2025-02-22,completed,,North,73.61,2025-02-22,Sports Item 08,Sports,7.11,12.22,True
3377,2375,14,1,61.39,61.39,2025-02-22,completed,,North,73.61,2025-02-22,Home Item 06,Home,36.75,61.39,True
3378,2376,48,1,101.03,101.03,2025-02-22,completed,,North,229.27,2025-02-22,,Grocery,44.45,101.03,True
3379,2376,47,1,21.34,21.34,2025-02-22,completed,,North,229.27,2025-02-22,Grocery Item 07,Grocery,13.74,21.34,True
3380,2376,36,2,53.45,106.9,2025-02-22,completed,,North,229.27,2025-02-22,Fashion Item 04,Fashion,28.42,53.45,True
3381,2377,8,1,20.47,20.47,2025-02-22,processing,,East,20.47,2025-02-22,Electronics Item 08,Electronics,12.26,20.47,True
3382,2378,26,1,124.26,124.26,2025-02-22,completed,,North,124.26,2025-02-22,Sports Item 02,Sports,72.7,124.26,True
3383,2379,40,1,202.48,202.48,2025-02-22,completed,,South,260.19,2025-02-22,Fashion Item 08,Fashion,92.66,202.48,True
3384,2379,3,1,57.71,57.71,2025-02-22,completed,,South,260.19,2025-02-22,Electronics Item 03,Electronics,26.19,57.71,True
3385,2380,36,3,53.45,160.35,2025-02-22,completed,,South,160.35,2025-02-22,Fashion Item 04,Fashion,28.42,53.45,True
3386,2381,35,1,157.65,157.65,2025-02-22,completed,,Central,157.65,2025-02-22,Fashion Item 03,Fashion,77.82,157.65,True
3387,2382,13,1,34.71,34.71,2025-02-22,completed,,Central,34.71,2025-02-22,Home Item 05,Home,15.9,34.71,True
3388,2383,14,1,61.39,61.39,2025-02-22,completed,,East,61.39,2025-02-22,Home Item 06,Home,36.75,61.39,True
3389,2384,43,1,24.61,24.61,2025-02-22,completed,,Central,45.95,2025-02-22,Grocery Item 03,Grocery,11.56,24.61,True
3390,2384,47,1,21.34,21.34,2025-02-22,completed,,Central,45.95,2025-02-22,Grocery Item 07,Grocery,13.74,21.34,True
3391,2385,14,1,61.39,61.39,2025-02-22,completed,,South,70.59,2025-02-22,Home Item 06,Home,36.75,61.39,True
3392,2385,29,1,9.2,9.2,2025-02-22,completed,,South,70.59,2025-02-22,Sports Item 05,Sports,4.26,9.2,True
3393,2386,8,2,20.47,40.94,2025-02-22,completed,,Central,53.16,2025-02-22,Electronics Item 08,Electronics,12.26,20.47,True
3394,2386,32,1,12.22,12.22,2025-02-22,completed,,Central,53.16,2025-02-22,Sports Item 08,Sports,7.11,12.22,True
3395,2387,20,1,42.3,42.3,2025-02-22,completed,,Central,42.3,2025-02-22,Beauty Item 04,Beauty,18.73,42.3,True
3396,2388,7,2,143.57,287.14,2025-02-22,completed,,North,287.14,2025-02-22,Electronics Item 07,Electronics,76.92,143.57,True
3397,2389,8,1,20.47,20.47,2025-02-22,completed,,East,20.47,2025-02-22,Electronics Item 08,Electronics,12.26,20.47,True
3398,2390,45,1,31.58,31.58,2025-02-22,completed,,South,31.58,2025-02-22,Grocery Item 05,Grocery,18.68,31.58,True
3399,2391,31,1,19.71,19.71,2025-02-22,completed,,Central,19.71,2025-02-22,Sports Item 07,Sports,11.9,19.71,True
3400,2392,36,1,53.45,53.45,2025-02-22,completed,,Central,53.45,2025-02-22,Fashion Item 04,Fashion,28.42,53.45,True
3401,2393,48,1,101.03,101.03,2025-02-23,completed,,East,213.89,2025-02-23,,Grocery,44.45,101.03,True
3402,2393,44,1,69.13,69.13,2025-02-23,completed,,East,213.89,2025-02-23,Grocery Item 04,Grocery,46.32,69.13,True
3403,2393,25,1,43.73,43.73,2025-02-23,completed,,East,213.89,2025-02-23,Sports Item 01,Sports,20.88,43.73,True
3404,2394,35,1,157.65,157.65,2025-02-23,completed,,East,157.65,2025-02-23,Fashion Item 03,Fashion,77.82,157.65,True
3405,2395,14,2,61.39,122.78,2025-02-23,processing,,South,122.78,2025-02-23,Home Item 06,Home,36.75,61.39,True
3406,2396,36,1,53.45,53.45,2025-02-23,completed,,East,53.45,2025-02-23,Fashion Item 04,Fashion,28.42,53.45,True
3407,2397,47,1,21.34,21.34,2025-02-23,completed,,East,21.34,2025-02-23,Grocery Item 07,Grocery,13.74,21.34,True
3408,2398,28,1,84.15,84.15,2025-02-23,processing,,Central,399.45000000000005,2025-02-23,Sports Item 04,Sports,39.74,84.15,True
3409,2398,35,2,157.65,315.3,2025-02-23,processing,,Central,399.45000000000005,2025-02-23,Fashion Item 03,Fashion,77.82,157.65,True
3410,2399,6,2,88.2,176.4,2025-02-23,completed,,South,176.4,2025-02-23,Electronics Item 06,Electronics,39.5,88.2,True
3411,2400,34,2,43.74,87.48,2025-02-23,completed,,South,87.48,2025-02-23,Fashion Item 02,Fashion,22.77,43.74,True
3412,2401,14,1,61.39,61.39,2025-02-23,completed,,East,61.39,2025-02-23,Home Item 06,Home,36.75,61.39,True
3413,2402,47,1,21.34,21.34,2025-02-23,completed,,Central,252.19,2025-02-23,Grocery Item 07,Grocery,13.74,21.34,True
3414,2402,21,1,78.32,78.32,2025-02-23,completed,,Central,252.19,2025-02-23,Beauty Item 05,Beauty,34.88,78.32,True
3415,2402,19,1,152.53,152.53,2025-02-23,completed,,Central,252.19,2025-02-23,Beauty Item 03,Beauty,83.95,152.53,True
3416,2403,6,1,88.2,88.2,2025-02-23,completed,,South,88.2,2025-02-23,Electronics Item 06,Electronics,39.5,88.2,True
3417,2404,42,1,138.05,138.05,2025-02-23,completed,,East,138.05,2025-02-23,Grocery Item 02,Grocery,61.43,138.05,True
3418,2405,36,1,53.45,53.45,2025-02-23,completed,,East,53.45,2025-02-23,Fashion Item 04,Fashion,28.42,53.45,True
3419,2406,44,1,69.13,69.13,2025-02-23,completed,,North,69.13,2025-02-23,Grocery Item 04,Grocery,46.32,69.13,True
3420,2407,23,1,83.16,83.16,2025-02-23,completed,,East,488.12,2025-02-23,Beauty Item 07,Beauty,39.32,83.16,True
3421,2407,40,2,202.48,404.96,2025-02-23,completed,,East,488.12,2025-02-23,Fashion Item 08,Fashion,92.66,202.48,True
3422,2408,32,1,12.22,12.22,2025-02-23,completed,,South,12.22,2025-02-23,Sports Item 08,Sports,7.11,12.22,True
3423,2409,23,1,83.16,83.16,2025-02-23,processing,,North,83.16,2025-02-23,Beauty Item 07,Beauty,39.32,83.16,True
3424,2410,19,1,152.53,152.53,2025-02-23,completed,,Central,267.76,2025-02-23,Beauty Item 03,Beauty,83.95,152.53,True
3425,2410,11,1,115.23,115.23,2025-02-23,completed,,Central,267.76,2025-02-23,Home Item 03,Home,73.04,115.23,True
3426,2411,12,1,117.99,117.99,2025-02-23,completed,,South,291.12,2025-02-23,Home Item 04,Home,58.96,117.99,True
3427,2411,3,3,57.71,173.13,2025-02-23,completed,,South,291.12,2025-02-23,Electronics Item 03,Electronics,26.19,57.71,True
3428,2412,13,1,34.71,34.71,2025-02-23,completed,,East,110.19,2025-02-23,Home Item 05,Home,15.9,34.71,True
3429,2412,18,2,37.74,75.48,2025-02-23,completed,,East,110.19,2025-02-23,Beauty Item 02,Beauty,18.64,37.74,True
3430,2413,21,1,78.32,78.32,2025-02-23,refunded,,East,78.32,2025-02-23,Beauty Item 05,Beauty,34.88,78.32,False
3431,2414,17,2,101.25,202.5,2025-02-23,completed,,South,365.55,2025-02-23,Beauty Item 01,Beauty,68.35,101.25,True
3432,2414,10,1,163.05,163.05,2025-02-23,completed,,South,365.55,2025-02-23,Home Item 02,Home,76.01,163.05,True
3433,2415,14,1,61.39,61.39,2025-02-23,processing,,Central,61.39,2025-02-23,Home Item 06,Home,36.75,61.39,True
3434,2416,26,1,124.26,124.26,2025-02-23,completed,,Central,450.36,2025-02-23,Sports Item 02,Sports,72.7,124.26,True
3435,2416,10,2,163.05,326.1,2025-02-23,completed,,Central,450.36,2025-02-23,Home Item 02,Home,76.01,163.05,True
3436,2417,12,1,117.99,117.99,2025-02-23,processing,,North,117.99,2025-02-23,Home Item 04,Home,58.96,117.99,True
3437,2418,37,1,141.93,141.93,2025-02-23,completed,,North,141.93,2025-02-23,Fashion Item 05,Fashion,76.85,141.93,True
3438,2419,9,1,59.69,59.69,2025-02-23,completed,,South,59.69,2025-02-23,Home Item 01,Home,38.0,59.69,True
3439,2420,10,1,163.05,163.05,2025-02-23,completed,,Central,163.05,2025-02-23,Home Item 02,Home,76.01,163.05,True
3440,2421,14,1,61.39,61.39,2025-02-23,completed,,North,61.39,2025-02-23,Home Item 06,Home,36.75,61.39,True
3441,2422,11,1,115.23,115.23,2025-02-23,completed,,Central,342.21,2025-02-23,Home Item 03,Home,73.04,115.23,True
3442,2422,22,3,75.66,226.98,2025-02-23,completed,,Central,342.21,2025-02-23,Beauty Item 06,Beauty,36.14,75.66,True
3443,2423,8,1,20.47,20.47,2025-02-23,processing,,North,20.47,2025-02-23,Electronics Item 08,Electronics,12.26,20.47,True
3444,2424,41,2,49.55,99.1,2025-02-23,completed,,South,99.1,2025-02-23,Grocery Item 01,Grocery,22.88,49.55,True
3445,2425,20,1,42.3,42.3,2025-02-23,completed,,East,42.3,2025-02-23,Beauty Item 04,Beauty,18.73,42.3,True
3446,2426,45,1,31.58,31.58,2025-02-23,completed,,South,31.58,2025-02-23,Grocery Item 05,Grocery,18.68,31.58,True
3447,2427,44,1,69.13,69.13,2025-02-23,completed,,Central,310.93,2025-02-23,Grocery Item 04,Grocery,46.32,69.13,True
3448,2427,28,1,84.15,84.15,2025-02-23,completed,,Central,310.93,2025-02-23,Sports Item 04,Sports,39.74,84.15,True
3449,2427,35,1,157.65,157.65,2025-02-23,completed,,Central,310.93,2025-02-23,Fashion Item 03,Fashion,77.82,157.65,True
3450,2428,14,1,61.39,61.39,2025-02-23,processing,,Central,61.39,2025-02-23,Home Item 06,Home,36.75,61.39,True
3451,2429,23,1,83.16,83.16,2025-02-23,completed,,North,167.31,2025-02-23,Beauty Item 07,Beauty,39.32,83.16,True
3452,2429,28,1,84.15,84.15,2025-02-23,completed,,North,167.31,2025-02-23,Sports Item 04,Sports,39.74,84.15,True
3453,2430,3,2,57.71,115.42,2025-02-23,completed,,East,115.42,2025-02-23,Electronics Item 03,Electronics,26.19,57.71,True
3454,2431,45,1,31.58,31.58,2025-02-23,completed,,Central,31.58,2025-02-23,Grocery Item 05,Grocery,18.68,31.58,True
3455,2432,39,1,124.06,124.06,2025-02-23,completed,,North,124.06,2025-02-23,Fashion Item 07,Fashion,65.04,124.06,True
3456,2433,32,1,12.22,12.22,2025-02-23,completed,,East,12.22,2025-02-23,Sports Item 08,Sports,7.11,12.22,True
3457,2434,6,3,88.2,264.6,2025-02-23,processing,,South,264.6,2025-02-23,Electronics Item 06,Electronics,39.5,88.2,True
3458,2435,31,1,19.71,19.71,2025-02-23,cancelled,,Central,164.65,2025-02-23,Sports Item 07,Sports,11.9,19.71,False
3459,2435,4,2,72.47,144.94,2025-02-23,cancelled,,Central,164.65,2025-02-23,Electronics Item 04,Electronics,34.44,72.47,False
3460,2436,13,1,34.71,34.71,2025-02-23,completed,,East,34.71,2025-02-23,Home Item 05,Home,15.9,34.71,True
3461,2437,35,1,157.65,157.65,2025-02-23,completed,,East,157.65,2025-02-23,Fashion Item 03,Fashion,77.82,157.65,True
3462,2438,27,2,24.68,49.36,2025-02-23,completed,,Central,186.39,2025-02-23,Sports Item 03,Sports,10.9,24.68,True
3463,2438,30,1,67.9,67.9,2025-02-23,completed,,Central,186.39,2025-02-23,Sports Item 06,Sports,46.01,67.9,True
3464,2438,44,1,69.13,69.13,2025-02-23,completed,,Central,186.39,2025-02-23,Grocery Item 04,Grocery,46.32,69.13,True
3465,2439,46,1,125.88,125.88,2025-02-23,completed,,Central,125.88,2025-02-23,Grocery Item 06,Grocery,73.75,125.88,True
3466,2440,12,1,117.99,117.99,2025-02-23,completed,,East,117.99,2025-02-23,Home Item 04,Home,58.96,117.99,True
3467,2441,37,1,141.93,141.93,2025-02-24,completed,,East,217.59,2025-02-24,Fashion Item 05,Fashion,76.85,141.93,True
3468,2441,22,1,75.66,75.66,2025-02-24,completed,,East,217.59,2025-02-24,Beauty Item 06,Beauty,36.14,75.66,True
3469,2442,35,1,157.65,157.65,2025-02-24,processing,,South,192.36,2025-02-24,Fashion Item 03,Fashion,77.82,157.65,True
3470,2442,13,1,34.71,34.71,2025-02-24,processing,,South,192.36,2025-02-24,Home Item 05,Home,15.9,34.71,True
3471,2443,36,1,53.45,53.45,2025-02-24,completed,,Central,53.45,2025-02-24,Fashion Item 04,Fashion,28.42,53.45,True
3472,2444,9,1,59.69,59.69,2025-02-24,completed,,South,59.69,2025-02-24,Home Item 01,Home,38.0,59.69,True
3473,2445,47,1,21.34,21.34,2025-02-24,completed,,Central,21.34,2025-02-24,Grocery Item 07,Grocery,13.74,21.34,True
3474,2446,3,1,57.71,57.71,2025-02-24,completed,,East,57.71,2025-02-24,Electronics Item 03,Electronics,26.19,57.71,True
3475,2447,44,1,69.13,69.13,2025-02-24,completed,,North,69.13,2025-02-24,Grocery Item 04,Grocery,46.32,69.13,True
3476,2448,23,1,83.16,83.16,2025-02-24,completed,,South,144.31,2025-02-24,Beauty Item 07,Beauty,39.32,83.16,True
3477,2448,5,1,61.15,61.15,2025-02-24,completed,,South,144.31,2025-02-24,Electronics Item 05,Electronics,33.0,61.15,True
3478,2449,21,1,78.32,78.32,2025-02-24,completed,,East,78.32,2025-02-24,Beauty Item 05,Beauty,34.88,78.32,True
3479,2450,25,2,43.73,87.46,2025-02-24,cancelled,,South,253.77999999999997,2025-02-24,Sports Item 01,Sports,20.88,43.73,False
3480,2450,23,2,83.16,166.32,2025-02-24,cancelled,,South,253.77999999999997,2025-02-24,Beauty Item 07,Beauty,39.32,83.16,False
3481,2451,19,1,152.53,152.53,2025-02-24,completed,,Central,152.53,2025-02-24,Beauty Item 03,Beauty,83.95,152.53,True
3482,2452,36,1,53.45,53.45,2025-02-24,completed,,Central,78.06,2025-02-24,Fashion Item 04,Fashion,28.42,53.45,True
3483,2452,43,1,24.61,24.61,2025-02-24,completed,,Central,78.06,2025-02-24,Grocery Item 03,Grocery,11.56,24.61,True
3484,2453,3,1,57.71,57.71,2025-02-24,completed,,South,57.71,2025-02-24,Electronics Item 03,Electronics,26.19,57.71,True
3485,2454,14,2,61.39,122.78,2025-02-24,completed,,South,264.71000000000004,2025-02-24,Home Item 06,Home,36.75,61.39,True
3486,2454,37,1,141.93,141.93,2025-02-24,completed,,South,264.71000000000004,2025-02-24,Fashion Item 05,Fashion,76.85,141.93,True
3487,2455,47,2,21.34,42.68,2025-02-24,completed,,Central,42.68,2025-02-24,Grocery Item 07,Grocery,13.74,21.34,True
3488,2456,45,1,31.58,31.58,2025-02-24,completed,,North,31.58,2025-02-24,Grocery Item 05,Grocery,18.68,31.58,True
3489,2457,14,1,61.39,61.39,2025-02-24,completed,,Central,61.39,2025-02-24,Home Item 06,Home,36.75,61.39,True
3490,2458,11,2,115.23,230.46,2025-02-24,cancelled,,Central,230.46,2025-02-24,Home Item 03,Home,73.04,115.23,False
3491,2459,29,1,9.2,9.2,2025-02-24,processing,,North,9.2,2025-02-24,Sports Item 05,Sports,4.26,9.2,True
3492,2460,43,1,24.61,24.61,2025-02-24,completed,,South,24.61,2025-02-24,Grocery Item 03,Grocery,11.56,24.61,True
3493,2461,33,2,171.28,342.56,2025-02-24,completed,,Central,354.78000000000003,2025-02-24,Fashion Item 01,Fashion,77.9,171.28,True
3494,2461,32,1,12.22,12.22,2025-02-24,completed,,Central,354.78000000000003,2025-02-24,Sports Item 08,Sports,7.11,12.22,True
3495,2462,43,1,24.61,24.61,2025-02-24,completed,,North,24.61,2025-02-24,Grocery Item 03,Grocery,11.56,24.61,True
3496,2463,8,1,20.47,20.47,2025-02-24,completed,,Central,20.47,2025-02-24,Electronics Item 08,Electronics,12.26,20.47,True
3497,2464,43,1,24.61,24.61,2025-02-24,completed,,North,62.35,2025-02-24,Grocery Item 03,Grocery,11.56,24.61,True
3498,2464,18,1,37.74,37.74,2025-02-24,completed,,North,62.35,2025-02-24,Beauty Item 02,Beauty,18.64,37.74,True
3499,2465,35,1,157.65,157.65,2025-02-24,completed,,South,157.65,2025-02-24,Fashion Item 03,Fashion,77.82,157.65,True
3500,2466,43,1,24.61,24.61,2025-02-24,completed,,South,24.61,2025-02-24,Grocery Item 03,Grocery,11.56,24.61,True
3501,2467,14,2,61.39,122.78,2025-02-24,completed,,South,122.78,2025-02-24,Home Item 06,Home,36.75,61.39,True
3502,2468,1,1,114.06,114.06,2025-02-24,completed,,North,203.66,2025-02-24,Electronics Item 01,Electronics,75.52,114.06,True
3503,2468,44,1,69.13,69.13,2025-02-24,completed,,North,203.66,2025-02-24,Grocery Item 04,Grocery,46.32,69.13,True
3504,2468,8,1,20.47,20.47,2025-02-24,completed,,North,203.66,2025-02-24,Electronics Item 08,Electronics,12.26,20.47,True
3505,2469,40,1,202.48,202.48,2025-02-24,processing,,Central,313.64,2025-02-24,Fashion Item 08,Fashion,92.66,202.48,True
3506,2469,3,1,57.71,57.71,2025-02-24,processing,,Central,313.64,2025-02-24,Electronics Item 03,Electronics,26.19,57.71,True
3507,2469,36,1,53.45,53.45,2025-02-24,processing,,Central,313.64,2025-02-24,Fashion Item 04,Fashion,28.42,53.45,True
3508,2470,18,2,37.74,75.48,2025-02-24,completed,,North,186.64000000000001,2025-02-24,Beauty Item 02,Beauty,18.64,37.74,True
3509,2470,3,1,57.71,57.71,2025-02-24,completed,,North,186.64000000000001,2025-02-24,Electronics Item 03,Electronics,26.19,57.71,True
3510,2470,36,1,53.45,53.45,2025-02-24,completed,,North,186.64000000000001,2025-02-24,Fashion Item 04,Fashion,28.42,53.45,True
3511,2471,32,2,12.22,24.44,2025-02-24,completed,,South,82.15,2025-02-24,Sports Item 08,Sports,7.11,12.22,True
3512,2471,3,1,57.71,57.71,2025-02-24,completed,,South,82.15,2025-02-24,Electronics Item 03,Electronics,26.19,57.71,True
3513,2472,27,1,24.68,24.68,2025-02-24,completed,,North,49.29,2025-02-24,Sports Item 03,Sports,10.9,24.68,True
3514,2472,43,1,24.61,24.61,2025-02-24,completed,,North,49.29,2025-02-24,Grocery Item 03,Grocery,11.56,24.61,True
3515,2473,44,1,69.13,69.13,2025-02-24,completed,,East,156.58999999999997,2025-02-24,Grocery Item 04,Grocery,46.32,69.13,True
3516,2473,25,2,43.73,87.46,2025-02-24,completed,,East,156.58999999999997,2025-02-24,Sports Item 01,Sports,20.88,43.73,True
3517,2474,32,1,12.22,12.22,2025-02-24,completed,,North,12.22,2025-02-24,Sports Item 08,Sports,7.11,12.22,True
3518,2475,21,1,78.32,78.32,2025-02-24,processing,,South,78.32,2025-02-24,Beauty Item 05,Beauty,34.88,78.32,True
3519,2476,23,3,83.16,249.48,2025-02-24,completed,,North,249.48,2025-02-24,Beauty Item 07,Beauty,39.32,83.16,True
3520,2477,37,3,141.93,425.79,2025-02-24,completed,,South,425.79,2025-02-24,Fashion Item 05,Fashion,76.85,141.93,True
3521,2478,19,1,152.53,152.53,2025-02-24,processing,,East,274.58,2025-02-24,Beauty Item 03,Beauty,83.95,152.53,True
3522,2478,21,1,78.32,78.32,2025-02-24,processing,,East,274.58,2025-02-24,Beauty Item 05,Beauty,34.88,78.32,True
3523,2478,25,1,43.73,43.73,2025-02-24,processing,,East,274.58,2025-02-24,Sports Item 01,Sports,20.88,43.73,True
3524,2479,40,1,202.48,202.48,2025-02-24,processing,,South,202.48,2025-02-24,Fashion Item 08,Fashion,92.66,202.48,True
3525,2480,9,1,59.69,59.69,2025-02-24,completed,,North,59.69,2025-02-24,Home Item 01,Home,38.0,59.69,True
3526,2481,32,1,12.22,12.22,2025-02-24,unknown_status,,North,12.22,2025-02-24,Sports Item 08,Sports,7.11,12.22,False
3527,2482,28,1,84.15,84.15,2025-02-24,completed,,East,153.28,2025-02-24,Sports Item 04,Sports,39.74,84.15,True
3528,2482,44,1,69.13,69.13,2025-02-24,completed,,East,153.28,2025-02-24,Grocery Item 04,Grocery,46.32,69.13,True
3529,2483,18,2,37.74,75.48,2025-02-24,completed,,East,75.48,2025-02-24,Beauty Item 02,Beauty,18.64,37.74,True
3530,2484,4,1,72.47,72.47,2025-02-24,completed,,North,72.47,2025-02-24,Electronics Item 04,Electronics,34.44,72.47,True
3531,2485,5,1,61.15,61.15,2025-02-24,completed,,North,61.15,2025-02-24,Electronics Item 05,Electronics,33.0,61.15,True
3532,2486,4,1,72.47,72.47,2025-02-24,completed,,Central,72.47,2025-02-24,Electronics Item 04,Electronics,34.44,72.47,True
3533,2487,4,1,72.47,72.47,2025-02-24,completed,,East,72.47,2025-02-24,Electronics Item 04,Electronics,34.44,72.47,True
3534,2488,23,1,83.16,83.16,2025-02-24,completed,,North,83.16,2025-02-24,Beauty Item 07,Beauty,39.32,83.16,True
3535,2489,14,1,61.39,61.39,2025-02-24,completed,,North,219.04000000000002,2025-02-24,Home Item 06,Home,36.75,61.39,True
3536,2489,35,1,157.65,157.65,2025-02-24,completed,,North,219.04000000000002,2025-02-24,Fashion Item 03,Fashion,77.82,157.65,True
3537,2490,20,2,42.3,84.6,2025-02-25,completed,,Central,287.08,2025-02-25,Beauty Item 04,Beauty,18.73,42.3,True
3538,2490,40,1,202.48,202.48,2025-02-25,completed,,Central,287.08,2025-02-25,Fashion Item 08,Fashion,92.66,202.48,True
3539,2491,27,1,24.68,24.68,2025-02-25,completed,,North,24.68,2025-02-25,Sports Item 03,Sports,10.9,24.68,True
3540,2492,36,1,53.45,53.45,2025-02-25,completed,,North,53.45,2025-02-25,Fashion Item 04,Fashion,28.42,53.45,True
3541,2493,43,1,24.61,24.61,2025-02-25,completed,,East,24.61,2025-02-25,Grocery Item 03,Grocery,11.56,24.61,True
3542,2494,36,1,53.45,53.45,2025-02-25,completed,,North,53.45,2025-02-25,Fashion Item 04,Fashion,28.42,53.45,True
3543,2495,28,1,84.15,84.15,2025-02-25,completed,,East,127.88,2025-02-25,Sports Item 04,Sports,39.74,84.15,True
3544,2495,25,1,43.73,43.73,2025-02-25,completed,,East,127.88,2025-02-25,Sports Item 01,Sports,20.88,43.73,True
3545,2496,19,2,152.53,305.06,2025-02-25,completed,,South,388.22,2025-02-25,Beauty Item 03,Beauty,83.95,152.53,True
3546,2496,23,1,83.16,83.16,2025-02-25,completed,,South,388.22,2025-02-25,Beauty Item 07,Beauty,39.32,83.16,True
3547,2497,47,1,21.34,21.34,2025-02-25,completed,,Central,130.01,2025-02-25,Grocery Item 07,Grocery,13.74,21.34,True
3548,2497,8,1,20.47,20.47,2025-02-25,completed,,Central,130.01,2025-02-25,Electronics Item 08,Electronics,12.26,20.47,True
3549,2497,6,1,88.2,88.2,2025-02-25,completed,,Central,130.01,2025-02-25,Electronics Item 06,Electronics,39.5,88.2,True
3550,2498,22,1,75.66,75.66,2025-02-25,processing,,East,75.66,2025-02-25,Beauty Item 06,Beauty,36.14,75.66,True
3551,2499,42,1,138.05,138.05,2025-02-25,completed,,North,138.05,2025-02-25,Grocery Item 02,Grocery,61.43,138.05,True
3552,2500,37,1,141.93,141.93,2025-02-25,completed,,Central,141.93,2025-02-25,Fashion Item 05,Fashion,76.85,141.93,True
3553,2501,36,1,53.45,53.45,2025-02-25,completed,,North,53.45,2025-02-25,Fashion Item 04,Fashion,28.42,53.45,True
3554,2502,26,2,124.26,248.52,2025-02-25,completed,,South,248.52,2025-02-25,Sports Item 02,Sports,72.7,124.26,True
3555,2503,44,1,69.13,69.13,2025-02-25,completed,,East,144.79,2025-02-25,Grocery Item 04,Grocery,46.32,69.13,True
3556,2503,22,1,75.66,75.66,2025-02-25,completed,,East,144.79,2025-02-25,Beauty Item 06,Beauty,36.14,75.66,True
3557,2504,13,1,34.71,34.71,2025-02-25,completed,,Central,34.71,2025-02-25,Home Item 05,Home,15.9,34.71,True
3558,2505,8,1,20.47,20.47,2025-02-25,completed,,East,20.47,2025-02-25,Electronics Item 08,Electronics,12.26,20.47,True
3559,2506,35,2,157.65,315.3,2025-02-25,completed,,East,315.3,2025-02-25,Fashion Item 03,Fashion,77.82,157.65,True
3560,2507,21,1,78.32,78.32,2025-02-25,completed,,South,78.32,2025-02-25,Beauty Item 05,Beauty,34.88,78.32,True
3561,2508,3,1,57.71,57.71,2025-02-25,completed,,North,57.71,2025-02-25,Electronics Item 03,Electronics,26.19,57.71,True
3562,2509,36,1,53.45,53.45,2025-02-25,completed,,South,53.45,2025-02-25,Fashion Item 04,Fashion,28.42,53.45,True
3563,2510,35,2,157.65,315.3,2025-02-25,completed,,North,339.74,2025-02-25,Fashion Item 03,Fashion,77.82,157.65,True
3564,2510,32,2,12.22,24.44,2025-02-25,completed,,North,339.74,2025-02-25,Sports Item 08,Sports,7.11,12.22,True
3565,2511,6,1,88.2,88.2,2025-02-25,completed,,South,88.2,2025-02-25,Electronics Item 06,Electronics,39.5,88.2,True
3566,2512,37,1,141.93,141.93,2025-02-25,cancelled,,East,377.90999999999997,2025-02-25,Fashion Item 05,Fashion,76.85,141.93,False
3567,2512,12,2,117.99,235.98,2025-02-25,cancelled,,East,377.90999999999997,2025-02-25,Home Item 04,Home,58.96,117.99,False
3568,2513,44,2,69.13,138.26,2025-02-25,completed,,East,219.33999999999997,2025-02-25,Grocery Item 04,Grocery,46.32,69.13,True
3569,2513,38,1,81.08,81.08,2025-02-25,completed,,East,219.33999999999997,2025-02-25,Fashion Item 06,Fashion,44.22,81.08,True
3570,2514,35,1,157.65,157.65,2025-02-25,completed,,North,157.65,2025-02-25,Fashion Item 03,Fashion,77.82,157.65,True
3571,2515,8,1,20.47,20.47,2025-02-25,completed,,South,20.47,2025-02-25,Electronics Item 08,Electronics,12.26,20.47,True
3572,2516,3,1,57.71,57.71,2025-02-25,completed,,North,260.19,2025-02-25,Electronics Item 03,Electronics,26.19,57.71,True
3573,2516,40,1,202.48,202.48,2025-02-25,completed,,North,260.19,2025-02-25,Fashion Item 08,Fashion,92.66,202.48,True
3574,2517,24,1,29.56,29.56,2025-02-25,completed,,South,213.95000000000002,2025-02-25,Beauty Item 08,Beauty,14.55,29.56,True
3575,2517,47,1,21.34,21.34,2025-02-25,completed,,South,213.95000000000002,2025-02-25,Grocery Item 07,Grocery,13.74,21.34,True
3576,2517,10,1,163.05,163.05,2025-02-25,completed,,South,213.95000000000002,2025-02-25,Home Item 02,Home,76.01,163.05,True
3577,2518,28,1,84.15,84.15,2025-02-25,processing,,South,286.63,2025-02-25,Sports Item 04,Sports,39.74,84.15,True
3578,2518,40,1,202.48,202.48,2025-02-25,processing,,South,286.63,2025-02-25,Fashion Item 08,Fashion,92.66,202.48,True
3579,2519,4,1,72.47,72.47,2025-02-25,completed,,North,72.47,2025-02-25,Electronics Item 04,Electronics,34.44,72.47,True
3580,2520,23,1,83.16,83.16,2025-02-25,completed,,North,114.74,2025-02-25,Beauty Item 07,Beauty,39.32,83.16,True
3581,2520,45,1,31.58,31.58,2025-02-25,completed,,North,114.74,2025-02-25,Grocery Item 05,Grocery,18.68,31.58,True
3582,2521,3,1,57.71,57.71,2025-02-25,cancelled,,East,57.71,2025-02-25,Electronics Item 03,Electronics,26.19,57.71,False
3583,2522,20,1,42.3,42.3,2025-02-25,completed,,South,326.16,2025-02-25,Beauty Item 04,Beauty,18.73,42.3,True
3584,2522,37,2,141.93,283.86,2025-02-25,completed,,South,326.16,2025-02-25,Fashion Item 05,Fashion,76.85,141.93,True
3585,2523,8,2,20.47,40.94,2025-02-25,completed,,Central,40.94,2025-02-25,Electronics Item 08,Electronics,12.26,20.47,True
3586,2524,10,1,163.05,163.05,2025-02-25,processing,,Central,163.05,2025-02-25,Home Item 02,Home,76.01,163.05,True
3587,2525,8,1,20.47,20.47,2025-02-25,completed,,Central,20.47,2025-02-25,Electronics Item 08,Electronics,12.26,20.47,True
3588,2526,36,1,53.45,53.45,2025-02-25,completed,,South,90.11,2025-02-25,Fashion Item 04,Fashion,28.42,53.45,True
3589,2526,32,3,12.22,36.66,2025-02-25,completed,,South,90.11,2025-02-25,Sports Item 08,Sports,7.11,12.22,True
3590,2527,37,2,141.93,283.86,2025-02-26,completed,,East,283.86,2025-02-26,Fashion Item 05,Fashion,76.85,141.93,True
3591,2528,41,1,49.55,49.55,2025-02-26,completed,,South,49.55,2025-02-26,Grocery Item 01,Grocery,22.88,49.55,True
3592,2529,6,1,88.2,88.2,2025-02-26,processing,,Central,141.65,2025-02-26,Electronics Item 06,Electronics,39.5,88.2,True
3593,2529,36,1,53.45,53.45,2025-02-26,processing,,Central,141.65,2025-02-26,Fashion Item 04,Fashion,28.42,53.45,True
3594,2530,45,1,31.58,31.58,2025-02-26,completed,,Central,31.58,2025-02-26,Grocery Item 05,Grocery,18.68,31.58,True
3595,2531,8,2,20.47,40.94,2025-02-26,processing,,Central,40.94,2025-02-26,Electronics Item 08,Electronics,12.26,20.47,True
3596,2532,12,1,117.99,117.99,2025-02-26,completed,,Central,117.99,2025-02-26,Home Item 04,Home,58.96,117.99,True
3597,2533,44,2,69.13,138.26,2025-02-26,completed,,North,138.26,2025-02-26,Grocery Item 04,Grocery,46.32,69.13,True
3598,2534,14,1,61.39,61.39,2025-02-26,completed,,Central,61.39,2025-02-26,Home Item 06,Home,36.75,61.39,True
3599,2535,3,1,57.71,57.71,2025-02-26,cancelled,,North,57.71,2025-02-26,Electronics Item 03,Electronics,26.19,57.71,False
3600,2536,31,2,19.71,39.42,2025-02-26,completed,,North,39.42,2025-02-26,Sports Item 07,Sports,11.9,19.71,True
3601,2537,5,1,61.15,61.15,2025-02-26,completed,,North,149.35,2025-02-26,Electronics Item 05,Electronics,33.0,61.15,True
3602,2537,6,1,88.2,88.2,2025-02-26,completed,,North,149.35,2025-02-26,Electronics Item 06,Electronics,39.5,88.2,True
3603,2538,36,1,53.45,53.45,2025-02-26,completed,,South,53.45,2025-02-26,Fashion Item 04,Fashion,28.42,53.45,True
3604,2539,45,1,31.58,31.58,2025-02-26,completed,,Central,66.28999999999999,2025-02-26,Grocery Item 05,Grocery,18.68,31.58,True
3605,2539,13,1,34.71,34.71,2025-02-26,completed,,Central,66.28999999999999,2025-02-26,Home Item 05,Home,15.9,34.71,True
3606,2540,46,1,125.88,125.88,2025-02-26,completed,,North,125.88,2025-02-26,Grocery Item 06,Grocery,73.75,125.88,True
3607,2541,28,2,84.15,168.3,2025-02-26,completed,,North,168.3,2025-02-26,Sports Item 04,Sports,39.74,84.15,True
3608,2542,4,1,72.47,72.47,2025-02-26,completed,,South,142.16,2025-02-26,Electronics Item 04,Electronics,34.44,72.47,True
3609,2542,43,2,24.61,49.22,2025-02-26,completed,,South,142.16,2025-02-26,Grocery Item 03,Grocery,11.56,24.61,True
3610,2542,8,1,20.47,20.47,2025-02-26,completed,,South,142.16,2025-02-26,Electronics Item 08,Electronics,12.26,20.47,True
3611,2543,35,2,157.65,315.3,2025-02-26,completed,,South,315.3,2025-02-26,Fashion Item 03,Fashion,77.82,157.65,True
3612,2544,4,2,72.47,144.94,2025-02-26,completed,,North,144.94,2025-02-26,Electronics Item 04,Electronics,34.44,72.47,True
3613,2545,26,1,124.26,124.26,2025-02-26,completed,,Central,124.26,2025-02-26,Sports Item 02,Sports,72.7,124.26,True
3614,2546,45,1,31.58,31.58,2025-02-26,completed,,North,31.58,2025-02-26,Grocery Item 05,Grocery,18.68,31.58,True
3615,2547,1,1,114.06,114.06,2025-02-26,processing,,Central,114.06,2025-02-26,Electronics Item 01,Electronics,75.52,114.06,True
3616,2548,45,2,31.58,63.16,2025-02-26,completed,,North,63.16,2025-02-26,Grocery Item 05,Grocery,18.68,31.58,True
3617,2549,48,1,101.03,101.03,2025-02-26,cancelled,,East,101.03,2025-02-26,,Grocery,44.45,101.03,False
3618,2550,29,1,9.2,9.2,2025-02-26,completed,,Central,9.2,2025-02-26,Sports Item 05,Sports,4.26,9.2,True
3619,2551,14,2,61.39,122.78,2025-02-26,completed,,South,122.78,2025-02-26,Home Item 06,Home,36.75,61.39,True
3620,2552,25,1,43.73,43.73,2025-02-26,completed,,East,43.73,2025-02-26,Sports Item 01,Sports,20.88,43.73,True
3621,2553,40,1,202.48,202.48,2025-02-26,completed,,Central,202.48,2025-02-26,Fashion Item 08,Fashion,92.66,202.48,True
3622,2554,24,1,29.56,29.56,2025-02-26,completed,,Central,29.56,2025-02-26,Beauty Item 08,Beauty,14.55,29.56,True
3623,2555,3,1,57.71,57.71,2025-02-26,refunded,,Central,57.71,2025-02-26,Electronics Item 03,Electronics,26.19,57.71,False
3624,2556,40,1,202.48,202.48,2025-02-26,processing,,East,202.48,2025-02-26,Fashion Item 08,Fashion,92.66,202.48,True
3625,2557,44,1,69.13,69.13,2025-02-26,completed,,East,69.13,2025-02-26,Grocery Item 04,Grocery,46.32,69.13,True
3626,2558,38,1,81.08,81.08,2025-02-26,completed,,East,81.08,2025-02-26,Fashion Item 06,Fashion,44.22,81.08,True
3627,2559,23,1,83.16,83.16,2025-02-26,completed,,Central,83.16,2025-02-26,Beauty Item 07,Beauty,39.32,83.16,True
3628,2560,3,1,57.71,57.71,2025-02-26,completed,,Central,57.71,2025-02-26,Electronics Item 03,Electronics,26.19,57.71,True
3629,2561,43,1,24.61,24.61,2025-02-26,completed,,East,24.61,2025-02-26,Grocery Item 03,Grocery,11.56,24.61,True
3630,2562,6,1,88.2,88.2,2025-02-26,completed,,North,514.5,2025-02-26,Electronics Item 06,Electronics,39.5,88.2,True
3631,2562,40,2,202.48,404.96,2025-02-26,completed,,North,514.5,2025-02-26,Fashion Item 08,Fashion,92.66,202.48,True
3632,2562,47,1,21.34,21.34,2025-02-26,completed,,North,514.5,2025-02-26,Grocery Item 07,Grocery,13.74,21.34,True
3633,2563,43,1,24.61,24.61,2025-02-26,completed,,Central,24.61,2025-02-26,Grocery Item 03,Grocery,11.56,24.61,True
3634,2564,35,2,157.65,315.3,2025-02-26,completed,,East,315.3,2025-02-26,Fashion Item 03,Fashion,77.82,157.65,True
3635,2565,34,1,43.74,43.74,2025-02-26,completed,,North,147.37,2025-02-26,Fashion Item 02,Fashion,22.77,43.74,True
3636,2565,8,1,20.47,20.47,2025-02-26,completed,,North,147.37,2025-02-26,Electronics Item 08,Electronics,12.26,20.47,True
3637,2565,23,1,83.16,83.16,2025-02-26,completed,,North,147.37,2025-02-26,Beauty Item 07,Beauty,39.32,83.16,True
3638,2566,45,1,31.58,31.58,2025-02-26,completed,,North,188.2,2025-02-26,Grocery Item 05,Grocery,18.68,31.58,True
3639,2566,4,1,72.47,72.47,2025-02-26,completed,,North,188.2,2025-02-26,Electronics Item 04,Electronics,34.44,72.47,True
3640,2566,28,1,84.15,84.15,2025-02-26,completed,,North,188.2,2025-02-26,Sports Item 04,Sports,39.74,84.15,True
3641,2567,9,1,59.69,59.69,2025-02-26,completed,,North,81.03,2025-02-26,Home Item 01,Home,38.0,59.69,True
3642,2567,47,1,21.34,21.34,2025-02-26,completed,,North,81.03,2025-02-26,Grocery Item 07,Grocery,13.74,21.34,True
3643,2568,47,1,21.34,21.34,2025-02-26,completed,,Central,21.34,2025-02-26,Grocery Item 07,Grocery,13.74,21.34,True
3644,2569,23,1,83.16,83.16,2025-02-27,completed,,East,83.16,2025-02-27,Beauty Item 07,Beauty,39.32,83.16,True
3645,2570,1,1,114.06,114.06,2025-02-27,completed,,North,114.06,2025-02-27,Electronics Item 01,Electronics,75.52,114.06,True
3646,2571,28,1,84.15,84.15,2025-02-27,unknown_status,,South,84.15,2025-02-27,Sports Item 04,Sports,39.74,84.15,False
3647,2572,40,1,202.48,202.48,2025-02-27,completed,,Central,285.64,2025-02-27,Fashion Item 08,Fashion,92.66,202.48,True
3648,2572,23,1,83.16,83.16,2025-02-27,completed,,Central,285.64,2025-02-27,Beauty Item 07,Beauty,39.32,83.16,True
3649,2573,42,1,138.05,138.05,2025-02-27,completed,,North,138.05,2025-02-27,Grocery Item 02,Grocery,61.43,138.05,True
3650,2574,23,3,83.16,249.48,2025-02-27,completed,,South,249.48,2025-02-27,Beauty Item 07,Beauty,39.32,83.16,True
3651,2575,3,1,57.71,57.71,2025-02-27,completed,,South,69.93,2025-02-27,Electronics Item 03,Electronics,26.19,57.71,True
3652,2575,32,1,12.22,12.22,2025-02-27,completed,,South,69.93,2025-02-27,Sports Item 08,Sports,7.11,12.22,True
3653,2576,47,1,21.34,21.34,2025-02-27,processing,,East,21.34,2025-02-27,Grocery Item 07,Grocery,13.74,21.34,True
3654,2577,47,1,21.34,21.34,2025-02-27,completed,,South,21.34,2025-02-27,Grocery Item 07,Grocery,13.74,21.34,True
3655,2578,10,1,163.05,163.05,2025-02-27,completed,,Central,216.5,2025-02-27,Home Item 02,Home,76.01,163.05,True
3656,2578,36,1,53.45,53.45,2025-02-27,completed,,Central,216.5,2025-02-27,Fashion Item 04,Fashion,28.42,53.45,True
3657,2579,35,1,157.65,157.65,2025-02-27,completed,,South,157.65,2025-02-27,Fashion Item 03,Fashion,77.82,157.65,True
3658,2580,28,1,84.15,84.15,2025-02-27,completed,,South,84.15,2025-02-27,Sports Item 04,Sports,39.74,84.15,True
3659,2581,44,1,69.13,69.13,2025-02-27,completed,,Central,244.64999999999998,2025-02-27,Grocery Item 04,Grocery,46.32,69.13,True
3660,2581,23,2,83.16,166.32,2025-02-27,completed,,Central,244.64999999999998,2025-02-27,Beauty Item 07,Beauty,39.32,83.16,True
3661,2581,29,1,9.2,9.2,2025-02-27,completed,,Central,244.64999999999998,2025-02-27,Sports Item 05,Sports,4.26,9.2,True
3662,2582,10,1,163.05,163.05,2025-02-27,completed,,North,163.05,2025-02-27,Home Item 02,Home,76.01,163.05,True
3663,2583,41,2,49.55,99.1,2025-02-27,completed,,East,99.1,2025-02-27,Grocery Item 01,Grocery,22.88,49.55,True
3664,2584,1,1,114.06,114.06,2025-02-27,completed,,Central,220.96,2025-02-27,Electronics Item 01,Electronics,75.52,114.06,True
3665,2584,36,2,53.45,106.9,2025-02-27,completed,,Central,220.96,2025-02-27,Fashion Item 04,Fashion,28.42,53.45,True
3666,2585,13,1,34.71,34.71,2025-02-27,completed,,Central,34.71,2025-02-27,Home Item 05,Home,15.9,34.71,True
3667,2586,10,1,163.05,163.05,2025-02-27,completed,,East,163.05,2025-02-27,Home Item 02,Home,76.01,163.05,True
3668,2587,44,1,69.13,69.13,2025-02-27,processing,,East,232.18,2025-02-27,Grocery Item 04,Grocery,46.32,69.13,True
3669,2587,10,1,163.05,163.05,2025-02-27,processing,,East,232.18,2025-02-27,Home Item 02,Home,76.01,163.05,True
3670,2588,15,1,173.9,173.9,2025-02-27,completed,,North,396.85,2025-02-27,Home Item 07,Home,83.24,173.9,True
3671,2588,40,1,202.48,202.48,2025-02-27,completed,,North,396.85,2025-02-27,Fashion Item 08,Fashion,92.66,202.48,True
3672,2588,8,1,20.47,20.47,2025-02-27,completed,,North,396.85,2025-02-27,Electronics Item 08,Electronics,12.26,20.47,True
3673,2589,40,1,202.48,202.48,2025-02-27,cancelled,,Central,286.63,2025-02-27,Fashion Item 08,Fashion,92.66,202.48,False
3674,2589,28,1,84.15,84.15,2025-02-27,cancelled,,Central,286.63,2025-02-27,Sports Item 04,Sports,39.74,84.15,False
3675,2590,35,1,157.65,157.65,2025-02-27,completed,,North,157.65,2025-02-27,Fashion Item 03,Fashion,77.82,157.65,True
3676,2591,12,2,117.99,235.98,2025-02-27,processing,,South,256.45,2025-02-27,Home Item 04,Home,58.96,117.99,True
3677,2591,8,1,20.47,20.47,2025-02-27,processing,,South,256.45,2025-02-27,Electronics Item 08,Electronics,12.26,20.47,True
3678,2592,32,1,12.22,12.22,2025-02-27,completed,,East,12.22,2025-02-27,Sports Item 08,Sports,7.11,12.22,True
3679,2593,14,1,61.39,61.39,2025-02-27,completed,,Central,187.26999999999998,2025-02-27,Home Item 06,Home,36.75,61.39,True
3680,2593,46,1,125.88,125.88,2025-02-27,completed,,Central,187.26999999999998,2025-02-27,Grocery Item 06,Grocery,73.75,125.88,True
3681,2594,2,1,100.26,100.26,2025-02-27,completed,,North,161.65,2025-02-27,Electronics Item 02,Electronics,54.16,100.26,True
3682,2594,14,1,61.39,61.39,2025-02-27,completed,,North,161.65,2025-02-27,Home Item 06,Home,36.75,61.39,True
3683,2595,46,1,125.88,125.88,2025-02-27,completed,,North,125.88,2025-02-27,Grocery Item 06,Grocery,73.75,125.88,True
3684,2596,46,1,125.88,125.88,2025-02-27,completed,,North,125.88,2025-02-27,Grocery Item 06,Grocery,73.75,125.88,True
3685,2597,3,1,57.71,57.71,2025-02-27,completed,,North,504.96999999999997,2025-02-27,Electronics Item 03,Electronics,26.19,57.71,True
3686,2597,40,2,202.48,404.96,2025-02-27,completed,,North,504.96999999999997,2025-02-27,Fashion Item 08,Fashion,92.66,202.48,True
3687,2597,20,1,42.3,42.3,2025-02-27,completed,,North,504.96999999999997,2025-02-27,Beauty Item 04,Beauty,18.73,42.3,True
3688,2598,8,1,20.47,20.47,2025-02-27,completed,,North,233.07,2025-02-27,Electronics Item 08,Electronics,12.26,20.47,True
3689,2598,41,1,49.55,49.55,2025-02-27,completed,,North,233.07,2025-02-27,Grocery Item 01,Grocery,22.88,49.55,True
3690,2598,10,1,163.05,163.05,2025-02-27,completed,,North,233.07,2025-02-27,Home Item 02,Home,76.01,163.05,True
3691,2599,14,1,61.39,61.39,2025-02-27,processing,,South,61.39,2025-02-27,Home Item 06,Home,36.75,61.39,True
3692,2600,37,1,141.93,141.93,2025-02-27,completed,,East,141.93,2025-02-27,Fashion Item 05,Fashion,76.85,141.93,True
3693,2601,38,1,81.08,81.08,2025-02-27,completed,,East,81.08,2025-02-27,Fashion Item 06,Fashion,44.22,81.08,True
3694,2602,15,1,173.9,173.9,2025-02-27,completed,,East,173.9,2025-02-27,Home Item 07,Home,83.24,173.9,True
3695,2603,23,1,83.16,83.16,2025-02-27,completed,,Central,83.16,2025-02-27,Beauty Item 07,Beauty,39.32,83.16,True
3696,2604,33,1,171.28,171.28,2025-02-27,completed,,North,171.28,2025-02-27,Fashion Item 01,Fashion,77.9,171.28,True
3697,2605,36,1,53.45,53.45,2025-02-27,completed,,East,53.45,2025-02-27,Fashion Item 04,Fashion,28.42,53.45,True
3698,2606,8,1,20.47,20.47,2025-02-28,unknown_status,,Central,20.47,2025-02-28,Electronics Item 08,Electronics,12.26,20.47,False
3699,2607,14,2,61.39,122.78,2025-02-28,completed,,North,122.78,2025-02-28,Home Item 06,Home,36.75,61.39,True
3700,2608,14,2,61.39,122.78,2025-02-28,processing,,East,122.78,2025-02-28,Home Item 06,Home,36.75,61.39,True
3701,2609,46,2,125.88,251.76,2025-02-28,completed,,North,251.76,2025-02-28,Grocery Item 06,Grocery,73.75,125.88,True
3702,2610,37,1,141.93,141.93,2025-02-28,completed,,Central,141.93,2025-02-28,Fashion Item 05,Fashion,76.85,141.93,True
3703,2611,35,1,157.65,157.65,2025-02-28,completed,,South,157.65,2025-02-28,Fashion Item 03,Fashion,77.82,157.65,True
3704,2612,25,1,43.73,43.73,2025-02-28,completed,,South,43.73,2025-02-28,Sports Item 01,Sports,20.88,43.73,True
3705,2613,4,1,72.47,72.47,2025-02-28,completed,,North,72.47,2025-02-28,Electronics Item 04,Electronics,34.44,72.47,True
3706,2614,2,1,100.26,100.26,2025-02-28,completed,,Central,144.0,2025-02-28,Electronics Item 02,Electronics,54.16,100.26,True
3707,2614,34,1,43.74,43.74,2025-02-28,completed,,Central,144.0,2025-02-28,Fashion Item 02,Fashion,22.77,43.74,True
3708,2615,39,1,124.06,124.06,2025-02-28,completed,,South,124.06,2025-02-28,Fashion Item 07,Fashion,65.04,124.06,True
3709,2616,10,1,163.05,163.05,2025-02-28,completed,,East,163.05,2025-02-28,Home Item 02,Home,76.01,163.05,True
3710,2617,14,1,61.39,61.39,2025-02-28,completed,,South,61.39,2025-02-28,Home Item 06,Home,36.75,61.39,True
3711,2618,32,2,12.22,24.44,2025-02-28,completed,,South,24.44,2025-02-28,Sports Item 08,Sports,7.11,12.22,True
3712,2619,46,1,125.88,125.88,2025-02-28,completed,,East,125.88,2025-02-28,Grocery Item 06,Grocery,73.75,125.88,True
3713,2620,39,1,124.06,124.06,2025-02-28,completed,,Central,124.06,2025-02-28,Fashion Item 07,Fashion,65.04,124.06,True
3714,2621,11,1,115.23,115.23,2025-02-28,completed,,North,115.23,2025-02-28,Home Item 03,Home,73.04,115.23,True
3715,2622,44,1,69.13,69.13,2025-02-28,completed,,South,69.13,2025-02-28,Grocery Item 04,Grocery,46.32,69.13,True
3716,2623,8,1,20.47,20.47,2025-02-28,processing,,South,20.47,2025-02-28,Electronics Item 08,Electronics,12.26,20.47,True
3717,2624,23,1,83.16,83.16,2025-02-28,completed,,Central,83.16,2025-02-28,Beauty Item 07,Beauty,39.32,83.16,True
3718,2625,44,1,69.13,69.13,2025-02-28,completed,,Central,271.61,2025-02-28,Grocery Item 04,Grocery,46.32,69.13,True
3719,2625,40,1,202.48,202.48,2025-02-28,completed,,Central,271.61,2025-02-28,Fashion Item 08,Fashion,92.66,202.48,True
3720,2626,27,1,24.68,24.68,2025-02-28,completed,,South,24.68,2025-02-28,Sports Item 03,Sports,10.9,24.68,True
3721,2627,25,1,43.73,43.73,2025-02-28,completed,,South,43.73,2025-02-28,Sports Item 01,Sports,20.88,43.73,True
3722,2628,38,2,81.08,162.16,2025-02-28,completed,,East,162.16,2025-02-28,Fashion Item 06,Fashion,44.22,81.08,True
3723,2629,28,1,84.15,84.15,2025-02-28,completed,,South,219.85000000000002,2025-02-28,Sports Item 04,Sports,39.74,84.15,True
3724,2629,11,1,115.23,115.23,2025-02-28,completed,,South,219.85000000000002,2025-02-28,Home Item 03,Home,73.04,115.23,True
3725,2629,8,1,20.47,20.47,2025-02-28,completed,,South,219.85000000000002,2025-02-28,Electronics Item 08,Electronics,12.26,20.47,True
3726,2630,23,1,83.16,83.16,2025-02-28,completed,,Central,83.16,2025-02-28,Beauty Item 07,Beauty,39.32,83.16,True
3727,2631,43,1,24.61,24.61,2025-02-28,completed,,South,80.56,2025-02-28,Grocery Item 03,Grocery,11.56,24.61,True
3728,2631,32,1,12.22,12.22,2025-02-28,completed,,South,80.56,2025-02-28,Sports Item 08,Sports,7.11,12.22,True
3729,2631,25,1,43.73,43.73,2025-02-28,completed,,South,80.56,2025-02-28,Sports Item 01,Sports,20.88,43.73,True
3730,2632,32,1,12.22,12.22,2025-02-28,completed,,East,12.22,2025-02-28,Sports Item 08,Sports,7.11,12.22,True
3731,2633,28,3,84.15,252.45,2025-02-28,completed,,Central,252.45,2025-02-28,Sports Item 04,Sports,39.74,84.15,True
3732,2634,26,1,124.26,124.26,2025-02-28,completed,,South,124.26,2025-02-28,Sports Item 02,Sports,72.7,124.26,True
3733,2635,30,1,67.9,67.9,2025-02-28,unknown_status,,North,212.03,2025-02-28,Sports Item 06,Sports,46.01,67.9,False
3734,2635,16,1,144.13,144.13,2025-02-28,unknown_status,,North,212.03,2025-02-28,Home Item 08,Home,93.01,144.13,False
3735,2636,21,1,78.32,78.32,2025-02-28,cancelled,,South,573.65,2025-02-28,Beauty Item 05,Beauty,34.88,78.32,False
3736,2636,19,3,152.53,457.59,2025-02-28,cancelled,,South,573.65,2025-02-28,Beauty Item 03,Beauty,83.95,152.53,False
3737,2636,18,1,37.74,37.74,2025-02-28,cancelled,,South,573.65,2025-02-28,Beauty Item 02,Beauty,18.64,37.74,False
3738,2637,10,1,163.05,163.05,2025-02-28,completed,,North,163.05,2025-02-28,Home Item 02,Home,76.01,163.05,True
3739,2638,43,1,24.61,24.61,2025-02-28,completed,,South,57.3,2025-02-28,Grocery Item 03,Grocery,11.56,24.61,True
3740,2638,32,1,12.22,12.22,2025-02-28,completed,,South,57.3,2025-02-28,Sports Item 08,Sports,7.11,12.22,True
3741,2638,8,1,20.47,20.47,2025-02-28,completed,,South,57.3,2025-02-28,Electronics Item 08,Electronics,12.26,20.47,True
3742,2639,21,1,78.32,78.32,2025-02-28,completed,,North,147.45,2025-02-28,Beauty Item 05,Beauty,34.88,78.32,True
3743,2639,44,1,69.13,69.13,2025-02-28,completed,,North,147.45,2025-02-28,Grocery Item 04,Grocery,46.32,69.13,True
3744,2640,36,1,53.45,53.45,2025-02-28,completed,,South,290.88,2025-02-28,Fashion Item 04,Fashion,28.42,53.45,True
3745,2640,28,2,84.15,168.3,2025-02-28,completed,,South,290.88,2025-02-28,Sports Item 04,Sports,39.74,84.15,True
3746,2640,44,1,69.13,69.13,2025-02-28,completed,,South,290.88,2025-02-28,Grocery Item 04,Grocery,46.32,69.13,True
3747,2641,28,1,84.15,84.15,2025-02-28,completed,,North,84.15,2025-02-28,Sports Item 04,Sports,39.74,84.15,True
3748,2642,3,1,57.71,57.71,2025-02-28,completed,,North,57.71,2025-02-28,Electronics Item 03,Electronics,26.19,57.71,True
3749,2643,37,1,141.93,141.93,2025-02-28,completed,,Central,141.93,2025-02-28,Fashion Item 05,Fashion,76.85,141.93,True
3750,2644,10,3,163.05,489.15,2025-02-28,completed,,South,753.02,2025-02-28,Home Item 02,Home,76.01,163.05,True
3751,2644,14,1,61.39,61.39,2025-02-28,completed,,South,753.02,2025-02-28,Home Item 06,Home,36.75,61.39,True
3752,2644,40,1,202.48,202.48,2025-02-28,completed,,South,753.02,2025-02-28,Fashion Item 08,Fashion,92.66,202.48,True
3753,2645,14,1,61.39,61.39,2025-02-28,completed,,Central,61.39,2025-02-28,Home Item 06,Home,36.75,61.39,True
3754,2646,36,1,53.45,53.45,2025-02-28,completed,,Central,210.08999999999997,2025-02-28,Fashion Item 04,Fashion,28.42,53.45,True
3755,2646,21,2,78.32,156.64,2025-02-28,completed,,Central,210.08999999999997,2025-02-28,Beauty Item 05,Beauty,34.88,78.32,True
3756,2647,36,1,53.45,53.45,2025-02-28,completed,,Central,125.92,2025-02-28,Fashion Item 04,Fashion,28.42,53.45,True
3757,2647,4,1,72.47,72.47,2025-02-28,completed,,Central,125.92,2025-02-28,Electronics Item 04,Electronics,34.44,72.47,True
3758,2648,3,1,57.71,57.71,2025-02-28,completed,,North,57.71,2025-02-28,Electronics Item 03,Electronics,26.19,57.71,True
3759,2649,10,1,163.05,163.05,2025-02-28,completed,,South,183.52,2025-02-28,Home Item 02,Home,76.01,163.05,True
3760,2649,8,1,20.47,20.47,2025-02-28,completed,,South,183.52,2025-02-28,Electronics Item 08,Electronics,12.26,20.47,True
3761,2650,18,1,37.74,37.74,2025-03-01,completed,,South,37.74,2025-03-01,Beauty Item 02,Beauty,18.64,37.74,True
3762,2651,45,2,31.58,63.16,2025-03-01,processing,,East,63.16,2025-03-01,Grocery Item 05,Grocery,18.68,31.58,True
3763,2652,14,1,61.39,61.39,2025-03-01,completed,,Central,224.44,2025-03-01,Home Item 06,Home,36.75,61.39,True
3764,2652,10,1,163.05,163.05,2025-03-01,completed,,Central,224.44,2025-03-01,Home Item 02,Home,76.01,163.05,True
3765,2653,36,1,53.45,53.45,2025-03-01,processing,,South,53.45,2025-03-01,Fashion Item 04,Fashion,28.42,53.45,True
3766,2654,15,2,173.9,347.8,2025-03-01,completed,,East,347.8,2025-03-01,Home Item 07,Home,83.24,173.9,True
3767,2655,12,1,117.99,117.99,2025-03-01,completed,,North,117.99,2025-03-01,Home Item 04,Home,58.96,117.99,True
3768,2656,21,1,78.32,78.32,2025-03-01,completed,,South,235.97,2025-03-01,Beauty Item 05,Beauty,34.88,78.32,True
3769,2656,35,1,157.65,157.65,2025-03-01,completed,,South,235.97,2025-03-01,Fashion Item 03,Fashion,77.82,157.65,True
3770,2657,4,1,72.47,72.47,2025-03-01,completed,,East,225.0,2025-03-01,Electronics Item 04,Electronics,34.44,72.47,True
3771,2657,19,1,152.53,152.53,2025-03-01,completed,,East,225.0,2025-03-01,Beauty Item 03,Beauty,83.95,152.53,True
3772,2658,42,1,138.05,138.05,2025-03-01,completed,,South,138.05,2025-03-01,Grocery Item 02,Grocery,61.43,138.05,True
3773,2659,10,1,163.05,163.05,2025-03-01,completed,,East,285.83000000000004,2025-03-01,Home Item 02,Home,76.01,163.05,True
3774,2659,14,2,61.39,122.78,2025-03-01,completed,,East,285.83000000000004,2025-03-01,Home Item 06,Home,36.75,61.39,True
3775,2660,47,1,21.34,21.34,2025-03-01,completed,,East,21.34,2025-03-01,Grocery Item 07,Grocery,13.74,21.34,True
3776,2661,8,1,20.47,20.47,2025-03-01,completed,,Central,29.669999999999998,2025-03-01,Electronics Item 08,Electronics,12.26,20.47,True
3777,2661,29,1,9.2,9.2,2025-03-01,completed,,Central,29.669999999999998,2025-03-01,Sports Item 05,Sports,4.26,9.2,True
3778,2662,11,3,115.23,345.69,2025-03-01,completed,,Central,490.63,2025-03-01,Home Item 03,Home,73.04,115.23,True
3779,2662,4,2,72.47,144.94,2025-03-01,completed,,Central,490.63,2025-03-01,Electronics Item 04,Electronics,34.44,72.47,True
3780,2663,23,1,83.16,83.16,2025-03-01,cancelled,,Central,83.16,2025-03-01,Beauty Item 07,Beauty,39.32,83.16,False
3781,2664,44,1,69.13,69.13,2025-03-01,processing,,North,69.13,2025-03-01,Grocery Item 04,Grocery,46.32,69.13,True
3782,2665,31,1,19.71,19.71,2025-03-01,completed,,North,19.71,2025-03-01,Sports Item 07,Sports,11.9,19.71,True
3783,2666,35,1,157.65,157.65,2025-03-01,completed,,North,157.65,2025-03-01,Fashion Item 03,Fashion,77.82,157.65,True
3784,2667,14,1,61.39,61.39,2025-03-01,completed,,South,224.44,2025-03-01,Home Item 06,Home,36.75,61.39,True
3785,2667,10,1,163.05,163.05,2025-03-01,completed,,South,224.44,2025-03-01,Home Item 02,Home,76.01,163.05,True
3786,2668,35,1,157.65,157.65,2025-03-01,completed,,South,157.65,2025-03-01,Fashion Item 03,Fashion,77.82,157.65,True
3787,2669,4,1,72.47,72.47,2025-03-01,completed,,East,72.47,2025-03-01,Electronics Item 04,Electronics,34.44,72.47,True
3788,2670,14,1,61.39,61.39,2025-03-01,completed,,South,103.69,2025-03-01,Home Item 06,Home,36.75,61.39,True
3789,2670,20,1,42.3,42.3,2025-03-01,completed,,South,103.69,2025-03-01,Beauty Item 04,Beauty,18.73,42.3,True
3790,2671,28,1,84.15,84.15,2025-03-01,completed,,Central,133.37,2025-03-01,Sports Item 04,Sports,39.74,84.15,True
3791,2671,43,2,24.61,49.22,2025-03-01,completed,,Central,133.37,2025-03-01,Grocery Item 03,Grocery,11.56,24.61,True
3792,2672,31,1,19.71,19.71,2025-03-01,completed,,Central,19.71,2025-03-01,Sports Item 07,Sports,11.9,19.71,True
3793,2673,8,1,20.47,20.47,2025-03-01,completed,,Central,20.47,2025-03-01,Electronics Item 08,Electronics,12.26,20.47,True
3794,2674,15,2,173.9,347.8,2025-03-01,completed,,South,486.06,2025-03-01,Home Item 07,Home,83.24,173.9,True
3795,2674,44,2,69.13,138.26,2025-03-01,completed,,South,486.06,2025-03-01,Grocery Item 04,Grocery,46.32,69.13,True
3796,2675,28,1,84.15,84.15,2025-03-01,completed,,East,84.15,2025-03-01,Sports Item 04,Sports,39.74,84.15,True
3797,2676,46,1,125.88,125.88,2025-03-01,completed,,Central,125.88,2025-03-01,Grocery Item 06,Grocery,73.75,125.88,True
3798,2677,43,2,24.61,49.22,2025-03-01,cancelled,,North,110.61,2025-03-01,Grocery Item 03,Grocery,11.56,24.61,False
3799,2677,14,1,61.39,61.39,2025-03-01,cancelled,,North,110.61,2025-03-01,Home Item 06,Home,36.75,61.39,False
3800,2678,34,2,43.74,87.48,2025-03-01,completed,,Central,205.47,2025-03-01,Fashion Item 02,Fashion,22.77,43.74,True
3801,2678,12,1,117.99,117.99,2025-03-01,completed,,Central,205.47,2025-03-01,Home Item 04,Home,58.96,117.99,True
3802,2679,36,2,53.45,106.9,2025-03-01,completed,,North,106.9,2025-03-01,Fashion Item 04,Fashion,28.42,53.45,True
3803,2680,8,1,20.47,20.47,2025-03-01,completed,,Central,103.63,2025-03-01,Electronics Item 08,Electronics,12.26,20.47,True
3804,2680,23,1,83.16,83.16,2025-03-01,completed,,Central,103.63,2025-03-01,Beauty Item 07,Beauty,39.32,83.16,True
3805,2681,42,1,138.05,138.05,2025-03-01,completed,,East,138.05,2025-03-01,Grocery Item 02,Grocery,61.43,138.05,True
3806,2682,26,1,124.26,124.26,2025-03-01,completed,,East,124.26,2025-03-01,Sports Item 02,Sports,72.7,124.26,True
3807,2683,47,1,21.34,21.34,2025-03-01,completed,,South,65.07,2025-03-01,Grocery Item 07,Grocery,13.74,21.34,True
3808,2683,25,1,43.73,43.73,2025-03-01,completed,,South,65.07,2025-03-01,Sports Item 01,Sports,20.88,43.73,True
3809,2684,44,1,69.13,69.13,2025-03-01,completed,,South,69.13,2025-03-01,Grocery Item 04,Grocery,46.32,69.13,True
3810,2685,45,1,31.58,31.58,2025-03-01,completed,,North,31.58,2025-03-01,Grocery Item 05,Grocery,18.68,31.58,True
3811,2686,8,1,20.47,20.47,2025-03-01,completed,,East,20.47,2025-03-01,Electronics Item 08,Electronics,12.26,20.47,True
3812,2687,20,1,42.3,42.3,2025-03-01,completed,,North,42.3,2025-03-01,Beauty Item 04,Beauty,18.73,42.3,True
3813,2688,19,1,152.53,152.53,2025-03-02,refunded,,South,152.53,2025-03-02,Beauty Item 03,Beauty,83.95,152.53,False
3814,2689,16,1,144.13,144.13,2025-03-02,completed,,East,213.26,2025-03-02,Home Item 08,Home,93.01,144.13,True
3815,2689,44,1,69.13,69.13,2025-03-02,completed,,East,213.26,2025-03-02,Grocery Item 04,Grocery,46.32,69.13,True
3816,2690,13,2,34.71,69.42,2025-03-02,completed,,South,69.42,2025-03-02,Home Item 05,Home,15.9,34.71,True
3817,2691,42,1,138.05,138.05,2025-03-02,completed,,South,177.47000000000003,2025-03-02,Grocery Item 02,Grocery,61.43,138.05,True
3818,2691,31,2,19.71,39.42,2025-03-02,completed,,South,177.47000000000003,2025-03-02,Sports Item 07,Sports,11.9,19.71,True
3819,2692,30,1,67.9,67.9,2025-03-02,completed,,North,146.22,2025-03-02,Sports Item 06,Sports,46.01,67.9,True
3820,2692,21,1,78.32,78.32,2025-03-02,completed,,North,146.22,2025-03-02,Beauty Item 05,Beauty,34.88,78.32,True
3821,2693,27,1,24.68,24.68,2025-03-02,completed,,East,24.68,2025-03-02,Sports Item 03,Sports,10.9,24.68,True
3822,2694,34,1,43.74,43.74,2025-03-02,completed,,North,43.74,2025-03-02,Fashion Item 02,Fashion,22.77,43.74,True
3823,2695,14,1,61.39,61.39,2025-03-02,completed,,North,61.39,2025-03-02,Home Item 06,Home,36.75,61.39,True
3824,2696,20,2,42.3,84.6,2025-03-02,completed,,Central,255.88,2025-03-02,Beauty Item 04,Beauty,18.73,42.3,True
3825,2696,33,1,171.28,171.28,2025-03-02,completed,,Central,255.88,2025-03-02,Fashion Item 01,Fashion,77.9,171.28,True
3826,2697,34,1,43.74,43.74,2025-03-02,completed,,East,43.74,2025-03-02,Fashion Item 02,Fashion,22.77,43.74,True
3827,2698,14,3,61.39,184.17,2025-03-02,completed,,Central,184.17,2025-03-02,Home Item 06,Home,36.75,61.39,True
3828,2699,28,1,84.15,84.15,2025-03-02,completed,,East,105.49000000000001,2025-03-02,Sports Item 04,Sports,39.74,84.15,True
3829,2699,47,1,21.34,21.34,2025-03-02,completed,,East,105.49000000000001,2025-03-02,Grocery Item 07,Grocery,13.74,21.34,True
3830,2700,3,2,57.71,115.42,2025-03-02,completed,,Central,115.42,2025-03-02,Electronics Item 03,Electronics,26.19,57.71,True
3831,2701,32,1,12.22,12.22,2025-03-02,completed,,East,95.38,2025-03-02,Sports Item 08,Sports,7.11,12.22,True
3832,2701,23,1,83.16,83.16,2025-03-02,completed,,East,95.38,2025-03-02,Beauty Item 07,Beauty,39.32,83.16,True
3833,2702,26,1,124.26,124.26,2025-03-02,cancelled,,Central,287.31,2025-03-02,Sports Item 02,Sports,72.7,124.26,False
3834,2702,10,1,163.05,163.05,2025-03-02,cancelled,,Central,287.31,2025-03-02,Home Item 02,Home,76.01,163.05,False
3835,2703,46,1,125.88,125.88,2025-03-02,completed,,North,125.88,2025-03-02,Grocery Item 06,Grocery,73.75,125.88,True
3836,2704,27,1,24.68,24.68,2025-03-02,completed,,South,86.07,2025-03-02,Sports Item 03,Sports,10.9,24.68,True
3837,2704,14,1,61.39,61.39,2025-03-02,completed,,South,86.07,2025-03-02,Home Item 06,Home,36.75,61.39,True
3838,2705,35,1,157.65,157.65,2025-03-02,completed,,North,157.65,2025-03-02,Fashion Item 03,Fashion,77.82,157.65,True
3839,2706,6,1,88.2,88.2,2025-03-02,completed,,North,254.51999999999998,2025-03-02,Electronics Item 06,Electronics,39.5,88.2,True
3840,2706,23,2,83.16,166.32,2025-03-02,completed,,North,254.51999999999998,2025-03-02,Beauty Item 07,Beauty,39.32,83.16,True
3841,2707,30,2,67.9,135.8,2025-03-02,completed,,East,135.8,2025-03-02,Sports Item 06,Sports,46.01,67.9,True
3842,2708,14,2,61.39,122.78,2025-03-02,completed,,North,122.78,2025-03-02,Home Item 06,Home,36.75,61.39,True
3843,2709,34,2,43.74,87.48,2025-03-02,completed,,East,87.48,2025-03-02,Fashion Item 02,Fashion,22.77,43.74,True
3844,2710,38,1,81.08,81.08,2025-03-02,completed,,North,163.57,2025-03-02,Fashion Item 06,Fashion,44.22,81.08,True
3845,2710,5,1,61.15,61.15,2025-03-02,completed,,North,163.57,2025-03-02,Electronics Item 05,Electronics,33.0,61.15,True
3846,2710,47,1,21.34,21.34,2025-03-02,completed,,North,163.57,2025-03-02,Grocery Item 07,Grocery,13.74,21.34,True
3847,2711,33,1,171.28,171.28,2025-03-02,completed,,Central,171.28,2025-03-02,Fashion Item 01,Fashion,77.9,171.28,True
3848,2712,23,1,83.16,83.16,2025-03-02,completed,,East,83.16,2025-03-02,Beauty Item 07,Beauty,39.32,83.16,True
3849,2713,35,1,157.65,157.65,2025-03-02,cancelled,,East,283.53,2025-03-02,Fashion Item 03,Fashion,77.82,157.65,False
3850,2713,46,1,125.88,125.88,2025-03-02,cancelled,,East,283.53,2025-03-02,Grocery Item 06,Grocery,73.75,125.88,False
3851,2714,23,2,83.16,166.32,2025-03-02,completed,,East,186.79,2025-03-02,Beauty Item 07,Beauty,39.32,83.16,True
3852,2714,8,1,20.47,20.47,2025-03-02,completed,,East,186.79,2025-03-02,Electronics Item 08,Electronics,12.26,20.47,True
3853,2715,28,1,84.15,84.15,2025-03-02,completed,,South,126.45,2025-03-02,Sports Item 04,Sports,39.74,84.15,True
3854,2715,20,1,42.3,42.3,2025-03-02,completed,,South,126.45,2025-03-02,Beauty Item 04,Beauty,18.73,42.3,True
3855,2716,11,1,115.23,115.23,2025-03-02,refunded,,South,115.23,2025-03-02,Home Item 03,Home,73.04,115.23,False
3856,2717,3,1,57.71,57.71,2025-03-02,completed,,East,57.71,2025-03-02,Electronics Item 03,Electronics,26.19,57.71,True
3857,2718,40,1,202.48,202.48,2025-03-02,completed,,North,328.36,2025-03-02,Fashion Item 08,Fashion,92.66,202.48,True
3858,2718,46,1,125.88,125.88,2025-03-02,completed,,North,328.36,2025-03-02,Grocery Item 06,Grocery,73.75,125.88,True
3859,2719,21,1,78.32,78.32,2025-03-02,completed,,North,78.32,2025-03-02,Beauty Item 05,Beauty,34.88,78.32,True
3860,2720,21,1,78.32,78.32,2025-03-02,completed,,East,241.37,2025-03-02,Beauty Item 05,Beauty,34.88,78.32,True
3861,2720,10,1,163.05,163.05,2025-03-02,completed,,East,241.37,2025-03-02,Home Item 02,Home,76.01,163.05,True
3862,2721,13,1,34.71,34.71,2025-03-02,completed,,South,34.71,2025-03-02,Home Item 05,Home,15.9,34.71,True
3863,2722,18,2,37.74,75.48,2025-03-02,completed,,Central,75.48,2025-03-02,Beauty Item 02,Beauty,18.64,37.74,True
3864,2723,32,1,12.22,12.22,2025-03-02,completed,,Central,186.12,2025-03-02,Sports Item 08,Sports,7.11,12.22,True
3865,2723,15,1,173.9,173.9,2025-03-02,completed,,Central,186.12,2025-03-02,Home Item 07,Home,83.24,173.9,True
3866,2724,40,2,202.48,404.96,2025-03-02,completed,,East,529.22,2025-03-02,Fashion Item 08,Fashion,92.66,202.48,True
3867,2724,26,1,124.26,124.26,2025-03-02,completed,,East,529.22,2025-03-02,Sports Item 02,Sports,72.7,124.26,True
3868,2725,36,3,53.45,160.35,2025-03-02,completed,,East,180.82,2025-03-02,Fashion Item 04,Fashion,28.42,53.45,True
3869,2725,8,1,20.47,20.47,2025-03-02,completed,,East,180.82,2025-03-02,Electronics Item 08,Electronics,12.26,20.47,True
3870,2726,46,1,125.88,125.88,2025-03-02,completed,,Central,183.88,2025-03-02,Grocery Item 06,Grocery,73.75,125.88,True
3871,2726,32,3,12.22,36.66,2025-03-02,completed,,Central,183.88,2025-03-02,Sports Item 08,Sports,7.11,12.22,True
3872,2726,47,1,21.34,21.34,2025-03-02,completed,,Central,183.88,2025-03-02,Grocery Item 07,Grocery,13.74,21.34,True
3873,2727,27,1,24.68,24.68,2025-03-02,cancelled,,North,157.87,2025-03-02,Sports Item 03,Sports,10.9,24.68,False
3874,2727,3,1,57.71,57.71,2025-03-02,cancelled,,North,157.87,2025-03-02,Electronics Item 03,Electronics,26.19,57.71,False
3875,2727,18,2,37.74,75.48,2025-03-02,cancelled,,North,157.87,2025-03-02,Beauty Item 02,Beauty,18.64,37.74,False
3876,2728,23,1,83.16,83.16,2025-03-03,completed,,East,83.16,2025-03-03,Beauty Item 07,Beauty,39.32,83.16,True
3877,2729,6,1,88.2,88.2,2025-03-03,completed,,North,88.2,2025-03-03,Electronics Item 06,Electronics,39.5,88.2,True
3878,2730,35,3,157.65,472.95,2025-03-03,completed,,East,557.1,2025-03-03,Fashion Item 03,Fashion,77.82,157.65,True
3879,2730,28,1,84.15,84.15,2025-03-03,completed,,East,557.1,2025-03-03,Sports Item 04,Sports,39.74,84.15,True
3880,2731,24,1,29.56,29.56,2025-03-03,completed,,North,29.56,2025-03-03,Beauty Item 08,Beauty,14.55,29.56,True
3881,2732,20,1,42.3,42.3,2025-03-03,completed,,South,42.3,2025-03-03,Beauty Item 04,Beauty,18.73,42.3,True
3882,2733,35,1,157.65,157.65,2025-03-03,completed,,South,261.28,2025-03-03,Fashion Item 03,Fashion,77.82,157.65,True
3883,2733,23,1,83.16,83.16,2025-03-03,completed,,South,261.28,2025-03-03,Beauty Item 07,Beauty,39.32,83.16,True
3884,2733,8,1,20.47,20.47,2025-03-03,completed,,South,261.28,2025-03-03,Electronics Item 08,Electronics,12.26,20.47,True
3885,2734,21,1,78.32,78.32,2025-03-03,completed,,East,78.32,2025-03-03,Beauty Item 05,Beauty,34.88,78.32,True
3886,2735,25,1,43.73,43.73,2025-03-03,completed,,Central,43.73,2025-03-03,Sports Item 01,Sports,20.88,43.73,True
3887,2736,10,1,163.05,163.05,2025-03-03,cancelled,,East,224.44,2025-03-03,Home Item 02,Home,76.01,163.05,False
3888,2736,14,1,61.39,61.39,2025-03-03,cancelled,,East,224.44,2025-03-03,Home Item 06,Home,36.75,61.39,False
3889,2737,20,1,42.3,42.3,2025-03-03,completed,,South,42.3,2025-03-03,Beauty Item 04,Beauty,18.73,42.3,True
3890,2738,10,1,163.05,163.05,2025-03-03,completed,,North,163.05,2025-03-03,Home Item 02,Home,76.01,163.05,True
3891,2739,45,2,31.58,63.16,2025-03-03,completed,,East,63.16,2025-03-03,Grocery Item 05,Grocery,18.68,31.58,True
3892,2740,20,1,42.3,42.3,2025-03-03,completed,,East,42.3,2025-03-03,Beauty Item 04,Beauty,18.73,42.3,True
3893,2741,6,2,88.2,176.4,2025-03-03,completed,,North,254.72,2025-03-03,Electronics Item 06,Electronics,39.5,88.2,True
3894,2741,21,1,78.32,78.32,2025-03-03,completed,,North,254.72,2025-03-03,Beauty Item 05,Beauty,34.88,78.32,True
3895,2742,8,1,20.47,20.47,2025-03-03,cancelled,,North,194.37,2025-03-03,Electronics Item 08,Electronics,12.26,20.47,False
3896,2742,15,1,173.9,173.9,2025-03-03,cancelled,,North,194.37,2025-03-03,Home Item 07,Home,83.24,173.9,False
3897,2743,35,1,157.65,157.65,2025-03-03,processing,,East,299.58000000000004,2025-03-03,Fashion Item 03,Fashion,77.82,157.65,True
3898,2743,37,1,141.93,141.93,2025-03-03,processing,,East,299.58000000000004,2025-03-03,Fashion Item 05,Fashion,76.85,141.93,True
3899,2744,14,1,61.39,61.39,2025-03-03,processing,,North,256.4,2025-03-03,Home Item 06,Home,36.75,61.39,True
3900,2744,44,1,69.13,69.13,2025-03-03,processing,,North,256.4,2025-03-03,Grocery Item 04,Grocery,46.32,69.13,True
3901,2744,46,1,125.88,125.88,2025-03-03,processing,,North,256.4,2025-03-03,Grocery Item 06,Grocery,73.75,125.88,True
3902,2745,35,1,157.65,157.65,2025-03-03,completed,,North,157.65,2025-03-03,Fashion Item 03,Fashion,77.82,157.65,True
3903,2746,8,1,20.47,20.47,2025-03-03,completed,,East,20.47,2025-03-03,Electronics Item 08,Electronics,12.26,20.47,True
3904,2747,23,1,83.16,83.16,2025-03-03,completed,,South,83.16,2025-03-03,Beauty Item 07,Beauty,39.32,83.16,True
3905,2748,28,1,84.15,84.15,2025-03-03,completed,,East,84.15,2025-03-03,Sports Item 04,Sports,39.74,84.15,True
3906,2749,8,1,20.47,20.47,2025-03-03,completed,,South,20.47,2025-03-03,Electronics Item 08,Electronics,12.26,20.47,True
3907,2750,28,2,84.15,168.3,2025-03-03,completed,,South,168.3,2025-03-03,Sports Item 04,Sports,39.74,84.15,True
3908,2751,20,1,42.3,42.3,2025-03-03,processing,,Central,210.60000000000002,2025-03-03,Beauty Item 04,Beauty,18.73,42.3,True
3909,2751,28,2,84.15,168.3,2025-03-03,processing,,Central,210.60000000000002,2025-03-03,Sports Item 04,Sports,39.74,84.15,True
3910,2752,4,2,72.47,144.94,2025-03-03,completed,,South,198.39,2025-03-03,Electronics Item 04,Electronics,34.44,72.47,True
3911,2752,36,1,53.45,53.45,2025-03-03,completed,,South,198.39,2025-03-03,Fashion Item 04,Fashion,28.42,53.45,True
3912,2753,47,2,21.34,42.68,2025-03-03,completed,,Central,115.15,2025-03-03,Grocery Item 07,Grocery,13.74,21.34,True
3913,2753,4,1,72.47,72.47,2025-03-03,completed,,Central,115.15,2025-03-03,Electronics Item 04,Electronics,34.44,72.47,True
3914,2754,36,1,53.45,53.45,2025-03-03,refunded,,North,114.84,2025-03-03,Fashion Item 04,Fashion,28.42,53.45,False
3915,2754,14,1,61.39,61.39,2025-03-03,refunded,,North,114.84,2025-03-03,Home Item 06,Home,36.75,61.39,False
3916,2755,44,2,69.13,138.26,2025-03-03,completed,,East,191.70999999999998,2025-03-03,Grocery Item 04,Grocery,46.32,69.13,True
3917,2755,36,1,53.45,53.45,2025-03-03,completed,,East,191.70999999999998,2025-03-03,Fashion Item 04,Fashion,28.42,53.45,True
3918,2756,43,3,24.61,73.83,2025-03-03,processing,,Central,73.83,2025-03-03,Grocery Item 03,Grocery,11.56,24.61,True
3919,2757,34,1,43.74,43.74,2025-03-03,completed,,Central,112.87,2025-03-03,Fashion Item 02,Fashion,22.77,43.74,True
3920,2757,44,1,69.13,69.13,2025-03-03,completed,,Central,112.87,2025-03-03,Grocery Item 04,Grocery,46.32,69.13,True
3921,2758,23,1,83.16,83.16,2025-03-03,completed,,Central,83.16,2025-03-03,Beauty Item 07,Beauty,39.32,83.16,True
3922,2759,36,1,53.45,53.45,2025-03-03,completed,,South,94.39,2025-03-03,Fashion Item 04,Fashion,28.42,53.45,True
3923,2759,8,2,20.47,40.94,2025-03-03,completed,,South,94.39,2025-03-03,Electronics Item 08,Electronics,12.26,20.47,True
3924,2760,14,1,61.39,61.39,2025-03-03,completed,,East,61.39,2025-03-03,Home Item 06,Home,36.75,61.39,True
3925,2761,34,1,43.74,43.74,2025-03-03,completed,,South,316.87,2025-03-03,Fashion Item 02,Fashion,22.77,43.74,True
3926,2761,26,2,124.26,248.52,2025-03-03,completed,,South,316.87,2025-03-03,Sports Item 02,Sports,72.7,124.26,True
3927,2761,43,1,24.61,24.61,2025-03-03,completed,,South,316.87,2025-03-03,Grocery Item 03,Grocery,11.56,24.61,True
3928,2762,22,3,75.66,226.98,2025-03-03,completed,,North,226.98,2025-03-03,Beauty Item 06,Beauty,36.14,75.66,True
3929,2763,14,1,61.39,61.39,2025-03-04,completed,,South,61.39,2025-03-04,Home Item 06,Home,36.75,61.39,True
3930,2764,28,1,84.15,84.15,2025-03-04,completed,,Central,84.15,2025-03-04,Sports Item 04,Sports,39.74,84.15,True
3931,2765,3,1,57.71,57.71,2025-03-04,completed,,North,177.49,2025-03-04,Electronics Item 03,Electronics,26.19,57.71,True
3932,2765,45,1,31.58,31.58,2025-03-04,completed,,North,177.49,2025-03-04,Grocery Item 05,Grocery,18.68,31.58,True
3933,2765,6,1,88.2,88.2,2025-03-04,completed,,North,177.49,2025-03-04,Electronics Item 06,Electronics,39.5,88.2,True
3934,2766,23,1,83.16,83.16,2025-03-04,completed,,North,83.16,2025-03-04,Beauty Item 07,Beauty,39.32,83.16,True
3935,2767,21,1,78.32,78.32,2025-03-04,completed,,Central,78.32,2025-03-04,Beauty Item 05,Beauty,34.88,78.32,True
3936,2768,37,2,141.93,283.86,2025-03-04,completed,,North,283.86,2025-03-04,Fashion Item 05,Fashion,76.85,141.93,True
3937,2769,10,1,163.05,163.05,2025-03-04,completed,,East,393.51,2025-03-04,Home Item 02,Home,76.01,163.05,True
3938,2769,11,2,115.23,230.46,2025-03-04,completed,,East,393.51,2025-03-04,Home Item 03,Home,73.04,115.23,True
3939,2770,19,1,152.53,152.53,2025-03-04,completed,,South,152.53,2025-03-04,Beauty Item 03,Beauty,83.95,152.53,True
3940,2771,23,1,83.16,83.16,2025-03-04,completed,,North,83.16,2025-03-04,Beauty Item 07,Beauty,39.32,83.16,True
3941,2772,11,1,115.23,115.23,2025-03-04,completed,,East,115.23,2025-03-04,Home Item 03,Home,73.04,115.23,True
3942,2773,44,1,69.13,69.13,2025-03-04,completed,,East,172.99,2025-03-04,Grocery Item 04,Grocery,46.32,69.13,True
3943,2773,28,1,84.15,84.15,2025-03-04,completed,,East,172.99,2025-03-04,Sports Item 04,Sports,39.74,84.15,True
3944,2773,31,1,19.71,19.71,2025-03-04,completed,,East,172.99,2025-03-04,Sports Item 07,Sports,11.9,19.71,True
3945,2774,10,1,163.05,163.05,2025-03-04,completed,,East,163.05,2025-03-04,Home Item 02,Home,76.01,163.05,True
3946,2775,26,1,124.26,124.26,2025-03-04,completed,,East,124.26,2025-03-04,Sports Item 02,Sports,72.7,124.26,True
3947,2776,25,1,43.73,43.73,2025-03-04,completed,,Central,65.07,2025-03-04,Sports Item 01,Sports,20.88,43.73,True
3948,2776,47,1,21.34,21.34,2025-03-04,completed,,Central,65.07,2025-03-04,Grocery Item 07,Grocery,13.74,21.34,True
3949,2777,10,2,163.05,326.1,2025-03-04,cancelled,,East,326.1,2025-03-04,Home Item 02,Home,76.01,163.05,False
3950,2778,8,2,20.47,40.94,2025-03-04,completed,,East,40.94,2025-03-04,Electronics Item 08,Electronics,12.26,20.47,True
3951,2779,30,1,67.9,67.9,2025-03-04,cancelled,,North,297.19,2025-03-04,Sports Item 06,Sports,46.01,67.9,False
3952,2779,1,1,114.06,114.06,2025-03-04,cancelled,,North,297.19,2025-03-04,Electronics Item 01,Electronics,75.52,114.06,False
3953,2779,11,1,115.23,115.23,2025-03-04,cancelled,,North,297.19,2025-03-04,Home Item 03,Home,73.04,115.23,False
3954,2780,31,1,19.71,19.71,2025-03-04,completed,,North,19.71,2025-03-04,Sports Item 07,Sports,11.9,19.71,True
3955,2781,35,3,157.65,472.95,2025-03-04,completed,,South,472.95,2025-03-04,Fashion Item 03,Fashion,77.82,157.65,True
3956,2782,20,1,42.3,42.3,2025-03-04,completed,,North,126.45,2025-03-04,Beauty Item 04,Beauty,18.73,42.3,True
3957,2782,28,1,84.15,84.15,2025-03-04,completed,,North,126.45,2025-03-04,Sports Item 04,Sports,39.74,84.15,True
3958,2783,32,2,12.22,24.44,2025-03-04,completed,,South,24.44,2025-03-04,Sports Item 08,Sports,7.11,12.22,True
3959,2784,21,1,78.32,78.32,2025-03-04,completed,,East,78.32,2025-03-04,Beauty Item 05,Beauty,34.88,78.32,True
3960,2785,4,1,72.47,72.47,2025-03-04,cancelled,,North,72.47,2025-03-04,Electronics Item 04,Electronics,34.44,72.47,False
3961,2786,21,1,78.32,78.32,2025-03-04,completed,,East,78.32,2025-03-04,Beauty Item 05,Beauty,34.88,78.32,True
3962,2787,32,1,12.22,12.22,2025-03-04,cancelled,,East,12.22,2025-03-04,Sports Item 08,Sports,7.11,12.22,False
3963,2788,45,1,31.58,31.58,2025-03-04,completed,,North,31.58,2025-03-04,Grocery Item 05,Grocery,18.68,31.58,True
3964,2789,13,1,34.71,34.71,2025-03-04,completed,,Central,149.94,2025-03-04,Home Item 05,Home,15.9,34.71,True
3965,2789,11,1,115.23,115.23,2025-03-04,completed,,Central,149.94,2025-03-04,Home Item 03,Home,73.04,115.23,True
3966,2790,10,1,163.05,163.05,2025-03-04,processing,,South,163.05,2025-03-04,Home Item 02,Home,76.01,163.05,True
3967,2791,40,1,202.48,202.48,2025-03-04,cancelled,,Central,360.13,2025-03-04,Fashion Item 08,Fashion,92.66,202.48,False
3968,2791,35,1,157.65,157.65,2025-03-04,cancelled,,Central,360.13,2025-03-04,Fashion Item 03,Fashion,77.82,157.65,False
3969,2792,35,1,157.65,157.65,2025-03-04,completed,,East,157.65,2025-03-04,Fashion Item 03,Fashion,77.82,157.65,True
3970,2793,42,2,138.05,276.1,2025-03-04,completed,,Central,276.1,2025-03-04,Grocery Item 02,Grocery,61.43,138.05,True
3971,2794,45,3,31.58,94.74,2025-03-04,refunded,,North,94.74,2025-03-04,Grocery Item 05,Grocery,18.68,31.58,False
3972,2795,36,2,53.45,106.9,2025-03-04,completed,,North,106.9,2025-03-04,Fashion Item 04,Fashion,28.42,53.45,True
3973,2796,32,2,12.22,24.44,2025-03-04,completed,,South,24.44,2025-03-04,Sports Item 08,Sports,7.11,12.22,True
3974,2797,30,1,67.9,67.9,2025-03-04,cancelled,,North,67.9,2025-03-04,Sports Item 06,Sports,46.01,67.9,False
3975,2798,12,3,117.99,353.97,2025-03-04,completed,,Central,353.97,2025-03-04,Home Item 04,Home,58.96,117.99,True
3976,2799,37,3,141.93,425.79,2025-03-04,completed,,North,425.79,2025-03-04,Fashion Item 05,Fashion,76.85,141.93,True
3977,2800,37,2,141.93,283.86,2025-03-04,completed,,North,318.57,2025-03-04,Fashion Item 05,Fashion,76.85,141.93,True
3978,2800,13,1,34.71,34.71,2025-03-04,completed,,North,318.57,2025-03-04,Home Item 05,Home,15.9,34.71,True
3979,2801,15,2,173.9,347.8,2025-03-04,completed,,Central,347.8,2025-03-04,Home Item 07,Home,83.24,173.9,True
3980,2802,23,1,83.16,83.16,2025-03-04,completed,,East,83.16,2025-03-04,Beauty Item 07,Beauty,39.32,83.16,True
3981,2803,25,1,43.73,43.73,2025-03-04,completed,,North,111.63,2025-03-04,Sports Item 01,Sports,20.88,43.73,True
3982,2803,30,1,67.9,67.9,2025-03-04,completed,,North,111.63,2025-03-04,Sports Item 06,Sports,46.01,67.9,True
3983,2804,47,2,21.34,42.68,2025-03-04,processing,,East,42.68,2025-03-04,Grocery Item 07,Grocery,13.74,21.34,True
3984,2805,30,1,67.9,67.9,2025-03-04,processing,,North,67.9,2025-03-04,Sports Item 06,Sports,46.01,67.9,True
3985,2806,37,1,141.93,141.93,2025-03-04,processing,,East,141.93,2025-03-04,Fashion Item 05,Fashion,76.85,141.93,True
3986,2807,1,1,114.06,114.06,2025-03-04,completed,,South,167.51,2025-03-04,Electronics Item 01,Electronics,75.52,114.06,True
3987,2807,36,1,53.45,53.45,2025-03-04,completed,,South,167.51,2025-03-04,Fashion Item 04,Fashion,28.42,53.45,True
3988,2808,10,1,163.05,163.05,2025-03-04,completed,,South,163.05,2025-03-04,Home Item 02,Home,76.01,163.05,True
3989,2809,23,1,83.16,83.16,2025-03-04,processing,,Central,83.16,2025-03-04,Beauty Item 07,Beauty,39.32,83.16,True
3990,2810,14,1,61.39,61.39,2025-03-04,completed,,South,61.39,2025-03-04,Home Item 06,Home,36.75,61.39,True
3991,2811,10,1,163.05,163.05,2025-03-04,completed,,South,163.05,2025-03-04,Home Item 02,Home,76.01,163.05,True
3992,2812,14,1,61.39,61.39,2025-03-04,completed,,Central,61.39,2025-03-04,Home Item 06,Home,36.75,61.39,True
3993,2813,8,1,20.47,20.47,2025-03-04,processing,,Central,20.47,2025-03-04,Electronics Item 08,Electronics,12.26,20.47,True
3994,2814,44,1,69.13,69.13,2025-03-04,completed,,Central,69.13,2025-03-04,Grocery Item 04,Grocery,46.32,69.13,True
3995,2815,21,2,78.32,156.64,2025-03-04,cancelled,,Central,198.94,2025-03-04,Beauty Item 05,Beauty,34.88,78.32,False
3996,2815,20,1,42.3,42.3,2025-03-04,cancelled,,Central,198.94,2025-03-04,Beauty Item 04,Beauty,18.73,42.3,False
3997,2816,28,1,84.15,84.15,2025-03-04,completed,,North,84.15,2025-03-04,Sports Item 04,Sports,39.74,84.15,True
3998,2817,14,1,61.39,61.39,2025-03-04,cancelled,,South,61.39,2025-03-04,Home Item 06,Home,36.75,61.39,False
3999,2818,44,2,69.13,138.26,2025-03-04,completed,,Central,138.26,2025-03-04,Grocery Item 04,Grocery,46.32,69.13,True
4000,2819,28,1,84.15,84.15,2025-03-04,completed,,Central,84.15,2025-03-04,Sports Item 04,Sports,39.74,84.15,True
4001,2820,10,1,163.05,163.05,2025-03-04,completed,,Central,163.05,2025-03-04,Home Item 02,Home,76.01,163.05,True
4002,2821,14,1,61.39,61.39,2025-03-04,completed,,East,61.39,2025-03-04,Home Item 06,Home,36.75,61.39,True
4003,2822,43,1,24.61,24.61,2025-03-04,completed,,South,177.14,2025-03-04,Grocery Item 03,Grocery,11.56,24.61,True
4004,2822,19,1,152.53,152.53,2025-03-04,completed,,South,177.14,2025-03-04,Beauty Item 03,Beauty,83.95,152.53,True
4005,2823,46,2,125.88,251.76,2025-03-05,completed,,Central,251.76,2025-03-05,Grocery Item 06,Grocery,73.75,125.88,True
4006,2824,3,1,57.71,57.71,2025-03-05,cancelled,,Central,57.71,2025-03-05,Electronics Item 03,Electronics,26.19,57.71,False
4007,2825,47,1,21.34,21.34,2025-03-05,completed,,South,305.2,2025-03-05,Grocery Item 07,Grocery,13.74,21.34,True
4008,2825,37,2,141.93,283.86,2025-03-05,completed,,South,305.2,2025-03-05,Fashion Item 05,Fashion,76.85,141.93,True
4009,2826,30,1,67.9,67.9,2025-03-05,completed,,South,67.9,2025-03-05,Sports Item 06,Sports,46.01,67.9,True
4010,2827,23,1,83.16,83.16,2025-03-05,completed,,South,83.16,2025-03-05,Beauty Item 07,Beauty,39.32,83.16,True
4011,2828,5,1,61.15,61.15,2025-03-05,processing,,North,232.43,2025-03-05,Electronics Item 05,Electronics,33.0,61.15,True
4012,2828,33,1,171.28,171.28,2025-03-05,processing,,North,232.43,2025-03-05,Fashion Item 01,Fashion,77.9,171.28,True
4013,2829,32,1,12.22,12.22,2025-03-05,completed,,South,359.1,2025-03-05,Sports Item 08,Sports,7.11,12.22,True
4014,2829,35,2,157.65,315.3,2025-03-05,completed,,South,359.1,2025-03-05,Fashion Item 03,Fashion,77.82,157.65,True
4015,2829,45,1,31.58,31.58,2025-03-05,completed,,South,359.1,2025-03-05,Grocery Item 05,Grocery,18.68,31.58,True
4016,2830,14,1,61.39,61.39,2025-03-05,completed,,North,61.39,2025-03-05,Home Item 06,Home,36.75,61.39,True
4017,2831,1,1,114.06,114.06,2025-03-05,completed,,East,390.16,2025-03-05,Electronics Item 01,Electronics,75.52,114.06,True
4018,2831,42,2,138.05,276.1,2025-03-05,completed,,East,390.16,2025-03-05,Grocery Item 02,Grocery,61.43,138.05,True
4019,2832,40,1,202.48,202.48,2025-03-05,completed,,North,402.13,2025-03-05,Fashion Item 08,Fashion,92.66,202.48,True
4020,2832,14,1,61.39,61.39,2025-03-05,completed,,North,402.13,2025-03-05,Home Item 06,Home,36.75,61.39,True
4021,2832,44,2,69.13,138.26,2025-03-05,completed,,North,402.13,2025-03-05,Grocery Item 04,Grocery,46.32,69.13,True
4022,2833,37,1,141.93,141.93,2025-03-05,completed,,East,203.32,2025-03-05,Fashion Item 05,Fashion,76.85,141.93,True
4023,2833,14,1,61.39,61.39,2025-03-05,completed,,East,203.32,2025-03-05,Home Item 06,Home,36.75,61.39,True
4024,2834,42,1,138.05,138.05,2025-03-05,completed,,North,221.21,2025-03-05,Grocery Item 02,Grocery,61.43,138.05,True
4025,2834,23,1,83.16,83.16,2025-03-05,completed,,North,221.21,2025-03-05,Beauty Item 07,Beauty,39.32,83.16,True
4026,2835,8,1,20.47,20.47,2025-03-05,cancelled,,North,20.47,2025-03-05,Electronics Item 08,Electronics,12.26,20.47,False
4027,2836,10,1,163.05,163.05,2025-03-05,completed,,North,459.73,2025-03-05,Home Item 02,Home,76.01,163.05,True
4028,2836,15,1,173.9,173.9,2025-03-05,completed,,North,459.73,2025-03-05,Home Item 07,Home,83.24,173.9,True
4029,2836,14,2,61.39,122.78,2025-03-05,completed,,North,459.73,2025-03-05,Home Item 06,Home,36.75,61.39,True
4030,2837,25,1,43.73,43.73,2025-03-05,completed,,South,64.19999999999999,2025-03-05,Sports Item 01,Sports,20.88,43.73,True
4031,2837,8,1,20.47,20.47,2025-03-05,completed,,South,64.19999999999999,2025-03-05,Electronics Item 08,Electronics,12.26,20.47,True
4032,2838,37,1,141.93,141.93,2025-03-05,completed,,South,299.58000000000004,2025-03-05,Fashion Item 05,Fashion,76.85,141.93,True
4033,2838,35,1,157.65,157.65,2025-03-05,completed,,South,299.58000000000004,2025-03-05,Fashion Item 03,Fashion,77.82,157.65,True
4034,2839,10,1,163.05,163.05,2025-03-05,completed,,North,163.05,2025-03-05,Home Item 02,Home,76.01,163.05,True
4035,2840,35,1,157.65,157.65,2025-03-05,completed,,East,562.61,2025-03-05,Fashion Item 03,Fashion,77.82,157.65,True
4036,2840,40,2,202.48,404.96,2025-03-05,completed,,East,562.61,2025-03-05,Fashion Item 08,Fashion,92.66,202.48,True
4037,2841,12,2,117.99,235.98,2025-03-05,completed,,Central,320.13,2025-03-05,Home Item 04,Home,58.96,117.99,True
4038,2841,28,1,84.15,84.15,2025-03-05,completed,,Central,320.13,2025-03-05,Sports Item 04,Sports,39.74,84.15,True
4039,2842,5,1,61.15,61.15,2025-03-05,completed,,East,61.15,2025-03-05,Electronics Item 05,Electronics,33.0,61.15,True
4040,2843,38,1,81.08,81.08,2025-03-05,completed,,North,81.08,2025-03-05,Fashion Item 06,Fashion,44.22,81.08,True
4041,2844,23,1,83.16,83.16,2025-03-05,completed,,Central,83.16,2025-03-05,Beauty Item 07,Beauty,39.32,83.16,True
4042,2845,32,1,12.22,12.22,2025-03-05,completed,,East,12.22,2025-03-05,Sports Item 08,Sports,7.11,12.22,True
4043,2846,4,1,72.47,72.47,2025-03-05,completed,,Central,72.47,2025-03-05,Electronics Item 04,Electronics,34.44,72.47,True
4044,2847,13,1,34.71,34.71,2025-03-05,completed,,Central,34.71,2025-03-05,Home Item 05,Home,15.9,34.71,True
4045,2848,19,1,152.53,152.53,2025-03-05,completed,,South,152.53,2025-03-05,Beauty Item 03,Beauty,83.95,152.53,True
4046,2849,36,1,53.45,53.45,2025-03-05,completed,,North,53.45,2025-03-05,Fashion Item 04,Fashion,28.42,53.45,True
4047,2850,8,1,20.47,20.47,2025-03-05,completed,,East,64.19999999999999,2025-03-05,Electronics Item 08,Electronics,12.26,20.47,True
4048,2850,25,1,43.73,43.73,2025-03-05,completed,,East,64.19999999999999,2025-03-05,Sports Item 01,Sports,20.88,43.73,True
4049,2851,23,1,83.16,83.16,2025-03-05,completed,,Central,152.29,2025-03-05,Beauty Item 07,Beauty,39.32,83.16,True
4050,2851,44,1,69.13,69.13,2025-03-05,completed,,Central,152.29,2025-03-05,Grocery Item 04,Grocery,46.32,69.13,True
4051,2852,9,1,59.69,59.69,2025-03-05,completed,,South,59.69,2025-03-05,Home Item 01,Home,38.0,59.69,True
4052,2853,21,1,78.32,78.32,2025-03-05,completed,,Central,78.32,2025-03-05,Beauty Item 05,Beauty,34.88,78.32,True
4053,2854,42,3,138.05,414.15,2025-03-05,completed,,South,414.15,2025-03-05,Grocery Item 02,Grocery,61.43,138.05,True
4054,2855,46,1,125.88,125.88,2025-03-06,completed,,East,125.88,2025-03-06,Grocery Item 06,Grocery,73.75,125.88,True
4055,2856,47,1,21.34,21.34,2025-03-06,processing,,East,52.92,2025-03-06,Grocery Item 07,Grocery,13.74,21.34,True
4056,2856,45,1,31.58,31.58,2025-03-06,processing,,East,52.92,2025-03-06,Grocery Item 05,Grocery,18.68,31.58,True
4057,2857,3,1,57.71,57.71,2025-03-06,completed,,Central,57.71,2025-03-06,Electronics Item 03,Electronics,26.19,57.71,True
4058,2858,15,1,173.9,173.9,2025-03-06,completed,,North,173.9,2025-03-06,Home Item 07,Home,83.24,173.9,True
4059,2859,3,1,57.71,57.71,2025-03-06,completed,,North,57.71,2025-03-06,Electronics Item 03,Electronics,26.19,57.71,True
4060,2860,37,1,141.93,141.93,2025-03-06,completed,,Central,141.93,2025-03-06,Fashion Item 05,Fashion,76.85,141.93,True
4061,2861,36,1,53.45,53.45,2025-03-06,completed,,East,53.45,2025-03-06,Fashion Item 04,Fashion,28.42,53.45,True
4062,2862,43,1,24.61,24.61,2025-03-06,completed,,South,741.88,2025-03-06,Grocery Item 03,Grocery,11.56,24.61,True
4063,2862,10,3,163.05,489.15,2025-03-06,completed,,South,741.88,2025-03-06,Home Item 02,Home,76.01,163.05,True
4064,2862,1,2,114.06,228.12,2025-03-06,completed,,South,741.88,2025-03-06,Electronics Item 01,Electronics,75.52,114.06,True
4065,2863,10,1,163.05,163.05,2025-03-06,completed,,South,163.05,2025-03-06,Home Item 02,Home,76.01,163.05,True
4066,2864,32,1,12.22,12.22,2025-03-06,completed,,South,12.22,2025-03-06,Sports Item 08,Sports,7.11,12.22,True
4067,2865,35,1,157.65,157.65,2025-03-06,completed,,East,157.65,2025-03-06,Fashion Item 03,Fashion,77.82,157.65,True
4068,2866,27,1,24.68,24.68,2025-03-06,completed,,Central,24.68,2025-03-06,Sports Item 03,Sports,10.9,24.68,True
4069,2867,40,1,202.48,202.48,2025-03-06,completed,,South,285.64,2025-03-06,Fashion Item 08,Fashion,92.66,202.48,True
4070,2867,23,1,83.16,83.16,2025-03-06,completed,,South,285.64,2025-03-06,Beauty Item 07,Beauty,39.32,83.16,True
4071,2868,32,1,12.22,12.22,2025-03-06,completed,,North,12.22,2025-03-06,Sports Item 08,Sports,7.11,12.22,True
4072,2869,10,3,163.05,489.15,2025-03-06,refunded,,Central,510.48999999999995,2025-03-06,Home Item 02,Home,76.01,163.05,False
4073,2869,47,1,21.34,21.34,2025-03-06,refunded,,Central,510.48999999999995,2025-03-06,Grocery Item 07,Grocery,13.74,21.34,False
4074,2870,21,1,78.32,78.32,2025-03-06,completed,,Central,136.03,2025-03-06,Beauty Item 05,Beauty,34.88,78.32,True
4075,2870,3,1,57.71,57.71,2025-03-06,completed,,Central,136.03,2025-03-06,Electronics Item 03,Electronics,26.19,57.71,True
4076,2871,34,3,43.74,131.22,2025-03-06,completed,,South,131.22,2025-03-06,Fashion Item 02,Fashion,22.77,43.74,True
4077,2872,8,1,20.47,20.47,2025-03-06,cancelled,,East,20.47,2025-03-06,Electronics Item 08,Electronics,12.26,20.47,False
4078,2873,22,3,75.66,226.98,2025-03-06,completed,,Central,390.03,2025-03-06,Beauty Item 06,Beauty,36.14,75.66,True
4079,2873,10,1,163.05,163.05,2025-03-06,completed,,Central,390.03,2025-03-06,Home Item 02,Home,76.01,163.05,True
4080,2874,32,1,12.22,12.22,2025-03-06,completed,,South,12.22,2025-03-06,Sports Item 08,Sports,7.11,12.22,True
4081,2875,6,1,88.2,88.2,2025-03-06,completed,,Central,88.2,2025-03-06,Electronics Item 06,Electronics,39.5,88.2,True
4082,2876,45,1,31.58,31.58,2025-03-06,completed,,South,31.58,2025-03-06,Grocery Item 05,Grocery,18.68,31.58,True
4083,2877,20,1,42.3,42.3,2025-03-06,completed,,North,42.3,2025-03-06,Beauty Item 04,Beauty,18.73,42.3,True
4084,2878,47,2,21.34,42.68,2025-03-06,completed,,North,42.68,2025-03-06,Grocery Item 07,Grocery,13.74,21.34,True
4085,2879,19,1,152.53,152.53,2025-03-06,completed,,Central,152.53,2025-03-06,Beauty Item 03,Beauty,83.95,152.53,True
4086,2880,21,1,78.32,78.32,2025-03-06,processing,,East,78.32,2025-03-06,Beauty Item 05,Beauty,34.88,78.32,True
4087,2881,47,1,21.34,21.34,2025-03-06,completed,,Central,21.34,2025-03-06,Grocery Item 07,Grocery,13.74,21.34,True
4088,2882,8,1,20.47,20.47,2025-03-06,completed,,Central,261.28,2025-03-06,Electronics Item 08,Electronics,12.26,20.47,True
4089,2882,35,1,157.65,157.65,2025-03-06,completed,,Central,261.28,2025-03-06,Fashion Item 03,Fashion,77.82,157.65,True
4090,2882,23,1,83.16,83.16,2025-03-06,completed,,Central,261.28,2025-03-06,Beauty Item 07,Beauty,39.32,83.16,True
4091,2883,44,1,69.13,69.13,2025-03-06,completed,,North,69.13,2025-03-06,Grocery Item 04,Grocery,46.32,69.13,True
4092,2884,32,1,12.22,12.22,2025-03-06,completed,,North,12.22,2025-03-06,Sports Item 08,Sports,7.11,12.22,True
4093,2885,23,1,83.16,83.16,2025-03-06,cancelled,,Central,152.29,2025-03-06,Beauty Item 07,Beauty,39.32,83.16,False
4094,2885,44,1,69.13,69.13,2025-03-06,cancelled,,Central,152.29,2025-03-06,Grocery Item 04,Grocery,46.32,69.13,False
4095,2886,23,2,83.16,166.32,2025-03-06,completed,,Central,166.32,2025-03-06,Beauty Item 07,Beauty,39.32,83.16,True
4096,2887,35,1,157.65,157.65,2025-03-06,completed,,South,157.65,2025-03-06,Fashion Item 03,Fashion,77.82,157.65,True
4097,2888,28,1,84.15,84.15,2025-03-06,completed,,Central,208.41000000000003,2025-03-06,Sports Item 04,Sports,39.74,84.15,True
4098,2888,26,1,124.26,124.26,2025-03-06,completed,,Central,208.41000000000003,2025-03-06,Sports Item 02,Sports,72.7,124.26,True
4099,2889,20,1,42.3,42.3,2025-03-06,completed,,Central,42.3,2025-03-06,Beauty Item 04,Beauty,18.73,42.3,True
4100,2890,8,1,20.47,20.47,2025-03-06,completed,,North,20.47,2025-03-06,Electronics Item 08,Electronics,12.26,20.47,True
4101,2891,14,1,61.39,61.39,2025-03-06,completed,,North,61.39,2025-03-06,Home Item 06,Home,36.75,61.39,True
4102,2892,36,1,53.45,53.45,2025-03-06,completed,,South,53.45,2025-03-06,Fashion Item 04,Fashion,28.42,53.45,True
4103,2893,11,1,115.23,115.23,2025-03-06,completed,,East,115.23,2025-03-06,Home Item 03,Home,73.04,115.23,True
4104,2894,16,1,144.13,144.13,2025-03-06,completed,,Central,164.6,2025-03-06,Home Item 08,Home,93.01,144.13,True
4105,2894,8,1,20.47,20.47,2025-03-06,completed,,Central,164.6,2025-03-06,Electronics Item 08,Electronics,12.26,20.47,True
4106,2895,40,1,202.48,202.48,2025-03-06,completed,,North,202.48,2025-03-06,Fashion Item 08,Fashion,92.66,202.48,True
4107,2896,30,2,67.9,135.8,2025-03-07,completed,,East,135.8,2025-03-07,Sports Item 06,Sports,46.01,67.9,True
4108,2897,28,1,84.15,84.15,2025-03-07,completed,,Central,84.15,2025-03-07,Sports Item 04,Sports,39.74,84.15,True
4109,2898,25,2,43.73,87.46,2025-03-07,completed,,Central,87.46,2025-03-07,Sports Item 01,Sports,20.88,43.73,True
4110,2899,23,1,83.16,83.16,2025-03-07,completed,,East,246.21,2025-03-07,Beauty Item 07,Beauty,39.32,83.16,True
4111,2899,10,1,163.05,163.05,2025-03-07,completed,,East,246.21,2025-03-07,Home Item 02,Home,76.01,163.05,True
4112,2900,42,1,138.05,138.05,2025-03-07,processing,,South,138.05,2025-03-07,Grocery Item 02,Grocery,61.43,138.05,True
4113,2901,37,1,141.93,141.93,2025-03-07,processing,,North,141.93,2025-03-07,Fashion Item 05,Fashion,76.85,141.93,True
4114,2902,28,1,84.15,84.15,2025-03-07,completed,,East,199.38,2025-03-07,Sports Item 04,Sports,39.74,84.15,True
4115,2902,11,1,115.23,115.23,2025-03-07,completed,,East,199.38,2025-03-07,Home Item 03,Home,73.04,115.23,True
4116,2903,36,1,53.45,53.45,2025-03-07,cancelled,,Central,205.98000000000002,2025-03-07,Fashion Item 04,Fashion,28.42,53.45,False
4117,2903,19,1,152.53,152.53,2025-03-07,cancelled,,Central,205.98000000000002,2025-03-07,Beauty Item 03,Beauty,83.95,152.53,False
4118,2904,35,1,157.65,157.65,2025-03-07,completed,,South,235.97,2025-03-07,Fashion Item 03,Fashion,77.82,157.65,True
4119,2904,21,1,78.32,78.32,2025-03-07,completed,,South,235.97,2025-03-07,Beauty Item 05,Beauty,34.88,78.32,True
4120,2905,35,1,157.65,157.65,2025-03-07,completed,,North,157.65,2025-03-07,Fashion Item 03,Fashion,77.82,157.65,True
4121,2906,19,1,152.53,152.53,2025-03-07,completed,,North,152.53,2025-03-07,Beauty Item 03,Beauty,83.95,152.53,True
4122,2907,44,1,69.13,69.13,2025-03-07,completed,,South,69.13,2025-03-07,Grocery Item 04,Grocery,46.32,69.13,True
4123,2908,40,1,202.48,202.48,2025-03-07,completed,,North,334.25,2025-03-07,Fashion Item 08,Fashion,92.66,202.48,True
4124,2908,21,1,78.32,78.32,2025-03-07,completed,,North,334.25,2025-03-07,Beauty Item 05,Beauty,34.88,78.32,True
4125,2908,36,1,53.45,53.45,2025-03-07,completed,,North,334.25,2025-03-07,Fashion Item 04,Fashion,28.42,53.45,True
4126,2909,47,1,21.34,21.34,2025-03-07,completed,,South,21.34,2025-03-07,Grocery Item 07,Grocery,13.74,21.34,True
4127,2910,14,1,61.39,61.39,2025-03-07,completed,,North,105.13,2025-03-07,Home Item 06,Home,36.75,61.39,True
4128,2910,34,1,43.74,43.74,2025-03-07,completed,,North,105.13,2025-03-07,Fashion Item 02,Fashion,22.77,43.74,True
4129,2911,10,1,163.05,163.05,2025-03-07,completed,,North,163.05,2025-03-07,Home Item 02,Home,76.01,163.05,True
4130,2912,1,1,114.06,114.06,2025-03-07,completed,,South,114.06,2025-03-07,Electronics Item 01,Electronics,75.52,114.06,True
4131,2913,4,1,72.47,72.47,2025-03-07,cancelled,,Central,156.62,2025-03-07,Electronics Item 04,Electronics,34.44,72.47,False
4132,2913,28,1,84.15,84.15,2025-03-07,cancelled,,Central,156.62,2025-03-07,Sports Item 04,Sports,39.74,84.15,False
4133,2914,31,2,19.71,39.42,2025-03-07,completed,,South,39.42,2025-03-07,Sports Item 07,Sports,11.9,19.71,True
4134,2915,13,1,34.71,34.71,2025-03-07,completed,,North,230.43,2025-03-07,Home Item 05,Home,15.9,34.71,True
4135,2915,33,1,171.28,171.28,2025-03-07,completed,,North,230.43,2025-03-07,Fashion Item 01,Fashion,77.9,171.28,True
4136,2915,32,2,12.22,24.44,2025-03-07,completed,,North,230.43,2025-03-07,Sports Item 08,Sports,7.11,12.22,True
4137,2916,23,1,83.16,83.16,2025-03-07,completed,,North,83.16,2025-03-07,Beauty Item 07,Beauty,39.32,83.16,True
4138,2917,45,1,31.58,31.58,2025-03-07,completed,,East,31.58,2025-03-07,Grocery Item 05,Grocery,18.68,31.58,True
4139,2918,36,1,53.45,53.45,2025-03-07,completed,,North,53.45,2025-03-07,Fashion Item 04,Fashion,28.42,53.45,True
4140,2919,43,2,24.61,49.22,2025-03-07,completed,,North,49.22,2025-03-07,Grocery Item 03,Grocery,11.56,24.61,True
4141,2920,26,1,124.26,124.26,2025-03-07,completed,,North,373.82,2025-03-07,Sports Item 02,Sports,72.7,124.26,True
4142,2920,15,1,173.9,173.9,2025-03-07,completed,,North,373.82,2025-03-07,Home Item 07,Home,83.24,173.9,True
4143,2920,22,1,75.66,75.66,2025-03-07,completed,,North,373.82,2025-03-07,Beauty Item 06,Beauty,36.14,75.66,True
4144,2921,39,2,124.06,248.12,2025-03-07,completed,,South,248.12,2025-03-07,Fashion Item 07,Fashion,65.04,124.06,True
4145,2922,8,1,20.47,20.47,2025-03-07,processing,,North,20.47,2025-03-07,Electronics Item 08,Electronics,12.26,20.47,True
4146,2923,13,1,34.71,34.71,2025-03-07,completed,,North,34.71,2025-03-07,Home Item 05,Home,15.9,34.71,True
4147,2924,6,1,88.2,88.2,2025-03-07,completed,,East,364.3,2025-03-07,Electronics Item 06,Electronics,39.5,88.2,True
4148,2924,42,2,138.05,276.1,2025-03-07,completed,,East,364.3,2025-03-07,Grocery Item 02,Grocery,61.43,138.05,True
4149,2925,3,1,57.71,57.71,2025-03-07,completed,,East,125.61000000000001,2025-03-07,Electronics Item 03,Electronics,26.19,57.71,True
4150,2925,30,1,67.9,67.9,2025-03-07,completed,,East,125.61000000000001,2025-03-07,Sports Item 06,Sports,46.01,67.9,True
4151,2926,4,1,72.47,72.47,2025-03-07,completed,,North,84.69,2025-03-07,Electronics Item 04,Electronics,34.44,72.47,True
4152,2926,32,1,12.22,12.22,2025-03-07,completed,,North,84.69,2025-03-07,Sports Item 08,Sports,7.11,12.22,True
4153,2927,43,3,24.61,73.83,2025-03-08,completed,,Central,73.83,2025-03-08,Grocery Item 03,Grocery,11.56,24.61,True
4154,2928,45,1,31.58,31.58,2025-03-08,completed,,East,201.19,2025-03-08,Grocery Item 05,Grocery,18.68,31.58,True
4155,2928,25,1,43.73,43.73,2025-03-08,completed,,East,201.19,2025-03-08,Sports Item 01,Sports,20.88,43.73,True
4156,2928,46,1,125.88,125.88,2025-03-08,completed,,East,201.19,2025-03-08,Grocery Item 06,Grocery,73.75,125.88,True
4157,2929,30,1,67.9,67.9,2025-03-08,completed,,South,410.08000000000004,2025-03-08,Sports Item 06,Sports,46.01,67.9,True
4158,2929,1,3,114.06,342.18,2025-03-08,completed,,South,410.08000000000004,2025-03-08,Electronics Item 01,Electronics,75.52,114.06,True
4159,2930,32,2,12.22,24.44,2025-03-08,cancelled,,Central,24.44,2025-03-08,Sports Item 08,Sports,7.11,12.22,False
4160,2931,14,2,61.39,122.78,2025-03-08,completed,,Central,122.78,2025-03-08,Home Item 06,Home,36.75,61.39,True
4161,2932,37,1,141.93,141.93,2025-03-08,completed,,South,141.93,2025-03-08,Fashion Item 05,Fashion,76.85,141.93,True
4162,2933,12,1,117.99,117.99,2025-03-08,unknown_status,,South,117.99,2025-03-08,Home Item 04,Home,58.96,117.99,False
4163,2934,12,1,117.99,117.99,2025-03-08,completed,,North,190.45999999999998,2025-03-08,Home Item 04,Home,58.96,117.99,True
4164,2934,4,1,72.47,72.47,2025-03-08,completed,,North,190.45999999999998,2025-03-08,Electronics Item 04,Electronics,34.44,72.47,True
4165,2935,28,1,84.15,84.15,2025-03-08,completed,,Central,84.15,2025-03-08,Sports Item 04,Sports,39.74,84.15,True
4166,2936,34,1,43.74,43.74,2025-03-08,completed,,South,43.74,2025-03-08,Fashion Item 02,Fashion,22.77,43.74,True
4167,2937,40,1,202.48,202.48,2025-03-08,processing,,South,346.61,2025-03-08,Fashion Item 08,Fashion,92.66,202.48,True
4168,2937,16,1,144.13,144.13,2025-03-08,processing,,South,346.61,2025-03-08,Home Item 08,Home,93.01,144.13,True
4169,2938,23,1,83.16,83.16,2025-03-08,completed,,East,83.16,2025-03-08,Beauty Item 07,Beauty,39.32,83.16,True
4170,2939,12,1,117.99,117.99,2025-03-08,processing,,East,117.99,2025-03-08,Home Item 04,Home,58.96,117.99,True
4171,2940,20,1,42.3,42.3,2025-03-08,completed,,North,42.3,2025-03-08,Beauty Item 04,Beauty,18.73,42.3,True
4172,2941,46,1,125.88,125.88,2025-03-08,completed,,North,125.88,2025-03-08,Grocery Item 06,Grocery,73.75,125.88,True
4173,2942,36,1,53.45,53.45,2025-03-08,cancelled,,North,53.45,2025-03-08,Fashion Item 04,Fashion,28.42,53.45,False
4174,2943,44,2,69.13,138.26,2025-03-08,completed,,North,138.26,2025-03-08,Grocery Item 04,Grocery,46.32,69.13,True
4175,2944,35,1,157.65,157.65,2025-03-08,completed,,East,226.78,2025-03-08,Fashion Item 03,Fashion,77.82,157.65,True
4176,2944,44,1,69.13,69.13,2025-03-08,completed,,East,226.78,2025-03-08,Grocery Item 04,Grocery,46.32,69.13,True
4177,2945,8,3,20.47,61.41,2025-03-08,completed,,North,61.41,2025-03-08,Electronics Item 08,Electronics,12.26,20.47,True
4178,2946,47,3,21.34,64.02,2025-03-08,completed,,Central,64.02,2025-03-08,Grocery Item 07,Grocery,13.74,21.34,True
4179,2947,46,1,125.88,125.88,2025-03-08,completed,,East,125.88,2025-03-08,Grocery Item 06,Grocery,73.75,125.88,True
4180,2948,14,2,61.39,122.78,2025-03-08,completed,,Central,238.01,2025-03-08,Home Item 06,Home,36.75,61.39,True
4181,2948,11,1,115.23,115.23,2025-03-08,completed,,Central,238.01,2025-03-08,Home Item 03,Home,73.04,115.23,True
4182,2949,44,1,69.13,69.13,2025-03-08,completed,,Central,69.13,2025-03-08,Grocery Item 04,Grocery,46.32,69.13,True
4183,2950,3,1,57.71,57.71,2025-03-08,processing,,East,57.71,2025-03-08,Electronics Item 03,Electronics,26.19,57.71,True
4184,2951,10,3,163.05,489.15,2025-03-08,completed,,East,513.76,2025-03-08,Home Item 02,Home,76.01,163.05,True
4185,2951,43,1,24.61,24.61,2025-03-08,completed,,East,513.76,2025-03-08,Grocery Item 03,Grocery,11.56,24.61,True
4186,2952,36,1,53.45,53.45,2025-03-08,completed,,South,83.01,2025-03-08,Fashion Item 04,Fashion,28.42,53.45,True
4187,2952,24,1,29.56,29.56,2025-03-08,completed,,South,83.01,2025-03-08,Beauty Item 08,Beauty,14.55,29.56,True
4188,2953,23,1,83.16,83.16,2025-03-08,completed,,Central,83.16,2025-03-08,Beauty Item 07,Beauty,39.32,83.16,True
4189,2954,36,1,53.45,53.45,2025-03-08,completed,,Central,53.45,2025-03-08,Fashion Item 04,Fashion,28.42,53.45,True
4190,2955,36,1,53.45,53.45,2025-03-08,completed,,South,114.84,2025-03-08,Fashion Item 04,Fashion,28.42,53.45,True
4191,2955,14,1,61.39,61.39,2025-03-08,completed,,South,114.84,2025-03-08,Home Item 06,Home,36.75,61.39,True
4192,2956,15,2,173.9,347.8,2025-03-08,processing,,East,347.8,2025-03-08,Home Item 07,Home,83.24,173.9,True
4193,2957,41,1,49.55,49.55,2025-03-08,completed,,Central,49.55,2025-03-08,Grocery Item 01,Grocery,22.88,49.55,True
4194,2958,35,1,157.65,157.65,2025-03-08,cancelled,,North,291.02,2025-03-08,Fashion Item 03,Fashion,77.82,157.65,False
4195,2958,3,1,57.71,57.71,2025-03-08,cancelled,,North,291.02,2025-03-08,Electronics Item 03,Electronics,26.19,57.71,False
4196,2958,22,1,75.66,75.66,2025-03-08,cancelled,,North,291.02,2025-03-08,Beauty Item 06,Beauty,36.14,75.66,False
4197,2959,10,1,163.05,163.05,2025-03-08,cancelled,,South,163.05,2025-03-08,Home Item 02,Home,76.01,163.05,False
4198,2960,34,1,43.74,43.74,2025-03-08,completed,,East,43.74,2025-03-08,Fashion Item 02,Fashion,22.77,43.74,True
4199,2961,47,1,21.34,21.34,2025-03-08,completed,,South,21.34,2025-03-08,Grocery Item 07,Grocery,13.74,21.34,True
4200,2962,37,1,141.93,141.93,2025-03-08,completed,,East,141.93,2025-03-08,Fashion Item 05,Fashion,76.85,141.93,True
4201,2963,46,1,125.88,125.88,2025-03-08,completed,,North,125.88,2025-03-08,Grocery Item 06,Grocery,73.75,125.88,True
4202,2964,32,1,12.22,12.22,2025-03-08,completed,,East,181.82999999999998,2025-03-08,Sports Item 08,Sports,7.11,12.22,True
4203,2964,25,1,43.73,43.73,2025-03-08,completed,,East,181.82999999999998,2025-03-08,Sports Item 01,Sports,20.88,43.73,True
4204,2964,46,1,125.88,125.88,2025-03-08,completed,,East,181.82999999999998,2025-03-08,Grocery Item 06,Grocery,73.75,125.88,True
4205,2965,2,2,100.26,200.52,2025-03-08,completed,,East,200.52,2025-03-08,Electronics Item 02,Electronics,54.16,100.26,True
4206,2966,42,2,138.05,276.1,2025-03-08,completed,,South,276.1,2025-03-08,Grocery Item 02,Grocery,61.43,138.05,True
4207,2967,35,1,157.65,157.65,2025-03-08,completed,,South,157.65,2025-03-08,Fashion Item 03,Fashion,77.82,157.65,True
4208,2968,36,1,53.45,53.45,2025-03-08,completed,,Central,53.45,2025-03-08,Fashion Item 04,Fashion,28.42,53.45,True
4209,2969,39,1,124.06,124.06,2025-03-08,completed,,East,124.06,2025-03-08,Fashion Item 07,Fashion,65.04,124.06,True
4210,2970,26,1,124.26,124.26,2025-03-08,completed,,South,428.01,2025-03-08,Sports Item 02,Sports,72.7,124.26,True
4211,2970,17,3,101.25,303.75,2025-03-08,completed,,South,428.01,2025-03-08,Beauty Item 01,Beauty,68.35,101.25,True
4212,2971,36,1,53.45,53.45,2025-03-08,completed,,South,53.45,2025-03-08,Fashion Item 04,Fashion,28.42,53.45,True
4213,2972,10,1,163.05,163.05,2025-03-09,completed,,East,247.20000000000002,2025-03-09,Home Item 02,Home,76.01,163.05,True
4214,2972,28,1,84.15,84.15,2025-03-09,completed,,East,247.20000000000002,2025-03-09,Sports Item 04,Sports,39.74,84.15,True
4215,2973,8,1,20.47,20.47,2025-03-09,completed,,East,20.47,2025-03-09,Electronics Item 08,Electronics,12.26,20.47,True
4216,2974,13,1,34.71,34.71,2025-03-09,completed,,East,34.71,2025-03-09,Home Item 05,Home,15.9,34.71,True
4217,2975,28,1,84.15,84.15,2025-03-09,completed,,North,84.15,2025-03-09,Sports Item 04,Sports,39.74,84.15,True
4218,2976,42,2,138.05,276.1,2025-03-09,completed,,South,276.1,2025-03-09,Grocery Item 02,Grocery,61.43,138.05,True
4219,2977,30,2,67.9,135.8,2025-03-09,completed,,East,135.8,2025-03-09,Sports Item 06,Sports,46.01,67.9,True
4220,2978,16,1,144.13,144.13,2025-03-09,completed,,East,144.13,2025-03-09,Home Item 08,Home,93.01,144.13,True
4221,2979,23,2,83.16,166.32,2025-03-09,completed,,Central,166.32,2025-03-09,Beauty Item 07,Beauty,39.32,83.16,True
4222,2980,20,1,42.3,42.3,2025-03-09,completed,,North,130.5,2025-03-09,Beauty Item 04,Beauty,18.73,42.3,True
4223,2980,6,1,88.2,88.2,2025-03-09,completed,,North,130.5,2025-03-09,Electronics Item 06,Electronics,39.5,88.2,True
4224,2981,23,1,83.16,83.16,2025-03-09,completed,,East,83.16,2025-03-09,Beauty Item 07,Beauty,39.32,83.16,True
4225,2982,28,1,84.15,84.15,2025-03-09,completed,,South,96.37,2025-03-09,Sports Item 04,Sports,39.74,84.15,True
4226,2982,32,1,12.22,12.22,2025-03-09,completed,,South,96.37,2025-03-09,Sports Item 08,Sports,7.11,12.22,True
4227,2983,29,1,9.2,9.2,2025-03-09,completed,,East,91.06,2025-03-09,Sports Item 05,Sports,4.26,9.2,True
4228,2983,8,1,20.47,20.47,2025-03-09,completed,,East,91.06,2025-03-09,Electronics Item 08,Electronics,12.26,20.47,True
4229,2983,14,1,61.39,61.39,2025-03-09,completed,,East,91.06,2025-03-09,Home Item 06,Home,36.75,61.39,True
4230,2984,36,1,53.45,53.45,2025-03-09,cancelled,,South,53.45,2025-03-09,Fashion Item 04,Fashion,28.42,53.45,False
4231,2985,21,1,78.32,78.32,2025-03-09,completed,,South,78.32,2025-03-09,Beauty Item 05,Beauty,34.88,78.32,True
4232,2986,45,1,31.58,31.58,2025-03-09,completed,,South,215.07999999999998,2025-03-09,Grocery Item 05,Grocery,18.68,31.58,True
4233,2986,33,1,171.28,171.28,2025-03-09,completed,,South,215.07999999999998,2025-03-09,Fashion Item 01,Fashion,77.9,171.28,True
4234,2986,32,1,12.22,12.22,2025-03-09,completed,,South,215.07999999999998,2025-03-09,Sports Item 08,Sports,7.11,12.22,True
4235,2987,22,1,75.66,75.66,2025-03-09,completed,,East,75.66,2025-03-09,Beauty Item 06,Beauty,36.14,75.66,True
4236,2988,27,1,24.68,24.68,2025-03-09,completed,,Central,24.68,2025-03-09,Sports Item 03,Sports,10.9,24.68,True
4237,2989,23,1,83.16,83.16,2025-03-09,completed,,East,83.16,2025-03-09,Beauty Item 07,Beauty,39.32,83.16,True
4238,2990,45,2,31.58,63.16,2025-03-09,completed,,North,147.31,2025-03-09,Grocery Item 05,Grocery,18.68,31.58,True
4239,2990,28,1,84.15,84.15,2025-03-09,completed,,North,147.31,2025-03-09,Sports Item 04,Sports,39.74,84.15,True
4240,2991,15,2,173.9,347.8,2025-03-09,completed,,South,347.8,2025-03-09,Home Item 07,Home,83.24,173.9,True
4241,2992,45,1,31.58,31.58,2025-03-09,completed,,East,31.58,2025-03-09,Grocery Item 05,Grocery,18.68,31.58,True
4242,2993,21,1,78.32,78.32,2025-03-09,completed,,North,78.32,2025-03-09,Beauty Item 05,Beauty,34.88,78.32,True
4243,2994,37,1,141.93,141.93,2025-03-09,completed,,South,141.93,2025-03-09,Fashion Item 05,Fashion,76.85,141.93,True
4244,2995,27,2,24.68,49.36,2025-03-09,completed,,Central,49.36,2025-03-09,Sports Item 03,Sports,10.9,24.68,True
4245,2996,28,1,84.15,84.15,2025-03-09,completed,,South,84.15,2025-03-09,Sports Item 04,Sports,39.74,84.15,True
4246,2997,40,1,202.48,202.48,2025-03-09,completed,,Central,285.64,2025-03-09,Fashion Item 08,Fashion,92.66,202.48,True
4247,2997,23,1,83.16,83.16,2025-03-09,completed,,Central,285.64,2025-03-09,Beauty Item 07,Beauty,39.32,83.16,True
4248,2998,18,3,37.74,113.22,2025-03-09,completed,,South,170.93,2025-03-09,Beauty Item 02,Beauty,18.64,37.74,True
4249,2998,3,1,57.71,57.71,2025-03-09,completed,,South,170.93,2025-03-09,Electronics Item 03,Electronics,26.19,57.71,True
4250,2999,40,2,202.48,404.96,2025-03-09,completed,,South,404.96,2025-03-09,Fashion Item 08,Fashion,92.66,202.48,True
4251,3000,36,2,53.45,106.9,2025-03-09,completed,,North,128.24,2025-03-09,Fashion Item 04,Fashion,28.42,53.45,True
4252,3000,47,1,21.34,21.34,2025-03-09,completed,,North,128.24,2025-03-09,Grocery Item 07,Grocery,13.74,21.34,True
4253,3001,32,1,12.22,12.22,2025-03-09,completed,,South,366.19000000000005,2025-03-09,Sports Item 08,Sports,7.11,12.22,True
4254,3001,12,3,117.99,353.97,2025-03-09,completed,,South,366.19000000000005,2025-03-09,Home Item 04,Home,58.96,117.99,True
4255,3002,19,1,152.53,152.53,2025-03-09,completed,,Central,173.0,2025-03-09,Beauty Item 03,Beauty,83.95,152.53,True
4256,3002,8,1,20.47,20.47,2025-03-09,completed,,Central,173.0,2025-03-09,Electronics Item 08,Electronics,12.26,20.47,True
4257,3003,17,1,101.25,101.25,2025-03-09,completed,,Central,264.3,2025-03-09,Beauty Item 01,Beauty,68.35,101.25,True
4258,3003,10,1,163.05,163.05,2025-03-09,completed,,Central,264.3,2025-03-09,Home Item 02,Home,76.01,163.05,True
4259,3004,43,1,24.61,24.61,2025-03-09,completed,,North,24.61,2025-03-09,Grocery Item 03,Grocery,11.56,24.61,True
4260,3005,14,1,61.39,61.39,2025-03-09,processing,,North,61.39,2025-03-09,Home Item 06,Home,36.75,61.39,True
4261,3006,43,1,24.61,24.61,2025-03-10,completed,,South,24.61,2025-03-10,Grocery Item 03,Grocery,11.56,24.61,True
4262,3007,21,2,78.32,156.64,2025-03-10,completed,,Central,156.64,2025-03-10,Beauty Item 05,Beauty,34.88,78.32,True
4263,3008,42,3,138.05,414.15,2025-03-10,completed,,East,541.28,2025-03-10,Grocery Item 02,Grocery,61.43,138.05,True
4264,3008,3,1,57.71,57.71,2025-03-10,completed,,East,541.28,2025-03-10,Electronics Item 03,Electronics,26.19,57.71,True
4265,3008,13,2,34.71,69.42,2025-03-10,completed,,East,541.28,2025-03-10,Home Item 05,Home,15.9,34.71,True
4266,3009,19,2,152.53,305.06,2025-03-10,completed,,East,362.77,2025-03-10,Beauty Item 03,Beauty,83.95,152.53,True
4267,3009,3,1,57.71,57.71,2025-03-10,completed,,East,362.77,2025-03-10,Electronics Item 03,Electronics,26.19,57.71,True
4268,3010,13,1,34.71,34.71,2025-03-10,completed,,Central,34.71,2025-03-10,Home Item 05,Home,15.9,34.71,True
4269,3011,35,1,157.65,157.65,2025-03-10,cancelled,,South,157.65,2025-03-10,Fashion Item 03,Fashion,77.82,157.65,False
4270,3012,8,1,20.47,20.47,2025-03-10,completed,,East,158.73,2025-03-10,Electronics Item 08,Electronics,12.26,20.47,True
4271,3012,44,2,69.13,138.26,2025-03-10,completed,,East,158.73,2025-03-10,Grocery Item 04,Grocery,46.32,69.13,True
4272,3013,25,1,43.73,43.73,2025-03-10,completed,,Central,43.73,2025-03-10,Sports Item 01,Sports,20.88,43.73,True
4273,3014,27,1,24.68,24.68,2025-03-10,processing,,South,24.68,2025-03-10,Sports Item 03,Sports,10.9,24.68,True
4274,3015,34,2,43.74,87.48,2025-03-10,completed,,East,402.78000000000003,2025-03-10,Fashion Item 02,Fashion,22.77,43.74,True
4275,3015,35,2,157.65,315.3,2025-03-10,completed,,East,402.78000000000003,2025-03-10,Fashion Item 03,Fashion,77.82,157.65,True
4276,3016,32,1,12.22,12.22,2025-03-10,unknown_status,,South,32.69,2025-03-10,Sports Item 08,Sports,7.11,12.22,False
4277,3016,8,1,20.47,20.47,2025-03-10,unknown_status,,South,32.69,2025-03-10,Electronics Item 08,Electronics,12.26,20.47,False
4278,3017,8,1,20.47,20.47,2025-03-10,completed,,East,20.47,2025-03-10,Electronics Item 08,Electronics,12.26,20.47,True
4279,3018,47,2,21.34,42.68,2025-03-10,completed,,East,42.68,2025-03-10,Grocery Item 07,Grocery,13.74,21.34,True
4280,3019,19,1,152.53,152.53,2025-03-10,completed,,Central,228.19,2025-03-10,Beauty Item 03,Beauty,83.95,152.53,True
4281,3019,22,1,75.66,75.66,2025-03-10,completed,,Central,228.19,2025-03-10,Beauty Item 06,Beauty,36.14,75.66,True
4282,3020,21,1,78.32,78.32,2025-03-10,completed,,South,162.47,2025-03-10,Beauty Item 05,Beauty,34.88,78.32,True
4283,3020,28,1,84.15,84.15,2025-03-10,completed,,South,162.47,2025-03-10,Sports Item 04,Sports,39.74,84.15,True
4284,3021,40,1,202.48,202.48,2025-03-10,processing,,East,202.48,2025-03-10,Fashion Item 08,Fashion,92.66,202.48,True
4285,3022,18,1,37.74,37.74,2025-03-10,completed,,South,368.28,2025-03-10,Beauty Item 02,Beauty,18.64,37.74,True
4286,3022,15,1,173.9,173.9,2025-03-10,completed,,South,368.28,2025-03-10,Home Item 07,Home,83.24,173.9,True
4287,3022,21,2,78.32,156.64,2025-03-10,completed,,South,368.28,2025-03-10,Beauty Item 05,Beauty,34.88,78.32,True
4288,3023,26,2,124.26,248.52,2025-03-10,completed,,Central,248.52,2025-03-10,Sports Item 02,Sports,72.7,124.26,True
4289,3024,40,1,202.48,202.48,2025-03-10,completed,,North,202.48,2025-03-10,Fashion Item 08,Fashion,92.66,202.48,True
4290,3025,8,2,20.47,40.94,2025-03-10,completed,,South,84.68,2025-03-10,Electronics Item 08,Electronics,12.26,20.47,True
4291,3025,34,1,43.74,43.74,2025-03-10,completed,,South,84.68,2025-03-10,Fashion Item 02,Fashion,22.77,43.74,True
4292,3026,15,1,173.9,173.9,2025-03-10,completed,,Central,262.1,2025-03-10,Home Item 07,Home,83.24,173.9,True
4293,3026,6,1,88.2,88.2,2025-03-10,completed,,Central,262.1,2025-03-10,Electronics Item 06,Electronics,39.5,88.2,True
4294,3027,8,1,20.47,20.47,2025-03-10,processing,,East,20.47,2025-03-10,Electronics Item 08,Electronics,12.26,20.47,True
4295,3028,28,1,84.15,84.15,2025-03-10,processing,,East,371.23,2025-03-10,Sports Item 04,Sports,39.74,84.15,True
4296,3028,40,1,202.48,202.48,2025-03-10,processing,,East,371.23,2025-03-10,Fashion Item 08,Fashion,92.66,202.48,True
4297,3028,20,2,42.3,84.6,2025-03-10,processing,,East,371.23,2025-03-10,Beauty Item 04,Beauty,18.73,42.3,True
4298,3029,14,1,61.39,61.39,2025-03-10,completed,,East,61.39,2025-03-10,Home Item 06,Home,36.75,61.39,True
4299,3030,45,1,31.58,31.58,2025-03-10,completed,,South,31.58,2025-03-10,Grocery Item 05,Grocery,18.68,31.58,True
4300,3031,36,1,53.45,53.45,2025-03-10,processing,,Central,53.45,2025-03-10,Fashion Item 04,Fashion,28.42,53.45,True
4301,3032,12,2,117.99,235.98,2025-03-10,completed,,East,235.98,2025-03-10,Home Item 04,Home,58.96,117.99,True
4302,3033,1,2,114.06,228.12,2025-03-10,completed,,South,228.12,2025-03-10,Electronics Item 01,Electronics,75.52,114.06,True
4303,3034,35,1,157.65,157.65,2025-03-10,completed,,East,157.65,2025-03-10,Fashion Item 03,Fashion,77.82,157.65,True
4304,3035,38,2,81.08,162.16,2025-03-10,completed,,East,183.5,2025-03-10,Fashion Item 06,Fashion,44.22,81.08,True
4305,3035,47,1,21.34,21.34,2025-03-10,completed,,East,183.5,2025-03-10,Grocery Item 07,Grocery,13.74,21.34,True
4306,3036,19,1,152.53,152.53,2025-03-10,completed,,Central,230.85,2025-03-10,Beauty Item 03,Beauty,83.95,152.53,True
4307,3036,21,1,78.32,78.32,2025-03-10,completed,,Central,230.85,2025-03-10,Beauty Item 05,Beauty,34.88,78.32,True
4308,3037,8,1,20.47,20.47,2025-03-10,completed,,South,20.47,2025-03-10,Electronics Item 08,Electronics,12.26,20.47,True
4309,3038,23,1,83.16,83.16,2025-03-10,unknown_status,,North,83.16,2025-03-10,Beauty Item 07,Beauty,39.32,83.16,False
4310,3039,23,1,83.16,83.16,2025-03-10,completed,,East,83.16,2025-03-10,Beauty Item 07,Beauty,39.32,83.16,True
4311,3040,4,1,72.47,72.47,2025-03-10,completed,,Central,72.47,2025-03-10,Electronics Item 04,Electronics,34.44,72.47,True
4312,3041,20,1,42.3,42.3,2025-03-10,completed,,North,63.64,2025-03-10,Beauty Item 04,Beauty,18.73,42.3,True
4313,3041,47,1,21.34,21.34,2025-03-10,completed,,North,63.64,2025-03-10,Grocery Item 07,Grocery,13.74,21.34,True
4314,3042,10,3,163.05,489.15,2025-03-10,completed,,South,489.15,2025-03-10,Home Item 02,Home,76.01,163.05,True
4315,3043,45,1,31.58,31.58,2025-03-10,completed,,Central,31.58,2025-03-10,Grocery Item 05,Grocery,18.68,31.58,True
4316,3044,13,1,34.71,34.71,2025-03-10,completed,,North,34.71,2025-03-10,Home Item 05,Home,15.9,34.71,True
4317,3045,44,1,69.13,69.13,2025-03-10,completed,,Central,204.26,2025-03-10,Grocery Item 04,Grocery,46.32,69.13,True
4318,3045,3,2,57.71,115.42,2025-03-10,completed,,Central,204.26,2025-03-10,Electronics Item 03,Electronics,26.19,57.71,True
4319,3045,31,1,19.71,19.71,2025-03-10,completed,,Central,204.26,2025-03-10,Sports Item 07,Sports,11.9,19.71,True
4320,3046,8,1,20.47,20.47,2025-03-10,completed,,East,434.62,2025-03-10,Electronics Item 08,Electronics,12.26,20.47,True
4321,3046,42,3,138.05,414.15,2025-03-10,completed,,East,434.62,2025-03-10,Grocery Item 02,Grocery,61.43,138.05,True
4322,3047,13,1,34.71,34.71,2025-03-11,completed,,East,34.71,2025-03-11,Home Item 05,Home,15.9,34.71,True
4323,3048,14,1,61.39,61.39,2025-03-11,completed,,North,61.39,2025-03-11,Home Item 06,Home,36.75,61.39,True
4324,3049,10,1,163.05,163.05,2025-03-11,completed,,South,163.05,2025-03-11,Home Item 02,Home,76.01,163.05,True
4325,3050,36,1,53.45,53.45,2025-03-11,completed,,East,53.45,2025-03-11,Fashion Item 04,Fashion,28.42,53.45,True
4326,3051,32,1,12.22,12.22,2025-03-11,completed,,South,73.61,2025-03-11,Sports Item 08,Sports,7.11,12.22,True
4327,3051,14,1,61.39,61.39,2025-03-11,completed,,South,73.61,2025-03-11,Home Item 06,Home,36.75,61.39,True
4328,3052,42,3,138.05,414.15,2025-03-11,completed,,North,414.15,2025-03-11,Grocery Item 02,Grocery,61.43,138.05,True
4329,3053,8,1,20.47,20.47,2025-03-11,completed,,East,20.47,2025-03-11,Electronics Item 08,Electronics,12.26,20.47,True
4330,3054,10,1,163.05,163.05,2025-03-11,completed,,East,163.05,2025-03-11,Home Item 02,Home,76.01,163.05,True
4331,3055,3,1,57.71,57.71,2025-03-11,completed,,North,57.71,2025-03-11,Electronics Item 03,Electronics,26.19,57.71,True
4332,3056,14,1,61.39,61.39,2025-03-11,processing,,South,61.39,2025-03-11,Home Item 06,Home,36.75,61.39,True
4333,3057,10,1,163.05,163.05,2025-03-11,completed,,North,163.05,2025-03-11,Home Item 02,Home,76.01,163.05,True
4334,3058,8,1,20.47,20.47,2025-03-11,completed,,Central,20.47,2025-03-11,Electronics Item 08,Electronics,12.26,20.47,True
4335,3059,28,1,84.15,84.15,2025-03-11,completed,,East,84.15,2025-03-11,Sports Item 04,Sports,39.74,84.15,True
4336,3060,20,1,42.3,42.3,2025-03-11,completed,,East,42.3,2025-03-11,Beauty Item 04,Beauty,18.73,42.3,True
4337,3061,25,1,43.73,43.73,2025-03-11,completed,,South,43.73,2025-03-11,Sports Item 01,Sports,20.88,43.73,True
4338,3062,14,1,61.39,61.39,2025-03-11,processing,,South,61.39,2025-03-11,Home Item 06,Home,36.75,61.39,True
4339,3063,13,1,34.71,34.71,2025-03-11,cancelled,,Central,197.76000000000002,2025-03-11,Home Item 05,Home,15.9,34.71,False
4340,3063,10,1,163.05,163.05,2025-03-11,cancelled,,Central,197.76000000000002,2025-03-11,Home Item 02,Home,76.01,163.05,False
4341,3064,19,1,152.53,152.53,2025-03-11,completed,,South,152.53,2025-03-11,Beauty Item 03,Beauty,83.95,152.53,True
4342,3065,21,1,78.32,78.32,2025-03-11,completed,,South,78.32,2025-03-11,Beauty Item 05,Beauty,34.88,78.32,True
4343,3066,30,1,67.9,67.9,2025-03-11,completed,,North,206.16,2025-03-11,Sports Item 06,Sports,46.01,67.9,True
4344,3066,44,2,69.13,138.26,2025-03-11,completed,,North,206.16,2025-03-11,Grocery Item 04,Grocery,46.32,69.13,True
4345,3067,8,2,20.47,40.94,2025-03-11,completed,,East,40.94,2025-03-11,Electronics Item 08,Electronics,12.26,20.47,True
4346,3068,18,1,37.74,37.74,2025-03-11,completed,,South,37.74,2025-03-11,Beauty Item 02,Beauty,18.64,37.74,True
4347,3069,33,1,171.28,171.28,2025-03-11,completed,,North,171.28,2025-03-11,Fashion Item 01,Fashion,77.9,171.28,True
4348,3070,46,1,125.88,125.88,2025-03-11,completed,,South,125.88,2025-03-11,Grocery Item 06,Grocery,73.75,125.88,True
4349,3071,32,2,12.22,24.44,2025-03-11,completed,,East,195.72,2025-03-11,Sports Item 08,Sports,7.11,12.22,True
4350,3071,33,1,171.28,171.28,2025-03-11,completed,,East,195.72,2025-03-11,Fashion Item 01,Fashion,77.9,171.28,True
4351,3072,3,1,57.71,57.71,2025-03-11,completed,,North,57.71,2025-03-11,Electronics Item 03,Electronics,26.19,57.71,True
4352,3073,20,1,42.3,42.3,2025-03-11,completed,,North,62.769999999999996,2025-03-11,Beauty Item 04,Beauty,18.73,42.3,True
4353,3073,8,1,20.47,20.47,2025-03-11,completed,,North,62.769999999999996,2025-03-11,Electronics Item 08,Electronics,12.26,20.47,True
4354,3074,14,1,61.39,61.39,2025-03-11,completed,,Central,61.39,2025-03-11,Home Item 06,Home,36.75,61.39,True
4355,3075,35,1,157.65,157.65,2025-03-11,processing,,Central,241.8,2025-03-11,Fashion Item 03,Fashion,77.82,157.65,True
4356,3075,28,1,84.15,84.15,2025-03-11,processing,,Central,241.8,2025-03-11,Sports Item 04,Sports,39.74,84.15,True
4357,3076,45,1,31.58,31.58,2025-03-11,completed,,Central,85.03,2025-03-11,Grocery Item 05,Grocery,18.68,31.58,True
4358,3076,36,1,53.45,53.45,2025-03-11,completed,,Central,85.03,2025-03-11,Fashion Item 04,Fashion,28.42,53.45,True
4359,3077,8,1,20.47,20.47,2025-03-11,completed,,North,20.47,2025-03-11,Electronics Item 08,Electronics,12.26,20.47,True
4360,3078,40,1,202.48,202.48,2025-03-11,refunded,,Central,202.48,2025-03-11,Fashion Item 08,Fashion,92.66,202.48,False
4361,3079,18,2,37.74,75.48,2025-03-11,completed,,North,75.48,2025-03-11,Beauty Item 02,Beauty,18.64,37.74,True
4362,3080,45,1,31.58,31.58,2025-03-11,completed,,East,100.71,2025-03-11,Grocery Item 05,Grocery,18.68,31.58,True
4363,3080,44,1,69.13,69.13,2025-03-11,completed,,East,100.71,2025-03-11,Grocery Item 04,Grocery,46.32,69.13,True
4364,3081,20,1,42.3,42.3,2025-03-11,cancelled,,Central,42.3,2025-03-11,Beauty Item 04,Beauty,18.73,42.3,False
4365,3082,14,1,61.39,61.39,2025-03-11,completed,,East,61.39,2025-03-11,Home Item 06,Home,36.75,61.39,True
4366,3083,35,1,157.65,157.65,2025-03-11,completed,,Central,242.25,2025-03-11,Fashion Item 03,Fashion,77.82,157.65,True
4367,3083,20,2,42.3,84.6,2025-03-11,completed,,Central,242.25,2025-03-11,Beauty Item 04,Beauty,18.73,42.3,True
4368,3084,40,1,202.48,202.48,2025-03-12,completed,,East,202.48,2025-03-12,Fashion Item 08,Fashion,92.66,202.48,True
4369,3085,6,1,88.2,88.2,2025-03-12,completed,,Central,88.2,2025-03-12,Electronics Item 06,Electronics,39.5,88.2,True
4370,3086,8,1,20.47,20.47,2025-03-12,completed,,South,20.47,2025-03-12,Electronics Item 08,Electronics,12.26,20.47,True
4371,3087,42,2,138.05,276.1,2025-03-12,processing,,East,276.1,2025-03-12,Grocery Item 02,Grocery,61.43,138.05,True
4372,3088,32,1,12.22,12.22,2025-03-12,unknown_status,,East,12.22,2025-03-12,Sports Item 08,Sports,7.11,12.22,False
4373,3089,18,1,37.74,37.74,2025-03-12,completed,,East,37.74,2025-03-12,Beauty Item 02,Beauty,18.64,37.74,True
4374,3090,31,1,19.71,19.71,2025-03-12,completed,,East,19.71,2025-03-12,Sports Item 07,Sports,11.9,19.71,True
4375,3091,15,3,173.9,521.7,2025-03-12,completed,,South,521.7,2025-03-12,Home Item 07,Home,83.24,173.9,True
4376,3092,8,1,20.47,20.47,2025-03-12,completed,,South,20.47,2025-03-12,Electronics Item 08,Electronics,12.26,20.47,True
4377,3093,36,2,53.45,106.9,2025-03-12,completed,,Central,106.9,2025-03-12,Fashion Item 04,Fashion,28.42,53.45,True
4378,3094,37,1,141.93,141.93,2025-03-12,cancelled,,East,141.93,2025-03-12,Fashion Item 05,Fashion,76.85,141.93,False
4379,3095,26,1,124.26,124.26,2025-03-12,completed,,Central,239.49,2025-03-12,Sports Item 02,Sports,72.7,124.26,True
4380,3095,11,1,115.23,115.23,2025-03-12,completed,,Central,239.49,2025-03-12,Home Item 03,Home,73.04,115.23,True
4381,3096,23,1,83.16,83.16,2025-03-12,completed,,Central,83.16,2025-03-12,Beauty Item 07,Beauty,39.32,83.16,True
4382,3097,6,1,88.2,88.2,2025-03-12,completed,,East,263.9,2025-03-12,Electronics Item 06,Electronics,39.5,88.2,True
4383,3097,12,1,117.99,117.99,2025-03-12,completed,,East,263.9,2025-03-12,Home Item 04,Home,58.96,117.99,True
4384,3097,3,1,57.71,57.71,2025-03-12,completed,,East,263.9,2025-03-12,Electronics Item 03,Electronics,26.19,57.71,True
4385,3098,30,1,67.9,67.9,2025-03-12,completed,,East,67.9,2025-03-12,Sports Item 06,Sports,46.01,67.9,True
4386,3099,36,1,53.45,53.45,2025-03-12,processing,,North,53.45,2025-03-12,Fashion Item 04,Fashion,28.42,53.45,True
4387,3100,44,1,69.13,69.13,2025-03-12,completed,,Central,232.18,2025-03-12,Grocery Item 04,Grocery,46.32,69.13,True
4388,3100,10,1,163.05,163.05,2025-03-12,completed,,Central,232.18,2025-03-12,Home Item 02,Home,76.01,163.05,True
4389,3101,35,1,157.65,157.65,2025-03-12,completed,,East,157.65,2025-03-12,Fashion Item 03,Fashion,77.82,157.65,True
4390,3102,36,1,53.45,53.45,2025-03-12,completed,,South,53.45,2025-03-12,Fashion Item 04,Fashion,28.42,53.45,True
4391,3103,23,1,83.16,83.16,2025-03-12,completed,,Central,161.29,2025-03-12,Beauty Item 07,Beauty,39.32,83.16,True
4392,3103,27,1,24.68,24.68,2025-03-12,completed,,Central,161.29,2025-03-12,Sports Item 03,Sports,10.9,24.68,True
4393,3103,36,1,53.45,53.45,2025-03-12,completed,,Central,161.29,2025-03-12,Fashion Item 04,Fashion,28.42,53.45,True
4394,3104,19,2,152.53,305.06,2025-03-12,refunded,,East,326.4,2025-03-12,Beauty Item 03,Beauty,83.95,152.53,False
4395,3104,47,1,21.34,21.34,2025-03-12,refunded,,East,326.4,2025-03-12,Grocery Item 07,Grocery,13.74,21.34,False
4396,3105,32,1,12.22,12.22,2025-03-12,completed,,North,12.22,2025-03-12,Sports Item 08,Sports,7.11,12.22,True
4397,3106,46,1,125.88,125.88,2025-03-12,completed,,North,282.52,2025-03-12,Grocery Item 06,Grocery,73.75,125.88,True
4398,3106,21,2,78.32,156.64,2025-03-12,completed,,North,282.52,2025-03-12,Beauty Item 05,Beauty,34.88,78.32,True
4399,3107,33,1,171.28,171.28,2025-03-12,completed,,North,255.43,2025-03-12,Fashion Item 01,Fashion,77.9,171.28,True
4400,3107,28,1,84.15,84.15,2025-03-12,completed,,North,255.43,2025-03-12,Sports Item 04,Sports,39.74,84.15,True
4401,3108,3,1,57.71,57.71,2025-03-12,completed,,Central,111.16,2025-03-12,Electronics Item 03,Electronics,26.19,57.71,True
4402,3108,36,1,53.45,53.45,2025-03-12,completed,,Central,111.16,2025-03-12,Fashion Item 04,Fashion,28.42,53.45,True
4403,3109,14,1,61.39,61.39,2025-03-12,completed,,North,61.39,2025-03-12,Home Item 06,Home,36.75,61.39,True
4404,3110,22,1,75.66,75.66,2025-03-12,completed,,East,75.66,2025-03-12,Beauty Item 06,Beauty,36.14,75.66,True
4405,3111,34,1,43.74,43.74,2025-03-12,completed,,North,179.54000000000002,2025-03-12,Fashion Item 02,Fashion,22.77,43.74,True
4406,3111,30,2,67.9,135.8,2025-03-12,completed,,North,179.54000000000002,2025-03-12,Sports Item 06,Sports,46.01,67.9,True
4407,3112,35,1,157.65,157.65,2025-03-12,completed,,South,157.65,2025-03-12,Fashion Item 03,Fashion,77.82,157.65,True
4408,3113,23,1,83.16,83.16,2025-03-12,completed,,North,83.16,2025-03-12,Beauty Item 07,Beauty,39.32,83.16,True
4409,3114,30,1,67.9,67.9,2025-03-12,completed,,East,137.03,2025-03-12,Sports Item 06,Sports,46.01,67.9,True
4410,3114,44,1,69.13,69.13,2025-03-12,completed,,East,137.03,2025-03-12,Grocery Item 04,Grocery,46.32,69.13,True
4411,3115,28,1,84.15,84.15,2025-03-12,completed,,East,84.15,2025-03-12,Sports Item 04,Sports,39.74,84.15,True
4412,3116,42,1,138.05,138.05,2025-03-12,completed,,North,138.05,2025-03-12,Grocery Item 02,Grocery,61.43,138.05,True
4413,3117,35,2,157.65,315.3,2025-03-12,completed,,North,353.04,2025-03-12,Fashion Item 03,Fashion,77.82,157.65,True
4414,3117,18,1,37.74,37.74,2025-03-12,completed,,North,353.04,2025-03-12,Beauty Item 02,Beauty,18.64,37.74,True
4415,3118,26,1,124.26,124.26,2025-03-12,completed,,South,124.26,2025-03-12,Sports Item 02,Sports,72.7,124.26,True
4416,3119,8,2,20.47,40.94,2025-03-12,completed,,East,256.3,2025-03-12,Electronics Item 08,Electronics,12.26,20.47,True
4417,3119,3,1,57.71,57.71,2025-03-12,completed,,East,256.3,2025-03-12,Electronics Item 03,Electronics,26.19,57.71,True
4418,3119,35,1,157.65,157.65,2025-03-12,completed,,East,256.3,2025-03-12,Fashion Item 03,Fashion,77.82,157.65,True
4419,3120,32,3,12.22,36.66,2025-03-12,completed,,Central,36.66,2025-03-12,Sports Item 08,Sports,7.11,12.22,True
4420,3121,42,3,138.05,414.15,2025-03-12,completed,,North,642.16,2025-03-12,Grocery Item 02,Grocery,61.43,138.05,True
4421,3121,18,2,37.74,75.48,2025-03-12,completed,,North,642.16,2025-03-12,Beauty Item 02,Beauty,18.64,37.74,True
4422,3121,19,1,152.53,152.53,2025-03-12,completed,,North,642.16,2025-03-12,Beauty Item 03,Beauty,83.95,152.53,True
4423,3122,47,2,21.34,42.68,2025-03-12,completed,,Central,42.68,2025-03-12,Grocery Item 07,Grocery,13.74,21.34,True
4424,3123,12,1,117.99,117.99,2025-03-12,completed,,North,117.99,2025-03-12,Home Item 04,Home,58.96,117.99,True
4425,3124,11,2,115.23,230.46,2025-03-12,completed,,North,313.62,2025-03-12,Home Item 03,Home,73.04,115.23,True
4426,3124,23,1,83.16,83.16,2025-03-12,completed,,North,313.62,2025-03-12,Beauty Item 07,Beauty,39.32,83.16,True
4427,3125,4,3,72.47,217.41,2025-03-12,processing,,North,217.41,2025-03-12,Electronics Item 04,Electronics,34.44,72.47,True
4428,3126,36,1,53.45,53.45,2025-03-12,completed,,North,53.45,2025-03-12,Fashion Item 04,Fashion,28.42,53.45,True
4429,3127,36,1,53.45,53.45,2025-03-12,completed,,South,113.14,2025-03-12,Fashion Item 04,Fashion,28.42,53.45,True
4430,3127,9,1,59.69,59.69,2025-03-12,completed,,South,113.14,2025-03-12,Home Item 01,Home,38.0,59.69,True
4431,3128,13,3,34.71,104.13,2025-03-12,processing,,South,104.13,2025-03-12,Home Item 05,Home,15.9,34.71,True
4432,3129,20,1,42.3,42.3,2025-03-12,completed,,Central,42.3,2025-03-12,Beauty Item 04,Beauty,18.73,42.3,True
4433,3130,32,1,12.22,12.22,2025-03-12,completed,,Central,90.53999999999999,2025-03-12,Sports Item 08,Sports,7.11,12.22,True
4434,3130,21,1,78.32,78.32,2025-03-12,completed,,Central,90.53999999999999,2025-03-12,Beauty Item 05,Beauty,34.88,78.32,True
4435,3131,41,1,49.55,49.55,2025-03-12,cancelled,,East,49.55,2025-03-12,Grocery Item 01,Grocery,22.88,49.55,False
4436,3132,2,1,100.26,100.26,2025-03-12,completed,,Central,271.54,2025-03-12,Electronics Item 02,Electronics,54.16,100.26,True
4437,3132,33,1,171.28,171.28,2025-03-12,completed,,Central,271.54,2025-03-12,Fashion Item 01,Fashion,77.9,171.28,True
4438,3133,32,1,12.22,12.22,2025-03-12,completed,,North,12.22,2025-03-12,Sports Item 08,Sports,7.11,12.22,True
4439,3134,44,3,69.13,207.39,2025-03-13,completed,,North,459.15,2025-03-13,Grocery Item 04,Grocery,46.32,69.13,True
4440,3134,46,2,125.88,251.76,2025-03-13,completed,,North,459.15,2025-03-13,Grocery Item 06,Grocery,73.75,125.88,True
4441,3135,8,2,20.47,40.94,2025-03-13,completed,,South,125.53999999999999,2025-03-13,Electronics Item 08,Electronics,12.26,20.47,True
4442,3135,20,2,42.3,84.6,2025-03-13,completed,,South,125.53999999999999,2025-03-13,Beauty Item 04,Beauty,18.73,42.3,True
4443,3136,34,1,43.74,43.74,2025-03-13,completed,,North,43.74,2025-03-13,Fashion Item 02,Fashion,22.77,43.74,True
4444,3137,32,1,12.22,12.22,2025-03-13,completed,,Central,12.22,2025-03-13,Sports Item 08,Sports,7.11,12.22,True
4445,3138,21,1,78.32,78.32,2025-03-13,completed,,Central,78.32,2025-03-13,Beauty Item 05,Beauty,34.88,78.32,True
4446,3139,12,1,117.99,117.99,2025-03-13,completed,,North,117.99,2025-03-13,Home Item 04,Home,58.96,117.99,True
4447,3140,27,1,24.68,24.68,2025-03-13,cancelled,,South,78.13,2025-03-13,Sports Item 03,Sports,10.9,24.68,False
4448,3140,36,1,53.45,53.45,2025-03-13,cancelled,,South,78.13,2025-03-13,Fashion Item 04,Fashion,28.42,53.45,False
4449,3141,36,1,53.45,53.45,2025-03-13,completed,,South,53.45,2025-03-13,Fashion Item 04,Fashion,28.42,53.45,True
4450,3142,8,1,20.47,20.47,2025-03-13,completed,,East,103.63,2025-03-13,Electronics Item 08,Electronics,12.26,20.47,True
4451,3142,23,1,83.16,83.16,2025-03-13,completed,,East,103.63,2025-03-13,Beauty Item 07,Beauty,39.32,83.16,True
4452,3143,26,1,124.26,124.26,2025-03-13,completed,,East,166.56,2025-03-13,Sports Item 02,Sports,72.7,124.26,True
4453,3143,20,1,42.3,42.3,2025-03-13,completed,,East,166.56,2025-03-13,Beauty Item 04,Beauty,18.73,42.3,True
4454,3144,36,1,53.45,53.45,2025-03-13,completed,,North,401.25,2025-03-13,Fashion Item 04,Fashion,28.42,53.45,True
4455,3144,15,2,173.9,347.8,2025-03-13,completed,,North,401.25,2025-03-13,Home Item 07,Home,83.24,173.9,True
4456,3145,32,1,12.22,12.22,2025-03-13,completed,,North,12.22,2025-03-13,Sports Item 08,Sports,7.11,12.22,True
4457,3146,44,1,69.13,69.13,2025-03-13,completed,,East,69.13,2025-03-13,Grocery Item 04,Grocery,46.32,69.13,True
4458,3147,29,1,9.2,9.2,2025-03-13,completed,,East,9.2,2025-03-13,Sports Item 05,Sports,4.26,9.2,True
4459,3148,24,1,29.56,29.56,2025-03-13,processing,,North,29.56,2025-03-13,Beauty Item 08,Beauty,14.55,29.56,True
4460,3149,23,1,83.16,83.16,2025-03-13,cancelled,,North,302.2,2025-03-13,Beauty Item 07,Beauty,39.32,83.16,False
4461,3149,14,1,61.39,61.39,2025-03-13,cancelled,,North,302.2,2025-03-13,Home Item 06,Home,36.75,61.39,False
4462,3149,35,1,157.65,157.65,2025-03-13,cancelled,,North,302.2,2025-03-13,Fashion Item 03,Fashion,77.82,157.65,False
4463,3150,42,1,138.05,138.05,2025-03-13,completed,,North,138.05,2025-03-13,Grocery Item 02,Grocery,61.43,138.05,True
4464,3151,36,1,53.45,53.45,2025-03-13,completed,,East,53.45,2025-03-13,Fashion Item 04,Fashion,28.42,53.45,True
4465,3152,9,1,59.69,59.69,2025-03-13,completed,,South,162.01999999999998,2025-03-13,Home Item 01,Home,38.0,59.69,True
4466,3152,8,2,20.47,40.94,2025-03-13,completed,,South,162.01999999999998,2025-03-13,Electronics Item 08,Electronics,12.26,20.47,True
4467,3152,14,1,61.39,61.39,2025-03-13,completed,,South,162.01999999999998,2025-03-13,Home Item 06,Home,36.75,61.39,True
4468,3153,28,1,84.15,84.15,2025-03-13,completed,,Central,219.95000000000002,2025-03-13,Sports Item 04,Sports,39.74,84.15,True
4469,3153,30,2,67.9,135.8,2025-03-13,completed,,Central,219.95000000000002,2025-03-13,Sports Item 06,Sports,46.01,67.9,True
4470,3154,12,1,117.99,117.99,2025-03-13,completed,,South,117.99,2025-03-13,Home Item 04,Home,58.96,117.99,True
4471,3155,36,1,53.45,53.45,2025-03-13,completed,,Central,53.45,2025-03-13,Fashion Item 04,Fashion,28.42,53.45,True
4472,3156,44,1,69.13,69.13,2025-03-13,completed,,North,69.13,2025-03-13,Grocery Item 04,Grocery,46.32,69.13,True
4473,3157,21,1,78.32,78.32,2025-03-13,refunded,,South,162.47,2025-03-13,Beauty Item 05,Beauty,34.88,78.32,False
4474,3157,28,1,84.15,84.15,2025-03-13,refunded,,South,162.47,2025-03-13,Sports Item 04,Sports,39.74,84.15,False
4475,3158,19,1,152.53,152.53,2025-03-13,processing,,North,152.53,2025-03-13,Beauty Item 03,Beauty,83.95,152.53,True
4476,3159,33,1,171.28,171.28,2025-03-13,completed,,Central,171.28,2025-03-13,Fashion Item 01,Fashion,77.9,171.28,True
4477,3160,28,1,84.15,84.15,2025-03-13,refunded,,North,84.15,2025-03-13,Sports Item 04,Sports,39.74,84.15,False
4478,3161,38,1,81.08,81.08,2025-03-13,processing,,East,138.79,2025-03-13,Fashion Item 06,Fashion,44.22,81.08,True
4479,3161,3,1,57.71,57.71,2025-03-13,processing,,East,138.79,2025-03-13,Electronics Item 03,Electronics,26.19,57.71,True
4480,3162,15,1,173.9,173.9,2025-03-13,completed,,East,173.9,2025-03-13,Home Item 07,Home,83.24,173.9,True
4481,3163,8,1,20.47,20.47,2025-03-13,completed,,South,20.47,2025-03-13,Electronics Item 08,Electronics,12.26,20.47,True
4482,3164,23,2,83.16,166.32,2025-03-13,completed,,East,166.32,2025-03-13,Beauty Item 07,Beauty,39.32,83.16,True
4483,3165,37,1,141.93,141.93,2025-03-13,refunded,,North,315.83000000000004,2025-03-13,Fashion Item 05,Fashion,76.85,141.93,False
4484,3165,15,1,173.9,173.9,2025-03-13,refunded,,North,315.83000000000004,2025-03-13,Home Item 07,Home,83.24,173.9,False
4485,3166,48,2,101.03,202.06,2025-03-13,completed,,East,214.28,2025-03-13,,Grocery,44.45,101.03,True
4486,3166,32,1,12.22,12.22,2025-03-13,completed,,East,214.28,2025-03-13,Sports Item 08,Sports,7.11,12.22,True
4487,3167,44,2,69.13,138.26,2025-03-13,completed,,North,138.26,2025-03-13,Grocery Item 04,Grocery,46.32,69.13,True
4488,3168,19,1,152.53,152.53,2025-03-13,completed,,North,213.92000000000002,2025-03-13,Beauty Item 03,Beauty,83.95,152.53,True
4489,3168,14,1,61.39,61.39,2025-03-13,completed,,North,213.92000000000002,2025-03-13,Home Item 06,Home,36.75,61.39,True
4490,3169,23,1,83.16,83.16,2025-03-13,completed,,North,83.16,2025-03-13,Beauty Item 07,Beauty,39.32,83.16,True
4491,3170,8,1,20.47,20.47,2025-03-13,refunded,,East,20.47,2025-03-13,Electronics Item 08,Electronics,12.26,20.47,False
4492,3171,42,1,138.05,138.05,2025-03-13,completed,,South,138.05,2025-03-13,Grocery Item 02,Grocery,61.43,138.05,True
4493,3172,47,1,21.34,21.34,2025-03-13,cancelled,,North,21.34,2025-03-13,Grocery Item 07,Grocery,13.74,21.34,False
4494,3173,23,1,83.16,83.16,2025-03-13,processing,,East,83.16,2025-03-13,Beauty Item 07,Beauty,39.32,83.16,True
4495,3174,18,1,37.74,37.74,2025-03-13,completed,,Central,37.74,2025-03-13,Beauty Item 02,Beauty,18.64,37.74,True
4496,3175,46,1,125.88,125.88,2025-03-13,completed,,South,195.01,2025-03-13,Grocery Item 06,Grocery,73.75,125.88,True
4497,3175,44,1,69.13,69.13,2025-03-13,completed,,South,195.01,2025-03-13,Grocery Item 04,Grocery,46.32,69.13,True
4498,3176,19,2,152.53,305.06,2025-03-13,completed,,Central,552.46,2025-03-13,Beauty Item 03,Beauty,83.95,152.53,True
4499,3176,38,1,81.08,81.08,2025-03-13,completed,,Central,552.46,2025-03-13,Fashion Item 06,Fashion,44.22,81.08,True
4500,3176,23,2,83.16,166.32,2025-03-13,completed,,Central,552.46,2025-03-13,Beauty Item 07,Beauty,39.32,83.16,True
4501,3177,40,1,202.48,202.48,2025-03-13,completed,,Central,202.48,2025-03-13,Fashion Item 08,Fashion,92.66,202.48,True
4502,3178,20,1,42.3,42.3,2025-03-14,completed,,South,42.3,2025-03-14,Beauty Item 04,Beauty,18.73,42.3,True
4503,3179,18,1,37.74,37.74,2025-03-14,completed,,Central,116.06,2025-03-14,Beauty Item 02,Beauty,18.64,37.74,True
4504,3179,21,1,78.32,78.32,2025-03-14,completed,,Central,116.06,2025-03-14,Beauty Item 05,Beauty,34.88,78.32,True
4505,3180,44,3,69.13,207.39,2025-03-14,completed,,East,207.39,2025-03-14,Grocery Item 04,Grocery,46.32,69.13,True
4506,3181,35,1,157.65,157.65,2025-03-14,completed,,North,157.65,2025-03-14,Fashion Item 03,Fashion,77.82,157.65,True
4507,3182,3,1,57.71,57.71,2025-03-14,completed,,North,57.71,2025-03-14,Electronics Item 03,Electronics,26.19,57.71,True
4508,3183,21,2,78.32,156.64,2025-03-14,completed,,East,156.64,2025-03-14,Beauty Item 05,Beauty,34.88,78.32,True
4509,3184,20,1,42.3,42.3,2025-03-14,completed,,Central,77.00999999999999,2025-03-14,Beauty Item 04,Beauty,18.73,42.3,True
4510,3184,13,1,34.71,34.71,2025-03-14,completed,,Central,77.00999999999999,2025-03-14,Home Item 05,Home,15.9,34.71,True
4511,3185,26,2,124.26,248.52,2025-03-14,completed,,East,316.42,2025-03-14,Sports Item 02,Sports,72.7,124.26,True
4512,3185,30,1,67.9,67.9,2025-03-14,completed,,East,316.42,2025-03-14,Sports Item 06,Sports,46.01,67.9,True
4513,3186,14,2,61.39,122.78,2025-03-14,refunded,,East,122.78,2025-03-14,Home Item 06,Home,36.75,61.39,False
4514,3187,31,1,19.71,19.71,2025-03-14,completed,,East,19.71,2025-03-14,Sports Item 07,Sports,11.9,19.71,True
4515,3188,10,1,163.05,163.05,2025-03-14,completed,,North,163.05,2025-03-14,Home Item 02,Home,76.01,163.05,True
4516,3189,9,1,59.69,59.69,2025-03-14,processing,,East,59.69,2025-03-14,Home Item 01,Home,38.0,59.69,True
4517,3190,34,1,43.74,43.74,2025-03-14,completed,,North,43.74,2025-03-14,Fashion Item 02,Fashion,22.77,43.74,True
4518,3191,36,2,53.45,106.9,2025-03-14,completed,,Central,106.9,2025-03-14,Fashion Item 04,Fashion,28.42,53.45,True
4519,3192,26,1,124.26,124.26,2025-03-14,completed,,East,124.26,2025-03-14,Sports Item 02,Sports,72.7,124.26,True
4520,3193,3,1,57.71,57.71,2025-03-14,completed,,East,57.71,2025-03-14,Electronics Item 03,Electronics,26.19,57.71,True
4521,3194,43,1,24.61,24.61,2025-03-14,completed,,North,24.61,2025-03-14,Grocery Item 03,Grocery,11.56,24.61,True
4522,3195,28,2,84.15,168.3,2025-03-14,processing,,Central,168.3,2025-03-14,Sports Item 04,Sports,39.74,84.15,True
4523,3196,42,2,138.05,276.1,2025-03-14,completed,,East,276.1,2025-03-14,Grocery Item 02,Grocery,61.43,138.05,True
4524,3197,12,1,117.99,117.99,2025-03-14,completed,,North,117.99,2025-03-14,Home Item 04,Home,58.96,117.99,True
4525,3198,46,1,125.88,125.88,2025-03-14,completed,,East,407.43,2025-03-14,Grocery Item 06,Grocery,73.75,125.88,True
4526,3198,11,1,115.23,115.23,2025-03-14,completed,,East,407.43,2025-03-14,Home Item 03,Home,73.04,115.23,True
4527,3198,23,2,83.16,166.32,2025-03-14,completed,,East,407.43,2025-03-14,Beauty Item 07,Beauty,39.32,83.16,True
4528,3199,8,2,20.47,40.94,2025-03-14,processing,,North,413.0,2025-03-14,Electronics Item 08,Electronics,12.26,20.47,True
4529,3199,6,1,88.2,88.2,2025-03-14,processing,,North,413.0,2025-03-14,Electronics Item 06,Electronics,39.5,88.2,True
4530,3199,37,2,141.93,283.86,2025-03-14,processing,,North,413.0,2025-03-14,Fashion Item 05,Fashion,76.85,141.93,True
4531,3200,3,1,57.71,57.71,2025-03-14,completed,,Central,140.87,2025-03-14,Electronics Item 03,Electronics,26.19,57.71,True
4532,3200,23,1,83.16,83.16,2025-03-14,completed,,Central,140.87,2025-03-14,Beauty Item 07,Beauty,39.32,83.16,True
4533,3201,18,1,37.74,37.74,2025-03-14,cancelled,,South,119.6,2025-03-14,Beauty Item 02,Beauty,18.64,37.74,False
4534,3201,14,1,61.39,61.39,2025-03-14,cancelled,,South,119.6,2025-03-14,Home Item 06,Home,36.75,61.39,False
4535,3201,8,1,20.47,20.47,2025-03-14,cancelled,,South,119.6,2025-03-14,Electronics Item 08,Electronics,12.26,20.47,False
4536,3202,36,1,53.45,53.45,2025-03-14,completed,,North,53.45,2025-03-14,Fashion Item 04,Fashion,28.42,53.45,True
4537,3203,23,1,83.16,83.16,2025-03-14,completed,,East,83.16,2025-03-14,Beauty Item 07,Beauty,39.32,83.16,True
4538,3204,18,1,37.74,37.74,2025-03-14,completed,,East,162.0,2025-03-14,Beauty Item 02,Beauty,18.64,37.74,True
4539,3204,26,1,124.26,124.26,2025-03-14,completed,,East,162.0,2025-03-14,Sports Item 02,Sports,72.7,124.26,True
4540,3205,10,2,163.05,326.1,2025-03-14,completed,,North,326.1,2025-03-14,Home Item 02,Home,76.01,163.05,True
4541,3206,30,1,67.9,67.9,2025-03-14,completed,,Central,67.9,2025-03-14,Sports Item 06,Sports,46.01,67.9,True
4542,3207,3,1,57.71,57.71,2025-03-14,completed,,North,57.71,2025-03-14,Electronics Item 03,Electronics,26.19,57.71,True
4543,3208,32,1,12.22,12.22,2025-03-14,completed,,South,12.22,2025-03-14,Sports Item 08,Sports,7.11,12.22,True
4544,3209,14,1,61.39,61.39,2025-03-14,unknown_status,,North,61.39,2025-03-14,Home Item 06,Home,36.75,61.39,False
4545,3210,10,1,163.05,163.05,2025-03-14,completed,,Central,163.05,2025-03-14,Home Item 02,Home,76.01,163.05,True
4546,3211,20,1,42.3,42.3,2025-03-14,completed,,East,42.3,2025-03-14,Beauty Item 04,Beauty,18.73,42.3,True
4547,3212,14,1,61.39,61.39,2025-03-14,completed,,South,61.39,2025-03-14,Home Item 06,Home,36.75,61.39,True
4548,3213,4,1,72.47,72.47,2025-03-14,completed,,Central,72.47,2025-03-14,Electronics Item 04,Electronics,34.44,72.47,True
4549,3214,45,1,31.58,31.58,2025-03-14,completed,,South,31.58,2025-03-14,Grocery Item 05,Grocery,18.68,31.58,True
4550,3215,27,1,24.68,24.68,2025-03-14,completed,,South,235.20000000000002,2025-03-14,Sports Item 03,Sports,10.9,24.68,True
4551,3215,42,1,138.05,138.05,2025-03-14,completed,,South,235.20000000000002,2025-03-14,Grocery Item 02,Grocery,61.43,138.05,True
4552,3215,4,1,72.47,72.47,2025-03-14,completed,,South,235.20000000000002,2025-03-14,Electronics Item 04,Electronics,34.44,72.47,True
4553,3216,20,1,42.3,42.3,2025-03-14,completed,,Central,42.3,2025-03-14,Beauty Item 04,Beauty,18.73,42.3,True
4554,3217,35,2,157.65,315.3,2025-03-14,completed,,South,315.3,2025-03-14,Fashion Item 03,Fashion,77.82,157.65,True
4555,3218,28,3,84.15,252.45,2025-03-14,completed,,Central,252.45,2025-03-14,Sports Item 04,Sports,39.74,84.15,True
4556,3219,21,2,78.32,156.64,2025-03-14,completed,,East,156.64,2025-03-14,Beauty Item 05,Beauty,34.88,78.32,True
4557,3220,28,1,84.15,84.15,2025-03-14,unknown_status,,South,84.15,2025-03-14,Sports Item 04,Sports,39.74,84.15,False
4558,3221,6,2,88.2,176.4,2025-03-15,cancelled,,Central,176.4,2025-03-15,Electronics Item 06,Electronics,39.5,88.2,False
4559,3222,14,1,61.39,61.39,2025-03-15,completed,,East,212.45,2025-03-15,Home Item 06,Home,36.75,61.39,True
4560,3222,23,1,83.16,83.16,2025-03-15,completed,,East,212.45,2025-03-15,Beauty Item 07,Beauty,39.32,83.16,True
4561,3222,30,1,67.9,67.9,2025-03-15,completed,,East,212.45,2025-03-15,Sports Item 06,Sports,46.01,67.9,True
4562,3223,4,1,72.47,72.47,2025-03-15,completed,,East,148.13,2025-03-15,Electronics Item 04,Electronics,34.44,72.47,True
4563,3223,22,1,75.66,75.66,2025-03-15,completed,,East,148.13,2025-03-15,Beauty Item 06,Beauty,36.14,75.66,True
4564,3224,36,2,53.45,106.9,2025-03-15,completed,,North,106.9,2025-03-15,Fashion Item 04,Fashion,28.42,53.45,True
4565,3225,14,1,61.39,61.39,2025-03-15,completed,,East,61.39,2025-03-15,Home Item 06,Home,36.75,61.39,True
4566,3226,11,1,115.23,115.23,2025-03-15,processing,,North,115.23,2025-03-15,Home Item 03,Home,73.04,115.23,True
4567,3227,23,1,83.16,83.16,2025-03-15,completed,,South,83.16,2025-03-15,Beauty Item 07,Beauty,39.32,83.16,True
4568,3228,22,1,75.66,75.66,2025-03-15,completed,,Central,75.66,2025-03-15,Beauty Item 06,Beauty,36.14,75.66,True
4569,3229,17,1,101.25,101.25,2025-03-15,completed,,North,101.25,2025-03-15,Beauty Item 01,Beauty,68.35,101.25,True
4570,3230,17,1,101.25,101.25,2025-03-15,completed,,Central,101.25,2025-03-15,Beauty Item 01,Beauty,68.35,101.25,True
4571,3231,30,1,67.9,67.9,2025-03-15,completed,,North,99.48,2025-03-15,Sports Item 06,Sports,46.01,67.9,True
4572,3231,45,1,31.58,31.58,2025-03-15,completed,,North,99.48,2025-03-15,Grocery Item 05,Grocery,18.68,31.58,True
4573,3232,35,1,157.65,157.65,2025-03-15,completed,,North,157.65,2025-03-15,Fashion Item 03,Fashion,77.82,157.65,True
4574,3233,8,1,20.47,20.47,2025-03-15,completed,,North,20.47,2025-03-15,Electronics Item 08,Electronics,12.26,20.47,True
4575,3234,4,1,72.47,72.47,2025-03-15,processing,,North,72.47,2025-03-15,Electronics Item 04,Electronics,34.44,72.47,True
4576,3235,3,2,57.71,115.42,2025-03-15,processing,,South,156.36,2025-03-15,Electronics Item 03,Electronics,26.19,57.71,True
4577,3235,8,2,20.47,40.94,2025-03-15,processing,,South,156.36,2025-03-15,Electronics Item 08,Electronics,12.26,20.47,True
4578,3236,12,1,117.99,117.99,2025-03-15,completed,,South,117.99,2025-03-15,Home Item 04,Home,58.96,117.99,True
4579,3237,42,1,138.05,138.05,2025-03-15,completed,,South,138.05,2025-03-15,Grocery Item 02,Grocery,61.43,138.05,True
4580,3238,44,1,69.13,69.13,2025-03-15,completed,,Central,118.35,2025-03-15,Grocery Item 04,Grocery,46.32,69.13,True
4581,3238,43,2,24.61,49.22,2025-03-15,completed,,Central,118.35,2025-03-15,Grocery Item 03,Grocery,11.56,24.61,True
4582,3239,10,1,163.05,163.05,2025-03-15,completed,,North,212.41000000000003,2025-03-15,Home Item 02,Home,76.01,163.05,True
4583,3239,27,2,24.68,49.36,2025-03-15,completed,,North,212.41000000000003,2025-03-15,Sports Item 03,Sports,10.9,24.68,True
4584,3240,8,1,20.47,20.47,2025-03-15,processing,,South,101.55,2025-03-15,Electronics Item 08,Electronics,12.26,20.47,True
4585,3240,38,1,81.08,81.08,2025-03-15,processing,,South,101.55,2025-03-15,Fashion Item 06,Fashion,44.22,81.08,True
4586,3241,47,1,21.34,21.34,2025-03-15,completed,,North,52.92,2025-03-15,Grocery Item 07,Grocery,13.74,21.34,True
4587,3241,45,1,31.58,31.58,2025-03-15,completed,,North,52.92,2025-03-15,Grocery Item 05,Grocery,18.68,31.58,True
4588,3242,26,1,124.26,124.26,2025-03-15,cancelled,,North,185.65,2025-03-15,Sports Item 02,Sports,72.7,124.26,False
4589,3242,14,1,61.39,61.39,2025-03-15,cancelled,,North,185.65,2025-03-15,Home Item 06,Home,36.75,61.39,False
4590,3243,31,1,19.71,19.71,2025-03-15,processing,,East,19.71,2025-03-15,Sports Item 07,Sports,11.9,19.71,True
4591,3244,32,1,12.22,12.22,2025-03-15,completed,,East,12.22,2025-03-15,Sports Item 08,Sports,7.11,12.22,True
4592,3245,21,1,78.32,78.32,2025-03-15,completed,,South,78.32,2025-03-15,Beauty Item 05,Beauty,34.88,78.32,True
4593,3246,28,1,84.15,84.15,2025-03-15,processing,,Central,208.41000000000003,2025-03-15,Sports Item 04,Sports,39.74,84.15,True
4594,3246,26,1,124.26,124.26,2025-03-15,processing,,Central,208.41000000000003,2025-03-15,Sports Item 02,Sports,72.7,124.26,True
4595,3247,48,1,101.03,101.03,2025-03-15,completed,,Central,189.23000000000002,2025-03-15,,Grocery,44.45,101.03,True
4596,3247,6,1,88.2,88.2,2025-03-15,completed,,Central,189.23000000000002,2025-03-15,Electronics Item 06,Electronics,39.5,88.2,True
4597,3248,23,1,83.16,83.16,2025-03-15,completed,,Central,83.16,2025-03-15,Beauty Item 07,Beauty,39.32,83.16,True
4598,3249,47,1,21.34,21.34,2025-03-15,completed,,East,21.34,2025-03-15,Grocery Item 07,Grocery,13.74,21.34,True
4599,3250,35,1,157.65,157.65,2025-03-15,completed,,Central,241.8,2025-03-15,Fashion Item 03,Fashion,77.82,157.65,True
4600,3250,28,1,84.15,84.15,2025-03-15,completed,,Central,241.8,2025-03-15,Sports Item 04,Sports,39.74,84.15,True
4601,3251,37,2,141.93,283.86,2025-03-16,completed,,Central,283.86,2025-03-16,Fashion Item 05,Fashion,76.85,141.93,True
4602,3252,10,1,163.05,163.05,2025-03-16,completed,,East,163.05,2025-03-16,Home Item 02,Home,76.01,163.05,True
4603,3253,13,2,34.71,69.42,2025-03-16,completed,,Central,69.42,2025-03-16,Home Item 05,Home,15.9,34.71,True
4604,3254,36,1,53.45,53.45,2025-03-16,completed,,South,53.45,2025-03-16,Fashion Item 04,Fashion,28.42,53.45,True
4605,3255,34,1,43.74,43.74,2025-03-16,completed,,South,43.74,2025-03-16,Fashion Item 02,Fashion,22.77,43.74,True
4606,3256,23,1,83.16,83.16,2025-03-16,completed,,Central,229.48000000000002,2025-03-16,Beauty Item 07,Beauty,39.32,83.16,True
4607,3256,36,2,53.45,106.9,2025-03-16,completed,,Central,229.48000000000002,2025-03-16,Fashion Item 04,Fashion,28.42,53.45,True
4608,3256,31,2,19.71,39.42,2025-03-16,completed,,Central,229.48000000000002,2025-03-16,Sports Item 07,Sports,11.9,19.71,True
4609,3257,25,1,43.73,43.73,2025-03-16,completed,,North,43.73,2025-03-16,Sports Item 01,Sports,20.88,43.73,True
4610,3258,30,1,67.9,67.9,2025-03-16,completed,,North,67.9,2025-03-16,Sports Item 06,Sports,46.01,67.9,True
4611,3259,27,1,24.68,24.68,2025-03-16,completed,,Central,45.15,2025-03-16,Sports Item 03,Sports,10.9,24.68,True
4612,3259,8,1,20.47,20.47,2025-03-16,completed,,Central,45.15,2025-03-16,Electronics Item 08,Electronics,12.26,20.47,True
4613,3260,47,3,21.34,64.02,2025-03-16,completed,,South,64.02,2025-03-16,Grocery Item 07,Grocery,13.74,21.34,True
4614,3261,32,1,12.22,12.22,2025-03-16,completed,,North,12.22,2025-03-16,Sports Item 08,Sports,7.11,12.22,True
4615,3262,44,1,69.13,69.13,2025-03-16,completed,,South,69.13,2025-03-16,Grocery Item 04,Grocery,46.32,69.13,True
4616,3263,23,1,83.16,83.16,2025-03-16,completed,,North,83.16,2025-03-16,Beauty Item 07,Beauty,39.32,83.16,True
4617,3264,3,2,57.71,115.42,2025-03-16,completed,,East,150.13,2025-03-16,Electronics Item 03,Electronics,26.19,57.71,True
4618,3264,13,1,34.71,34.71,2025-03-16,completed,,East,150.13,2025-03-16,Home Item 05,Home,15.9,34.71,True
4619,3265,28,2,84.15,168.3,2025-03-16,completed,,North,237.72000000000003,2025-03-16,Sports Item 04,Sports,39.74,84.15,True
4620,3265,13,2,34.71,69.42,2025-03-16,completed,,North,237.72000000000003,2025-03-16,Home Item 05,Home,15.9,34.71,True
4621,3266,45,2,31.58,63.16,2025-03-16,completed,,East,75.38,2025-03-16,Grocery Item 05,Grocery,18.68,31.58,True
4622,3266,32,1,12.22,12.22,2025-03-16,completed,,East,75.38,2025-03-16,Sports Item 08,Sports,7.11,12.22,True
4623,3267,47,1,21.34,21.34,2025-03-16,completed,,South,21.34,2025-03-16,Grocery Item 07,Grocery,13.74,21.34,True
4624,3268,22,2,75.66,151.32,2025-03-16,completed,,Central,151.32,2025-03-16,Beauty Item 06,Beauty,36.14,75.66,True
4625,3269,44,1,69.13,69.13,2025-03-16,completed,,Central,69.13,2025-03-16,Grocery Item 04,Grocery,46.32,69.13,True
4626,3270,32,2,12.22,24.44,2025-03-16,completed,,North,56.019999999999996,2025-03-16,Sports Item 08,Sports,7.11,12.22,True
4627,3270,45,1,31.58,31.58,2025-03-16,completed,,North,56.019999999999996,2025-03-16,Grocery Item 05,Grocery,18.68,31.58,True
4628,3271,45,2,31.58,63.16,2025-03-16,completed,,North,178.57999999999998,2025-03-16,Grocery Item 05,Grocery,18.68,31.58,True
4629,3271,3,2,57.71,115.42,2025-03-16,completed,,North,178.57999999999998,2025-03-16,Electronics Item 03,Electronics,26.19,57.71,True
4630,3272,26,1,124.26,124.26,2025-03-16,completed,,Central,124.26,2025-03-16,Sports Item 02,Sports,72.7,124.26,True
4631,3273,6,1,88.2,88.2,2025-03-16,completed,,East,88.2,2025-03-16,Electronics Item 06,Electronics,39.5,88.2,True
4632,3274,41,1,49.55,49.55,2025-03-16,completed,,North,309.74,2025-03-16,Grocery Item 01,Grocery,22.88,49.55,True
4633,3274,40,1,202.48,202.48,2025-03-16,completed,,North,309.74,2025-03-16,Fashion Item 08,Fashion,92.66,202.48,True
4634,3274,3,1,57.71,57.71,2025-03-16,completed,,North,309.74,2025-03-16,Electronics Item 03,Electronics,26.19,57.71,True
4635,3275,21,2,78.32,156.64,2025-03-16,completed,,South,239.79999999999998,2025-03-16,Beauty Item 05,Beauty,34.88,78.32,True
4636,3275,23,1,83.16,83.16,2025-03-16,completed,,South,239.79999999999998,2025-03-16,Beauty Item 07,Beauty,39.32,83.16,True
4637,3276,23,2,83.16,166.32,2025-03-16,completed,,East,318.85,2025-03-16,Beauty Item 07,Beauty,39.32,83.16,True
4638,3276,19,1,152.53,152.53,2025-03-16,completed,,East,318.85,2025-03-16,Beauty Item 03,Beauty,83.95,152.53,True
4639,3277,23,1,83.16,83.16,2025-03-16,completed,,Central,209.04,2025-03-16,Beauty Item 07,Beauty,39.32,83.16,True
4640,3277,46,1,125.88,125.88,2025-03-16,completed,,Central,209.04,2025-03-16,Grocery Item 06,Grocery,73.75,125.88,True
4641,3278,28,1,84.15,84.15,2025-03-16,completed,,North,236.68,2025-03-16,Sports Item 04,Sports,39.74,84.15,True
4642,3278,19,1,152.53,152.53,2025-03-16,completed,,North,236.68,2025-03-16,Beauty Item 03,Beauty,83.95,152.53,True
4643,3279,25,1,43.73,43.73,2025-03-16,processing,,South,103.41999999999999,2025-03-16,Sports Item 01,Sports,20.88,43.73,True
4644,3279,9,1,59.69,59.69,2025-03-16,processing,,South,103.41999999999999,2025-03-16,Home Item 01,Home,38.0,59.69,True
4645,3280,36,1,53.45,53.45,2025-03-16,completed,,South,53.45,2025-03-16,Fashion Item 04,Fashion,28.42,53.45,True
4646,3281,21,1,78.32,78.32,2025-03-16,processing,,North,78.32,2025-03-16,Beauty Item 05,Beauty,34.88,78.32,True
4647,3282,19,1,152.53,152.53,2025-03-16,completed,,East,152.53,2025-03-16,Beauty Item 03,Beauty,83.95,152.53,True
4648,3283,34,1,43.74,43.74,2025-03-16,completed,,East,43.74,2025-03-16,Fashion Item 02,Fashion,22.77,43.74,True
4649,3284,42,1,138.05,138.05,2025-03-16,completed,,North,138.05,2025-03-16,Grocery Item 02,Grocery,61.43,138.05,True
4650,3285,44,1,69.13,69.13,2025-03-16,completed,,East,69.13,2025-03-16,Grocery Item 04,Grocery,46.32,69.13,True
4651,3286,12,1,117.99,117.99,2025-03-16,completed,,Central,117.99,2025-03-16,Home Item 04,Home,58.96,117.99,True
4652,3287,12,1,117.99,117.99,2025-03-16,completed,,South,155.73,2025-03-16,Home Item 04,Home,58.96,117.99,True
4653,3287,18,1,37.74,37.74,2025-03-16,completed,,South,155.73,2025-03-16,Beauty Item 02,Beauty,18.64,37.74,True
4654,3288,23,1,83.16,83.16,2025-03-17,processing,,South,83.16,2025-03-17,Beauty Item 07,Beauty,39.32,83.16,True
4655,3289,46,1,125.88,125.88,2025-03-17,completed,,South,214.07999999999998,2025-03-17,Grocery Item 06,Grocery,73.75,125.88,True
4656,3289,6,1,88.2,88.2,2025-03-17,completed,,South,214.07999999999998,2025-03-17,Electronics Item 06,Electronics,39.5,88.2,True
4657,3290,14,1,61.39,61.39,2025-03-17,completed,,North,139.70999999999998,2025-03-17,Home Item 06,Home,36.75,61.39,True
4658,3290,21,1,78.32,78.32,2025-03-17,completed,,North,139.70999999999998,2025-03-17,Beauty Item 05,Beauty,34.88,78.32,True
4659,3291,47,1,21.34,21.34,2025-03-17,completed,,Central,21.34,2025-03-17,Grocery Item 07,Grocery,13.74,21.34,True
4660,3292,15,1,173.9,173.9,2025-03-17,completed,,North,173.9,2025-03-17,Home Item 07,Home,83.24,173.9,True
4661,3293,22,1,75.66,75.66,2025-03-17,completed,,Central,351.76,2025-03-17,Beauty Item 06,Beauty,36.14,75.66,True
4662,3293,42,2,138.05,276.1,2025-03-17,completed,,Central,351.76,2025-03-17,Grocery Item 02,Grocery,61.43,138.05,True
4663,3294,13,1,34.71,34.71,2025-03-17,completed,,Central,34.71,2025-03-17,Home Item 05,Home,15.9,34.71,True
4664,3295,32,1,12.22,12.22,2025-03-17,completed,,South,12.22,2025-03-17,Sports Item 08,Sports,7.11,12.22,True
4665,3296,12,1,117.99,117.99,2025-03-17,completed,,North,281.04,2025-03-17,Home Item 04,Home,58.96,117.99,True
4666,3296,10,1,163.05,163.05,2025-03-17,completed,,North,281.04,2025-03-17,Home Item 02,Home,76.01,163.05,True
4667,3297,14,1,61.39,61.39,2025-03-17,processing,,Central,61.39,2025-03-17,Home Item 06,Home,36.75,61.39,True
4668,3298,4,1,72.47,72.47,2025-03-17,completed,,South,72.47,2025-03-17,Electronics Item 04,Electronics,34.44,72.47,True
4669,3299,23,1,83.16,83.16,2025-03-17,completed,,East,83.16,2025-03-17,Beauty Item 07,Beauty,39.32,83.16,True
4670,3300,18,1,37.74,37.74,2025-03-17,completed,,Central,37.74,2025-03-17,Beauty Item 02,Beauty,18.64,37.74,True
4671,3301,25,1,43.73,43.73,2025-03-17,completed,,Central,43.73,2025-03-17,Sports Item 01,Sports,20.88,43.73,True
4672,3302,21,1,78.32,78.32,2025-03-17,completed,,East,196.31,2025-03-17,Beauty Item 05,Beauty,34.88,78.32,True
4673,3302,12,1,117.99,117.99,2025-03-17,completed,,East,196.31,2025-03-17,Home Item 04,Home,58.96,117.99,True
4674,3303,40,2,202.48,404.96,2025-03-17,completed,,North,477.42999999999995,2025-03-17,Fashion Item 08,Fashion,92.66,202.48,True
4675,3303,4,1,72.47,72.47,2025-03-17,completed,,North,477.42999999999995,2025-03-17,Electronics Item 04,Electronics,34.44,72.47,True
4676,3304,21,2,78.32,156.64,2025-03-17,completed,,Central,156.64,2025-03-17,Beauty Item 05,Beauty,34.88,78.32,True
4677,3305,47,1,21.34,21.34,2025-03-17,completed,,East,21.34,2025-03-17,Grocery Item 07,Grocery,13.74,21.34,True
4678,3306,10,1,163.05,163.05,2025-03-17,completed,,South,163.05,2025-03-17,Home Item 02,Home,76.01,163.05,True
4679,3307,10,1,163.05,163.05,2025-03-17,completed,,South,163.05,2025-03-17,Home Item 02,Home,76.01,163.05,True
4680,3308,13,1,34.71,34.71,2025-03-17,completed,,South,34.71,2025-03-17,Home Item 05,Home,15.9,34.71,True
4681,3309,45,1,31.58,31.58,2025-03-17,completed,,Central,100.71,2025-03-17,Grocery Item 05,Grocery,18.68,31.58,True
4682,3309,44,1,69.13,69.13,2025-03-17,completed,,Central,100.71,2025-03-17,Grocery Item 04,Grocery,46.32,69.13,True
4683,3310,23,1,83.16,83.16,2025-03-17,completed,,South,83.16,2025-03-17,Beauty Item 07,Beauty,39.32,83.16,True
4684,3311,32,2,12.22,24.44,2025-03-17,processing,,South,24.44,2025-03-17,Sports Item 08,Sports,7.11,12.22,True
4685,3312,48,1,101.03,101.03,2025-03-17,processing,,North,101.03,2025-03-17,,Grocery,44.45,101.03,True
4686,3313,43,1,24.61,24.61,2025-03-17,completed,,North,24.61,2025-03-17,Grocery Item 03,Grocery,11.56,24.61,True
4687,3314,35,1,157.65,157.65,2025-03-17,completed,,Central,157.65,2025-03-17,Fashion Item 03,Fashion,77.82,157.65,True
4688,3315,35,1,157.65,157.65,2025-03-17,completed,,Central,157.65,2025-03-17,Fashion Item 03,Fashion,77.82,157.65,True
4689,3316,28,1,84.15,84.15,2025-03-17,cancelled,,East,286.63,2025-03-17,Sports Item 04,Sports,39.74,84.15,False
4690,3316,40,1,202.48,202.48,2025-03-17,cancelled,,East,286.63,2025-03-17,Fashion Item 08,Fashion,92.66,202.48,False
4691,3317,42,2,138.05,276.1,2025-03-17,completed,,North,276.1,2025-03-17,Grocery Item 02,Grocery,61.43,138.05,True
4692,3318,36,1,53.45,53.45,2025-03-17,completed,,East,168.87,2025-03-17,Fashion Item 04,Fashion,28.42,53.45,True
4693,3318,3,2,57.71,115.42,2025-03-17,completed,,East,168.87,2025-03-17,Electronics Item 03,Electronics,26.19,57.71,True
4694,3319,25,2,43.73,87.46,2025-03-17,completed,,South,87.46,2025-03-17,Sports Item 01,Sports,20.88,43.73,True
4695,3320,37,1,141.93,141.93,2025-03-17,completed,,North,141.93,2025-03-17,Fashion Item 05,Fashion,76.85,141.93,True
4696,3321,33,1,171.28,171.28,2025-03-17,processing,,North,171.28,2025-03-17,Fashion Item 01,Fashion,77.9,171.28,True
4697,3322,32,1,12.22,12.22,2025-03-17,processing,,North,12.22,2025-03-17,Sports Item 08,Sports,7.11,12.22,True
4698,3323,46,1,125.88,125.88,2025-03-17,completed,,East,125.88,2025-03-17,Grocery Item 06,Grocery,73.75,125.88,True
4699,3324,12,3,117.99,353.97,2025-03-17,completed,,South,353.97,2025-03-17,Home Item 04,Home,58.96,117.99,True
4700,3325,27,1,24.68,24.68,2025-03-18,completed,,North,24.68,2025-03-18,Sports Item 03,Sports,10.9,24.68,True
4701,3326,35,1,157.65,157.65,2025-03-18,completed,,Central,157.65,2025-03-18,Fashion Item 03,Fashion,77.82,157.65,True
4702,3327,20,2,42.3,84.6,2025-03-18,completed,,East,84.6,2025-03-18,Beauty Item 04,Beauty,18.73,42.3,True
4703,3328,23,1,83.16,83.16,2025-03-18,completed,,East,83.16,2025-03-18,Beauty Item 07,Beauty,39.32,83.16,True
4704,3329,8,1,20.47,20.47,2025-03-18,completed,,North,20.47,2025-03-18,Electronics Item 08,Electronics,12.26,20.47,True
4705,3330,14,1,61.39,61.39,2025-03-18,completed,,East,61.39,2025-03-18,Home Item 06,Home,36.75,61.39,True
4706,3331,40,1,202.48,202.48,2025-03-18,processing,,North,202.48,2025-03-18,Fashion Item 08,Fashion,92.66,202.48,True
4707,3332,10,2,163.05,326.1,2025-03-18,completed,,Central,326.1,2025-03-18,Home Item 02,Home,76.01,163.05,True
4708,3333,26,1,124.26,124.26,2025-03-18,completed,,East,124.26,2025-03-18,Sports Item 02,Sports,72.7,124.26,True
4709,3334,10,1,163.05,163.05,2025-03-18,completed,,South,336.95000000000005,2025-03-18,Home Item 02,Home,76.01,163.05,True
4710,3334,15,1,173.9,173.9,2025-03-18,completed,,South,336.95000000000005,2025-03-18,Home Item 07,Home,83.24,173.9,True
4711,3335,10,1,163.05,163.05,2025-03-18,completed,,Central,163.05,2025-03-18,Home Item 02,Home,76.01,163.05,True
4712,3336,28,1,84.15,84.15,2025-03-18,processing,,Central,167.31,2025-03-18,Sports Item 04,Sports,39.74,84.15,True
4713,3336,23,1,83.16,83.16,2025-03-18,processing,,Central,167.31,2025-03-18,Beauty Item 07,Beauty,39.32,83.16,True
4714,3337,36,1,53.45,53.45,2025-03-18,completed,,South,53.45,2025-03-18,Fashion Item 04,Fashion,28.42,53.45,True
4715,3338,3,3,57.71,173.13,2025-03-18,completed,,Central,173.13,2025-03-18,Electronics Item 03,Electronics,26.19,57.71,True
4716,3339,47,1,21.34,21.34,2025-03-18,refunded,,South,21.34,2025-03-18,Grocery Item 07,Grocery,13.74,21.34,False
4717,3340,11,2,115.23,230.46,2025-03-18,processing,,South,311.54,2025-03-18,Home Item 03,Home,73.04,115.23,True
4718,3340,38,1,81.08,81.08,2025-03-18,processing,,South,311.54,2025-03-18,Fashion Item 06,Fashion,44.22,81.08,True
4719,3341,35,1,157.65,157.65,2025-03-18,completed,,Central,182.33,2025-03-18,Fashion Item 03,Fashion,77.82,157.65,True
4720,3341,27,1,24.68,24.68,2025-03-18,completed,,Central,182.33,2025-03-18,Sports Item 03,Sports,10.9,24.68,True
4721,3342,20,1,42.3,42.3,2025-03-18,processing,,North,51.5,2025-03-18,Beauty Item 04,Beauty,18.73,42.3,True
4722,3342,29,1,9.2,9.2,2025-03-18,processing,,North,51.5,2025-03-18,Sports Item 05,Sports,4.26,9.2,True
4723,3343,33,1,171.28,171.28,2025-03-18,processing,,North,171.28,2025-03-18,Fashion Item 01,Fashion,77.9,171.28,True
4724,3344,10,1,163.05,163.05,2025-03-18,completed,,Central,246.21,2025-03-18,Home Item 02,Home,76.01,163.05,True
4725,3344,23,1,83.16,83.16,2025-03-18,completed,,Central,246.21,2025-03-18,Beauty Item 07,Beauty,39.32,83.16,True
4726,3345,27,1,24.68,24.68,2025-03-18,completed,,South,187.73000000000002,2025-03-18,Sports Item 03,Sports,10.9,24.68,True
4727,3345,10,1,163.05,163.05,2025-03-18,completed,,South,187.73000000000002,2025-03-18,Home Item 02,Home,76.01,163.05,True
4728,3346,15,1,173.9,173.9,2025-03-18,completed,,South,173.9,2025-03-18,Home Item 07,Home,83.24,173.9,True
4729,3347,26,1,124.26,124.26,2025-03-18,completed,,Central,124.26,2025-03-18,Sports Item 02,Sports,72.7,124.26,True
4730,3348,27,1,24.68,24.68,2025-03-18,completed,,North,162.73000000000002,2025-03-18,Sports Item 03,Sports,10.9,24.68,True
4731,3348,42,1,138.05,138.05,2025-03-18,completed,,North,162.73000000000002,2025-03-18,Grocery Item 02,Grocery,61.43,138.05,True
4732,3349,47,2,21.34,42.68,2025-03-18,completed,,South,235.87,2025-03-18,Grocery Item 07,Grocery,13.74,21.34,True
4733,3349,44,1,69.13,69.13,2025-03-18,completed,,South,235.87,2025-03-18,Grocery Item 04,Grocery,46.32,69.13,True
4734,3349,39,1,124.06,124.06,2025-03-18,completed,,South,235.87,2025-03-18,Fashion Item 07,Fashion,65.04,124.06,True
4735,3350,10,1,163.05,163.05,2025-03-18,completed,,Central,203.99,2025-03-18,Home Item 02,Home,76.01,163.05,True
4736,3350,8,2,20.47,40.94,2025-03-18,completed,,Central,203.99,2025-03-18,Electronics Item 08,Electronics,12.26,20.47,True
4737,3351,28,1,84.15,84.15,2025-03-18,completed,,Central,241.8,2025-03-18,Sports Item 04,Sports,39.74,84.15,True
4738,3351,35,1,157.65,157.65,2025-03-18,completed,,Central,241.8,2025-03-18,Fashion Item 03,Fashion,77.82,157.65,True
4739,3352,44,1,69.13,69.13,2025-03-18,completed,,South,69.13,2025-03-18,Grocery Item 04,Grocery,46.32,69.13,True
4740,3353,8,1,20.47,20.47,2025-03-18,completed,,North,20.47,2025-03-18,Electronics Item 08,Electronics,12.26,20.47,True
4741,3354,28,1,84.15,84.15,2025-03-18,completed,,North,84.15,2025-03-18,Sports Item 04,Sports,39.74,84.15,True
4742,3355,6,1,88.2,88.2,2025-03-18,completed,,South,336.72,2025-03-18,Electronics Item 06,Electronics,39.5,88.2,True
4743,3355,26,2,124.26,248.52,2025-03-18,completed,,South,336.72,2025-03-18,Sports Item 02,Sports,72.7,124.26,True
4744,3356,47,2,21.34,42.68,2025-03-18,completed,,South,111.81,2025-03-18,Grocery Item 07,Grocery,13.74,21.34,True
4745,3356,44,1,69.13,69.13,2025-03-18,completed,,South,111.81,2025-03-18,Grocery Item 04,Grocery,46.32,69.13,True
4746,3357,3,1,57.71,57.71,2025-03-18,completed,,Central,57.71,2025-03-18,Electronics Item 03,Electronics,26.19,57.71,True
4747,3358,48,3,101.03,303.09,2025-03-19,completed,,East,303.09,2025-03-19,,Grocery,44.45,101.03,True
4748,3359,28,2,84.15,168.3,2025-03-19,completed,,North,292.56,2025-03-19,Sports Item 04,Sports,39.74,84.15,True
4749,3359,26,1,124.26,124.26,2025-03-19,completed,,North,292.56,2025-03-19,Sports Item 02,Sports,72.7,124.26,True
4750,3360,47,1,21.34,21.34,2025-03-19,completed,,East,21.34,2025-03-19,Grocery Item 07,Grocery,13.74,21.34,True
4751,3361,9,1,59.69,59.69,2025-03-19,completed,,Central,125.31,2025-03-19,Home Item 01,Home,38.0,59.69,True
4752,3361,27,1,24.68,24.68,2025-03-19,completed,,Central,125.31,2025-03-19,Sports Item 03,Sports,10.9,24.68,True
4753,3361,8,2,20.47,40.94,2025-03-19,completed,,Central,125.31,2025-03-19,Electronics Item 08,Electronics,12.26,20.47,True
4754,3362,3,1,57.71,57.71,2025-03-19,completed,,North,57.71,2025-03-19,Electronics Item 03,Electronics,26.19,57.71,True
4755,3363,23,1,83.16,83.16,2025-03-19,processing,,North,83.16,2025-03-19,Beauty Item 07,Beauty,39.32,83.16,True
4756,3364,37,1,141.93,141.93,2025-03-19,completed,,South,141.93,2025-03-19,Fashion Item 05,Fashion,76.85,141.93,True
4757,3365,1,1,114.06,114.06,2025-03-19,processing,,South,192.38,2025-03-19,Electronics Item 01,Electronics,75.52,114.06,True
4758,3365,21,1,78.32,78.32,2025-03-19,processing,,South,192.38,2025-03-19,Beauty Item 05,Beauty,34.88,78.32,True
4759,3366,23,1,83.16,83.16,2025-03-19,completed,,Central,120.9,2025-03-19,Beauty Item 07,Beauty,39.32,83.16,True
4760,3366,18,1,37.74,37.74,2025-03-19,completed,,Central,120.9,2025-03-19,Beauty Item 02,Beauty,18.64,37.74,True
4761,3367,3,1,57.71,57.71,2025-03-19,completed,,Central,57.71,2025-03-19,Electronics Item 03,Electronics,26.19,57.71,True
4762,3368,48,2,101.03,202.06,2025-03-19,completed,,North,221.77,2025-03-19,,Grocery,44.45,101.03,True
4763,3368,31,1,19.71,19.71,2025-03-19,completed,,North,221.77,2025-03-19,Sports Item 07,Sports,11.9,19.71,True
4764,3369,35,3,157.65,472.95,2025-03-19,completed,,East,472.95,2025-03-19,Fashion Item 03,Fashion,77.82,157.65,True
4765,3370,25,1,43.73,43.73,2025-03-19,completed,,Central,43.73,2025-03-19,Sports Item 01,Sports,20.88,43.73,True
4766,3371,18,1,37.74,37.74,2025-03-19,completed,,North,37.74,2025-03-19,Beauty Item 02,Beauty,18.64,37.74,True
4767,3372,6,1,88.2,88.2,2025-03-19,completed,,South,380.87,2025-03-19,Electronics Item 06,Electronics,39.5,88.2,True
4768,3372,21,3,78.32,234.96,2025-03-19,completed,,South,380.87,2025-03-19,Beauty Item 05,Beauty,34.88,78.32,True
4769,3372,3,1,57.71,57.71,2025-03-19,completed,,South,380.87,2025-03-19,Electronics Item 03,Electronics,26.19,57.71,True
4770,3373,8,1,20.47,20.47,2025-03-19,cancelled,,South,20.47,2025-03-19,Electronics Item 08,Electronics,12.26,20.47,False
4771,3374,45,1,31.58,31.58,2025-03-19,completed,,South,177.12,2025-03-19,Grocery Item 05,Grocery,18.68,31.58,True
4772,3374,14,1,61.39,61.39,2025-03-19,completed,,South,177.12,2025-03-19,Home Item 06,Home,36.75,61.39,True
4773,3374,28,1,84.15,84.15,2025-03-19,completed,,South,177.12,2025-03-19,Sports Item 04,Sports,39.74,84.15,True
4774,3375,23,2,83.16,166.32,2025-03-19,completed,,East,166.32,2025-03-19,Beauty Item 07,Beauty,39.32,83.16,True
4775,3376,23,1,83.16,83.16,2025-03-19,completed,,East,83.16,2025-03-19,Beauty Item 07,Beauty,39.32,83.16,True
4776,3377,14,1,61.39,61.39,2025-03-19,processing,,East,94.95,2025-03-19,Home Item 06,Home,36.75,61.39,True
4777,3377,32,1,12.22,12.22,2025-03-19,processing,,East,94.95,2025-03-19,Sports Item 08,Sports,7.11,12.22,True
4778,3377,47,1,21.34,21.34,2025-03-19,processing,,East,94.95,2025-03-19,Grocery Item 07,Grocery,13.74,21.34,True
4779,3378,47,1,21.34,21.34,2025-03-19,completed,,East,21.34,2025-03-19,Grocery Item 07,Grocery,13.74,21.34,True
4780,3379,14,1,61.39,61.39,2025-03-19,completed,,Central,114.84,2025-03-19,Home Item 06,Home,36.75,61.39,True
4781,3379,36,1,53.45,53.45,2025-03-19,completed,,Central,114.84,2025-03-19,Fashion Item 04,Fashion,28.42,53.45,True
4782,3380,23,2,83.16,166.32,2025-03-19,completed,,East,302.12,2025-03-19,Beauty Item 07,Beauty,39.32,83.16,True
4783,3380,30,2,67.9,135.8,2025-03-19,completed,,East,302.12,2025-03-19,Sports Item 06,Sports,46.01,67.9,True
4784,3381,13,1,34.71,34.71,2025-03-19,completed,,East,34.71,2025-03-19,Home Item 05,Home,15.9,34.71,True
4785,3382,42,1,138.05,138.05,2025-03-19,completed,,Central,221.21,2025-03-19,Grocery Item 02,Grocery,61.43,138.05,True
4786,3382,23,1,83.16,83.16,2025-03-19,completed,,Central,221.21,2025-03-19,Beauty Item 07,Beauty,39.32,83.16,True
4787,3383,36,1,53.45,53.45,2025-03-19,completed,,East,53.45,2025-03-19,Fashion Item 04,Fashion,28.42,53.45,True
4788,3384,43,1,24.61,24.61,2025-03-19,completed,,East,24.61,2025-03-19,Grocery Item 03,Grocery,11.56,24.61,True
4789,3385,44,1,69.13,69.13,2025-03-19,processing,,Central,69.13,2025-03-19,Grocery Item 04,Grocery,46.32,69.13,True
4790,3386,18,1,37.74,37.74,2025-03-19,completed,,South,37.74,2025-03-19,Beauty Item 02,Beauty,18.64,37.74,True
4791,3387,23,2,83.16,166.32,2025-03-19,processing,,North,166.32,2025-03-19,Beauty Item 07,Beauty,39.32,83.16,True
4792,3388,24,2,29.56,59.12,2025-03-19,completed,,Central,59.12,2025-03-19,Beauty Item 08,Beauty,14.55,29.56,True
4793,3389,27,2,24.68,49.36,2025-03-19,completed,,South,49.36,2025-03-19,Sports Item 03,Sports,10.9,24.68,True
4794,3390,21,2,78.32,156.64,2025-03-19,completed,,Central,244.09999999999997,2025-03-19,Beauty Item 05,Beauty,34.88,78.32,True
4795,3390,25,2,43.73,87.46,2025-03-19,completed,,Central,244.09999999999997,2025-03-19,Sports Item 01,Sports,20.88,43.73,True
4796,3391,21,1,78.32,78.32,2025-03-19,completed,,Central,204.2,2025-03-19,Beauty Item 05,Beauty,34.88,78.32,True
4797,3391,46,1,125.88,125.88,2025-03-19,completed,,Central,204.2,2025-03-19,Grocery Item 06,Grocery,73.75,125.88,True
4798,3392,23,3,83.16,249.48,2025-03-19,completed,,North,249.48,2025-03-19,Beauty Item 07,Beauty,39.32,83.16,True
4799,3393,8,1,20.47,20.47,2025-03-19,completed,,South,20.47,2025-03-19,Electronics Item 08,Electronics,12.26,20.47,True
4800,3394,8,1,20.47,20.47,2025-03-19,refunded,,East,20.47,2025-03-19,Electronics Item 08,Electronics,12.26,20.47,False
4801,3395,44,1,69.13,69.13,2025-03-19,completed,,South,69.13,2025-03-19,Grocery Item 04,Grocery,46.32,69.13,True
4802,3396,14,1,61.39,61.39,2025-03-19,completed,,East,61.39,2025-03-19,Home Item 06,Home,36.75,61.39,True
4803,3397,8,2,20.47,40.94,2025-03-19,completed,,Central,193.47,2025-03-19,Electronics Item 08,Electronics,12.26,20.47,True
4804,3397,19,1,152.53,152.53,2025-03-19,completed,,Central,193.47,2025-03-19,Beauty Item 03,Beauty,83.95,152.53,True
4805,3398,2,1,100.26,100.26,2025-03-19,completed,,East,100.26,2025-03-19,Electronics Item 02,Electronics,54.16,100.26,True
4806,3399,40,1,202.48,202.48,2025-03-19,completed,,East,202.48,2025-03-19,Fashion Item 08,Fashion,92.66,202.48,True
4807,3400,5,1,61.15,61.15,2025-03-19,completed,,North,294.76,2025-03-19,Electronics Item 05,Electronics,33.0,61.15,True
4808,3400,38,1,81.08,81.08,2025-03-19,completed,,North,294.76,2025-03-19,Fashion Item 06,Fashion,44.22,81.08,True
4809,3400,19,1,152.53,152.53,2025-03-19,completed,,North,294.76,2025-03-19,Beauty Item 03,Beauty,83.95,152.53,True
4810,3401,17,1,101.25,101.25,2025-03-19,completed,,East,101.25,2025-03-19,Beauty Item 01,Beauty,68.35,101.25,True
4811,3402,3,1,57.71,57.71,2025-03-19,cancelled,,North,57.71,2025-03-19,Electronics Item 03,Electronics,26.19,57.71,False
4812,3403,12,2,117.99,235.98,2025-03-20,completed,,East,235.98,2025-03-20,Home Item 04,Home,58.96,117.99,True
4813,3404,18,1,37.74,37.74,2025-03-20,completed,,Central,37.74,2025-03-20,Beauty Item 02,Beauty,18.64,37.74,True
4814,3405,20,1,42.3,42.3,2025-03-20,completed,,Central,42.3,2025-03-20,Beauty Item 04,Beauty,18.73,42.3,True
4815,3406,8,1,20.47,20.47,2025-03-20,completed,,North,20.47,2025-03-20,Electronics Item 08,Electronics,12.26,20.47,True
4816,3407,21,1,78.32,78.32,2025-03-20,completed,,East,78.32,2025-03-20,Beauty Item 05,Beauty,34.88,78.32,True
4817,3408,23,1,83.16,83.16,2025-03-20,completed,,Central,409.26,2025-03-20,Beauty Item 07,Beauty,39.32,83.16,True
4818,3408,10,2,163.05,326.1,2025-03-20,completed,,Central,409.26,2025-03-20,Home Item 02,Home,76.01,163.05,True
4819,3409,37,1,141.93,141.93,2025-03-20,completed,,Central,141.93,2025-03-20,Fashion Item 05,Fashion,76.85,141.93,True
4820,3410,45,1,31.58,31.58,2025-03-20,completed,,North,31.58,2025-03-20,Grocery Item 05,Grocery,18.68,31.58,True
4821,3411,37,1,141.93,141.93,2025-03-20,completed,,North,279.98,2025-03-20,Fashion Item 05,Fashion,76.85,141.93,True
4822,3411,42,1,138.05,138.05,2025-03-20,completed,,North,279.98,2025-03-20,Grocery Item 02,Grocery,61.43,138.05,True
4823,3412,11,1,115.23,115.23,2025-03-20,completed,,Central,115.23,2025-03-20,Home Item 03,Home,73.04,115.23,True
4824,3413,8,1,20.47,20.47,2025-03-20,completed,,Central,20.47,2025-03-20,Electronics Item 08,Electronics,12.26,20.47,True
4825,3414,37,1,141.93,141.93,2025-03-20,completed,,North,154.15,2025-03-20,Fashion Item 05,Fashion,76.85,141.93,True
4826,3414,32,1,12.22,12.22,2025-03-20,completed,,North,154.15,2025-03-20,Sports Item 08,Sports,7.11,12.22,True
4827,3415,28,1,84.15,84.15,2025-03-20,completed,,South,84.15,2025-03-20,Sports Item 04,Sports,39.74,84.15,True
4828,3416,23,2,83.16,166.32,2025-03-20,completed,,North,204.06,2025-03-20,Beauty Item 07,Beauty,39.32,83.16,True
4829,3416,18,1,37.74,37.74,2025-03-20,completed,,North,204.06,2025-03-20,Beauty Item 02,Beauty,18.64,37.74,True
4830,3417,23,2,83.16,166.32,2025-03-20,processing,,Central,166.32,2025-03-20,Beauty Item 07,Beauty,39.32,83.16,True
4831,3418,44,1,69.13,69.13,2025-03-20,completed,,South,153.28,2025-03-20,Grocery Item 04,Grocery,46.32,69.13,True
4832,3418,28,1,84.15,84.15,2025-03-20,completed,,South,153.28,2025-03-20,Sports Item 04,Sports,39.74,84.15,True
4833,3419,18,1,37.74,37.74,2025-03-20,completed,,Central,91.19,2025-03-20,Beauty Item 02,Beauty,18.64,37.74,True
4834,3419,36,1,53.45,53.45,2025-03-20,completed,,Central,91.19,2025-03-20,Fashion Item 04,Fashion,28.42,53.45,True
4835,3420,35,1,157.65,157.65,2025-03-20,completed,,Central,157.65,2025-03-20,Fashion Item 03,Fashion,77.82,157.65,True
4836,3421,3,1,57.71,57.71,2025-03-20,completed,,North,101.45,2025-03-20,Electronics Item 03,Electronics,26.19,57.71,True
4837,3421,34,1,43.74,43.74,2025-03-20,completed,,North,101.45,2025-03-20,Fashion Item 02,Fashion,22.77,43.74,True
4838,3422,36,2,53.45,106.9,2025-03-20,completed,,North,119.12,2025-03-20,Fashion Item 04,Fashion,28.42,53.45,True
4839,3422,32,1,12.22,12.22,2025-03-20,completed,,North,119.12,2025-03-20,Sports Item 08,Sports,7.11,12.22,True
4840,3423,26,1,124.26,124.26,2025-03-20,completed,,South,124.26,2025-03-20,Sports Item 02,Sports,72.7,124.26,True
4841,3424,14,1,61.39,61.39,2025-03-20,completed,,North,174.26,2025-03-20,Home Item 06,Home,36.75,61.39,True
4842,3424,34,1,43.74,43.74,2025-03-20,completed,,North,174.26,2025-03-20,Fashion Item 02,Fashion,22.77,43.74,True
4843,3424,44,1,69.13,69.13,2025-03-20,completed,,North,174.26,2025-03-20,Grocery Item 04,Grocery,46.32,69.13,True
4844,3425,3,1,57.71,57.71,2025-03-20,completed,,East,57.71,2025-03-20,Electronics Item 03,Electronics,26.19,57.71,True
4845,3426,36,1,53.45,53.45,2025-03-20,completed,,North,216.5,2025-03-20,Fashion Item 04,Fashion,28.42,53.45,True
4846,3426,10,1,163.05,163.05,2025-03-20,completed,,North,216.5,2025-03-20,Home Item 02,Home,76.01,163.05,True
4847,3427,8,1,20.47,20.47,2025-03-20,completed,,North,138.45999999999998,2025-03-20,Electronics Item 08,Electronics,12.26,20.47,True
4848,3427,12,1,117.99,117.99,2025-03-20,completed,,North,138.45999999999998,2025-03-20,Home Item 04,Home,58.96,117.99,True
4849,3428,21,1,78.32,78.32,2025-03-20,completed,,South,78.32,2025-03-20,Beauty Item 05,Beauty,34.88,78.32,True
4850,3429,25,1,43.73,43.73,2025-03-20,completed,,South,113.15,2025-03-20,Sports Item 01,Sports,20.88,43.73,True
4851,3429,13,2,34.71,69.42,2025-03-20,completed,,South,113.15,2025-03-20,Home Item 05,Home,15.9,34.71,True
4852,3430,2,2,100.26,200.52,2025-03-20,completed,,Central,403.0,2025-03-20,Electronics Item 02,Electronics,54.16,100.26,True
4853,3430,40,1,202.48,202.48,2025-03-20,completed,,Central,403.0,2025-03-20,Fashion Item 08,Fashion,92.66,202.48,True
4854,3431,43,1,24.61,24.61,2025-03-20,completed,,East,567.62,2025-03-20,Grocery Item 03,Grocery,11.56,24.61,True
4855,3431,42,1,138.05,138.05,2025-03-20,completed,,East,567.62,2025-03-20,Grocery Item 02,Grocery,61.43,138.05,True
4856,3431,40,2,202.48,404.96,2025-03-20,completed,,East,567.62,2025-03-20,Fashion Item 08,Fashion,92.66,202.48,True
4857,3432,27,1,24.68,24.68,2025-03-20,completed,,East,24.68,2025-03-20,Sports Item 03,Sports,10.9,24.68,True
4858,3433,21,1,78.32,78.32,2025-03-21,completed,,North,98.03,2025-03-21,Beauty Item 05,Beauty,34.88,78.32,True
4859,3433,31,1,19.71,19.71,2025-03-21,completed,,North,98.03,2025-03-21,Sports Item 07,Sports,11.9,19.71,True
4860,3434,36,1,53.45,53.45,2025-03-21,completed,,Central,53.45,2025-03-21,Fashion Item 04,Fashion,28.42,53.45,True
4861,3435,8,1,20.47,20.47,2025-03-21,cancelled,,South,20.47,2025-03-21,Electronics Item 08,Electronics,12.26,20.47,False
4862,3436,14,1,61.39,61.39,2025-03-21,completed,,North,313.15,2025-03-21,Home Item 06,Home,36.75,61.39,True
4863,3436,46,2,125.88,251.76,2025-03-21,completed,,North,313.15,2025-03-21,Grocery Item 06,Grocery,73.75,125.88,True
4864,3437,35,1,157.65,157.65,2025-03-21,completed,,South,351.04,2025-03-21,Fashion Item 03,Fashion,77.82,157.65,True
4865,3437,26,1,124.26,124.26,2025-03-21,completed,,South,351.04,2025-03-21,Sports Item 02,Sports,72.7,124.26,True
4866,3437,44,1,69.13,69.13,2025-03-21,completed,,South,351.04,2025-03-21,Grocery Item 04,Grocery,46.32,69.13,True
4867,3438,20,1,42.3,42.3,2025-03-21,completed,,South,42.3,2025-03-21,Beauty Item 04,Beauty,18.73,42.3,True
4868,3439,42,1,138.05,138.05,2025-03-21,completed,,South,240.72000000000003,2025-03-21,Grocery Item 02,Grocery,61.43,138.05,True
4869,3439,43,2,24.61,49.22,2025-03-21,completed,,South,240.72000000000003,2025-03-21,Grocery Item 03,Grocery,11.56,24.61,True
4870,3439,36,1,53.45,53.45,2025-03-21,completed,,South,240.72000000000003,2025-03-21,Fashion Item 04,Fashion,28.42,53.45,True
4871,3440,34,1,43.74,43.74,2025-03-21,refunded,,South,43.74,2025-03-21,Fashion Item 02,Fashion,22.77,43.74,False
4872,3441,44,1,69.13,69.13,2025-03-21,completed,,East,69.13,2025-03-21,Grocery Item 04,Grocery,46.32,69.13,True
4873,3442,23,1,83.16,83.16,2025-03-21,completed,,Central,83.16,2025-03-21,Beauty Item 07,Beauty,39.32,83.16,True
4874,3443,19,2,152.53,305.06,2025-03-21,completed,,South,305.06,2025-03-21,Beauty Item 03,Beauty,83.95,152.53,True
4875,3444,47,1,21.34,21.34,2025-03-21,completed,,East,21.34,2025-03-21,Grocery Item 07,Grocery,13.74,21.34,True
4876,3445,23,1,83.16,83.16,2025-03-21,completed,,East,259.56,2025-03-21,Beauty Item 07,Beauty,39.32,83.16,True
4877,3445,6,2,88.2,176.4,2025-03-21,completed,,East,259.56,2025-03-21,Electronics Item 06,Electronics,39.5,88.2,True
4878,3446,33,1,171.28,171.28,2025-03-21,processing,,East,171.28,2025-03-21,Fashion Item 01,Fashion,77.9,171.28,True
4879,3447,47,2,21.34,42.68,2025-03-21,completed,,North,112.1,2025-03-21,Grocery Item 07,Grocery,13.74,21.34,True
4880,3447,13,2,34.71,69.42,2025-03-21,completed,,North,112.1,2025-03-21,Home Item 05,Home,15.9,34.71,True
4881,3448,40,1,202.48,202.48,2025-03-21,processing,,East,202.48,2025-03-21,Fashion Item 08,Fashion,92.66,202.48,True
4882,3449,15,2,173.9,347.8,2025-03-21,completed,,Central,347.8,2025-03-21,Home Item 07,Home,83.24,173.9,True
4883,3450,3,1,57.71,57.71,2025-03-21,processing,,East,57.71,2025-03-21,Electronics Item 03,Electronics,26.19,57.71,True
4884,3451,8,1,20.47,20.47,2025-03-21,completed,,East,20.47,2025-03-21,Electronics Item 08,Electronics,12.26,20.47,True
4885,3452,32,1,12.22,12.22,2025-03-21,completed,,Central,12.22,2025-03-21,Sports Item 08,Sports,7.11,12.22,True
4886,3453,21,1,78.32,78.32,2025-03-21,completed,,North,262.49,2025-03-21,Beauty Item 05,Beauty,34.88,78.32,True
4887,3453,14,3,61.39,184.17,2025-03-21,completed,,North,262.49,2025-03-21,Home Item 06,Home,36.75,61.39,True
4888,3454,10,1,163.05,163.05,2025-03-21,completed,,Central,163.05,2025-03-21,Home Item 02,Home,76.01,163.05,True
4889,3455,8,1,20.47,20.47,2025-03-21,completed,,East,434.62,2025-03-21,Electronics Item 08,Electronics,12.26,20.47,True
4890,3455,42,3,138.05,414.15,2025-03-21,completed,,East,434.62,2025-03-21,Grocery Item 02,Grocery,61.43,138.05,True
4891,3456,28,2,84.15,168.3,2025-03-21,completed,,East,168.3,2025-03-21,Sports Item 04,Sports,39.74,84.15,True
4892,3457,23,1,83.16,83.16,2025-03-21,completed,,North,83.16,2025-03-21,Beauty Item 07,Beauty,39.32,83.16,True
4893,3458,21,1,78.32,78.32,2025-03-21,completed,,North,78.32,2025-03-21,Beauty Item 05,Beauty,34.88,78.32,True
4894,3459,42,1,138.05,138.05,2025-03-21,completed,,East,242.67000000000002,2025-03-21,Grocery Item 02,Grocery,61.43,138.05,True
4895,3459,8,1,20.47,20.47,2025-03-21,completed,,East,242.67000000000002,2025-03-21,Electronics Item 08,Electronics,12.26,20.47,True
4896,3459,28,1,84.15,84.15,2025-03-21,completed,,East,242.67000000000002,2025-03-21,Sports Item 04,Sports,39.74,84.15,True
4897,3460,35,2,157.65,315.3,2025-03-21,completed,,South,360.38,2025-03-21,Fashion Item 03,Fashion,77.82,157.65,True
4898,3460,43,1,24.61,24.61,2025-03-21,completed,,South,360.38,2025-03-21,Grocery Item 03,Grocery,11.56,24.61,True
4899,3460,8,1,20.47,20.47,2025-03-21,completed,,South,360.38,2025-03-21,Electronics Item 08,Electronics,12.26,20.47,True
4900,3461,8,1,20.47,20.47,2025-03-21,completed,,North,20.47,2025-03-21,Electronics Item 08,Electronics,12.26,20.47,True
4901,3462,15,1,173.9,173.9,2025-03-21,processing,,Central,198.51,2025-03-21,Home Item 07,Home,83.24,173.9,True
4902,3462,43,1,24.61,24.61,2025-03-21,processing,,Central,198.51,2025-03-21,Grocery Item 03,Grocery,11.56,24.61,True
4903,3463,35,1,157.65,157.65,2025-03-21,completed,,North,157.65,2025-03-21,Fashion Item 03,Fashion,77.82,157.65,True
4904,3464,6,2,88.2,176.4,2025-03-21,completed,,South,188.62,2025-03-21,Electronics Item 06,Electronics,39.5,88.2,True
4905,3464,32,1,12.22,12.22,2025-03-21,completed,,South,188.62,2025-03-21,Sports Item 08,Sports,7.11,12.22,True
4906,3465,8,1,20.47,20.47,2025-03-21,completed,,East,20.47,2025-03-21,Electronics Item 08,Electronics,12.26,20.47,True
4907,3466,35,2,157.65,315.3,2025-03-21,completed,,South,315.3,2025-03-21,Fashion Item 03,Fashion,77.82,157.65,True
4908,3467,3,1,57.71,57.71,2025-03-21,completed,,East,57.71,2025-03-21,Electronics Item 03,Electronics,26.19,57.71,True
4909,3468,2,1,100.26,100.26,2025-03-22,completed,,South,100.26,2025-03-22,Electronics Item 02,Electronics,54.16,100.26,True
4910,3469,3,1,57.71,57.71,2025-03-22,completed,,North,57.71,2025-03-22,Electronics Item 03,Electronics,26.19,57.71,True
4911,3470,3,1,57.71,57.71,2025-03-22,completed,,East,119.1,2025-03-22,Electronics Item 03,Electronics,26.19,57.71,True
4912,3470,14,1,61.39,61.39,2025-03-22,completed,,East,119.1,2025-03-22,Home Item 06,Home,36.75,61.39,True
4913,3471,30,2,67.9,135.8,2025-03-22,completed,,Central,135.8,2025-03-22,Sports Item 06,Sports,46.01,67.9,True
4914,3472,23,1,83.16,83.16,2025-03-22,completed,,North,83.16,2025-03-22,Beauty Item 07,Beauty,39.32,83.16,True
4915,3473,12,1,117.99,117.99,2025-03-22,completed,,South,158.93,2025-03-22,Home Item 04,Home,58.96,117.99,True
4916,3473,8,2,20.47,40.94,2025-03-22,completed,,South,158.93,2025-03-22,Electronics Item 08,Electronics,12.26,20.47,True
4917,3474,33,1,171.28,171.28,2025-03-22,completed,,South,171.28,2025-03-22,Fashion Item 01,Fashion,77.9,171.28,True
4918,3475,21,1,78.32,78.32,2025-03-22,completed,,East,78.32,2025-03-22,Beauty Item 05,Beauty,34.88,78.32,True
4919,3476,9,1,59.69,59.69,2025-03-22,completed,,East,59.69,2025-03-22,Home Item 01,Home,38.0,59.69,True
4920,3477,31,1,19.71,19.71,2025-03-22,completed,,East,81.1,2025-03-22,Sports Item 07,Sports,11.9,19.71,True
4921,3477,14,1,61.39,61.39,2025-03-22,completed,,East,81.1,2025-03-22,Home Item 06,Home,36.75,61.39,True
4922,3478,36,1,53.45,53.45,2025-03-22,completed,,East,53.45,2025-03-22,Fashion Item 04,Fashion,28.42,53.45,True
4923,3479,3,1,57.71,57.71,2025-03-22,completed,,Central,57.71,2025-03-22,Electronics Item 03,Electronics,26.19,57.71,True
4924,3480,34,1,43.74,43.74,2025-03-22,completed,,North,43.74,2025-03-22,Fashion Item 02,Fashion,22.77,43.74,True
4925,3481,5,1,61.15,61.15,2025-03-22,completed,,East,61.15,2025-03-22,Electronics Item 05,Electronics,33.0,61.15,True
4926,3482,15,1,173.9,173.9,2025-03-22,completed,,Central,326.43,2025-03-22,Home Item 07,Home,83.24,173.9,True
4927,3482,19,1,152.53,152.53,2025-03-22,completed,,Central,326.43,2025-03-22,Beauty Item 03,Beauty,83.95,152.53,True
4928,3483,45,1,31.58,31.58,2025-03-22,completed,,South,100.71,2025-03-22,Grocery Item 05,Grocery,18.68,31.58,True
4929,3483,44,1,69.13,69.13,2025-03-22,completed,,South,100.71,2025-03-22,Grocery Item 04,Grocery,46.32,69.13,True
4930,3484,45,1,31.58,31.58,2025-03-22,completed,,South,31.58,2025-03-22,Grocery Item 05,Grocery,18.68,31.58,True
4931,3485,15,1,173.9,173.9,2025-03-22,completed,,North,173.9,2025-03-22,Home Item 07,Home,83.24,173.9,True
4932,3486,15,1,173.9,173.9,2025-03-22,completed,,Central,287.96000000000004,2025-03-22,Home Item 07,Home,83.24,173.9,True
4933,3486,1,1,114.06,114.06,2025-03-22,completed,,Central,287.96000000000004,2025-03-22,Electronics Item 01,Electronics,75.52,114.06,True
4934,3487,34,1,43.74,43.74,2025-03-22,completed,,Central,43.74,2025-03-22,Fashion Item 02,Fashion,22.77,43.74,True
4935,3488,40,2,202.48,404.96,2025-03-22,completed,,East,404.96,2025-03-22,Fashion Item 08,Fashion,92.66,202.48,True
4936,3489,35,1,157.65,157.65,2025-03-22,completed,,South,157.65,2025-03-22,Fashion Item 03,Fashion,77.82,157.65,True
4937,3490,47,1,21.34,21.34,2025-03-22,completed,,East,56.05,2025-03-22,Grocery Item 07,Grocery,13.74,21.34,True
4938,3490,13,1,34.71,34.71,2025-03-22,completed,,East,56.05,2025-03-22,Home Item 05,Home,15.9,34.71,True
4939,3491,23,2,83.16,166.32,2025-03-22,completed,,North,166.32,2025-03-22,Beauty Item 07,Beauty,39.32,83.16,True
4940,3492,33,1,171.28,171.28,2025-03-22,completed,,South,192.62,2025-03-22,Fashion Item 01,Fashion,77.9,171.28,True
4941,3492,47,1,21.34,21.34,2025-03-22,completed,,South,192.62,2025-03-22,Grocery Item 07,Grocery,13.74,21.34,True
4942,3493,42,1,138.05,138.05,2025-03-22,completed,,East,138.05,2025-03-22,Grocery Item 02,Grocery,61.43,138.05,True
4943,3494,47,3,21.34,64.02,2025-03-22,completed,,North,64.02,2025-03-22,Grocery Item 07,Grocery,13.74,21.34,True
4944,3495,28,1,84.15,84.15,2025-03-22,completed,,Central,84.15,2025-03-22,Sports Item 04,Sports,39.74,84.15,True
4945,3496,13,1,34.71,34.71,2025-03-22,completed,,Central,34.71,2025-03-22,Home Item 05,Home,15.9,34.71,True
4946,3497,45,1,31.58,31.58,2025-03-22,completed,,South,31.58,2025-03-22,Grocery Item 05,Grocery,18.68,31.58,True
4947,3498,25,3,43.73,131.19,2025-03-22,completed,,South,131.19,2025-03-22,Sports Item 01,Sports,20.88,43.73,True
4948,3499,14,1,61.39,61.39,2025-03-22,completed,,East,263.14,2025-03-22,Home Item 06,Home,36.75,61.39,True
4949,3499,43,2,24.61,49.22,2025-03-22,completed,,East,263.14,2025-03-22,Grocery Item 03,Grocery,11.56,24.61,True
4950,3499,19,1,152.53,152.53,2025-03-22,completed,,East,263.14,2025-03-22,Beauty Item 03,Beauty,83.95,152.53,True
4951,3500,25,3,43.73,131.19,2025-03-22,completed,,South,536.15,2025-03-22,Sports Item 01,Sports,20.88,43.73,True
4952,3500,40,2,202.48,404.96,2025-03-22,completed,,South,536.15,2025-03-22,Fashion Item 08,Fashion,92.66,202.48,True
4953,3501,19,1,152.53,152.53,2025-03-22,completed,,South,152.53,2025-03-22,Beauty Item 03,Beauty,83.95,152.53,True
4954,3502,8,1,20.47,20.47,2025-03-22,completed,,North,103.63,2025-03-22,Electronics Item 08,Electronics,12.26,20.47,True
4955,3502,23,1,83.16,83.16,2025-03-22,completed,,North,103.63,2025-03-22,Beauty Item 07,Beauty,39.32,83.16,True
4956,3503,20,1,42.3,42.3,2025-03-22,completed,,North,120.61999999999999,2025-03-22,Beauty Item 04,Beauty,18.73,42.3,True
4957,3503,21,1,78.32,78.32,2025-03-22,completed,,North,120.61999999999999,2025-03-22,Beauty Item 05,Beauty,34.88,78.32,True
4958,3504,14,1,61.39,61.39,2025-03-22,refunded,,South,187.26999999999998,2025-03-22,Home Item 06,Home,36.75,61.39,False
4959,3504,46,1,125.88,125.88,2025-03-22,refunded,,South,187.26999999999998,2025-03-22,Grocery Item 06,Grocery,73.75,125.88,False
4960,3505,14,1,61.39,61.39,2025-03-23,completed,,East,392.67,2025-03-23,Home Item 06,Home,36.75,61.39,True
4961,3505,23,1,83.16,83.16,2025-03-23,completed,,East,392.67,2025-03-23,Beauty Item 07,Beauty,39.32,83.16,True
4962,3505,39,2,124.06,248.12,2025-03-23,completed,,East,392.67,2025-03-23,Fashion Item 07,Fashion,65.04,124.06,True
4963,3506,13,1,34.71,34.71,2025-03-23,processing,,East,34.71,2025-03-23,Home Item 05,Home,15.9,34.71,True
4964,3507,35,1,157.65,157.65,2025-03-23,processing,,East,281.91,2025-03-23,Fashion Item 03,Fashion,77.82,157.65,True
4965,3507,26,1,124.26,124.26,2025-03-23,processing,,East,281.91,2025-03-23,Sports Item 02,Sports,72.7,124.26,True
4966,3508,8,1,20.47,20.47,2025-03-23,completed,,North,20.47,2025-03-23,Electronics Item 08,Electronics,12.26,20.47,True
4967,3509,44,1,69.13,69.13,2025-03-23,cancelled,,South,69.13,2025-03-23,Grocery Item 04,Grocery,46.32,69.13,False
4968,3510,23,1,83.16,83.16,2025-03-23,processing,,East,167.31,2025-03-23,Beauty Item 07,Beauty,39.32,83.16,True
4969,3510,28,1,84.15,84.15,2025-03-23,processing,,East,167.31,2025-03-23,Sports Item 04,Sports,39.74,84.15,True
4970,3511,8,1,20.47,20.47,2025-03-23,processing,,Central,20.47,2025-03-23,Electronics Item 08,Electronics,12.26,20.47,True
4971,3512,28,3,84.15,252.45,2025-03-23,completed,,South,252.45,2025-03-23,Sports Item 04,Sports,39.74,84.15,True
4972,3513,44,1,69.13,69.13,2025-03-23,completed,,Central,69.13,2025-03-23,Grocery Item 04,Grocery,46.32,69.13,True
4973,3514,12,1,117.99,117.99,2025-03-23,completed,,South,117.99,2025-03-23,Home Item 04,Home,58.96,117.99,True
4974,3515,31,1,19.71,19.71,2025-03-23,completed,,Central,19.71,2025-03-23,Sports Item 07,Sports,11.9,19.71,True
4975,3516,5,1,61.15,61.15,2025-03-23,completed,,North,61.15,2025-03-23,Electronics Item 05,Electronics,33.0,61.15,True
4976,3517,4,2,72.47,144.94,2025-03-23,completed,,North,144.94,2025-03-23,Electronics Item 04,Electronics,34.44,72.47,True
4977,3518,45,1,31.58,31.58,2025-03-23,completed,,Central,31.58,2025-03-23,Grocery Item 05,Grocery,18.68,31.58,True
4978,3519,34,2,43.74,87.48,2025-03-23,refunded,,East,321.92,2025-03-23,Fashion Item 02,Fashion,22.77,43.74,False
4979,3519,33,1,171.28,171.28,2025-03-23,refunded,,East,321.92,2025-03-23,Fashion Item 01,Fashion,77.9,171.28,False
4980,3519,45,2,31.58,63.16,2025-03-23,refunded,,East,321.92,2025-03-23,Grocery Item 05,Grocery,18.68,31.58,False
4981,3520,20,1,42.3,42.3,2025-03-23,completed,,East,283.11,2025-03-23,Beauty Item 04,Beauty,18.73,42.3,True
4982,3520,23,1,83.16,83.16,2025-03-23,completed,,East,283.11,2025-03-23,Beauty Item 07,Beauty,39.32,83.16,True
4983,3520,35,1,157.65,157.65,2025-03-23,completed,,East,283.11,2025-03-23,Fashion Item 03,Fashion,77.82,157.65,True
4984,3521,11,1,115.23,115.23,2025-03-23,completed,,Central,115.23,2025-03-23,Home Item 03,Home,73.04,115.23,True
4985,3522,17,1,101.25,101.25,2025-03-23,cancelled,,East,216.48000000000002,2025-03-23,Beauty Item 01,Beauty,68.35,101.25,False
4986,3522,11,1,115.23,115.23,2025-03-23,cancelled,,East,216.48000000000002,2025-03-23,Home Item 03,Home,73.04,115.23,False
4987,3523,45,2,31.58,63.16,2025-03-23,completed,,North,105.46,2025-03-23,Grocery Item 05,Grocery,18.68,31.58,True
4988,3523,20,1,42.3,42.3,2025-03-23,completed,,North,105.46,2025-03-23,Beauty Item 04,Beauty,18.73,42.3,True
4989,3524,23,1,83.16,83.16,2025-03-23,completed,,Central,218.96,2025-03-23,Beauty Item 07,Beauty,39.32,83.16,True
4990,3524,30,2,67.9,135.8,2025-03-23,completed,,Central,218.96,2025-03-23,Sports Item 06,Sports,46.01,67.9,True
4991,3525,4,1,72.47,72.47,2025-03-23,completed,,Central,72.47,2025-03-23,Electronics Item 04,Electronics,34.44,72.47,True
4992,3526,44,2,69.13,138.26,2025-03-23,completed,,East,419.05999999999995,2025-03-23,Grocery Item 04,Grocery,46.32,69.13,True
4993,3526,40,1,202.48,202.48,2025-03-23,completed,,East,419.05999999999995,2025-03-23,Fashion Item 08,Fashion,92.66,202.48,True
4994,3526,21,1,78.32,78.32,2025-03-23,completed,,East,419.05999999999995,2025-03-23,Beauty Item 05,Beauty,34.88,78.32,True
4995,3527,8,1,20.47,20.47,2025-03-23,completed,,North,20.47,2025-03-23,Electronics Item 08,Electronics,12.26,20.47,True
4996,3528,20,2,42.3,84.6,2025-03-23,completed,,South,84.6,2025-03-23,Beauty Item 04,Beauty,18.73,42.3,True
4997,3529,47,1,21.34,21.34,2025-03-23,completed,,Central,562.0899999999999,2025-03-23,Grocery Item 07,Grocery,13.74,21.34,True
4998,3529,23,1,83.16,83.16,2025-03-23,completed,,Central,562.0899999999999,2025-03-23,Beauty Item 07,Beauty,39.32,83.16,True
4999,3529,19,3,152.53,457.59,2025-03-23,completed,,Central,562.0899999999999,2025-03-23,Beauty Item 03,Beauty,83.95,152.53,True
5000,3530,13,1,34.71,34.71,2025-03-23,completed,,North,34.71,2025-03-23,Home Item 05,Home,15.9,34.71,True
5001,3531,23,1,83.16,83.16,2025-03-23,completed,,Central,126.9,2025-03-23,Beauty Item 07,Beauty,39.32,83.16,True
5002,3531,34,1,43.74,43.74,2025-03-23,completed,,Central,126.9,2025-03-23,Fashion Item 02,Fashion,22.77,43.74,True
5003,3532,21,2,78.32,156.64,2025-03-23,processing,,East,156.64,2025-03-23,Beauty Item 05,Beauty,34.88,78.32,True
5004,3533,26,1,124.26,124.26,2025-03-23,processing,,North,210.33,2025-03-23,Sports Item 02,Sports,72.7,124.26,True
5005,3533,14,1,61.39,61.39,2025-03-23,processing,,North,210.33,2025-03-23,Home Item 06,Home,36.75,61.39,True
5006,3533,27,1,24.68,24.68,2025-03-23,processing,,North,210.33,2025-03-23,Sports Item 03,Sports,10.9,24.68,True
5007,3534,23,1,83.16,83.16,2025-03-23,completed,,East,83.16,2025-03-23,Beauty Item 07,Beauty,39.32,83.16,True
5008,3535,14,1,61.39,61.39,2025-03-23,completed,,North,169.32,2025-03-23,Home Item 06,Home,36.75,61.39,True
5009,3535,8,1,20.47,20.47,2025-03-23,completed,,North,169.32,2025-03-23,Electronics Item 08,Electronics,12.26,20.47,True
5010,3535,25,2,43.73,87.46,2025-03-23,completed,,North,169.32,2025-03-23,Sports Item 01,Sports,20.88,43.73,True
5011,3536,8,1,20.47,20.47,2025-03-23,completed,,South,81.62,2025-03-23,Electronics Item 08,Electronics,12.26,20.47,True
5012,3536,5,1,61.15,61.15,2025-03-23,completed,,South,81.62,2025-03-23,Electronics Item 05,Electronics,33.0,61.15,True
5013,3537,44,1,69.13,69.13,2025-03-23,completed,,Central,69.13,2025-03-23,Grocery Item 04,Grocery,46.32,69.13,True
5014,3538,5,1,61.15,61.15,2025-03-23,completed,,Central,61.15,2025-03-23,Electronics Item 05,Electronics,33.0,61.15,True
5015,3539,44,1,69.13,69.13,2025-03-23,completed,,East,227.65,2025-03-23,Grocery Item 04,Grocery,46.32,69.13,True
5016,3539,42,1,138.05,138.05,2025-03-23,completed,,East,227.65,2025-03-23,Grocery Item 02,Grocery,61.43,138.05,True
5017,3539,8,1,20.47,20.47,2025-03-23,completed,,East,227.65,2025-03-23,Electronics Item 08,Electronics,12.26,20.47,True
5018,3540,27,1,24.68,24.68,2025-03-23,processing,,North,24.68,2025-03-23,Sports Item 03,Sports,10.9,24.68,True
5019,3541,19,1,152.53,152.53,2025-03-24,completed,,East,152.53,2025-03-24,Beauty Item 03,Beauty,83.95,152.53,True
5020,3542,22,2,75.66,151.32,2025-03-24,completed,,East,163.54,2025-03-24,Beauty Item 06,Beauty,36.14,75.66,True
5021,3542,32,1,12.22,12.22,2025-03-24,completed,,East,163.54,2025-03-24,Sports Item 08,Sports,7.11,12.22,True
5022,3543,43,1,24.61,24.61,2025-03-24,completed,,North,24.61,2025-03-24,Grocery Item 03,Grocery,11.56,24.61,True
5023,3544,20,2,42.3,84.6,2025-03-24,processing,,East,84.6,2025-03-24,Beauty Item 04,Beauty,18.73,42.3,True
5024,3545,43,1,24.61,24.61,2025-03-24,completed,,South,24.61,2025-03-24,Grocery Item 03,Grocery,11.56,24.61,True
5025,3546,28,1,84.15,84.15,2025-03-24,completed,,Central,84.15,2025-03-24,Sports Item 04,Sports,39.74,84.15,True
5026,3547,13,1,34.71,34.71,2025-03-24,cancelled,,South,34.71,2025-03-24,Home Item 05,Home,15.9,34.71,False
5027,3548,10,1,163.05,163.05,2025-03-24,completed,,Central,163.05,2025-03-24,Home Item 02,Home,76.01,163.05,True
5028,3549,8,1,20.47,20.47,2025-03-24,completed,,East,20.47,2025-03-24,Electronics Item 08,Electronics,12.26,20.47,True
5029,3550,23,1,83.16,83.16,2025-03-24,completed,,South,140.87,2025-03-24,Beauty Item 07,Beauty,39.32,83.16,True
5030,3550,3,1,57.71,57.71,2025-03-24,completed,,South,140.87,2025-03-24,Electronics Item 03,Electronics,26.19,57.71,True
5031,3551,6,1,88.2,88.2,2025-03-24,completed,,North,364.3,2025-03-24,Electronics Item 06,Electronics,39.5,88.2,True
5032,3551,42,2,138.05,276.1,2025-03-24,completed,,North,364.3,2025-03-24,Grocery Item 02,Grocery,61.43,138.05,True
5033,3552,47,1,21.34,21.34,2025-03-24,refunded,,South,21.34,2025-03-24,Grocery Item 07,Grocery,13.74,21.34,False
5034,3553,36,1,53.45,53.45,2025-03-24,completed,,Central,53.45,2025-03-24,Fashion Item 04,Fashion,28.42,53.45,True
5035,3554,25,2,43.73,87.46,2025-03-24,completed,,North,87.46,2025-03-24,Sports Item 01,Sports,20.88,43.73,True
5036,3555,9,1,59.69,59.69,2025-03-24,completed,,Central,59.69,2025-03-24,Home Item 01,Home,38.0,59.69,True
5037,3556,23,1,83.16,83.16,2025-03-24,cancelled,,South,107.77,2025-03-24,Beauty Item 07,Beauty,39.32,83.16,False
5038,3556,43,1,24.61,24.61,2025-03-24,cancelled,,South,107.77,2025-03-24,Grocery Item 03,Grocery,11.56,24.61,False
5039,3557,32,2,12.22,24.44,2025-03-24,completed,,South,511.02,2025-03-24,Sports Item 08,Sports,7.11,12.22,True
5040,3557,35,2,157.65,315.3,2025-03-24,completed,,South,511.02,2025-03-24,Fashion Item 03,Fashion,77.82,157.65,True
5041,3557,33,1,171.28,171.28,2025-03-24,completed,,South,511.02,2025-03-24,Fashion Item 01,Fashion,77.9,171.28,True
5042,3558,23,1,83.16,83.16,2025-03-24,completed,,South,83.16,2025-03-24,Beauty Item 07,Beauty,39.32,83.16,True
5043,3559,15,1,173.9,173.9,2025-03-24,completed,,South,173.9,2025-03-24,Home Item 07,Home,83.24,173.9,True
5044,3560,4,1,72.47,72.47,2025-03-24,completed,,North,92.94,2025-03-24,Electronics Item 04,Electronics,34.44,72.47,True
5045,3560,8,1,20.47,20.47,2025-03-24,completed,,North,92.94,2025-03-24,Electronics Item 08,Electronics,12.26,20.47,True
5046,3561,1,1,114.06,114.06,2025-03-24,cancelled,,East,138.67000000000002,2025-03-24,Electronics Item 01,Electronics,75.52,114.06,False
5047,3561,43,1,24.61,24.61,2025-03-24,cancelled,,East,138.67000000000002,2025-03-24,Grocery Item 03,Grocery,11.56,24.61,False
5048,3562,10,1,163.05,163.05,2025-03-24,completed,,Central,163.05,2025-03-24,Home Item 02,Home,76.01,163.05,True
5049,3563,45,1,31.58,31.58,2025-03-24,completed,,Central,31.58,2025-03-24,Grocery Item 05,Grocery,18.68,31.58,True
5050,3564,23,1,83.16,83.16,2025-03-24,completed,,East,83.16,2025-03-24,Beauty Item 07,Beauty,39.32,83.16,True
5051,3565,14,1,61.39,61.39,2025-03-24,completed,,East,123.78,2025-03-24,Home Item 06,Home,36.75,61.39,True
5052,3565,31,1,19.71,19.71,2025-03-24,completed,,East,123.78,2025-03-24,Sports Item 07,Sports,11.9,19.71,True
5053,3565,47,2,21.34,42.68,2025-03-24,completed,,East,123.78,2025-03-24,Grocery Item 07,Grocery,13.74,21.34,True
5054,3566,20,1,42.3,42.3,2025-03-24,cancelled,,North,174.07,2025-03-24,Beauty Item 04,Beauty,18.73,42.3,False
5055,3566,21,1,78.32,78.32,2025-03-24,cancelled,,North,174.07,2025-03-24,Beauty Item 05,Beauty,34.88,78.32,False
5056,3566,36,1,53.45,53.45,2025-03-24,cancelled,,North,174.07,2025-03-24,Fashion Item 04,Fashion,28.42,53.45,False
5057,3567,5,2,61.15,122.3,2025-03-24,completed,,East,122.3,2025-03-24,Electronics Item 05,Electronics,33.0,61.15,True
5058,3568,30,1,67.9,67.9,2025-03-24,completed,,South,67.9,2025-03-24,Sports Item 06,Sports,46.01,67.9,True
5059,3569,32,1,12.22,12.22,2025-03-24,completed,,Central,12.22,2025-03-24,Sports Item 08,Sports,7.11,12.22,True
5060,3570,25,1,43.73,43.73,2025-03-24,completed,,North,43.73,2025-03-24,Sports Item 01,Sports,20.88,43.73,True
5061,3571,32,1,12.22,12.22,2025-03-24,processing,,South,12.22,2025-03-24,Sports Item 08,Sports,7.11,12.22,True
5062,3572,47,1,21.34,21.34,2025-03-24,completed,,North,21.34,2025-03-24,Grocery Item 07,Grocery,13.74,21.34,True
5063,3573,20,2,42.3,84.6,2025-03-24,completed,,South,84.6,2025-03-24,Beauty Item 04,Beauty,18.73,42.3,True
5064,3574,14,2,54.02,108.04,2025-03-25,completed,2.0,East,129.76,2025-03-25,Home Item 06,Home,36.75,61.39,True
5065,3574,27,1,21.72,21.72,2025-03-25,completed,2.0,East,129.76,2025-03-25,Sports Item 03,Sports,10.9,24.68,True
5066,3575,44,1,60.83,60.83,2025-03-25,completed,2.0,South,60.83,2025-03-25,Grocery Item 04,Grocery,46.32,69.13,True
5067,3576,26,1,109.35,109.35,2025-03-25,completed,2.0,Central,109.35,2025-03-25,Sports Item 02,Sports,72.7,124.26,True
5068,3577,27,1,21.72,21.72,2025-03-25,completed,2.0,Central,21.72,2025-03-25,Sports Item 03,Sports,10.9,24.68,True
5069,3578,21,1,68.92,68.92,2025-03-25,completed,2.0,North,87.7,2025-03-25,Beauty Item 05,Beauty,34.88,78.32,True
5070,3578,47,1,18.78,18.78,2025-03-25,completed,2.0,North,87.7,2025-03-25,Grocery Item 07,Grocery,13.74,21.34,True
5071,3579,34,1,38.49,38.49,2025-03-25,completed,2.0,East,38.49,2025-03-25,Fashion Item 02,Fashion,22.77,43.74,True
5072,3580,27,1,21.72,21.72,2025-03-25,refunded,2.0,South,21.72,2025-03-25,Sports Item 03,Sports,10.9,24.68,False
5073,3581,12,2,103.83,207.66,2025-03-25,processing,2.0,North,207.66,2025-03-25,Home Item 04,Home,58.96,117.99,True
5074,3582,45,1,27.79,27.79,2025-03-25,completed,2.0,North,135.05,2025-03-25,Grocery Item 05,Grocery,18.68,31.58,True
5075,3582,18,1,33.21,33.21,2025-03-25,completed,2.0,North,135.05,2025-03-25,Beauty Item 02,Beauty,18.64,37.74,True
5076,3582,28,1,74.05,74.05,2025-03-25,completed,2.0,North,135.05,2025-03-25,Sports Item 04,Sports,39.74,84.15,True
5077,3583,19,1,134.23,134.23,2025-03-25,completed,2.0,North,134.23,2025-03-25,Beauty Item 03,Beauty,83.95,152.53,True
5078,3584,21,1,68.92,68.92,2025-03-25,completed,2.0,South,248.17000000000002,2025-03-25,Beauty Item 05,Beauty,34.88,78.32,True
5079,3584,30,3,59.75,179.25,2025-03-25,completed,2.0,South,248.17000000000002,2025-03-25,Sports Item 06,Sports,46.01,67.9,True
5080,3585,28,1,74.05,74.05,2025-03-25,completed,2.0,North,74.05,2025-03-25,Sports Item 04,Sports,39.74,84.15,True
5081,3586,30,2,59.75,119.5,2025-03-25,completed,2.0,Central,119.5,2025-03-25,Sports Item 06,Sports,46.01,67.9,True
5082,3587,21,2,68.92,137.84,2025-03-25,completed,2.0,South,137.84,2025-03-25,Beauty Item 05,Beauty,34.88,78.32,True
5083,3588,32,1,10.75,10.75,2025-03-25,completed,2.0,Central,10.75,2025-03-25,Sports Item 08,Sports,7.11,12.22,True
5084,3589,44,1,60.83,60.83,2025-03-25,completed,2.0,South,60.83,2025-03-25,Grocery Item 04,Grocery,46.32,69.13,True
5085,3590,15,1,153.03,153.03,2025-03-25,completed,2.0,South,395.99,2025-03-25,Home Item 07,Home,83.24,173.9,True
5086,3590,42,2,121.48,242.96,2025-03-25,completed,2.0,South,395.99,2025-03-25,Grocery Item 02,Grocery,61.43,138.05,True
5087,3591,33,2,150.73,301.46,2025-03-25,completed,2.0,East,392.65,2025-03-25,Fashion Item 01,Fashion,77.9,171.28,True
5088,3591,8,1,18.01,18.01,2025-03-25,completed,2.0,East,392.65,2025-03-25,Electronics Item 08,Electronics,12.26,20.47,True
5089,3591,23,1,73.18,73.18,2025-03-25,completed,2.0,East,392.65,2025-03-25,Beauty Item 07,Beauty,39.32,83.16,True
5090,3592,16,1,126.83,126.83,2025-03-25,completed,2.0,East,200.69,2025-03-25,Home Item 08,Home,93.01,144.13,True
5091,3592,13,1,30.54,30.54,2025-03-25,completed,2.0,East,200.69,2025-03-25,Home Item 05,Home,15.9,34.71,True
5092,3592,43,2,21.66,43.32,2025-03-25,completed,2.0,East,200.69,2025-03-25,Grocery Item 03,Grocery,11.56,24.61,True
5093,3593,35,1,138.73,138.73,2025-03-25,completed,2.0,South,138.73,2025-03-25,Fashion Item 03,Fashion,77.82,157.65,True
5094,3594,44,1,60.83,60.83,2025-03-25,completed,2.0,Central,60.83,2025-03-25,Grocery Item 04,Grocery,46.32,69.13,True
5095,3595,42,1,121.48,121.48,2025-03-25,completed,2.0,East,132.23000000000002,2025-03-25,Grocery Item 02,Grocery,61.43,138.05,True
5096,3595,32,1,10.75,10.75,2025-03-25,completed,2.0,East,132.23000000000002,2025-03-25,Sports Item 08,Sports,7.11,12.22,True
5097,3596,32,2,10.75,21.5,2025-03-25,completed,2.0,Central,21.5,2025-03-25,Sports Item 08,Sports,7.11,12.22,True
5098,3597,44,1,60.83,60.83,2025-03-25,processing,2.0,North,94.03999999999999,2025-03-25,Grocery Item 04,Grocery,46.32,69.13,True
5099,3597,18,1,33.21,33.21,2025-03-25,processing,2.0,North,94.03999999999999,2025-03-25,Beauty Item 02,Beauty,18.64,37.74,True
5100,3598,19,1,134.23,134.23,2025-03-25,completed,2.0,Central,134.23,2025-03-25,Beauty Item 03,Beauty,83.95,152.53,True
5101,3599,43,2,21.66,43.32,2025-03-25,processing,2.0,North,54.07,2025-03-25,Grocery Item 03,Grocery,11.56,24.61,True
5102,3599,32,1,10.75,10.75,2025-03-25,processing,2.0,North,54.07,2025-03-25,Sports Item 08,Sports,7.11,12.22,True
5103,3600,42,1,121.48,121.48,2025-03-25,completed,2.0,East,121.48,2025-03-25,Grocery Item 02,Grocery,61.43,138.05,True
5104,3601,39,1,109.17,109.17,2025-03-25,completed,2.0,Central,252.64999999999998,2025-03-25,Fashion Item 07,Fashion,65.04,124.06,True
5105,3601,10,1,143.48,143.48,2025-03-25,completed,2.0,Central,252.64999999999998,2025-03-25,Home Item 02,Home,76.01,163.05,True
5106,3602,4,1,63.77,63.77,2025-03-25,completed,2.0,Central,63.77,2025-03-25,Electronics Item 04,Electronics,34.44,72.47,True
5107,3603,37,3,124.9,374.7,2025-03-25,completed,2.0,Central,550.38,2025-03-25,Fashion Item 05,Fashion,76.85,141.93,True
5108,3603,44,2,60.83,121.66,2025-03-25,completed,2.0,Central,550.38,2025-03-25,Grocery Item 04,Grocery,46.32,69.13,True
5109,3603,14,1,54.02,54.02,2025-03-25,completed,2.0,Central,550.38,2025-03-25,Home Item 06,Home,36.75,61.39,True
5110,3604,37,1,124.9,124.9,2025-03-25,completed,2.0,East,246.56,2025-03-25,Fashion Item 05,Fashion,76.85,141.93,True
5111,3604,44,2,60.83,121.66,2025-03-25,completed,2.0,East,246.56,2025-03-25,Grocery Item 04,Grocery,46.32,69.13,True
5112,3605,32,1,10.75,10.75,2025-03-25,cancelled,2.0,Central,188.93,2025-03-25,Sports Item 08,Sports,7.11,12.22,False
5113,3605,40,1,178.18,178.18,2025-03-25,cancelled,2.0,Central,188.93,2025-03-25,Fashion Item 08,Fashion,92.66,202.48,False
5114,3606,12,2,103.83,207.66,2025-03-25,completed,2.0,East,450.62,2025-03-25,Home Item 04,Home,58.96,117.99,True
5115,3606,42,2,121.48,242.96,2025-03-25,completed,2.0,East,450.62,2025-03-25,Grocery Item 02,Grocery,61.43,138.05,True
5116,3607,44,1,60.83,60.83,2025-03-25,completed,2.0,North,114.85,2025-03-25,Grocery Item 04,Grocery,46.32,69.13,True
5117,3607,14,1,54.02,54.02,2025-03-25,completed,2.0,North,114.85,2025-03-25,Home Item 06,Home,36.75,61.39,True
5118,3608,21,1,68.92,68.92,2025-03-25,cancelled,2.0,Central,68.92,2025-03-25,Beauty Item 05,Beauty,34.88,78.32,False
5119,3609,22,1,66.58,66.58,2025-03-25,completed,2.0,Central,66.58,2025-03-25,Beauty Item 06,Beauty,36.14,75.66,True
5120,3610,40,1,178.18,178.18,2025-03-25,completed,2.0,North,178.18,2025-03-25,Fashion Item 08,Fashion,92.66,202.48,True
5121,3611,8,1,18.01,18.01,2025-03-25,completed,2.0,North,55.230000000000004,2025-03-25,Electronics Item 08,Electronics,12.26,20.47,True
5122,3611,20,1,37.22,37.22,2025-03-25,completed,2.0,North,55.230000000000004,2025-03-25,Beauty Item 04,Beauty,18.73,42.3,True
5123,3612,26,1,109.35,109.35,2025-03-25,completed,2.0,North,160.13,2025-03-25,Sports Item 02,Sports,72.7,124.26,True
5124,3612,3,1,50.78,50.78,2025-03-25,completed,2.0,North,160.13,2025-03-25,Electronics Item 03,Electronics,26.19,57.71,True
5125,3613,35,1,138.73,138.73,2025-03-25,completed,2.0,East,138.73,2025-03-25,Fashion Item 03,Fashion,77.82,157.65,True
5126,3614,8,2,18.01,36.02,2025-03-25,completed,2.0,South,104.94,2025-03-25,Electronics Item 08,Electronics,12.26,20.47,True
5127,3614,21,1,68.92,68.92,2025-03-25,completed,2.0,South,104.94,2025-03-25,Beauty Item 05,Beauty,34.88,78.32,True
5128,3615,36,2,47.04,94.08,2025-03-25,unknown_status,2.0,Central,154.91,2025-03-25,Fashion Item 04,Fashion,28.42,53.45,False
5129,3615,44,1,60.83,60.83,2025-03-25,unknown_status,2.0,Central,154.91,2025-03-25,Grocery Item 04,Grocery,46.32,69.13,False
5130,3616,47,1,18.78,18.78,2025-03-25,completed,2.0,North,18.78,2025-03-25,Grocery Item 07,Grocery,13.74,21.34,True
5131,3617,23,1,73.18,73.18,2025-03-25,completed,2.0,North,73.18,2025-03-25,Beauty Item 07,Beauty,39.32,83.16,True
5132,3618,20,1,37.22,37.22,2025-03-26,completed,2.0,East,119.0,2025-03-26,Beauty Item 04,Beauty,18.73,42.3,True
5133,3618,8,1,18.01,18.01,2025-03-26,completed,2.0,East,119.0,2025-03-26,Electronics Item 08,Electronics,12.26,20.47,True
5134,3618,4,1,63.77,63.77,2025-03-26,completed,2.0,East,119.0,2025-03-26,Electronics Item 04,Electronics,34.44,72.47,True
5135,3619,10,1,143.48,143.48,2025-03-26,completed,2.0,North,143.48,2025-03-26,Home Item 02,Home,76.01,163.05,True
5136,3620,42,1,121.48,121.48,2025-03-26,processing,2.0,North,121.48,2025-03-26,Grocery Item 02,Grocery,61.43,138.05,True
5137,3621,40,1,178.18,178.18,2025-03-26,completed,2.0,East,178.18,2025-03-26,Fashion Item 08,Fashion,92.66,202.48,True
5138,3622,35,1,138.73,138.73,2025-03-26,completed,2.0,Central,138.73,2025-03-26,Fashion Item 03,Fashion,77.82,157.65,True
5139,3623,14,1,54.02,54.02,2025-03-26,completed,2.0,East,93.53,2025-03-26,Home Item 06,Home,36.75,61.39,True
5140,3623,8,1,18.01,18.01,2025-03-26,completed,2.0,East,93.53,2025-03-26,Electronics Item 08,Electronics,12.26,20.47,True
5141,3623,32,2,10.75,21.5,2025-03-26,completed,2.0,East,93.53,2025-03-26,Sports Item 08,Sports,7.11,12.22,True
5142,3624,12,1,103.83,103.83,2025-03-26,completed,2.0,Central,177.01,2025-03-26,Home Item 04,Home,58.96,117.99,True
5143,3624,23,1,73.18,73.18,2025-03-26,completed,2.0,Central,177.01,2025-03-26,Beauty Item 07,Beauty,39.32,83.16,True
5144,3625,7,2,126.34,252.68,2025-03-26,completed,2.0,Central,291.16,2025-03-26,Electronics Item 07,Electronics,76.92,143.57,True
5145,3625,25,1,38.48,38.48,2025-03-26,completed,2.0,Central,291.16,2025-03-26,Sports Item 01,Sports,20.88,43.73,True
5146,3626,1,2,100.37,200.74,2025-03-26,completed,2.0,East,200.74,2025-03-26,Electronics Item 01,Electronics,75.52,114.06,True
5147,3627,28,1,74.05,74.05,2025-03-26,completed,2.0,Central,74.05,2025-03-26,Sports Item 04,Sports,39.74,84.15,True
5148,3628,27,1,21.72,21.72,2025-03-26,completed,2.0,Central,21.72,2025-03-26,Sports Item 03,Sports,10.9,24.68,True
5149,3629,35,1,138.73,138.73,2025-03-26,completed,2.0,East,138.73,2025-03-26,Fashion Item 03,Fashion,77.82,157.65,True
5150,3630,11,2,101.4,202.8,2025-03-26,completed,2.0,Central,202.8,2025-03-26,Home Item 03,Home,73.04,115.23,True
5151,3631,35,1,138.73,138.73,2025-03-26,completed,2.0,East,138.73,2025-03-26,Fashion Item 03,Fashion,77.82,157.65,True
5152,3632,2,1,88.23,88.23,2025-03-26,refunded,2.0,North,88.23,2025-03-26,Electronics Item 02,Electronics,54.16,100.26,False
5153,3633,13,2,30.54,61.08,2025-03-26,completed,2.0,East,275.13,2025-03-26,Home Item 05,Home,15.9,34.71,True
5154,3633,38,3,71.35,214.05,2025-03-26,completed,2.0,East,275.13,2025-03-26,Fashion Item 06,Fashion,44.22,81.08,True
5155,3634,19,1,134.23,134.23,2025-03-26,completed,2.0,North,134.23,2025-03-26,Beauty Item 03,Beauty,83.95,152.53,True
5156,3635,44,2,60.83,121.66,2025-03-26,completed,2.0,East,121.66,2025-03-26,Grocery Item 04,Grocery,46.32,69.13,True
5157,3636,11,1,101.4,101.4,2025-03-26,completed,2.0,East,101.4,2025-03-26,Home Item 03,Home,73.04,115.23,True
5158,3637,2,2,88.23,176.46,2025-03-26,cancelled,2.0,North,285.63,2025-03-26,Electronics Item 02,Electronics,54.16,100.26,False
5159,3637,39,1,109.17,109.17,2025-03-26,cancelled,2.0,North,285.63,2025-03-26,Fashion Item 07,Fashion,65.04,124.06,False
5160,3638,20,1,37.22,37.22,2025-03-26,completed,2.0,Central,241.52999999999997,2025-03-26,Beauty Item 04,Beauty,18.73,42.3,True
5161,3638,44,1,60.83,60.83,2025-03-26,completed,2.0,Central,241.52999999999997,2025-03-26,Grocery Item 04,Grocery,46.32,69.13,True
5162,3638,10,1,143.48,143.48,2025-03-26,completed,2.0,Central,241.52999999999997,2025-03-26,Home Item 02,Home,76.01,163.05,True
5163,3639,25,1,38.48,38.48,2025-03-26,completed,2.0,South,38.48,2025-03-26,Sports Item 01,Sports,20.88,43.73,True
5164,3640,10,1,143.48,143.48,2025-03-26,completed,2.0,East,420.93999999999994,2025-03-26,Home Item 02,Home,76.01,163.05,True
5165,3640,35,2,138.73,277.46,2025-03-26,completed,2.0,East,420.93999999999994,2025-03-26,Fashion Item 03,Fashion,77.82,157.65,True
5166,3641,10,1,143.48,143.48,2025-03-26,completed,2.0,South,143.48,2025-03-26,Home Item 02,Home,76.01,163.05,True
5167,3642,30,1,59.75,59.75,2025-03-26,completed,2.0,Central,59.75,2025-03-26,Sports Item 06,Sports,46.01,67.9,True
5168,3643,40,1,178.18,178.18,2025-03-26,completed,2.0,North,178.18,2025-03-26,Fashion Item 08,Fashion,92.66,202.48,True
5169,3644,20,1,37.22,37.22,2025-03-26,completed,2.0,North,37.22,2025-03-26,Beauty Item 04,Beauty,18.73,42.3,True
5170,3645,11,1,101.4,101.4,2025-03-26,completed,2.0,North,263.46000000000004,2025-03-26,Home Item 03,Home,73.04,115.23,True
5171,3645,14,3,54.02,162.06,2025-03-26,completed,2.0,North,263.46000000000004,2025-03-26,Home Item 06,Home,36.75,61.39,True
5172,3646,28,2,74.05,148.1,2025-03-26,refunded,2.0,East,226.13,2025-03-26,Sports Item 04,Sports,39.74,84.15,False
5173,3646,24,3,26.01,78.03,2025-03-26,refunded,2.0,East,226.13,2025-03-26,Beauty Item 08,Beauty,14.55,29.56,False
5174,3647,34,3,38.49,115.47,2025-03-26,cancelled,2.0,Central,115.47,2025-03-26,Fashion Item 02,Fashion,22.77,43.74,False
5175,3648,40,1,178.18,178.18,2025-03-26,completed,2.0,South,282.01,2025-03-26,Fashion Item 08,Fashion,92.66,202.48,True
5176,3648,12,1,103.83,103.83,2025-03-26,completed,2.0,South,282.01,2025-03-26,Home Item 04,Home,58.96,117.99,True
5177,3649,37,1,124.9,124.9,2025-03-26,cancelled,2.0,North,124.9,2025-03-26,Fashion Item 05,Fashion,76.85,141.93,False
5178,3650,35,1,138.73,138.73,2025-03-26,completed,2.0,North,351.13,2025-03-26,Fashion Item 03,Fashion,77.82,157.65,True
5179,3650,21,1,68.92,68.92,2025-03-26,completed,2.0,North,351.13,2025-03-26,Beauty Item 05,Beauty,34.88,78.32,True
5180,3650,10,1,143.48,143.48,2025-03-26,completed,2.0,North,351.13,2025-03-26,Home Item 02,Home,76.01,163.05,True
5181,3651,14,1,54.02,54.02,2025-03-26,cancelled,2.0,South,54.02,2025-03-26,Home Item 06,Home,36.75,61.39,False
5182,3652,23,1,73.18,73.18,2025-03-26,completed,2.0,East,177.01,2025-03-26,Beauty Item 07,Beauty,39.32,83.16,True
5183,3652,12,1,103.83,103.83,2025-03-26,completed,2.0,East,177.01,2025-03-26,Home Item 04,Home,58.96,117.99,True
5184,3653,36,1,47.04,47.04,2025-03-26,completed,2.0,East,241.7,2025-03-26,Fashion Item 04,Fashion,28.42,53.45,True
5185,3653,42,1,121.48,121.48,2025-03-26,completed,2.0,East,241.7,2025-03-26,Grocery Item 02,Grocery,61.43,138.05,True
5186,3653,23,1,73.18,73.18,2025-03-26,completed,2.0,East,241.7,2025-03-26,Beauty Item 07,Beauty,39.32,83.16,True
5187,3654,41,1,43.6,43.6,2025-03-26,completed,2.0,North,104.43,2025-03-26,Grocery Item 01,Grocery,22.88,49.55,True
5188,3654,44,1,60.83,60.83,2025-03-26,completed,2.0,North,104.43,2025-03-26,Grocery Item 04,Grocery,46.32,69.13,True
5189,3655,15,3,153.03,459.09,2025-03-26,completed,2.0,North,459.09,2025-03-26,Home Item 07,Home,83.24,173.9,True
5190,3656,32,1,10.75,10.75,2025-03-26,completed,2.0,East,135.65,2025-03-26,Sports Item 08,Sports,7.11,12.22,True
5191,3656,37,1,124.9,124.9,2025-03-26,completed,2.0,East,135.65,2025-03-26,Fashion Item 05,Fashion,76.85,141.93,True
5192,3657,40,1,178.18,178.18,2025-03-26,completed,2.0,Central,178.18,2025-03-26,Fashion Item 08,Fashion,92.66,202.48,True
5193,3658,5,1,53.81,53.81,2025-03-26,cancelled,2.0,North,157.64,2025-03-26,Electronics Item 05,Electronics,33.0,61.15,False
5194,3658,12,1,103.83,103.83,2025-03-26,cancelled,2.0,North,157.64,2025-03-26,Home Item 04,Home,58.96,117.99,False
5195,3659,36,1,47.04,47.04,2025-03-26,completed,2.0,Central,47.04,2025-03-26,Fashion Item 04,Fashion,28.42,53.45,True
5196,3660,23,1,73.18,73.18,2025-03-26,processing,2.0,Central,123.96000000000001,2025-03-26,Beauty Item 07,Beauty,39.32,83.16,True
5197,3660,3,1,50.78,50.78,2025-03-26,processing,2.0,Central,123.96000000000001,2025-03-26,Electronics Item 03,Electronics,26.19,57.71,True
5198,3661,32,1,10.75,10.75,2025-03-26,completed,2.0,East,10.75,2025-03-26,Sports Item 08,Sports,7.11,12.22,True
5199,3662,35,1,138.73,138.73,2025-03-26,completed,2.0,South,138.73,2025-03-26,Fashion Item 03,Fashion,77.82,157.65,True
5200,3663,41,1,43.6,43.6,2025-03-26,refunded,2.0,Central,43.6,2025-03-26,Grocery Item 01,Grocery,22.88,49.55,False
5201,3664,32,2,10.75,21.5,2025-03-26,completed,2.0,Central,21.5,2025-03-26,Sports Item 08,Sports,7.11,12.22,True
5202,3665,3,2,50.78,101.56,2025-03-26,completed,2.0,East,101.56,2025-03-26,Electronics Item 03,Electronics,26.19,57.71,True
5203,3666,10,1,143.48,143.48,2025-03-26,unknown_status,2.0,Central,190.51999999999998,2025-03-26,Home Item 02,Home,76.01,163.05,False
5204,3666,36,1,47.04,47.04,2025-03-26,unknown_status,2.0,Central,190.51999999999998,2025-03-26,Fashion Item 04,Fashion,28.42,53.45,False
5205,3667,40,1,178.18,178.18,2025-03-26,completed,2.0,East,251.36,2025-03-26,Fashion Item 08,Fashion,92.66,202.48,True
5206,3667,23,1,73.18,73.18,2025-03-26,completed,2.0,East,251.36,2025-03-26,Beauty Item 07,Beauty,39.32,83.16,True
5207,3668,26,2,109.35,218.7,2025-03-26,completed,2.0,North,218.7,2025-03-26,Sports Item 02,Sports,72.7,124.26,True
5208,3669,24,2,26.01,52.02,2025-03-26,completed,2.0,North,52.02,2025-03-26,Beauty Item 08,Beauty,14.55,29.56,True
5209,3670,23,1,73.18,73.18,2025-03-26,completed,2.0,North,227.11,2025-03-26,Beauty Item 07,Beauty,39.32,83.16,True
5210,3670,11,1,101.4,101.4,2025-03-26,completed,2.0,North,227.11,2025-03-26,Home Item 03,Home,73.04,115.23,True
5211,3670,9,1,52.53,52.53,2025-03-26,completed,2.0,North,227.11,2025-03-26,Home Item 01,Home,38.0,59.69,True
5212,3671,20,2,37.22,74.44,2025-03-26,completed,2.0,South,369.15999999999997,2025-03-26,Beauty Item 04,Beauty,18.73,42.3,True
5213,3671,23,1,73.18,73.18,2025-03-26,completed,2.0,South,369.15999999999997,2025-03-26,Beauty Item 07,Beauty,39.32,83.16,True
5214,3671,46,2,110.77,221.54,2025-03-26,completed,2.0,South,369.15999999999997,2025-03-26,Grocery Item 06,Grocery,73.75,125.88,True
5215,3672,45,1,27.79,27.79,2025-03-26,completed,2.0,East,149.27,2025-03-26,Grocery Item 05,Grocery,18.68,31.58,True
5216,3672,42,1,121.48,121.48,2025-03-26,completed,2.0,East,149.27,2025-03-26,Grocery Item 02,Grocery,61.43,138.05,True
5217,3673,28,1,74.05,74.05,2025-03-26,completed,2.0,North,74.05,2025-03-26,Sports Item 04,Sports,39.74,84.15,True
5218,3674,15,1,153.03,153.03,2025-03-27,completed,2.0,Central,153.03,2025-03-27,Home Item 07,Home,83.24,173.9,True
5219,3675,33,2,150.73,301.46,2025-03-27,completed,2.0,East,362.28999999999996,2025-03-27,Fashion Item 01,Fashion,77.9,171.28,True
5220,3675,44,1,60.83,60.83,2025-03-27,completed,2.0,East,362.28999999999996,2025-03-27,Grocery Item 04,Grocery,46.32,69.13,True
5221,3676,4,1,63.77,63.77,2025-03-27,completed,2.0,Central,63.77,2025-03-27,Electronics Item 04,Electronics,34.44,72.47,True
5222,3677,43,1,21.66,21.66,2025-03-27,completed,2.0,South,143.14000000000001,2025-03-27,Grocery Item 03,Grocery,11.56,24.61,True
5223,3677,42,1,121.48,121.48,2025-03-27,completed,2.0,South,143.14000000000001,2025-03-27,Grocery Item 02,Grocery,61.43,138.05,True
5224,3678,44,1,60.83,60.83,2025-03-27,completed,2.0,North,60.83,2025-03-27,Grocery Item 04,Grocery,46.32,69.13,True
5225,3679,13,1,30.54,30.54,2025-03-27,completed,2.0,South,30.54,2025-03-27,Home Item 05,Home,15.9,34.71,True
5226,3680,25,2,38.48,76.96,2025-03-27,completed,2.0,Central,76.96,2025-03-27,Sports Item 01,Sports,20.88,43.73,True
5227,3681,10,1,143.48,143.48,2025-03-27,completed,2.0,Central,197.5,2025-03-27,Home Item 02,Home,76.01,163.05,True
5228,3681,14,1,54.02,54.02,2025-03-27,completed,2.0,Central,197.5,2025-03-27,Home Item 06,Home,36.75,61.39,True
5229,3682,21,1,68.92,68.92,2025-03-27,completed,2.0,South,68.92,2025-03-27,Beauty Item 05,Beauty,34.88,78.32,True
5230,3683,44,1,60.83,60.83,2025-03-27,completed,2.0,North,107.87,2025-03-27,Grocery Item 04,Grocery,46.32,69.13,True
5231,3683,36,1,47.04,47.04,2025-03-27,completed,2.0,North,107.87,2025-03-27,Fashion Item 04,Fashion,28.42,53.45,True
5232,3684,36,1,47.04,47.04,2025-03-27,completed,2.0,North,47.04,2025-03-27,Fashion Item 04,Fashion,28.42,53.45,True
5233,3685,29,2,8.1,16.2,2025-03-27,completed,2.0,Central,16.2,2025-03-27,Sports Item 05,Sports,4.26,9.2,True
5234,3686,37,1,124.9,124.9,2025-03-27,completed,2.0,South,124.9,2025-03-27,Fashion Item 05,Fashion,76.85,141.93,True
5235,3687,10,1,143.48,143.48,2025-03-27,completed,2.0,North,411.93999999999994,2025-03-27,Home Item 02,Home,76.01,163.05,True
5236,3687,19,2,134.23,268.46,2025-03-27,completed,2.0,North,411.93999999999994,2025-03-27,Beauty Item 03,Beauty,83.95,152.53,True
5237,3688,41,1,43.6,43.6,2025-03-27,completed,2.0,South,43.6,2025-03-27,Grocery Item 01,Grocery,22.88,49.55,True
5238,3689,23,1,73.18,73.18,2025-03-27,completed,2.0,North,73.18,2025-03-27,Beauty Item 07,Beauty,39.32,83.16,True
5239,3690,22,2,66.58,133.16,2025-03-27,completed,2.0,South,133.16,2025-03-27,Beauty Item 06,Beauty,36.14,75.66,True
5240,3691,32,1,10.75,10.75,2025-03-27,processing,2.0,North,28.76,2025-03-27,Sports Item 08,Sports,7.11,12.22,True
5241,3691,8,1,18.01,18.01,2025-03-27,processing,2.0,North,28.76,2025-03-27,Electronics Item 08,Electronics,12.26,20.47,True
5242,3692,20,1,37.22,37.22,2025-03-27,processing,2.0,North,37.22,2025-03-27,Beauty Item 04,Beauty,18.73,42.3,True
5243,3693,8,1,18.01,18.01,2025-03-27,completed,2.0,North,18.01,2025-03-27,Electronics Item 08,Electronics,12.26,20.47,True
5244,3694,18,1,33.21,33.21,2025-03-27,completed,2.0,Central,33.21,2025-03-27,Beauty Item 02,Beauty,18.64,37.74,True
5245,3695,6,2,77.62,155.24,2025-03-27,cancelled,2.0,Central,155.24,2025-03-27,Electronics Item 06,Electronics,39.5,88.2,False
5246,3696,8,1,18.01,18.01,2025-03-27,completed,2.0,North,171.04,2025-03-27,Electronics Item 08,Electronics,12.26,20.47,True
5247,3696,15,1,153.03,153.03,2025-03-27,completed,2.0,North,171.04,2025-03-27,Home Item 07,Home,83.24,173.9,True
5248,3697,25,1,38.48,38.48,2025-03-27,completed,2.0,Central,38.48,2025-03-27,Sports Item 01,Sports,20.88,43.73,True
5249,3698,44,1,60.83,60.83,2025-03-27,completed,2.0,East,60.83,2025-03-27,Grocery Item 04,Grocery,46.32,69.13,True
5250,3699,8,1,18.01,18.01,2025-03-27,completed,2.0,South,164.55,2025-03-27,Electronics Item 08,Electronics,12.26,20.47,True
5251,3699,21,1,68.92,68.92,2025-03-27,completed,2.0,South,164.55,2025-03-27,Beauty Item 05,Beauty,34.88,78.32,True
5252,3699,6,1,77.62,77.62,2025-03-27,completed,2.0,South,164.55,2025-03-27,Electronics Item 06,Electronics,39.5,88.2,True
5253,3700,23,1,73.18,73.18,2025-03-27,completed,2.0,North,127.20000000000002,2025-03-27,Beauty Item 07,Beauty,39.32,83.16,True
5254,3700,14,1,54.02,54.02,2025-03-27,completed,2.0,North,127.20000000000002,2025-03-27,Home Item 06,Home,36.75,61.39,True
5255,3701,19,3,134.23,402.69,2025-03-27,completed,2.0,North,402.69,2025-03-27,Beauty Item 03,Beauty,83.95,152.53,True
5256,3702,21,1,68.92,68.92,2025-03-27,processing,2.0,North,68.92,2025-03-27,Beauty Item 05,Beauty,34.88,78.32,True
5257,3703,8,1,18.01,18.01,2025-03-27,completed,2.0,Central,18.01,2025-03-27,Electronics Item 08,Electronics,12.26,20.47,True
5258,3704,15,2,153.03,306.06,2025-03-27,completed,2.0,North,379.24,2025-03-27,Home Item 07,Home,83.24,173.9,True
5259,3704,23,1,73.18,73.18,2025-03-27,completed,2.0,North,379.24,2025-03-27,Beauty Item 07,Beauty,39.32,83.16,True
5260,3705,10,1,143.48,143.48,2025-03-27,completed,2.0,East,143.48,2025-03-27,Home Item 02,Home,76.01,163.05,True
5261,3706,23,2,73.18,146.36,2025-03-27,completed,2.0,Central,146.36,2025-03-27,Beauty Item 07,Beauty,39.32,83.16,True
5262,3707,43,2,21.66,43.32,2025-03-27,completed,2.0,North,43.32,2025-03-27,Grocery Item 03,Grocery,11.56,24.61,True
5263,3708,32,1,10.75,10.75,2025-03-27,completed,2.0,North,10.75,2025-03-27,Sports Item 08,Sports,7.11,12.22,True
5264,3709,47,1,18.78,18.78,2025-03-27,completed,2.0,Central,18.78,2025-03-27,Grocery Item 07,Grocery,13.74,21.34,True
5265,3710,31,1,17.34,17.34,2025-03-27,unknown_status,2.0,North,50.55,2025-03-27,Sports Item 07,Sports,11.9,19.71,False
5266,3710,18,1,33.21,33.21,2025-03-27,unknown_status,2.0,North,50.55,2025-03-27,Beauty Item 02,Beauty,18.64,37.74,False
5267,3711,32,2,10.75,21.5,2025-03-27,completed,2.0,South,21.5,2025-03-27,Sports Item 08,Sports,7.11,12.22,True
5268,3712,8,1,18.01,18.01,2025-03-27,completed,2.0,Central,91.19000000000001,2025-03-27,Electronics Item 08,Electronics,12.26,20.47,True
5269,3712,23,1,73.18,73.18,2025-03-27,completed,2.0,Central,91.19000000000001,2025-03-27,Beauty Item 07,Beauty,39.32,83.16,True
5270,3713,23,3,73.18,219.54,2025-03-27,completed,2.0,South,219.54,2025-03-27,Beauty Item 07,Beauty,39.32,83.16,True
5271,3714,40,1,178.18,178.18,2025-03-27,completed,2.0,North,178.18,2025-03-27,Fashion Item 08,Fashion,92.66,202.48,True
5272,3715,36,1,47.04,47.04,2025-03-27,processing,2.0,North,47.04,2025-03-27,Fashion Item 04,Fashion,28.42,53.45,True
5273,3716,46,1,110.77,110.77,2025-03-27,completed,2.0,North,305.43,2025-03-27,Grocery Item 06,Grocery,73.75,125.88,True
5274,3716,23,1,73.18,73.18,2025-03-27,completed,2.0,North,305.43,2025-03-27,Beauty Item 07,Beauty,39.32,83.16,True
5275,3716,42,1,121.48,121.48,2025-03-27,completed,2.0,North,305.43,2025-03-27,Grocery Item 02,Grocery,61.43,138.05,True
5276,3717,8,2,18.01,36.02,2025-03-27,processing,2.0,East,36.02,2025-03-27,Electronics Item 08,Electronics,12.26,20.47,True
5277,3718,34,1,38.49,38.49,2025-03-27,completed,2.0,South,38.49,2025-03-27,Fashion Item 02,Fashion,22.77,43.74,True
5278,3719,44,1,60.83,60.83,2025-03-27,completed,2.0,East,138.45,2025-03-27,Grocery Item 04,Grocery,46.32,69.13,True
5279,3719,6,1,77.62,77.62,2025-03-27,completed,2.0,East,138.45,2025-03-27,Electronics Item 06,Electronics,39.5,88.2,True
5280,3720,36,1,47.04,47.04,2025-03-27,completed,2.0,East,97.82,2025-03-27,Fashion Item 04,Fashion,28.42,53.45,True
5281,3720,3,1,50.78,50.78,2025-03-27,completed,2.0,East,97.82,2025-03-27,Electronics Item 03,Electronics,26.19,57.71,True
5282,3721,30,1,59.75,59.75,2025-03-27,completed,2.0,Central,128.67000000000002,2025-03-27,Sports Item 06,Sports,46.01,67.9,True
5283,3721,21,1,68.92,68.92,2025-03-27,completed,2.0,Central,128.67000000000002,2025-03-27,Beauty Item 05,Beauty,34.88,78.32,True
5284,3722,43,1,21.66,21.66,2025-03-27,completed,2.0,Central,333.8,2025-03-27,Grocery Item 03,Grocery,11.56,24.61,True
5285,3722,35,2,138.73,277.46,2025-03-27,completed,2.0,Central,333.8,2025-03-27,Fashion Item 03,Fashion,77.82,157.65,True
5286,3722,31,2,17.34,34.68,2025-03-27,completed,2.0,Central,333.8,2025-03-27,Sports Item 07,Sports,11.9,19.71,True
5287,3723,10,1,143.48,143.48,2025-03-27,completed,2.0,Central,143.48,2025-03-27,Home Item 02,Home,76.01,163.05,True
5288,3724,23,1,73.18,73.18,2025-03-27,completed,2.0,East,73.18,2025-03-27,Beauty Item 07,Beauty,39.32,83.16,True
5289,3725,44,1,60.83,60.83,2025-03-27,completed,2.0,North,60.83,2025-03-27,Grocery Item 04,Grocery,46.32,69.13,True
5290,3726,19,1,134.23,134.23,2025-03-27,completed,2.0,South,134.23,2025-03-27,Beauty Item 03,Beauty,83.95,152.53,True
5291,3727,44,1,60.83,60.83,2025-03-27,completed,2.0,South,60.83,2025-03-27,Grocery Item 04,Grocery,46.32,69.13,True
5292,3728,28,1,74.05,74.05,2025-03-27,completed,2.0,North,74.05,2025-03-27,Sports Item 04,Sports,39.74,84.15,True
5293,3729,3,2,50.78,101.56,2025-03-27,completed,2.0,South,101.56,2025-03-27,Electronics Item 03,Electronics,26.19,57.71,True
5294,3730,15,2,153.03,306.06,2025-03-27,completed,2.0,North,306.06,2025-03-27,Home Item 07,Home,83.24,173.9,True
5295,3731,10,1,143.48,143.48,2025-03-27,completed,2.0,Central,186.79999999999998,2025-03-27,Home Item 02,Home,76.01,163.05,True
5296,3731,43,2,21.66,43.32,2025-03-27,completed,2.0,Central,186.79999999999998,2025-03-27,Grocery Item 03,Grocery,11.56,24.61,True
5297,3732,36,1,47.04,47.04,2025-03-27,completed,2.0,North,47.04,2025-03-27,Fashion Item 04,Fashion,28.42,53.45,True
5298,3733,19,2,134.23,268.46,2025-03-27,completed,2.0,East,268.46,2025-03-27,Beauty Item 03,Beauty,83.95,152.53,True
5299,3734,47,1,18.78,18.78,2025-03-27,completed,2.0,North,18.78,2025-03-27,Grocery Item 07,Grocery,13.74,21.34,True
5300,3735,32,1,10.75,10.75,2025-03-28,completed,2.0,East,129.65,2025-03-28,Sports Item 08,Sports,7.11,12.22,True
5301,3735,3,2,50.78,101.56,2025-03-28,completed,2.0,East,129.65,2025-03-28,Electronics Item 03,Electronics,26.19,57.71,True
5302,3735,31,1,17.34,17.34,2025-03-28,completed,2.0,East,129.65,2025-03-28,Sports Item 07,Sports,11.9,19.71,True
5303,3736,30,3,59.75,179.25,2025-03-28,completed,2.0,South,179.25,2025-03-28,Sports Item 06,Sports,46.01,67.9,True
5304,3737,14,1,54.02,54.02,2025-03-28,completed,2.0,North,72.80000000000001,2025-03-28,Home Item 06,Home,36.75,61.39,True
5305,3737,47,1,18.78,18.78,2025-03-28,completed,2.0,North,72.80000000000001,2025-03-28,Grocery Item 07,Grocery,13.74,21.34,True
5306,3738,47,2,18.78,37.56,2025-03-28,completed,2.0,North,37.56,2025-03-28,Grocery Item 07,Grocery,13.74,21.34,True
5307,3739,3,2,50.78,101.56,2025-03-28,completed,2.0,East,178.54000000000002,2025-03-28,Electronics Item 03,Electronics,26.19,57.71,True
5308,3739,34,2,38.49,76.98,2025-03-28,completed,2.0,East,178.54000000000002,2025-03-28,Fashion Item 02,Fashion,22.77,43.74,True
5309,3740,29,1,8.1,8.1,2025-03-28,completed,2.0,Central,8.1,2025-03-28,Sports Item 05,Sports,4.26,9.2,True
5310,3741,32,1,10.75,10.75,2025-03-28,completed,2.0,North,79.67,2025-03-28,Sports Item 08,Sports,7.11,12.22,True
5311,3741,21,1,68.92,68.92,2025-03-28,completed,2.0,North,79.67,2025-03-28,Beauty Item 05,Beauty,34.88,78.32,True
5312,3742,19,1,134.23,134.23,2025-03-28,completed,2.0,East,162.01999999999998,2025-03-28,Beauty Item 03,Beauty,83.95,152.53,True
5313,3742,45,1,27.79,27.79,2025-03-28,completed,2.0,East,162.01999999999998,2025-03-28,Grocery Item 05,Grocery,18.68,31.58,True
5314,3743,23,1,73.18,73.18,2025-03-28,completed,2.0,Central,211.91,2025-03-28,Beauty Item 07,Beauty,39.32,83.16,True
5315,3743,35,1,138.73,138.73,2025-03-28,completed,2.0,Central,211.91,2025-03-28,Fashion Item 03,Fashion,77.82,157.65,True
5316,3744,4,2,63.77,127.54,2025-03-28,completed,2.0,East,127.54,2025-03-28,Electronics Item 04,Electronics,34.44,72.47,True
5317,3745,4,2,63.77,127.54,2025-03-28,completed,2.0,Central,127.54,2025-03-28,Electronics Item 04,Electronics,34.44,72.47,True
5318,3746,8,1,18.01,18.01,2025-03-28,completed,2.0,East,39.730000000000004,2025-03-28,Electronics Item 08,Electronics,12.26,20.47,True
5319,3746,27,1,21.72,21.72,2025-03-28,completed,2.0,East,39.730000000000004,2025-03-28,Sports Item 03,Sports,10.9,24.68,True
5320,3747,43,1,21.66,21.66,2025-03-28,processing,2.0,South,21.66,2025-03-28,Grocery Item 03,Grocery,11.56,24.61,True
5321,3748,36,2,47.04,94.08,2025-03-28,completed,2.0,Central,94.08,2025-03-28,Fashion Item 04,Fashion,28.42,53.45,True
5322,3749,30,2,59.75,119.5,2025-03-28,completed,2.0,South,119.5,2025-03-28,Sports Item 06,Sports,46.01,67.9,True
5323,3750,31,1,17.34,17.34,2025-03-28,completed,2.0,South,17.34,2025-03-28,Sports Item 07,Sports,11.9,19.71,True
5324,3751,40,2,178.18,356.36,2025-03-28,completed,2.0,East,356.36,2025-03-28,Fashion Item 08,Fashion,92.66,202.48,True
5325,3752,36,2,47.04,94.08,2025-03-28,completed,2.0,Central,147.89,2025-03-28,Fashion Item 04,Fashion,28.42,53.45,True
5326,3752,5,1,53.81,53.81,2025-03-28,completed,2.0,Central,147.89,2025-03-28,Electronics Item 05,Electronics,33.0,61.15,True
5327,3753,36,2,47.04,94.08,2025-03-28,completed,2.0,South,94.08,2025-03-28,Fashion Item 04,Fashion,28.42,53.45,True
5328,3754,32,1,10.75,10.75,2025-03-28,completed,2.0,North,84.8,2025-03-28,Sports Item 08,Sports,7.11,12.22,True
5329,3754,28,1,74.05,74.05,2025-03-28,completed,2.0,North,84.8,2025-03-28,Sports Item 04,Sports,39.74,84.15,True
5330,3755,21,1,68.92,68.92,2025-03-28,completed,2.0,East,135.5,2025-03-28,Beauty Item 05,Beauty,34.88,78.32,True
5331,3755,22,1,66.58,66.58,2025-03-28,completed,2.0,East,135.5,2025-03-28,Beauty Item 06,Beauty,36.14,75.66,True
5332,3756,40,1,178.18,178.18,2025-03-28,completed,2.0,South,178.18,2025-03-28,Fashion Item 08,Fashion,92.66,202.48,True
5333,3757,6,1,77.62,77.62,2025-03-28,completed,2.0,Central,77.62,2025-03-28,Electronics Item 06,Electronics,39.5,88.2,True
5334,3758,45,1,27.79,27.79,2025-03-28,completed,2.0,North,27.79,2025-03-28,Grocery Item 05,Grocery,18.68,31.58,True
5335,3759,9,1,52.53,52.53,2025-03-28,completed,2.0,North,52.53,2025-03-28,Home Item 01,Home,38.0,59.69,True
5336,3760,32,1,10.75,10.75,2025-03-28,completed,2.0,East,10.75,2025-03-28,Sports Item 08,Sports,7.11,12.22,True
5337,3761,1,2,100.37,200.74,2025-03-28,completed,2.0,North,200.74,2025-03-28,Electronics Item 01,Electronics,75.52,114.06,True
5338,3762,23,2,73.18,146.36,2025-03-28,completed,2.0,East,165.14000000000001,2025-03-28,Beauty Item 07,Beauty,39.32,83.16,True
5339,3762,47,1,18.78,18.78,2025-03-28,completed,2.0,East,165.14000000000001,2025-03-28,Grocery Item 07,Grocery,13.74,21.34,True
5340,3763,36,1,47.04,47.04,2025-03-28,completed,2.0,North,47.04,2025-03-28,Fashion Item 04,Fashion,28.42,53.45,True
5341,3764,22,1,66.58,66.58,2025-03-28,completed,2.0,East,66.58,2025-03-28,Beauty Item 06,Beauty,36.14,75.66,True
5342,3765,42,1,121.48,121.48,2025-03-28,completed,2.0,South,121.48,2025-03-28,Grocery Item 02,Grocery,61.43,138.05,True
5343,3766,12,1,103.83,103.83,2025-03-28,refunded,2.0,East,114.58,2025-03-28,Home Item 04,Home,58.96,117.99,False
5344,3766,32,1,10.75,10.75,2025-03-28,refunded,2.0,East,114.58,2025-03-28,Sports Item 08,Sports,7.11,12.22,False
5345,3767,21,1,68.92,68.92,2025-03-28,processing,2.0,Central,68.92,2025-03-28,Beauty Item 05,Beauty,34.88,78.32,True
5346,3768,35,1,138.73,138.73,2025-03-28,completed,2.0,North,355.2,2025-03-28,Fashion Item 03,Fashion,77.82,157.65,True
5347,3768,20,1,37.22,37.22,2025-03-28,completed,2.0,North,355.2,2025-03-28,Beauty Item 04,Beauty,18.73,42.3,True
5348,3768,30,3,59.75,179.25,2025-03-28,completed,2.0,North,355.2,2025-03-28,Sports Item 06,Sports,46.01,67.9,True
5349,3769,44,1,60.83,60.83,2025-03-28,completed,2.0,East,60.83,2025-03-28,Grocery Item 04,Grocery,46.32,69.13,True
5350,3770,14,1,54.02,54.02,2025-03-28,processing,2.0,Central,54.02,2025-03-28,Home Item 06,Home,36.75,61.39,True
5351,3771,10,1,143.48,143.48,2025-03-28,completed,2.0,North,143.48,2025-03-28,Home Item 02,Home,76.01,163.05,True
5352,3772,23,1,73.18,73.18,2025-03-28,completed,2.0,Central,73.18,2025-03-28,Beauty Item 07,Beauty,39.32,83.16,True
5353,3773,47,1,18.78,18.78,2025-03-28,completed,2.0,Central,56.0,2025-03-28,Grocery Item 07,Grocery,13.74,21.34,True
5354,3773,20,1,37.22,37.22,2025-03-28,completed,2.0,Central,56.0,2025-03-28,Beauty Item 04,Beauty,18.73,42.3,True
5355,3774,12,1,103.83,103.83,2025-03-28,completed,2.0,Central,121.84,2025-03-28,Home Item 04,Home,58.96,117.99,True
5356,3774,8,1,18.01,18.01,2025-03-28,completed,2.0,Central,121.84,2025-03-28,Electronics Item 08,Electronics,12.26,20.47,True
5357,3775,19,2,134.23,268.46,2025-03-28,completed,2.0,Central,268.46,2025-03-28,Beauty Item 03,Beauty,83.95,152.53,True
5358,3776,44,1,60.83,60.83,2025-03-28,processing,2.0,Central,199.56,2025-03-28,Grocery Item 04,Grocery,46.32,69.13,True
5359,3776,35,1,138.73,138.73,2025-03-28,processing,2.0,Central,199.56,2025-03-28,Fashion Item 03,Fashion,77.82,157.65,True
5360,3777,34,1,38.49,38.49,2025-03-28,processing,2.0,Central,75.71000000000001,2025-03-28,Fashion Item 02,Fashion,22.77,43.74,True
5361,3777,20,1,37.22,37.22,2025-03-28,processing,2.0,Central,75.71000000000001,2025-03-28,Beauty Item 04,Beauty,18.73,42.3,True
5362,3778,29,1,8.1,8.1,2025-03-28,completed,2.0,South,8.1,2025-03-28,Sports Item 05,Sports,4.26,9.2,True
5363,3779,26,1,109.35,109.35,2025-03-29,completed,2.0,East,109.35,2025-03-29,Sports Item 02,Sports,72.7,124.26,True
5364,3780,14,1,54.02,54.02,2025-03-29,completed,2.0,Central,372.74,2025-03-29,Home Item 06,Home,36.75,61.39,True
5365,3780,37,2,124.9,249.8,2025-03-29,completed,2.0,Central,372.74,2025-03-29,Fashion Item 05,Fashion,76.85,141.93,True
5366,3780,21,1,68.92,68.92,2025-03-29,completed,2.0,Central,372.74,2025-03-29,Beauty Item 05,Beauty,34.88,78.32,True
5367,3781,30,1,59.75,59.75,2025-03-29,completed,2.0,North,59.75,2025-03-29,Sports Item 06,Sports,46.01,67.9,True
5368,3782,2,1,88.23,88.23,2025-03-29,completed,2.0,North,88.23,2025-03-29,Electronics Item 02,Electronics,54.16,100.26,True
5369,3783,23,1,73.18,73.18,2025-03-29,completed,2.0,North,285.35,2025-03-29,Beauty Item 07,Beauty,39.32,83.16,True
5370,3783,46,1,110.77,110.77,2025-03-29,completed,2.0,North,285.35,2025-03-29,Grocery Item 06,Grocery,73.75,125.88,True
5371,3783,11,1,101.4,101.4,2025-03-29,completed,2.0,North,285.35,2025-03-29,Home Item 03,Home,73.04,115.23,True
5372,3784,36,1,47.04,47.04,2025-03-29,completed,2.0,East,115.96000000000001,2025-03-29,Fashion Item 04,Fashion,28.42,53.45,True
5373,3784,21,1,68.92,68.92,2025-03-29,completed,2.0,East,115.96000000000001,2025-03-29,Beauty Item 05,Beauty,34.88,78.32,True
5374,3785,23,1,73.18,73.18,2025-03-29,completed,2.0,South,73.18,2025-03-29,Beauty Item 07,Beauty,39.32,83.16,True
5375,3786,28,1,74.05,74.05,2025-03-29,completed,2.0,South,74.05,2025-03-29,Sports Item 04,Sports,39.74,84.15,True
5376,3787,18,1,33.21,33.21,2025-03-29,completed,2.0,East,137.04,2025-03-29,Beauty Item 02,Beauty,18.64,37.74,True
5377,3787,12,1,103.83,103.83,2025-03-29,completed,2.0,East,137.04,2025-03-29,Home Item 04,Home,58.96,117.99,True
5378,3788,47,1,18.78,18.78,2025-03-29,completed,2.0,Central,18.78,2025-03-29,Grocery Item 07,Grocery,13.74,21.34,True
5379,3789,8,1,18.01,18.01,2025-03-29,cancelled,2.0,South,152.23999999999998,2025-03-29,Electronics Item 08,Electronics,12.26,20.47,False
5380,3789,19,1,134.23,134.23,2025-03-29,cancelled,2.0,South,152.23999999999998,2025-03-29,Beauty Item 03,Beauty,83.95,152.53,False
5381,3790,32,1,10.75,10.75,2025-03-29,completed,2.0,North,10.75,2025-03-29,Sports Item 08,Sports,7.11,12.22,True
5382,3791,34,1,38.49,38.49,2025-03-29,completed,2.0,South,38.49,2025-03-29,Fashion Item 02,Fashion,22.77,43.74,True
5383,3792,3,1,50.78,50.78,2025-03-29,completed,2.0,Central,123.96000000000001,2025-03-29,Electronics Item 03,Electronics,26.19,57.71,True
5384,3792,23,1,73.18,73.18,2025-03-29,completed,2.0,Central,123.96000000000001,2025-03-29,Beauty Item 07,Beauty,39.32,83.16,True
5385,3793,10,3,143.48,430.44,2025-03-29,processing,2.0,East,656.51,2025-03-29,Home Item 02,Home,76.01,163.05,True
5386,3793,2,1,88.23,88.23,2025-03-29,processing,2.0,East,656.51,2025-03-29,Electronics Item 02,Electronics,54.16,100.26,True
5387,3793,21,2,68.92,137.84,2025-03-29,processing,2.0,East,656.51,2025-03-29,Beauty Item 05,Beauty,34.88,78.32,True
5388,3794,26,1,109.35,109.35,2025-03-29,processing,2.0,South,109.35,2025-03-29,Sports Item 02,Sports,72.7,124.26,True
5389,3795,39,1,109.17,109.17,2025-03-29,completed,2.0,East,109.17,2025-03-29,Fashion Item 07,Fashion,65.04,124.06,True
5390,3796,23,1,73.18,73.18,2025-03-29,completed,2.0,Central,73.18,2025-03-29,Beauty Item 07,Beauty,39.32,83.16,True
5391,3797,47,1,18.78,18.78,2025-03-29,processing,2.0,North,51.99,2025-03-29,Grocery Item 07,Grocery,13.74,21.34,True
5392,3797,18,1,33.21,33.21,2025-03-29,processing,2.0,North,51.99,2025-03-29,Beauty Item 02,Beauty,18.64,37.74,True
5393,3798,23,1,73.18,73.18,2025-03-29,completed,2.0,North,73.18,2025-03-29,Beauty Item 07,Beauty,39.32,83.16,True
5394,3799,6,1,77.62,77.62,2025-03-29,completed,2.0,South,77.62,2025-03-29,Electronics Item 06,Electronics,39.5,88.2,True
5395,3800,36,3,47.04,141.12,2025-03-29,completed,2.0,Central,190.36,2025-03-29,Fashion Item 04,Fashion,28.42,53.45,True
5396,3800,34,1,38.49,38.49,2025-03-29,completed,2.0,Central,190.36,2025-03-29,Fashion Item 02,Fashion,22.77,43.74,True
5397,3800,32,1,10.75,10.75,2025-03-29,completed,2.0,Central,190.36,2025-03-29,Sports Item 08,Sports,7.11,12.22,True
5398,3801,35,1,138.73,138.73,2025-03-29,cancelled,2.0,South,138.73,2025-03-29,Fashion Item 03,Fashion,77.82,157.65,False
5399,3802,19,1,134.23,134.23,2025-03-29,completed,2.0,North,134.23,2025-03-29,Beauty Item 03,Beauty,83.95,152.53,True
5400,3803,19,2,134.23,268.46,2025-03-29,completed,2.0,South,268.46,2025-03-29,Beauty Item 03,Beauty,83.95,152.53,True
5401,3804,32,3,10.75,32.25,2025-03-29,completed,2.0,Central,32.25,2025-03-29,Sports Item 08,Sports,7.11,12.22,True
5402,3805,21,1,68.92,68.92,2025-03-29,completed,2.0,South,207.64999999999998,2025-03-29,Beauty Item 05,Beauty,34.88,78.32,True
5403,3805,35,1,138.73,138.73,2025-03-29,completed,2.0,South,207.64999999999998,2025-03-29,Fashion Item 03,Fashion,77.82,157.65,True
5404,3806,34,3,38.49,115.47,2025-03-29,processing,2.0,South,115.47,2025-03-29,Fashion Item 02,Fashion,22.77,43.74,True
5405,3807,44,1,60.83,60.83,2025-03-29,completed,2.0,South,134.01,2025-03-29,Grocery Item 04,Grocery,46.32,69.13,True
5406,3807,23,1,73.18,73.18,2025-03-29,completed,2.0,South,134.01,2025-03-29,Beauty Item 07,Beauty,39.32,83.16,True
5407,3808,44,2,60.83,121.66,2025-03-29,completed,2.0,South,225.49,2025-03-29,Grocery Item 04,Grocery,46.32,69.13,True
5408,3808,12,1,103.83,103.83,2025-03-29,completed,2.0,South,225.49,2025-03-29,Home Item 04,Home,58.96,117.99,True
5409,3809,35,1,138.73,138.73,2025-03-29,completed,2.0,East,185.76999999999998,2025-03-29,Fashion Item 03,Fashion,77.82,157.65,True
5410,3809,36,1,47.04,47.04,2025-03-29,completed,2.0,East,185.76999999999998,2025-03-29,Fashion Item 04,Fashion,28.42,53.45,True
5411,3810,46,1,110.77,110.77,2025-03-29,completed,2.0,East,110.77,2025-03-29,Grocery Item 06,Grocery,73.75,125.88,True
5412,3811,32,2,10.75,21.5,2025-03-29,completed,2.0,South,21.5,2025-03-29,Sports Item 08,Sports,7.11,12.22,True
5413,3812,35,1,138.73,138.73,2025-03-29,completed,2.0,South,138.73,2025-03-29,Fashion Item 03,Fashion,77.82,157.65,True
5414,3813,3,1,50.78,50.78,2025-03-29,completed,2.0,North,50.78,2025-03-29,Electronics Item 03,Electronics,26.19,57.71,True
5415,3814,28,1,74.05,74.05,2025-03-29,completed,2.0,Central,74.05,2025-03-29,Sports Item 04,Sports,39.74,84.15,True
5416,3815,10,1,143.48,143.48,2025-03-29,completed,2.0,East,143.48,2025-03-29,Home Item 02,Home,76.01,163.05,True
5417,3816,35,1,138.73,138.73,2025-03-29,unknown_status,2.0,East,138.73,2025-03-29,Fashion Item 03,Fashion,77.82,157.65,False
5418,3817,23,1,73.18,73.18,2025-03-29,completed,2.0,South,211.91,2025-03-29,Beauty Item 07,Beauty,39.32,83.16,True
5419,3817,35,1,138.73,138.73,2025-03-29,completed,2.0,South,211.91,2025-03-29,Fashion Item 03,Fashion,77.82,157.65,True
5420,3818,3,1,50.78,50.78,2025-03-29,completed,2.0,North,50.78,2025-03-29,Electronics Item 03,Electronics,26.19,57.71,True
5421,3819,36,3,47.04,141.12,2025-03-29,completed,2.0,East,141.12,2025-03-29,Fashion Item 04,Fashion,28.42,53.45,True
5422,3820,23,1,73.18,73.18,2025-03-29,completed,2.0,North,94.84,2025-03-29,Beauty Item 07,Beauty,39.32,83.16,True
5423,3820,43,1,21.66,21.66,2025-03-29,completed,2.0,North,94.84,2025-03-29,Grocery Item 03,Grocery,11.56,24.61,True
5424,3821,35,1,138.73,138.73,2025-03-29,completed,2.0,East,138.73,2025-03-29,Fashion Item 03,Fashion,77.82,157.65,True
5425,3822,19,1,134.23,134.23,2025-03-29,completed,2.0,Central,134.23,2025-03-29,Beauty Item 03,Beauty,83.95,152.53,True
5426,3823,9,1,52.53,52.53,2025-03-29,completed,2.0,Central,52.53,2025-03-29,Home Item 01,Home,38.0,59.69,True
5427,3824,40,2,178.18,356.36,2025-03-29,completed,2.0,South,356.36,2025-03-29,Fashion Item 08,Fashion,92.66,202.48,True
5428,3825,44,1,60.83,60.83,2025-03-29,completed,2.0,North,280.47999999999996,2025-03-29,Grocery Item 04,Grocery,46.32,69.13,True
5429,3825,33,1,150.73,150.73,2025-03-29,completed,2.0,North,280.47999999999996,2025-03-29,Fashion Item 01,Fashion,77.9,171.28,True
5430,3825,21,1,68.92,68.92,2025-03-29,completed,2.0,North,280.47999999999996,2025-03-29,Beauty Item 05,Beauty,34.88,78.32,True
5431,3826,35,1,138.73,138.73,2025-03-29,completed,2.0,North,192.75,2025-03-29,Fashion Item 03,Fashion,77.82,157.65,True
5432,3826,14,1,54.02,54.02,2025-03-29,completed,2.0,North,192.75,2025-03-29,Home Item 06,Home,36.75,61.39,True
5433,3827,12,1,103.83,103.83,2025-03-29,completed,2.0,Central,103.83,2025-03-29,Home Item 04,Home,58.96,117.99,True
5434,3828,26,1,109.35,109.35,2025-03-29,processing,2.0,South,109.35,2025-03-29,Sports Item 02,Sports,72.7,124.26,True
5435,3829,41,1,43.6,43.6,2025-03-29,completed,2.0,South,43.6,2025-03-29,Grocery Item 01,Grocery,22.88,49.55,True
5436,3830,23,1,73.18,73.18,2025-03-29,completed,2.0,South,73.18,2025-03-29,Beauty Item 07,Beauty,39.32,83.16,True
5437,3831,44,2,60.83,121.66,2025-03-30,completed,2.0,North,210.76,2025-03-30,Grocery Item 04,Grocery,46.32,69.13,True
5438,3831,17,1,89.1,89.1,2025-03-30,completed,2.0,North,210.76,2025-03-30,Beauty Item 01,Beauty,68.35,101.25,True
5439,3832,3,1,50.78,50.78,2025-03-30,completed,2.0,South,161.55,2025-03-30,Electronics Item 03,Electronics,26.19,57.71,True
5440,3832,46,1,110.77,110.77,2025-03-30,completed,2.0,South,161.55,2025-03-30,Grocery Item 06,Grocery,73.75,125.88,True
5441,3833,34,1,38.49,38.49,2025-03-30,completed,2.0,North,38.49,2025-03-30,Fashion Item 02,Fashion,22.77,43.74,True
5442,3834,35,1,138.73,138.73,2025-03-30,refunded,2.0,Central,209.5,2025-03-30,Fashion Item 03,Fashion,77.82,157.65,False
5443,3834,47,2,18.78,37.56,2025-03-30,refunded,2.0,Central,209.5,2025-03-30,Grocery Item 07,Grocery,13.74,21.34,False
5444,3834,18,1,33.21,33.21,2025-03-30,refunded,2.0,Central,209.5,2025-03-30,Beauty Item 02,Beauty,18.64,37.74,False
5445,3835,11,2,101.4,202.8,2025-03-30,completed,2.0,South,202.8,2025-03-30,Home Item 03,Home,73.04,115.23,True
5446,3836,30,1,59.75,59.75,2025-03-30,completed,2.0,East,216.9,2025-03-30,Sports Item 06,Sports,46.01,67.9,True
5447,3836,21,1,68.92,68.92,2025-03-30,completed,2.0,East,216.9,2025-03-30,Beauty Item 05,Beauty,34.88,78.32,True
5448,3836,2,1,88.23,88.23,2025-03-30,completed,2.0,East,216.9,2025-03-30,Electronics Item 02,Electronics,54.16,100.26,True
5449,3837,26,1,109.35,109.35,2025-03-30,completed,2.0,North,183.39999999999998,2025-03-30,Sports Item 02,Sports,72.7,124.26,True
5450,3837,28,1,74.05,74.05,2025-03-30,completed,2.0,North,183.39999999999998,2025-03-30,Sports Item 04,Sports,39.74,84.15,True
5451,3838,8,1,18.01,18.01,2025-03-30,completed,2.0,East,188.38,2025-03-30,Electronics Item 08,Electronics,12.26,20.47,True
5452,3838,15,1,153.03,153.03,2025-03-30,completed,2.0,East,188.38,2025-03-30,Home Item 07,Home,83.24,173.9,True
5453,3838,31,1,17.34,17.34,2025-03-30,completed,2.0,East,188.38,2025-03-30,Sports Item 07,Sports,11.9,19.71,True
5454,3839,28,1,74.05,74.05,2025-03-30,completed,2.0,South,74.05,2025-03-30,Sports Item 04,Sports,39.74,84.15,True
5455,3840,26,1,109.35,109.35,2025-03-30,completed,2.0,South,109.35,2025-03-30,Sports Item 02,Sports,72.7,124.26,True
5456,3841,15,3,153.03,459.09,2025-03-30,completed,2.0,South,459.09,2025-03-30,Home Item 07,Home,83.24,173.9,True
5457,3842,37,2,124.9,249.8,2025-03-30,completed,2.0,South,249.8,2025-03-30,Fashion Item 05,Fashion,76.85,141.93,True
5458,3843,36,2,47.04,94.08,2025-03-30,cancelled,2.0,North,94.08,2025-03-30,Fashion Item 04,Fashion,28.42,53.45,False
5459,3844,19,1,134.23,134.23,2025-03-30,completed,2.0,Central,166.48,2025-03-30,Beauty Item 03,Beauty,83.95,152.53,True
5460,3844,32,3,10.75,32.25,2025-03-30,completed,2.0,Central,166.48,2025-03-30,Sports Item 08,Sports,7.11,12.22,True
5461,3845,19,1,134.23,134.23,2025-03-30,completed,2.0,South,284.96,2025-03-30,Beauty Item 03,Beauty,83.95,152.53,True
5462,3845,33,1,150.73,150.73,2025-03-30,completed,2.0,South,284.96,2025-03-30,Fashion Item 01,Fashion,77.9,171.28,True
5463,3846,19,1,134.23,134.23,2025-03-30,completed,2.0,North,134.23,2025-03-30,Beauty Item 03,Beauty,83.95,152.53,True
5464,3847,30,1,59.75,59.75,2025-03-30,completed,2.0,Central,248.12,2025-03-30,Sports Item 06,Sports,46.01,67.9,True
5465,3847,4,2,63.77,127.54,2025-03-30,completed,2.0,Central,248.12,2025-03-30,Electronics Item 04,Electronics,34.44,72.47,True
5466,3847,44,1,60.83,60.83,2025-03-30,completed,2.0,Central,248.12,2025-03-30,Grocery Item 04,Grocery,46.32,69.13,True
5467,3848,8,2,18.01,36.02,2025-03-30,completed,2.0,Central,120.82000000000001,2025-03-30,Electronics Item 08,Electronics,12.26,20.47,True
5468,3848,28,1,74.05,74.05,2025-03-30,completed,2.0,Central,120.82000000000001,2025-03-30,Sports Item 04,Sports,39.74,84.15,True
5469,3848,32,1,10.75,10.75,2025-03-30,completed,2.0,Central,120.82000000000001,2025-03-30,Sports Item 08,Sports,7.11,12.22,True
5470,3849,36,2,47.04,94.08,2025-03-30,completed,2.0,South,131.64,2025-03-30,Fashion Item 04,Fashion,28.42,53.45,True
5471,3849,47,2,18.78,37.56,2025-03-30,completed,2.0,South,131.64,2025-03-30,Grocery Item 07,Grocery,13.74,21.34,True
5472,3850,31,1,17.34,17.34,2025-03-30,processing,2.0,North,43.35,2025-03-30,Sports Item 07,Sports,11.9,19.71,True
5473,3850,24,1,26.01,26.01,2025-03-30,processing,2.0,North,43.35,2025-03-30,Beauty Item 08,Beauty,14.55,29.56,True
5474,3851,8,1,18.01,18.01,2025-03-30,completed,2.0,Central,18.01,2025-03-30,Electronics Item 08,Electronics,12.26,20.47,True
5475,3852,8,2,18.01,36.02,2025-03-30,completed,2.0,South,36.02,2025-03-30,Electronics Item 08,Electronics,12.26,20.47,True
5476,3853,37,1,124.9,124.9,2025-03-30,completed,2.0,North,124.9,2025-03-30,Fashion Item 05,Fashion,76.85,141.93,True
5477,3854,48,1,88.91,88.91,2025-03-30,processing,2.0,North,88.91,2025-03-30,,Grocery,44.45,101.03,True
5478,3855,42,1,121.48,121.48,2025-03-30,completed,2.0,South,158.7,2025-03-30,Grocery Item 02,Grocery,61.43,138.05,True
5479,3855,20,1,37.22,37.22,2025-03-30,completed,2.0,South,158.7,2025-03-30,Beauty Item 04,Beauty,18.73,42.3,True
5480,3856,45,1,27.79,27.79,2025-03-30,completed,2.0,East,27.79,2025-03-30,Grocery Item 05,Grocery,18.68,31.58,True
5481,3857,32,1,10.75,10.75,2025-03-30,completed,2.0,East,10.75,2025-03-30,Sports Item 08,Sports,7.11,12.22,True
5482,3858,45,1,27.79,27.79,2025-03-30,completed,2.0,East,100.97,2025-03-30,Grocery Item 05,Grocery,18.68,31.58,True
5483,3858,23,1,73.18,73.18,2025-03-30,completed,2.0,East,100.97,2025-03-30,Beauty Item 07,Beauty,39.32,83.16,True
5484,3859,39,1,109.17,109.17,2025-03-30,completed,2.0,East,109.17,2025-03-30,Fashion Item 07,Fashion,65.04,124.06,True
5485,3860,19,1,134.23,134.23,2025-03-30,completed,2.0,South,134.23,2025-03-30,Beauty Item 03,Beauty,83.95,152.53,True
5486,3861,23,1,73.18,73.18,2025-03-30,refunded,2.0,Central,73.18,2025-03-30,Beauty Item 07,Beauty,39.32,83.16,False
5487,3862,32,1,10.75,10.75,2025-03-30,completed,2.0,East,161.48,2025-03-30,Sports Item 08,Sports,7.11,12.22,True
5488,3862,33,1,150.73,150.73,2025-03-30,completed,2.0,East,161.48,2025-03-30,Fashion Item 01,Fashion,77.9,171.28,True
5489,3863,19,1,134.23,134.23,2025-03-30,completed,2.0,South,134.23,2025-03-30,Beauty Item 03,Beauty,83.95,152.53,True
5490,3864,39,1,109.17,109.17,2025-03-30,completed,2.0,North,109.17,2025-03-30,Fashion Item 07,Fashion,65.04,124.06,True
5491,3865,22,1,66.58,66.58,2025-03-30,completed,2.0,South,66.58,2025-03-30,Beauty Item 06,Beauty,36.14,75.66,True
5492,3866,4,1,63.77,63.77,2025-03-30,completed,2.0,Central,63.77,2025-03-30,Electronics Item 04,Electronics,34.44,72.47,True
5493,3867,8,1,18.01,18.01,2025-03-30,completed,2.0,East,18.01,2025-03-30,Electronics Item 08,Electronics,12.26,20.47,True
5494,3868,30,1,59.75,59.75,2025-03-30,completed,2.0,South,136.73000000000002,2025-03-30,Sports Item 06,Sports,46.01,67.9,True
5495,3868,34,2,38.49,76.98,2025-03-30,completed,2.0,South,136.73000000000002,2025-03-30,Fashion Item 02,Fashion,22.77,43.74,True
5496,3869,22,2,66.58,133.16,2025-03-30,completed,2.0,East,330.3,2025-03-30,Beauty Item 06,Beauty,36.14,75.66,True
5497,3869,23,2,73.18,146.36,2025-03-30,completed,2.0,East,330.3,2025-03-30,Beauty Item 07,Beauty,39.32,83.16,True
5498,3869,3,1,50.78,50.78,2025-03-30,completed,2.0,East,330.3,2025-03-30,Electronics Item 03,Electronics,26.19,57.71,True
5499,3870,4,1,63.77,63.77,2025-03-30,completed,2.0,South,63.77,2025-03-30,Electronics Item 04,Electronics,34.44,72.47,True
5500,3871,32,1,10.75,10.75,2025-03-30,completed,2.0,North,49.23,2025-03-30,Sports Item 08,Sports,7.11,12.22,True
5501,3871,25,1,38.48,38.48,2025-03-30,completed,2.0,North,49.23,2025-03-30,Sports Item 01,Sports,20.88,43.73,True
5502,3872,43,1,21.66,21.66,2025-03-30,completed,2.0,South,21.66,2025-03-30,Grocery Item 03,Grocery,11.56,24.61,True
5503,3873,35,3,138.73,416.19,2025-03-30,completed,2.0,East,416.19,2025-03-30,Fashion Item 03,Fashion,77.82,157.65,True
5504,3874,25,1,38.48,38.48,2025-03-30,processing,2.0,South,38.48,2025-03-30,Sports Item 01,Sports,20.88,43.73,True
5505,3875,32,1,10.75,10.75,2025-03-30,completed,2.0,South,83.93,2025-03-30,Sports Item 08,Sports,7.11,12.22,True
5506,3875,23,1,73.18,73.18,2025-03-30,completed,2.0,South,83.93,2025-03-30,Beauty Item 07,Beauty,39.32,83.16,True
5507,3876,4,2,63.77,127.54,2025-03-30,completed,2.0,East,127.54,2025-03-30,Electronics Item 04,Electronics,34.44,72.47,True
5508,3877,28,2,74.05,148.1,2025-03-30,completed,2.0,North,148.1,2025-03-30,Sports Item 04,Sports,39.74,84.15,True
5509,3878,35,1,138.73,138.73,2025-03-30,completed,2.0,South,354.13,2025-03-30,Fashion Item 03,Fashion,77.82,157.65,True
5510,3878,40,1,178.18,178.18,2025-03-30,completed,2.0,South,354.13,2025-03-30,Fashion Item 08,Fashion,92.66,202.48,True
5511,3878,20,1,37.22,37.22,2025-03-30,completed,2.0,South,354.13,2025-03-30,Beauty Item 04,Beauty,18.73,42.3,True
5512,3879,14,1,54.02,54.02,2025-03-31,completed,2.0,East,163.19,2025-03-31,Home Item 06,Home,36.75,61.39,True
5513,3879,39,1,109.17,109.17,2025-03-31,completed,2.0,East,163.19,2025-03-31,Fashion Item 07,Fashion,65.04,124.06,True
5514,3880,33,1,150.73,150.73,2025-03-31,completed,2.0,South,342.24,2025-03-31,Fashion Item 01,Fashion,77.9,171.28,True
5515,3880,25,1,38.48,38.48,2025-03-31,completed,2.0,South,342.24,2025-03-31,Sports Item 01,Sports,20.88,43.73,True
5516,3880,15,1,153.03,153.03,2025-03-31,completed,2.0,South,342.24,2025-03-31,Home Item 07,Home,83.24,173.9,True
5517,3881,37,1,124.9,124.9,2025-03-31,completed,2.0,North,124.9,2025-03-31,Fashion Item 05,Fashion,76.85,141.93,True
5518,3882,38,1,71.35,71.35,2025-03-31,completed,2.0,Central,71.35,2025-03-31,Fashion Item 06,Fashion,44.22,81.08,True
5519,3883,37,1,124.9,124.9,2025-03-31,completed,2.0,Central,124.9,2025-03-31,Fashion Item 05,Fashion,76.85,141.93,True
5520,3884,33,1,150.73,150.73,2025-03-31,completed,2.0,South,261.5,2025-03-31,Fashion Item 01,Fashion,77.9,171.28,True
5521,3884,46,1,110.77,110.77,2025-03-31,completed,2.0,South,261.5,2025-03-31,Grocery Item 06,Grocery,73.75,125.88,True
5522,3885,28,1,74.05,74.05,2025-03-31,completed,2.0,South,134.88,2025-03-31,Sports Item 04,Sports,39.74,84.15,True
5523,3885,44,1,60.83,60.83,2025-03-31,completed,2.0,South,134.88,2025-03-31,Grocery Item 04,Grocery,46.32,69.13,True
5524,3886,32,1,10.75,10.75,2025-03-31,completed,2.0,South,10.75,2025-03-31,Sports Item 08,Sports,7.11,12.22,True
5525,3887,5,1,53.81,53.81,2025-03-31,completed,2.0,East,53.81,2025-03-31,Electronics Item 05,Electronics,33.0,61.15,True
5526,3888,12,2,103.83,207.66,2025-03-31,completed,2.0,South,207.66,2025-03-31,Home Item 04,Home,58.96,117.99,True
5527,3889,30,1,59.75,59.75,2025-03-31,completed,2.0,East,59.75,2025-03-31,Sports Item 06,Sports,46.01,67.9,True
5528,3890,23,1,73.18,73.18,2025-03-31,completed,2.0,North,73.18,2025-03-31,Beauty Item 07,Beauty,39.32,83.16,True
5529,3891,8,1,18.01,18.01,2025-03-31,completed,2.0,Central,18.01,2025-03-31,Electronics Item 08,Electronics,12.26,20.47,True
5530,3892,8,1,18.01,18.01,2025-03-31,completed,2.0,East,200.5,2025-03-31,Electronics Item 08,Electronics,12.26,20.47,True
5531,3892,44,3,60.83,182.49,2025-03-31,completed,2.0,East,200.5,2025-03-31,Grocery Item 04,Grocery,46.32,69.13,True
5532,3893,25,1,38.48,38.48,2025-03-31,processing,2.0,North,38.48,2025-03-31,Sports Item 01,Sports,20.88,43.73,True
5533,3894,33,1,150.73,150.73,2025-03-31,completed,2.0,North,150.73,2025-03-31,Fashion Item 01,Fashion,77.9,171.28,True
5534,3895,35,1,138.73,138.73,2025-03-31,completed,2.0,North,138.73,2025-03-31,Fashion Item 03,Fashion,77.82,157.65,True
5535,3896,37,1,124.9,124.9,2025-03-31,completed,2.0,North,171.94,2025-03-31,Fashion Item 05,Fashion,76.85,141.93,True
5536,3896,36,1,47.04,47.04,2025-03-31,completed,2.0,North,171.94,2025-03-31,Fashion Item 04,Fashion,28.42,53.45,True
5537,3897,22,1,66.58,66.58,2025-03-31,completed,2.0,Central,66.58,2025-03-31,Beauty Item 06,Beauty,36.14,75.66,True
5538,3898,5,1,53.81,53.81,2025-03-31,completed,2.0,East,53.81,2025-03-31,Electronics Item 05,Electronics,33.0,61.15,True
5539,3899,14,1,54.02,54.02,2025-03-31,completed,2.0,South,272.71999999999997,2025-03-31,Home Item 06,Home,36.75,61.39,True
5540,3899,26,2,109.35,218.7,2025-03-31,completed,2.0,South,272.71999999999997,2025-03-31,Sports Item 02,Sports,72.7,124.26,True
5541,3900,26,1,109.35,109.35,2025-03-31,completed,2.0,East,156.39,2025-03-31,Sports Item 02,Sports,72.7,124.26,True
5542,3900,36,1,47.04,47.04,2025-03-31,completed,2.0,East,156.39,2025-03-31,Fashion Item 04,Fashion,28.42,53.45,True
5543,3901,32,1,10.75,10.75,2025-03-31,completed,2.0,East,10.75,2025-03-31,Sports Item 08,Sports,7.11,12.22,True
5544,3902,23,1,73.18,73.18,2025-03-31,completed,2.0,North,73.18,2025-03-31,Beauty Item 07,Beauty,39.32,83.16,True
5545,3903,28,1,74.05,74.05,2025-03-31,completed,2.0,South,74.05,2025-03-31,Sports Item 04,Sports,39.74,84.15,True
5546,3904,3,1,50.78,50.78,2025-03-31,refunded,2.0,South,50.78,2025-03-31,Electronics Item 03,Electronics,26.19,57.71,False
5547,3905,40,2,178.18,356.36,2025-03-31,completed,2.0,North,356.36,2025-03-31,Fashion Item 08,Fashion,92.66,202.48,True
5548,3906,14,1,54.02,54.02,2025-03-31,completed,2.0,North,62.120000000000005,2025-03-31,Home Item 06,Home,36.75,61.39,True
5549,3906,29,1,8.1,8.1,2025-03-31,completed,2.0,North,62.120000000000005,2025-03-31,Sports Item 05,Sports,4.26,9.2,True
5550,3907,47,1,18.78,18.78,2025-03-31,completed,2.0,South,18.78,2025-03-31,Grocery Item 07,Grocery,13.74,21.34,True
5551,3908,35,1,138.73,138.73,2025-03-31,completed,2.0,North,138.73,2025-03-31,Fashion Item 03,Fashion,77.82,157.65,True
5552,3909,32,1,10.75,10.75,2025-03-31,processing,2.0,Central,10.75,2025-03-31,Sports Item 08,Sports,7.11,12.22,True
5553,3910,42,2,121.48,242.96,2025-03-31,completed,2.0,North,242.96,2025-03-31,Grocery Item 02,Grocery,61.43,138.05,True
5554,3911,12,1,103.83,103.83,2025-03-31,completed,2.0,East,103.83,2025-03-31,Home Item 04,Home,58.96,117.99,True
5555,3912,35,1,138.73,138.73,2025-03-31,processing,2.0,East,138.73,2025-03-31,Fashion Item 03,Fashion,77.82,157.65,True
5556,3913,46,1,110.77,110.77,2025-03-31,completed,2.0,South,121.52,2025-03-31,Grocery Item 06,Grocery,73.75,125.88,True
5557,3913,32,1,10.75,10.75,2025-03-31,completed,2.0,South,121.52,2025-03-31,Sports Item 08,Sports,7.11,12.22,True
5558,3914,10,1,143.48,143.48,2025-03-31,completed,2.0,Central,212.39999999999998,2025-03-31,Home Item 02,Home,76.01,163.05,True
5559,3914,21,1,68.92,68.92,2025-03-31,completed,2.0,Central,212.39999999999998,2025-03-31,Beauty Item 05,Beauty,34.88,78.32,True
5560,3915,30,1,59.75,59.75,2025-03-31,processing,2.0,North,59.75,2025-03-31,Sports Item 06,Sports,46.01,67.9,True
5561,3916,8,1,18.01,18.01,2025-03-31,completed,2.0,North,18.01,2025-03-31,Electronics Item 08,Electronics,12.26,20.47,True
5562,3917,42,1,121.48,121.48,2025-03-31,completed,2.0,South,121.48,2025-03-31,Grocery Item 02,Grocery,61.43,138.05,True
5563,3918,14,1,54.02,54.02,2025-03-31,refunded,2.0,North,54.02,2025-03-31,Home Item 06,Home,36.75,61.39,False
5564,3919,14,2,54.02,108.04,2025-03-31,completed,2.0,North,166.98000000000002,2025-03-31,Home Item 06,Home,36.75,61.39,True
5565,3919,20,1,37.22,37.22,2025-03-31,completed,2.0,North,166.98000000000002,2025-03-31,Beauty Item 04,Beauty,18.73,42.3,True
5566,3919,27,1,21.72,21.72,2025-03-31,completed,2.0,North,166.98000000000002,2025-03-31,Sports Item 03,Sports,10.9,24.68,True
5567,3920,44,1,60.83,60.83,2025-03-31,completed,2.0,South,134.88,2025-03-31,Grocery Item 04,Grocery,46.32,69.13,True
5568,3920,28,1,74.05,74.05,2025-03-31,completed,2.0,South,134.88,2025-03-31,Sports Item 04,Sports,39.74,84.15,True
5569,3921,47,1,18.78,18.78,2025-03-31,completed,2.0,East,18.78,2025-03-31,Grocery Item 07,Grocery,13.74,21.34,True
5570,3922,26,1,109.35,109.35,2025-03-31,completed,2.0,East,109.35,2025-03-31,Sports Item 02,Sports,72.7,124.26,True
5571,3923,15,1,153.03,153.03,2025-03-31,completed,2.0,Central,153.03,2025-03-31,Home Item 07,Home,83.24,173.9,True
5572,3924,40,2,178.18,356.36,2025-03-31,completed,2.0,South,356.36,2025-03-31,Fashion Item 08,Fashion,92.66,202.48,True
5573,3925,28,2,74.05,148.1,2025-03-31,completed,2.0,South,148.1,2025-03-31,Sports Item 04,Sports,39.74,84.15,True
5574,3926,44,1,60.83,60.83,2025-03-31,unknown_status,2.0,North,162.39,2025-03-31,Grocery Item 04,Grocery,46.32,69.13,False
5575,3926,3,2,50.78,101.56,2025-03-31,unknown_status,2.0,North,162.39,2025-03-31,Electronics Item 03,Electronics,26.19,57.71,False
5576,3927,5,2,53.81,107.62,2025-03-31,completed,2.0,East,107.62,2025-03-31,Electronics Item 05,Electronics,33.0,61.15,True
5577,3928,23,1,73.18,73.18,2025-03-31,completed,2.0,Central,73.18,2025-03-31,Beauty Item 07,Beauty,39.32,83.16,True
5578,3929,10,1,143.48,143.48,2025-03-31,processing,2.0,North,143.48,2025-03-31,Home Item 02,Home,76.01,163.05,True
5579,3930,44,1,60.83,60.83,2025-03-31,completed,2.0,East,60.83,2025-03-31,Grocery Item 04,Grocery,46.32,69.13,True
5580,3931,21,1,68.92,68.92,2025-03-31,completed,2.0,South,68.92,2025-03-31,Beauty Item 05,Beauty,34.88,78.32,True
5581,3932,14,1,54.02,54.02,2025-03-31,completed,2.0,East,54.02,2025-03-31,Home Item 06,Home,36.75,61.39,True
5582,3933,35,1,138.73,138.73,2025-03-31,cancelled,2.0,North,138.73,2025-03-31,Fashion Item 03,Fashion,77.82,157.65,False
5583,3934,19,1,134.23,134.23,2025-03-31,unknown_status,2.0,South,134.23,2025-03-31,Beauty Item 03,Beauty,83.95,152.53,False
5584,3935,43,1,21.66,21.66,2025-03-31,processing,2.0,North,129.70000000000002,2025-03-31,Grocery Item 03,Grocery,11.56,24.61,True
5585,3935,14,2,54.02,108.04,2025-03-31,processing,2.0,North,129.70000000000002,2025-03-31,Home Item 06,Home,36.75,61.39,True
5586,3936,35,2,138.73,277.46,2025-03-31,refunded,2.0,Central,277.46,2025-03-31,Fashion Item 03,Fashion,77.82,157.65,False
