shipment_id,order_id,promised_ship_date,shipped_date,delivered_date
1,1,2025-01-04,2025-01-03,2025-01-07
2,2,2025-01-05,,
3,3,2025-01-04,2025-01-06,2025-01-10
4,4,2025-01-04,2025-01-04,2025-01-08
5,5,2025-01-04,2025-01-02,2025-01-04
6,6,2025-01-04,2025-01-04,2025-01-05
7,7,2025-01-03,2025-01-03,2025-01-05
8,8,2025-01-05,,
9,9,2025-01-05,2025-01-03,2025-01-07
10,10,2025-01-03,2025-01-03,2025-01-07
11,11,2025-01-04,2025-01-08,2025-01-09
12,12,2025-01-04,2025-01-04,2025-01-05
13,13,2025-01-05,2025-01-04,2025-01-05
14,14,2025-01-03,,
15,15,2025-01-05,2025-01-06,2025-01-09
16,16,2025-01-03,2025-01-04,2025-01-05
17,17,2025-01-04,2025-01-03,2025-01-05
18,18,2025-01-05,2025-01-06,2025-01-10
19,19,2025-01-04,2025-01-06,2025-01-08
20,20,2025-01-05,2025-01-06,2025-01-10
21,21,2025-01-04,2025-01-02,2025-01-06
22,22,2025-01-04,2025-01-06,2025-01-08
23,23,2025-01-03,2025-01-04,2025-01-06
24,24,2025-01-04,2025-01-03,2025-01-06
25,25,2025-01-05,2025-01-02,2025-01-05
26,26,2025-01-04,2025-01-04,2025-01-06
27,27,2025-01-03,2025-01-02,2025-01-03
28,28,2025-01-04,2025-01-04,2025-01-05
29,29,2025-01-04,2025-01-04,2025-01-05
30,30,2025-01-04,2025-01-03,2025-01-07
31,31,2025-01-05,2025-01-03,2025-01-07
32,32,2025-01-03,2025-01-04,2025-01-07
33,33,2025-01-03,2025-01-02,2025-01-06
34,35,2025-01-05,2025-01-03,2025-01-04
35,37,2025-01-04,2025-01-04,2025-01-05
36,38,2025-01-05,2025-01-02,2025-01-04
37,39,2025-01-04,2025-01-06,2025-01-07
38,40,2025-01-04,2025-01-08,2025-01-10
39,41,2025-01-03,2025-01-03,2025-01-06
40,42,2025-01-04,2025-01-04,2025-01-07
41,43,2025-01-05,2025-01-04,2025-01-06
42,44,2025-01-03,2025-01-03,2025-01-04
43,45,2025-01-04,2025-01-06,2025-01-07
44,46,2025-01-03,2025-01-03,2025-01-05
45,47,2025-01-04,2025-01-03,2025-01-05
46,48,2025-01-04,2025-01-02,2025-01-04
47,49,2025-01-04,2025-01-04,2025-01-06
48,50,2025-01-04,2025-01-04,2025-01-08
49,51,2025-01-05,2025-01-04,2025-01-08
50,52,2025-01-06,2025-01-04,2025-01-08
51,53,2025-01-05,2025-01-03,2025-01-05
52,55,2025-01-04,2025-01-03,2025-01-06
53,56,2025-01-04,2025-01-07,2025-01-11
54,57,2025-01-05,2025-01-03,2025-01-06
55,58,2025-01-06,2025-01-05,2025-01-09
56,59,2025-01-05,2025-01-04,2025-01-05
57,60,2025-01-04,2025-01-05,2025-01-08
58,62,2025-01-05,2025-01-05,2025-01-07
59,63,2025-01-05,2025-01-05,2025-01-08
60,64,2025-01-05,2025-01-04,2025-01-08
61,65,2025-01-05,2025-01-05,2025-01-06
62,66,2025-01-05,2025-01-03,2025-01-05
63,67,2025-01-05,2025-01-05,2025-01-09
64,68,2025-01-05,2025-01-04,2025-01-08
65,69,2025-01-06,2025-01-07,2025-01-09
66,70,2025-01-06,2025-01-05,2025-01-08
67,71,2025-01-05,2025-01-04,2025-01-07
68,72,2025-01-04,2025-01-05,2025-01-09
69,73,2025-01-05,2025-01-04,2025-01-06
70,74,2025-01-05,2025-01-04,2025-01-08
71,75,2025-01-05,2025-01-05,2025-01-07
72,76,2025-01-05,2025-01-03,2025-01-04
73,77,2025-01-04,2025-01-04,2025-01-05
74,78,2025-01-05,2025-01-07,2025-01-10
75,79,2025-01-05,2025-01-04,2025-01-05
76,80,2025-01-04,2025-01-04,2025-01-06
77,82,2025-01-05,2025-01-04,2025-01-06
78,83,2025-01-06,2025-01-05,2025-01-08
79,84,2025-01-07,2025-01-08,2025-01-09
80,85,2025-01-06,2025-01-04,2025-01-06
81,86,2025-01-07,2025-01-04,2025-01-05
82,87,2025-01-07,2025-01-06,2025-01-10
83,88,2025-01-06,2025-01-05,2025-01-08
84,89,2025-01-06,2025-01-05,2025-01-08
85,90,2025-01-07,2025-01-06,2025-01-09
86,91,2025-01-07,2025-01-05,2025-01-07
87,92,2025-01-07,2025-01-10,2025-01-13
88,93,2025-01-05,2025-01-05,2025-01-08
89,94,2025-01-06,2025-01-05,2025-01-06
90,95,2025-01-06,2025-01-05,2025-01-08
91,96,2025-01-05,2025-01-10,2025-01-14
92,97,2025-01-06,2025-01-08,2025-01-12
93,98,2025-01-06,2025-01-06,2025-01-09
94,99,2025-01-05,2025-01-04,2025-01-07
95,100,2025-01-06,2025-01-06,2025-01-10
96,101,2025-01-06,2025-01-05,2025-01-09
97,102,2025-01-05,2025-01-06,2025-01-07
98,103,2025-01-06,2025-01-05,2025-01-06
99,104,2025-01-06,2025-01-05,2025-01-06
100,105,2025-01-05,2025-01-05,2025-01-07
101,106,2025-01-06,2025-01-06,2025-01-09
102,107,2025-01-06,,
103,108,2025-01-06,2025-01-06,2025-01-10
104,109,2025-01-06,2025-01-06,2025-01-10
105,110,2025-01-05,2025-01-05,2025-01-09
106,111,2025-01-06,2025-01-05,2025-01-08
107,112,2025-01-06,2025-01-04,2025-01-08
108,113,2025-01-05,2025-01-04,2025-01-08
109,114,2025-01-06,2025-01-05,2025-01-06
110,115,2025-01-05,,
111,116,2025-01-06,2025-01-05,2025-01-07
112,118,2025-01-05,2025-01-08,2025-01-12
113,119,2025-01-05,2025-01-10,2025-01-13
114,120,2025-01-07,2025-01-08,2025-01-11
115,121,2025-01-06,2025-01-09,2025-01-12
116,122,2025-01-08,2025-01-11,2025-01-13
117,123,2025-01-06,2025-01-06,2025-01-10
118,124,2025-01-07,2025-01-05,2025-01-08
119,125,2025-01-08,2025-01-07,2025-01-10
120,126,2025-01-07,2025-01-11,2025-01-13
121,127,2025-01-07,2025-01-06,2025-01-09
122,128,2025-01-07,2025-01-09,2025-01-10
123,129,2025-01-07,2025-01-06,2025-01-08
124,130,2025-01-06,2025-01-07,2025-01-11
125,131,2025-01-07,2025-01-09,2025-01-10
126,132,2025-01-07,2025-01-07,2025-01-08
127,133,2025-01-08,2025-01-05,2025-01-09
128,134,2025-01-07,2025-01-07,2025-01-09
129,135,2025-01-07,2025-01-07,2025-01-11
130,136,2025-01-06,2025-01-11,2025-01-12
131,137,2025-01-07,2025-01-06,2025-01-08
132,138,2025-01-07,2025-01-06,2025-01-08
133,139,2025-01-07,2025-01-05,2025-01-09
134,140,2025-01-06,2025-01-07,2025-01-09
135,141,2025-01-06,2025-01-09,2025-01-12
136,142,2025-01-08,2025-01-07,2025-01-08
137,143,2025-01-08,2025-01-06,2025-01-10
138,144,2025-01-06,2025-01-05,2025-01-07
139,145,2025-01-07,2025-01-07,2025-01-10
140,146,2025-01-06,2025-01-06,2025-01-08
141,147,2025-01-07,,
142,148,2025-01-08,2025-01-06,2025-01-08
143,149,2025-01-07,2025-01-07,2025-01-11
144,150,2025-01-07,2025-01-05,2025-01-06
145,151,2025-01-06,2025-01-06,2025-01-07
146,152,2025-01-07,2025-01-05,2025-01-08
147,153,2025-01-08,2025-01-07,2025-01-10
148,154,2025-01-08,,
149,155,2025-01-07,2025-01-09,2025-01-10
150,156,2025-01-06,2025-01-05,2025-01-06
151,157,2025-01-08,2025-01-05,2025-01-06
152,158,2025-01-07,2025-01-07,2025-01-09
153,159,2025-01-08,2025-01-06,2025-01-09
154,160,2025-01-07,2025-01-11,2025-01-13
155,161,2025-01-07,2025-01-06,2025-01-10
156,162,2025-01-07,2025-01-05,2025-01-06
157,163,2025-01-06,2025-01-05,2025-01-08
158,164,2025-01-07,2025-01-07,2025-01-08
159,166,2025-01-08,2025-01-07,2025-01-08
160,167,2025-01-07,2025-01-12,2025-01-15
161,168,2025-01-07,2025-01-07,2025-01-11
162,169,2025-01-08,2025-01-08,2025-01-09
163,171,2025-01-08,2025-01-08,2025-01-11
164,174,2025-01-08,2025-01-07,2025-01-10
165,175,2025-01-08,2025-01-08,2025-01-12
166,176,2025-01-08,2025-01-08,2025-01-10
167,177,2025-01-08,2025-01-07,2025-01-08
168,178,2025-01-09,2025-01-06,2025-01-07
169,179,2025-01-07,2025-01-07,2025-01-09
170,180,2025-01-07,2025-01-10,2025-01-11
171,181,2025-01-08,2025-01-06,2025-01-07
172,182,2025-01-09,2025-01-10,2025-01-13
173,183,2025-01-09,2025-01-10,2025-01-13
174,184,2025-01-09,2025-01-10,2025-01-14
175,185,2025-01-08,2025-01-08,2025-01-09
176,186,2025-01-07,2025-01-08,2025-01-12
177,187,2025-01-07,2025-01-07,2025-01-08
178,188,2025-01-08,2025-01-08,2025-01-12
179,189,2025-01-09,2025-01-08,2025-01-12
180,190,2025-01-07,2025-01-08,2025-01-10
181,191,2025-01-08,2025-01-07,2025-01-08
182,192,2025-01-08,2025-01-07,2025-01-11
183,194,2025-01-08,2025-01-07,2025-01-10
184,195,2025-01-08,2025-01-07,2025-01-08
185,196,2025-01-09,2025-01-07,2025-01-11
186,197,2025-01-08,2025-01-08,2025-01-09
187,198,2025-01-09,2025-01-07,2025-01-10
188,200,2025-01-08,2025-01-07,2025-01-11
189,201,2025-01-09,2025-01-08,2025-01-09
190,202,2025-01-09,2025-01-10,2025-01-12
191,203,2025-01-09,2025-01-08,2025-01-09
192,204,2025-01-08,2025-01-10,2025-01-11
193,205,2025-01-08,2025-01-08,2025-01-10
194,206,2025-01-07,2025-01-08,2025-01-12
195,207,2025-01-09,,
196,208,2025-01-08,2025-01-10,2025-01-12
197,209,2025-01-08,2025-01-07,2025-01-10
198,210,2025-01-08,2025-01-08,2025-01-11
199,211,2025-01-08,2025-01-06,2025-01-09
200,213,2025-01-07,2025-01-07,2025-01-10
201,214,2025-01-07,2025-01-10,2025-01-11
202,215,2025-01-09,2025-01-08,2025-01-11
203,216,2025-01-10,2025-01-08,2025-01-12
204,217,2025-01-08,2025-01-09,2025-01-12
205,218,2025-01-10,2025-01-08,2025-01-10
206,219,2025-01-08,2025-01-09,2025-01-12
207,220,2025-01-09,,
208,221,2025-01-09,2025-01-09,2025-01-10
209,222,2025-01-09,2025-01-09,2025-01-11
210,223,2025-01-09,2025-01-09,2025-01-10
211,224,2025-01-09,2025-01-08,2025-01-10
212,225,2025-01-08,2025-01-08,2025-01-11
213,226,2025-01-09,2025-01-09,2025-01-10
214,227,2025-01-09,2025-01-07,2025-01-11
215,228,2025-01-08,2025-01-11,2025-01-13
216,229,2025-01-08,2025-01-08,2025-01-10
217,230,2025-01-09,2025-01-09,2025-01-13
218,231,2025-01-08,2025-01-09,2025-01-11
219,232,2025-01-09,2025-01-08,2025-01-12
220,234,2025-01-08,2025-01-08,2025-01-09
221,235,2025-01-10,2025-01-11,2025-01-12
222,236,2025-01-08,2025-01-09,2025-01-13
223,237,2025-01-09,2025-01-09,2025-01-11
224,238,2025-01-09,2025-01-08,2025-01-11
225,240,2025-01-09,2025-01-11,2025-01-14
226,241,2025-01-10,2025-01-09,2025-01-10
227,242,2025-01-08,2025-01-08,2025-01-11
228,243,2025-01-08,2025-01-11,2025-01-14
229,244,2025-01-09,2025-01-08,2025-01-10
230,245,2025-01-09,2025-01-07,2025-01-11
231,246,2025-01-08,2025-01-08,2025-01-11
232,247,2025-01-09,2025-01-07,2025-01-11
233,248,2025-01-09,2025-01-08,2025-01-11
234,249,2025-01-08,2025-01-11,2025-01-12
235,250,2025-01-08,2025-01-08,2025-01-09
236,251,2025-01-09,2025-01-08,2025-01-10
237,252,2025-01-09,2025-01-08,2025-01-09
238,253,2025-01-09,2025-01-08,2025-01-10
239,254,2025-01-09,2025-01-09,2025-01-11
240,255,2025-01-10,2025-01-09,2025-01-12
241,256,2025-01-10,2025-01-10,2025-01-12
242,257,2025-01-09,2025-01-09,2025-01-12
243,258,2025-01-10,2025-01-08,2025-01-09
244,259,2025-01-10,2025-01-12,2025-01-16
245,260,2025-01-10,2025-01-10,2025-01-11
246,261,2025-01-10,2025-01-08,2025-01-10
247,262,2025-01-09,2025-01-12,2025-01-14
248,263,2025-01-10,2025-01-09,2025-01-13
249,264,2025-01-10,2025-01-08,2025-01-11
250,265,2025-01-09,2025-01-10,2025-01-13
251,266,2025-01-10,2025-01-10,2025-01-13
252,267,2025-01-10,2025-01-10,2025-01-12
253,268,2025-01-11,,
254,269,2025-01-11,2025-01-09,2025-01-13
255,270,2025-01-10,2025-01-08,2025-01-09
256,272,2025-01-11,2025-01-10,2025-01-11
257,273,2025-01-09,,
258,274,2025-01-10,2025-01-08,2025-01-09
259,275,2025-01-09,2025-01-09,2025-01-12
260,276,2025-01-10,2025-01-10,2025-01-12
261,277,2025-01-10,2025-01-09,2025-01-11
262,278,2025-01-11,,
263,279,2025-01-11,2025-01-10,2025-01-12
264,280,2025-01-09,2025-01-09,2025-01-12
265,282,2025-01-09,2025-01-09,2025-01-13
266,283,2025-01-10,,
267,285,2025-01-10,2025-01-09,2025-01-10
268,287,2025-01-09,2025-01-10,2025-01-11
269,288,2025-01-09,2025-01-10,2025-01-14
270,289,2025-01-10,2025-01-12,2025-01-16
271,290,2025-01-12,2025-01-09,2025-01-10
272,291,2025-01-10,,
273,292,2025-01-12,2025-01-10,2025-01-13
274,293,2025-01-12,2025-01-11,2025-01-15
275,294,2025-01-11,2025-01-10,2025-01-12
276,295,2025-01-11,2025-01-10,2025-01-13
277,296,2025-01-10,2025-01-10,2025-01-11
278,297,2025-01-10,2025-01-11,2025-01-13
279,298,2025-01-12,2025-01-11,2025-01-12
280,299,2025-01-10,2025-01-10,2025-01-13
281,300,2025-01-12,2025-01-11,2025-01-13
282,301,2025-01-12,2025-01-13,2025-01-16
283,302,2025-01-10,2025-01-15,2025-01-19
284,303,2025-01-10,2025-01-10,2025-01-13
285,304,2025-01-11,2025-01-09,2025-01-10
286,305,2025-01-11,2025-01-13,2025-01-16
287,306,2025-01-10,2025-01-10,2025-01-11
288,307,2025-01-10,2025-01-13,2025-01-15
289,308,2025-01-10,2025-01-10,2025-01-11
290,309,2025-01-11,2025-01-13,2025-01-14
291,310,2025-01-10,2025-01-10,2025-01-13
292,311,2025-01-11,2025-01-10,2025-01-11
293,312,2025-01-10,2025-01-10,2025-01-13
294,313,2025-01-11,2025-01-10,2025-01-14
295,314,2025-01-11,2025-01-13,2025-01-16
296,315,2025-01-12,2025-01-11,2025-01-12
297,316,2025-01-12,2025-01-11,2025-01-14
298,317,2025-01-11,2025-01-09,2025-01-13
299,319,2025-01-11,2025-01-10,2025-01-12
300,320,2025-01-10,2025-01-10,2025-01-13
301,321,2025-01-11,2025-01-11,2025-01-12
302,322,2025-01-12,2025-01-10,2025-01-11
303,323,2025-01-11,2025-01-10,2025-01-13
304,324,2025-01-12,2025-01-11,2025-01-12
305,325,2025-01-11,2025-01-15,2025-01-19
306,326,2025-01-10,2025-01-11,2025-01-15
307,327,2025-01-11,2025-01-11,2025-01-15
308,328,2025-01-12,2025-01-13,2025-01-15
309,329,2025-01-11,2025-01-11,2025-01-14
310,330,2025-01-11,2025-01-10,2025-01-12
311,331,2025-01-11,2025-01-09,2025-01-10
312,332,2025-01-11,2025-01-16,2025-01-17
313,333,2025-01-13,2025-01-16,2025-01-17
314,334,2025-01-11,2025-01-11,2025-01-14
315,335,2025-01-12,2025-01-11,2025-01-15
316,336,2025-01-11,2025-01-12,2025-01-16
317,337,2025-01-12,2025-01-12,2025-01-16
318,338,2025-01-12,2025-01-14,2025-01-17
319,339,2025-01-11,2025-01-11,2025-01-13
320,340,2025-01-12,2025-01-14,2025-01-18
321,341,2025-01-12,2025-01-14,2025-01-17
322,342,2025-01-13,2025-01-11,2025-01-15
323,343,2025-01-12,2025-01-14,2025-01-17
324,344,2025-01-12,2025-01-11,2025-01-13
325,345,2025-01-12,2025-01-11,2025-01-13
326,346,2025-01-12,2025-01-14,2025-01-17
327,347,2025-01-12,2025-01-12,2025-01-15
328,348,2025-01-12,2025-01-11,2025-01-15
329,349,2025-01-12,2025-01-16,2025-01-19
330,350,2025-01-13,2025-01-12,2025-01-13
331,351,2025-01-11,2025-01-12,2025-01-15
332,352,2025-01-11,2025-01-16,2025-01-20
333,354,2025-01-12,2025-01-12,2025-01-14
334,355,2025-01-12,2025-01-14,2025-01-17
335,356,2025-01-11,2025-01-11,2025-01-15
336,357,2025-01-11,,
337,358,2025-01-12,2025-01-14,2025-01-18
338,359,2025-01-12,2025-01-11,2025-01-12
339,360,2025-01-12,2025-01-11,2025-01-12
340,361,2025-01-13,2025-01-11,2025-01-13
341,362,2025-01-12,2025-01-12,2025-01-14
342,363,2025-01-12,2025-01-14,2025-01-16
343,365,2025-01-11,2025-01-12,2025-01-13
344,366,2025-01-12,2025-01-11,2025-01-12
345,367,2025-01-12,2025-01-11,2025-01-12
346,368,2025-01-12,2025-01-12,2025-01-15
347,369,2025-01-12,2025-01-11,2025-01-14
348,370,2025-01-12,2025-01-11,2025-01-15
349,371,2025-01-13,2025-01-13,2025-01-17
350,372,2025-01-13,2025-01-17,2025-01-21
351,374,2025-01-13,2025-01-12,2025-01-14
352,375,2025-01-14,2025-01-13,2025-01-15
353,376,2025-01-14,2025-01-13,2025-01-14
354,377,2025-01-14,2025-01-13,2025-01-16
355,378,2025-01-12,2025-01-11,2025-01-13
356,379,2025-01-12,2025-01-15,2025-01-18
357,380,2025-01-14,2025-01-13,2025-01-16
358,381,2025-01-14,2025-01-17,2025-01-19
359,382,2025-01-12,2025-01-15,2025-01-16
360,384,2025-01-14,2025-01-13,2025-01-14
361,386,2025-01-12,2025-01-15,2025-01-19
362,387,2025-01-12,2025-01-12,2025-01-14
363,388,2025-01-13,2025-01-17,2025-01-18
364,389,2025-01-14,2025-01-12,2025-01-15
365,390,2025-01-13,2025-01-12,2025-01-15
366,391,2025-01-13,2025-01-11,2025-01-15
367,392,2025-01-12,2025-01-13,2025-01-15
368,393,2025-01-13,2025-01-13,2025-01-16
369,395,2025-01-13,2025-01-13,2025-01-17
370,396,2025-01-13,2025-01-12,2025-01-15
371,397,2025-01-13,2025-01-15,2025-01-17
372,398,2025-01-12,2025-01-13,2025-01-17
373,399,2025-01-13,2025-01-13,2025-01-15
374,400,2025-01-13,2025-01-12,2025-01-13
375,401,2025-01-13,2025-01-12,2025-01-16
376,402,2025-01-12,2025-01-12,2025-01-13
377,403,2025-01-13,2025-01-15,2025-01-19
378,404,2025-01-15,2025-01-16,2025-01-18
379,406,2025-01-14,2025-01-12,2025-01-15
380,407,2025-01-14,2025-01-13,2025-01-17
381,408,2025-01-14,2025-01-13,2025-01-15
382,409,2025-01-15,2025-01-12,2025-01-15
383,410,2025-01-14,2025-01-13,2025-01-14
384,411,2025-01-14,2025-01-12,2025-01-13
385,412,2025-01-13,2025-01-13,2025-01-16
386,413,2025-01-13,2025-01-12,2025-01-13
387,414,2025-01-14,2025-01-12,2025-01-15
388,415,2025-01-14,2025-01-16,2025-01-20
389,416,2025-01-14,2025-01-14,2025-01-16
390,417,2025-01-14,2025-01-18,2025-01-21
391,418,2025-01-14,2025-01-12,2025-01-16
392,419,2025-01-15,2025-01-14,2025-01-17
393,421,2025-01-14,2025-01-13,2025-01-14
394,422,2025-01-15,2025-01-14,2025-01-16
395,423,2025-01-13,2025-01-12,2025-01-13
396,424,2025-01-14,2025-01-12,2025-01-16
397,425,2025-01-14,2025-01-13,2025-01-14
398,426,2025-01-14,2025-01-14,2025-01-16
399,427,2025-01-14,2025-01-13,2025-01-16
400,428,2025-01-13,2025-01-12,2025-01-15
401,429,2025-01-14,2025-01-13,2025-01-15
402,431,2025-01-14,2025-01-12,2025-01-15
403,432,2025-01-15,2025-01-13,2025-01-15
404,433,2025-01-14,2025-01-14,2025-01-16
405,434,2025-01-13,2025-01-13,2025-01-14
406,435,2025-01-15,2025-01-12,2025-01-16
407,436,2025-01-15,2025-01-16,2025-01-17
408,437,2025-01-14,2025-01-13,2025-01-15
409,438,2025-01-15,2025-01-13,2025-01-16
410,439,2025-01-15,2025-01-12,2025-01-14
411,440,2025-01-15,2025-01-14,2025-01-15
412,441,2025-01-15,2025-01-14,2025-01-17
413,443,2025-01-15,2025-01-17,2025-01-21
414,444,2025-01-15,2025-01-19,2025-01-23
415,445,2025-01-15,2025-01-15,2025-01-17
416,446,2025-01-15,2025-01-15,2025-01-18
417,447,2025-01-16,2025-01-15,2025-01-18
418,448,2025-01-15,2025-01-15,2025-01-18
419,449,2025-01-15,2025-01-14,2025-01-15
420,450,2025-01-15,2025-01-14,2025-01-15
421,451,2025-01-14,2025-01-15,2025-01-19
422,452,2025-01-15,2025-01-19,2025-01-20
423,453,2025-01-15,2025-01-14,2025-01-15
424,454,2025-01-16,2025-01-15,2025-01-17
425,455,2025-01-15,2025-01-14,2025-01-18
426,456,2025-01-15,2025-01-14,2025-01-15
427,457,2025-01-14,2025-01-14,2025-01-15
428,458,2025-01-15,2025-01-13,2025-01-15
429,459,2025-01-15,2025-01-14,2025-01-15
430,460,2025-01-14,2025-01-14,2025-01-18
431,461,2025-01-15,2025-01-14,2025-01-15
432,462,2025-01-16,2025-01-14,2025-01-15
433,463,2025-01-15,2025-01-14,2025-01-16
434,464,2025-01-14,2025-01-17,2025-01-20
435,465,2025-01-15,,
436,466,2025-01-15,2025-01-14,2025-01-18
437,467,2025-01-14,2025-01-15,2025-01-19
438,468,2025-01-16,2025-01-14,2025-01-18
439,469,2025-01-15,2025-01-15,2025-01-16
440,470,2025-01-14,,
441,471,2025-01-15,,
442,472,2025-01-16,2025-01-14,2025-01-15
443,473,2025-01-15,2025-01-17,2025-01-18
444,474,2025-01-15,2025-01-13,2025-01-15
445,475,2025-01-15,2025-01-15,2025-01-16
446,476,2025-01-15,2025-01-15,2025-01-17
447,477,2025-01-15,,
448,478,2025-01-16,2025-01-14,2025-01-16
449,479,2025-01-14,2025-01-15,2025-01-17
450,481,2025-01-14,2025-01-14,2025-01-18
451,482,2025-01-15,2025-01-13,2025-01-14
452,483,2025-01-14,2025-01-14,2025-01-15
453,484,2025-01-15,2025-01-19,2025-01-21
454,485,2025-01-15,2025-01-14,2025-01-18
455,486,2025-01-15,2025-01-14,2025-01-16
456,488,2025-01-16,2025-01-14,2025-01-17
457,489,2025-01-17,2025-01-16,2025-01-19
458,490,2025-01-15,2025-01-16,2025-01-19
459,491,2025-01-17,2025-01-20,2025-01-22
460,492,2025-01-16,2025-01-16,2025-01-18
461,493,2025-01-16,2025-01-15,2025-01-16
462,495,2025-01-16,2025-01-14,2025-01-17
463,496,2025-01-15,2025-01-18,2025-01-20
464,497,2025-01-15,2025-01-18,2025-01-21
465,498,2025-01-16,2025-01-16,2025-01-20
466,501,2025-01-16,2025-01-15,2025-01-19
467,502,2025-01-16,2025-01-18,2025-01-20
468,503,2025-01-16,2025-01-15,2025-01-18
469,504,2025-01-16,2025-01-14,2025-01-15
470,505,2025-01-17,2025-01-15,2025-01-16
471,506,2025-01-16,2025-01-14,2025-01-15
472,507,2025-01-17,2025-01-14,2025-01-15
473,508,2025-01-16,2025-01-15,2025-01-19
474,509,2025-01-15,2025-01-15,2025-01-16
475,510,2025-01-15,2025-01-18,2025-01-19
476,511,2025-01-15,2025-01-14,2025-01-18
477,512,2025-01-17,2025-01-15,2025-01-18
478,513,2025-01-16,2025-01-16,2025-01-20
479,514,2025-01-15,2025-01-18,2025-01-22
480,515,2025-01-16,2025-01-14,2025-01-16
481,516,2025-01-15,2025-01-16,2025-01-20
482,517,2025-01-15,2025-01-16,2025-01-20
483,518,2025-01-17,2025-01-15,2025-01-17
484,519,2025-01-16,,
485,520,2025-01-17,2025-01-16,2025-01-19
486,521,2025-01-16,2025-01-16,2025-01-20
487,522,2025-01-16,2025-01-15,2025-01-17
488,523,2025-01-15,2025-01-18,2025-01-20
489,524,2025-01-15,2025-01-20,2025-01-23
490,525,2025-01-16,2025-01-14,2025-01-18
491,526,2025-01-15,2025-01-14,2025-01-18
492,527,2025-01-16,2025-01-14,2025-01-18
493,529,2025-01-16,2025-01-15,2025-01-19
494,530,2025-01-16,2025-01-18,2025-01-22
495,531,2025-01-16,2025-01-15,2025-01-18
496,532,2025-01-17,2025-01-17,2025-01-21
497,533,2025-01-16,2025-01-16,2025-01-18
498,534,2025-01-18,2025-01-17,2025-01-18
499,536,2025-01-17,2025-01-16,2025-01-20
500,537,2025-01-17,2025-01-16,2025-01-18
501,539,2025-01-17,2025-01-16,2025-01-18
502,540,2025-01-17,2025-01-19,2025-01-22
503,541,2025-01-16,2025-01-16,2025-01-17
504,543,2025-01-16,2025-01-16,2025-01-19
505,544,2025-01-17,2025-01-16,2025-01-20
506,545,2025-01-17,2025-01-15,2025-01-18
507,546,2025-01-17,2025-01-16,2025-01-17
508,548,2025-01-17,2025-01-16,2025-01-17
509,549,2025-01-17,2025-01-15,2025-01-18
510,550,2025-01-16,2025-01-16,2025-01-20
511,551,2025-01-17,2025-01-21,2025-01-24
512,552,2025-01-17,2025-01-16,2025-01-19
513,553,2025-01-17,2025-01-17,2025-01-21
514,554,2025-01-17,2025-01-21,2025-01-22
515,555,2025-01-17,2025-01-16,2025-01-18
516,556,2025-01-17,2025-01-17,2025-01-18
517,557,2025-01-16,2025-01-15,2025-01-17
518,558,2025-01-16,2025-01-16,2025-01-17
519,559,2025-01-17,2025-01-16,2025-01-18
520,560,2025-01-17,2025-01-15,2025-01-16
521,561,2025-01-17,2025-01-16,2025-01-19
522,562,2025-01-17,2025-01-17,2025-01-19
523,563,2025-01-16,2025-01-19,2025-01-22
524,564,2025-01-17,2025-01-19,2025-01-20
525,565,2025-01-16,2025-01-15,2025-01-18
526,566,2025-01-16,2025-01-19,2025-01-20
527,567,2025-01-18,2025-01-21,2025-01-23
528,568,2025-01-17,2025-01-17,2025-01-19
529,569,2025-01-17,2025-01-17,2025-01-19
530,570,2025-01-17,2025-01-16,2025-01-20
531,571,2025-01-17,2025-01-16,2025-01-18
532,572,2025-01-17,2025-01-21,2025-01-25
533,573,2025-01-17,2025-01-17,2025-01-19
534,574,2025-01-17,2025-01-17,2025-01-19
535,575,2025-01-19,2025-01-16,2025-01-18
536,576,2025-01-18,2025-01-18,2025-01-19
537,577,2025-01-19,2025-01-17,2025-01-20
538,578,2025-01-17,2025-01-17,2025-01-18
539,579,2025-01-17,2025-01-17,2025-01-18
540,580,2025-01-18,2025-01-20,2025-01-24
541,581,2025-01-19,2025-01-16,2025-01-18
542,582,2025-01-18,2025-01-17,2025-01-19
543,584,2025-01-19,2025-01-20,2025-01-23
544,585,2025-01-18,2025-01-17,2025-01-19
545,586,2025-01-18,2025-01-17,2025-01-20
546,587,2025-01-18,2025-01-17,2025-01-19
547,588,2025-01-18,2025-01-16,2025-01-17
548,589,2025-01-17,2025-01-17,2025-01-20
549,590,2025-01-19,2025-01-17,2025-01-21
550,591,2025-01-17,2025-01-17,2025-01-19
551,592,2025-01-18,2025-01-20,2025-01-24
552,593,2025-01-19,2025-01-17,2025-01-18
553,594,2025-01-19,2025-01-20,2025-01-22
554,595,2025-01-18,2025-01-17,2025-01-19
555,596,2025-01-18,2025-01-18,2025-01-19
556,597,2025-01-18,2025-01-18,2025-01-20
557,598,2025-01-18,2025-01-16,2025-01-19
558,601,2025-01-18,2025-01-17,2025-01-19
559,602,2025-01-19,2025-01-20,2025-01-21
560,603,2025-01-19,2025-01-18,2025-01-21
561,604,2025-01-18,2025-01-20,2025-01-24
562,605,2025-01-18,2025-01-16,2025-01-17
563,606,2025-01-19,2025-01-17,2025-01-21
564,607,2025-01-17,2025-01-17,2025-01-19
565,608,2025-01-18,2025-01-17,2025-01-20
566,609,2025-01-17,2025-01-17,2025-01-21
567,610,2025-01-17,2025-01-18,2025-01-20
568,611,2025-01-19,2025-01-18,2025-01-19
569,612,2025-01-18,2025-01-17,2025-01-21
570,613,2025-01-18,2025-01-17,2025-01-19
571,614,2025-01-17,2025-01-18,2025-01-22
572,615,2025-01-18,2025-01-18,2025-01-20
573,616,2025-01-18,2025-01-18,2025-01-22
574,617,2025-01-18,2025-01-17,2025-01-18
575,618,2025-01-17,2025-01-22,2025-01-24
576,619,2025-01-17,2025-01-17,2025-01-21
577,620,2025-01-19,2025-01-21,2025-01-25
578,621,2025-01-19,,
579,622,2025-01-18,2025-01-19,2025-01-22
580,623,2025-01-18,2025-01-19,2025-01-21
581,624,2025-01-19,2025-01-19,2025-01-21
582,625,2025-01-18,2025-01-17,2025-01-19
583,626,2025-01-19,2025-01-23,2025-01-24
584,627,2025-01-20,2025-01-21,2025-01-24
585,628,2025-01-20,2025-01-18,2025-01-22
586,629,2025-01-18,2025-01-19,2025-01-20
587,632,2025-01-19,2025-01-21,2025-01-24
588,633,2025-01-19,2025-01-17,2025-01-20
589,634,2025-01-19,2025-01-17,2025-01-21
590,635,2025-01-19,2025-01-18,2025-01-19
591,636,2025-01-18,2025-01-19,2025-01-23
592,637,2025-01-18,2025-01-18,2025-01-22
593,638,2025-01-18,2025-01-19,2025-01-20
594,639,2025-01-19,2025-01-19,2025-01-21
595,640,2025-01-19,2025-01-19,2025-01-23
596,641,2025-01-19,2025-01-18,2025-01-20
597,642,2025-01-19,2025-01-18,2025-01-20
598,643,2025-01-19,2025-01-23,2025-01-27
599,644,2025-01-19,2025-01-18,2025-01-19
600,645,2025-01-19,2025-01-19,2025-01-20
601,647,2025-01-18,2025-01-18,2025-01-22
602,648,2025-01-19,2025-01-18,2025-01-22
603,649,2025-01-20,2025-01-19,2025-01-20
604,650,2025-01-18,2025-01-18,2025-01-19
605,651,2025-01-19,2025-01-18,2025-01-22
606,652,2025-01-18,2025-01-21,2025-01-22
607,653,2025-01-18,2025-01-18,2025-01-21
608,654,2025-01-20,2025-01-18,2025-01-20
609,655,2025-01-20,2025-01-19,2025-01-22
610,656,2025-01-18,2025-01-17,2025-01-20
611,657,2025-01-19,2025-01-18,2025-01-22
612,658,2025-01-19,2025-01-18,2025-01-20
613,659,2025-01-20,2025-01-22,2025-01-26
614,660,2025-01-20,2025-01-20,2025-01-22
615,661,2025-01-19,2025-01-19,2025-01-20
616,662,2025-01-21,2025-01-19,2025-01-23
617,663,2025-01-20,2025-01-18,2025-01-21
618,664,2025-01-21,2025-01-19,2025-01-21
619,665,2025-01-21,2025-01-19,2025-01-22
620,666,2025-01-20,2025-01-18,2025-01-20
621,667,2025-01-20,2025-01-22,2025-01-25
622,668,2025-01-20,,
623,669,2025-01-19,2025-01-19,2025-01-23
624,670,2025-01-20,2025-01-18,2025-01-22
625,672,2025-01-20,2025-01-19,2025-01-21
626,673,2025-01-19,2025-01-20,2025-01-21
627,674,2025-01-20,2025-01-20,2025-01-21
628,676,2025-01-19,2025-01-20,2025-01-22
629,677,2025-01-20,2025-01-20,2025-01-23
630,678,2025-01-19,2025-01-19,2025-01-20
631,679,2025-01-20,2025-01-19,2025-01-21
632,680,2025-01-21,2025-01-22,2025-01-24
633,681,2025-01-21,2025-01-19,2025-01-21
634,682,2025-01-20,2025-01-19,2025-01-23
635,683,2025-01-20,2025-01-19,2025-01-23
636,684,2025-01-20,2025-01-19,2025-01-20
637,685,2025-01-19,2025-01-24,2025-01-25
638,686,2025-01-19,,
639,687,2025-01-20,2025-01-22,2025-01-26
640,688,2025-01-20,2025-01-19,2025-01-23
641,689,2025-01-19,2025-01-20,2025-01-23
642,690,2025-01-19,2025-01-20,2025-01-24
643,691,2025-01-20,2025-01-20,2025-01-24
644,692,2025-01-19,2025-01-19,2025-01-23
645,693,2025-01-19,2025-01-22,2025-01-24
646,694,2025-01-20,2025-01-18,2025-01-20
647,695,2025-01-20,2025-01-18,2025-01-20
648,696,2025-01-20,2025-01-18,2025-01-21
649,697,2025-01-20,2025-01-19,2025-01-23
650,698,2025-01-19,2025-01-19,2025-01-21
651,699,2025-01-20,2025-01-20,2025-01-23
652,700,2025-01-20,,
653,701,2025-01-20,2025-01-19,2025-01-20
654,702,2025-01-22,2025-01-21,2025-01-23
655,703,2025-01-21,2025-01-25,2025-01-29
656,705,2025-01-22,,
657,706,2025-01-21,2025-01-20,2025-01-22
658,707,2025-01-20,2025-01-20,2025-01-24
659,708,2025-01-21,2025-01-20,2025-01-23
660,709,2025-01-21,2025-01-21,2025-01-24
661,710,2025-01-21,,
662,711,2025-01-20,2025-01-21,2025-01-24
663,712,2025-01-20,2025-01-21,2025-01-25
664,713,2025-01-20,2025-01-21,2025-01-25
665,715,2025-01-21,2025-01-20,2025-01-21
666,716,2025-01-21,2025-01-19,2025-01-21
667,717,2025-01-22,2025-01-20,2025-01-21
668,718,2025-01-21,2025-01-23,2025-01-27
669,719,2025-01-21,2025-01-19,2025-01-23
670,720,2025-01-21,2025-01-20,2025-01-21
671,722,2025-01-22,2025-01-25,2025-01-27
672,723,2025-01-21,2025-01-21,2025-01-24
673,724,2025-01-21,2025-01-19,2025-01-20
674,725,2025-01-21,2025-01-21,2025-01-23
675,726,2025-01-22,2025-01-21,2025-01-25
676,727,2025-01-21,2025-01-19,2025-01-20
677,728,2025-01-21,2025-01-19,2025-01-22
678,729,2025-01-22,2025-01-25,2025-01-29
679,730,2025-01-21,2025-01-21,2025-01-22
680,732,2025-01-20,,
681,733,2025-01-21,2025-01-21,2025-01-24
682,734,2025-01-20,2025-01-20,2025-01-23
683,735,2025-01-22,2025-01-22,2025-01-23
684,736,2025-01-21,2025-01-21,2025-01-23
685,738,2025-01-22,2025-01-21,2025-01-25
686,739,2025-01-23,2025-01-26,2025-01-28
687,741,2025-01-22,2025-01-21,2025-01-23
688,742,2025-01-21,2025-01-22,2025-01-24
689,743,2025-01-22,2025-01-20,2025-01-23
690,744,2025-01-23,2025-01-22,2025-01-23
691,745,2025-01-22,2025-01-26,2025-01-29
692,746,2025-01-23,2025-01-22,2025-01-24
693,747,2025-01-22,2025-01-24,2025-01-26
694,748,2025-01-22,2025-01-21,2025-01-25
695,749,2025-01-22,2025-01-20,2025-01-23
696,750,2025-01-22,2025-01-22,2025-01-23
697,752,2025-01-22,2025-01-21,2025-01-24
698,753,2025-01-23,2025-01-21,2025-01-24
699,755,2025-01-21,2025-01-21,2025-01-25
700,757,2025-01-22,2025-01-20,2025-01-22
701,758,2025-01-22,2025-01-22,2025-01-24
702,759,2025-01-21,2025-01-22,2025-01-26
703,760,2025-01-22,2025-01-21,2025-01-24
704,761,2025-01-22,2025-01-20,2025-01-22
705,762,2025-01-22,2025-01-21,2025-01-25
706,763,2025-01-23,2025-01-22,2025-01-26
707,764,2025-01-22,2025-01-26,2025-01-27
708,765,2025-01-22,2025-01-22,2025-01-24
709,766,2025-01-22,2025-01-20,2025-01-23
710,767,2025-01-22,2025-01-24,2025-01-26
711,768,2025-01-21,2025-01-24,2025-01-27
712,769,2025-01-22,2025-01-21,2025-01-23
713,770,2025-01-22,2025-01-21,2025-01-25
714,771,2025-01-22,2025-01-21,2025-01-25
715,772,2025-01-21,2025-01-22,2025-01-23
716,773,2025-01-23,2025-01-21,2025-01-25
717,774,2025-01-22,2025-01-21,2025-01-22
718,775,2025-01-23,2025-01-21,2025-01-22
719,776,2025-01-23,2025-01-21,2025-01-24
720,777,2025-01-21,2025-01-21,2025-01-25
721,778,2025-01-22,2025-01-20,2025-01-24
722,779,2025-01-23,2025-01-24,2025-01-25
723,780,2025-01-22,2025-01-21,2025-01-23
724,781,2025-01-23,2025-01-22,2025-01-23
725,782,2025-01-23,2025-01-22,2025-01-23
726,783,2025-01-23,2025-01-23,2025-01-24
727,785,2025-01-24,2025-01-22,2025-01-23
728,786,2025-01-24,2025-01-22,2025-01-24
729,787,2025-01-24,2025-01-25,2025-01-29
730,788,2025-01-23,2025-01-22,2025-01-25
731,789,2025-01-24,2025-01-23,2025-01-26
732,790,2025-01-23,2025-01-22,2025-01-24
733,791,2025-01-24,2025-01-23,2025-01-25
734,792,2025-01-23,2025-01-25,2025-01-26
735,793,2025-01-23,,
736,794,2025-01-24,,
737,796,2025-01-23,2025-01-21,2025-01-22
738,797,2025-01-22,2025-01-23,2025-01-25
739,798,2025-01-24,2025-01-22,2025-01-23
740,799,2025-01-22,2025-01-23,2025-01-25
741,800,2025-01-24,2025-01-23,2025-01-27
742,801,2025-01-24,2025-01-22,2025-01-23
743,802,2025-01-23,2025-01-25,2025-01-29
744,803,2025-01-24,2025-01-23,2025-01-24
745,804,2025-01-24,2025-01-22,2025-01-24
746,805,2025-01-23,2025-01-23,2025-01-25
747,806,2025-01-22,2025-01-22,2025-01-25
748,807,2025-01-23,2025-01-23,2025-01-24
749,808,2025-01-23,2025-01-22,2025-01-23
750,809,2025-01-23,2025-01-22,2025-01-26
751,810,2025-01-23,2025-01-25,2025-01-29
752,811,2025-01-23,2025-01-22,2025-01-24
753,813,2025-01-23,2025-01-22,2025-01-26
754,814,2025-01-23,2025-01-22,2025-01-23
755,815,2025-01-22,2025-01-25,2025-01-28
756,816,2025-01-22,2025-01-22,2025-01-24
757,817,2025-01-22,2025-01-22,2025-01-24
758,818,2025-01-23,2025-01-23,2025-01-24
759,819,2025-01-23,2025-01-22,2025-01-24
760,820,2025-01-23,2025-01-21,2025-01-25
761,821,2025-01-23,2025-01-22,2025-01-23
762,823,2025-01-22,2025-01-22,2025-01-25
763,824,2025-01-23,2025-01-28,2025-02-01
764,825,2025-01-24,2025-01-23,2025-01-27
765,826,2025-01-23,2025-01-24,2025-01-25
766,827,2025-01-24,2025-01-23,2025-01-24
767,828,2025-01-24,2025-01-24,2025-01-28
768,829,2025-01-25,2025-01-24,2025-01-27
769,830,2025-01-23,2025-01-28,2025-01-30
770,831,2025-01-23,,
771,832,2025-01-24,2025-01-22,2025-01-23
772,833,2025-01-23,2025-01-26,2025-01-30
773,834,2025-01-23,2025-01-22,2025-01-24
774,835,2025-01-24,2025-01-22,2025-01-23
775,836,2025-01-23,2025-01-24,2025-01-26
776,837,2025-01-24,2025-01-24,2025-01-26
777,839,2025-01-25,2025-01-24,2025-01-25
778,840,2025-01-23,2025-01-23,2025-01-27
779,841,2025-01-24,2025-01-23,2025-01-27
780,842,2025-01-24,2025-01-23,2025-01-27
781,843,2025-01-25,2025-01-26,2025-01-29
782,844,2025-01-23,2025-01-23,2025-01-26
783,845,2025-01-24,2025-01-22,2025-01-24
784,846,2025-01-24,2025-01-23,2025-01-26
785,848,2025-01-24,2025-01-24,2025-01-25
786,849,2025-01-23,2025-01-23,2025-01-27
787,850,2025-01-23,2025-01-22,2025-01-23
788,851,2025-01-24,2025-01-24,2025-01-27
789,852,2025-01-25,2025-01-22,2025-01-25
790,854,2025-01-24,2025-01-24,2025-01-28
791,855,2025-01-24,2025-01-24,2025-01-27
792,856,2025-01-24,2025-01-22,2025-01-23
793,857,2025-01-25,2025-01-23,2025-01-27
794,858,2025-01-25,,
795,859,2025-01-24,2025-01-24,2025-01-27
796,861,2025-01-24,2025-01-23,2025-01-26
797,862,2025-01-24,,
798,863,2025-01-24,,
799,864,2025-01-25,2025-01-24,2025-01-28
800,865,2025-01-25,2025-01-25,2025-01-28
801,867,2025-01-26,2025-01-24,2025-01-26
802,868,2025-01-25,2025-01-29,2025-02-02
803,869,2025-01-24,2025-01-25,2025-01-27
804,870,2025-01-26,2025-01-24,2025-01-27
805,871,2025-01-25,2025-01-23,2025-01-27
806,872,2025-01-25,2025-01-25,2025-01-27
807,873,2025-01-25,2025-01-25,2025-01-26
808,874,2025-01-25,2025-01-25,2025-01-26
809,875,2025-01-25,2025-01-25,2025-01-27
810,876,2025-01-25,2025-01-24,2025-01-27
811,877,2025-01-25,2025-01-23,2025-01-24
812,878,2025-01-25,2025-01-24,2025-01-27
813,879,2025-01-25,2025-01-25,2025-01-27
814,880,2025-01-25,2025-01-25,2025-01-26
815,881,2025-01-25,2025-01-27,2025-01-28
816,882,2025-01-24,2025-01-25,2025-01-29
817,883,2025-01-26,2025-01-25,2025-01-26
818,884,2025-01-25,2025-01-27,2025-01-28
819,885,2025-01-25,2025-01-24,2025-01-27
820,886,2025-01-24,2025-01-24,2025-01-27
821,887,2025-01-25,2025-01-27,2025-01-30
822,888,2025-01-26,2025-01-24,2025-01-26
823,889,2025-01-25,2025-01-24,2025-01-28
824,890,2025-01-25,2025-01-23,2025-01-24
825,891,2025-01-24,2025-01-24,2025-01-28
826,892,2025-01-25,2025-01-25,2025-01-27
827,893,2025-01-25,2025-01-24,2025-01-27
828,894,2025-01-26,2025-01-25,2025-01-27
829,895,2025-01-26,2025-01-25,2025-01-29
830,897,2025-01-25,2025-01-24,2025-01-25
831,898,2025-01-26,2025-01-26,2025-01-28
832,899,2025-01-27,2025-01-25,2025-01-26
833,900,2025-01-25,2025-01-28,2025-01-29
834,901,2025-01-26,2025-01-26,2025-01-29
835,902,2025-01-26,2025-01-28,2025-01-29
836,903,2025-01-27,2025-01-24,2025-01-26
837,904,2025-01-26,2025-01-26,2025-01-29
838,905,2025-01-27,2025-01-26,2025-01-27
839,906,2025-01-26,,
840,907,2025-01-25,2025-01-26,2025-01-29
841,908,2025-01-27,2025-01-26,2025-01-30
842,909,2025-01-26,2025-01-28,2025-01-30
843,910,2025-01-27,2025-01-24,2025-01-27
844,911,2025-01-27,2025-01-24,2025-01-25
845,913,2025-01-26,2025-01-24,2025-01-26
846,914,2025-01-26,2025-01-26,2025-01-27
847,915,2025-01-27,2025-01-25,2025-01-28
848,916,2025-01-25,2025-01-24,2025-01-28
849,917,2025-01-26,2025-01-26,2025-01-28
850,918,2025-01-27,2025-01-24,2025-01-28
851,920,2025-01-26,2025-01-26,2025-01-28
852,921,2025-01-26,2025-01-30,2025-02-02
853,922,2025-01-26,2025-01-28,2025-02-01
854,923,2025-01-27,2025-01-28,2025-02-01
855,924,2025-01-27,2025-01-26,2025-01-30
856,925,2025-01-25,2025-01-30,2025-02-02
857,926,2025-01-26,2025-01-30,2025-02-03
858,927,2025-01-26,2025-01-28,2025-02-01
859,928,2025-01-26,2025-01-24,2025-01-25
860,929,2025-01-25,2025-01-28,2025-01-30
861,930,2025-01-25,2025-01-26,2025-01-28
862,931,2025-01-26,2025-01-26,2025-01-29
863,932,2025-01-26,2025-01-25,2025-01-28
864,933,2025-01-26,2025-01-26,2025-01-27
865,935,2025-01-27,2025-01-28,2025-01-29
866,936,2025-01-26,2025-01-26,2025-01-28
867,937,2025-01-25,2025-01-26,2025-01-28
868,938,2025-01-25,2025-01-25,2025-01-29
869,939,2025-01-25,2025-01-25,2025-01-29
870,940,2025-01-26,2025-01-25,2025-01-26
871,941,2025-01-28,2025-01-26,2025-01-28
872,942,2025-01-27,2025-01-26,2025-01-27
873,943,2025-01-27,2025-01-27,2025-01-30
874,944,2025-01-28,2025-01-26,2025-01-29
875,945,2025-01-26,2025-01-29,2025-02-01
876,946,2025-01-28,2025-01-26,2025-01-29
877,948,2025-01-26,,
878,949,2025-01-27,2025-01-26,2025-01-27
879,950,2025-01-27,2025-01-26,2025-01-27
880,951,2025-01-28,2025-01-27,2025-01-30
881,952,2025-01-27,2025-01-27,2025-01-29
882,953,2025-01-27,2025-01-26,2025-01-29
883,954,2025-01-27,2025-01-25,2025-01-27
884,955,2025-01-27,2025-01-27,2025-01-28
885,956,2025-01-28,2025-01-26,2025-01-30
886,957,2025-01-26,2025-01-26,2025-01-30
887,958,2025-01-28,2025-01-29,2025-02-02
888,960,2025-01-27,2025-01-27,2025-01-29
889,961,2025-01-27,2025-01-26,2025-01-30
890,962,2025-01-26,2025-01-27,2025-01-30
891,963,2025-01-28,2025-01-27,2025-01-31
892,964,2025-01-27,2025-01-27,2025-01-31
893,965,2025-01-28,2025-01-27,2025-01-31
894,966,2025-01-26,2025-01-27,2025-01-31
895,967,2025-01-27,2025-01-27,2025-01-28
896,968,2025-01-27,2025-01-26,2025-01-29
897,969,2025-01-27,2025-01-31,2025-02-01
898,970,2025-01-27,2025-01-27,2025-01-29
899,972,2025-01-27,2025-01-27,2025-01-28
900,973,2025-01-27,2025-01-26,2025-01-28
901,975,2025-01-26,2025-01-25,2025-01-26
902,976,2025-01-27,2025-01-26,2025-01-28
903,978,2025-01-26,2025-01-27,2025-01-29
904,979,2025-01-27,2025-01-31,2025-02-02
905,980,2025-01-27,2025-01-25,2025-01-26
906,981,2025-01-28,2025-01-27,2025-01-28
907,982,2025-01-26,2025-01-27,2025-01-31
908,984,2025-01-28,2025-01-28,2025-01-30
909,985,2025-01-27,2025-01-27,2025-01-29
910,987,2025-01-27,2025-02-01,2025-02-03
911,988,2025-01-29,2025-01-28,2025-01-31
912,989,2025-01-28,,
913,991,2025-01-28,2025-01-30,2025-02-02
914,992,2025-01-28,2025-01-27,2025-01-31
915,994,2025-01-28,2025-01-27,2025-01-28
916,995,2025-01-28,2025-01-28,2025-01-30
917,996,2025-01-27,2025-01-27,2025-01-31
918,999,2025-01-27,2025-01-28,2025-01-30
919,1000,2025-01-27,2025-01-30,2025-01-31
920,1001,2025-01-28,2025-01-26,2025-01-27
921,1002,2025-01-29,2025-01-28,2025-02-01
922,1003,2025-01-28,2025-01-27,2025-01-30
923,1004,2025-01-27,2025-01-28,2025-01-30
924,1005,2025-01-28,2025-01-26,2025-01-30
925,1007,2025-01-28,2025-01-27,2025-01-28
926,1008,2025-01-28,2025-01-27,2025-01-31
927,1009,2025-01-28,2025-01-28,2025-01-30
928,1010,2025-01-28,2025-01-28,2025-02-01
929,1011,2025-01-27,2025-01-28,2025-01-29
930,1012,2025-01-28,2025-01-27,2025-01-29
931,1013,2025-01-28,2025-01-27,2025-01-29
932,1014,2025-01-28,2025-01-26,2025-01-27
933,1015,2025-01-27,2025-01-27,2025-01-28
934,1016,2025-01-28,2025-01-28,2025-01-31
935,1017,2025-01-28,2025-01-28,2025-01-31
936,1018,2025-01-28,2025-01-30,2025-02-02
937,1019,2025-01-28,2025-01-28,2025-01-31
938,1020,2025-01-29,2025-01-27,2025-01-31
939,1021,2025-01-28,2025-01-27,2025-01-31
940,1022,2025-01-29,2025-01-27,2025-01-31
941,1023,2025-01-28,2025-01-30,2025-01-31
942,1024,2025-01-28,2025-01-28,2025-01-30
943,1025,2025-01-28,2025-01-27,2025-01-30
944,1026,2025-01-28,2025-01-27,2025-01-30
945,1027,2025-01-29,2025-01-28,2025-01-31
946,1029,2025-01-29,2025-01-27,2025-01-28
947,1030,2025-01-28,2025-01-30,2025-02-02
948,1031,2025-01-28,2025-01-27,2025-01-30
949,1032,2025-01-28,2025-01-27,2025-01-30
950,1033,2025-01-28,2025-01-30,2025-01-31
951,1034,2025-01-27,2025-01-26,2025-01-28
952,1035,2025-01-28,2025-01-28,2025-01-29
953,1036,2025-01-28,2025-01-28,2025-01-30
954,1037,2025-01-28,2025-01-30,2025-02-02
955,1038,2025-01-28,2025-01-27,2025-01-30
956,1039,2025-01-28,2025-01-28,2025-02-01
957,1040,2025-01-29,2025-01-30,2025-02-01
958,1042,2025-01-29,2025-01-27,2025-01-31
959,1043,2025-01-29,2025-01-28,2025-01-31
960,1044,2025-01-29,2025-01-27,2025-01-28
961,1045,2025-01-28,2025-01-27,2025-01-30
962,1046,2025-01-29,2025-01-28,2025-01-31
963,1047,2025-01-28,2025-01-27,2025-01-29
964,1048,2025-01-28,2025-01-28,2025-01-31
965,1049,2025-01-28,2025-01-28,2025-02-01
966,1050,2025-01-29,2025-01-28,2025-02-01
967,1051,2025-01-29,2025-01-27,2025-01-29
968,1052,2025-01-28,2025-01-28,2025-02-01
969,1053,2025-01-30,2025-01-28,2025-01-29
970,1054,2025-01-29,2025-01-27,2025-01-28
971,1056,2025-01-29,2025-01-28,2025-01-30
972,1057,2025-01-29,2025-01-31,2025-02-02
973,1058,2025-01-29,2025-01-27,2025-01-30
974,1059,2025-01-29,2025-01-29,2025-02-02
975,1060,2025-01-29,2025-01-27,2025-01-29
976,1061,2025-01-29,2025-01-28,2025-01-30
977,1062,2025-01-30,2025-01-28,2025-01-31
978,1063,2025-01-28,2025-01-28,2025-01-30
979,1064,2025-01-28,2025-01-28,2025-02-01
980,1065,2025-01-28,2025-01-27,2025-01-31
981,1066,2025-01-28,2025-01-28,2025-02-01
982,1068,2025-01-29,2025-01-28,2025-01-30
983,1069,2025-01-28,2025-01-27,2025-01-28
984,1070,2025-01-29,2025-01-27,2025-01-28
985,1071,2025-01-28,2025-01-27,2025-01-29
986,1072,2025-01-29,2025-01-27,2025-01-29
987,1073,2025-01-30,2025-01-28,2025-01-30
988,1074,2025-01-29,2025-01-29,2025-01-30
989,1075,2025-01-28,2025-01-28,2025-02-01
990,1076,2025-01-30,2025-01-29,2025-02-01
991,1078,2025-01-29,2025-01-29,2025-02-01
992,1079,2025-01-28,2025-01-29,2025-01-30
993,1080,2025-01-29,2025-01-27,2025-01-29
994,1081,2025-01-28,2025-01-28,2025-01-29
995,1082,2025-01-28,2025-01-31,2025-02-01
996,1083,2025-01-29,2025-01-29,2025-01-31
997,1084,2025-01-28,2025-01-27,2025-01-31
998,1085,2025-01-29,2025-01-29,2025-02-01
999,1086,2025-01-28,2025-01-27,2025-01-30
1000,1088,2025-01-29,2025-01-31,2025-02-02
1001,1089,2025-01-29,2025-01-29,2025-02-01
1002,1090,2025-01-29,2025-01-31,2025-02-02
1003,1091,2025-01-29,2025-01-29,2025-01-31
1004,1092,2025-01-30,2025-01-28,2025-01-29
1005,1093,2025-01-30,2025-02-02,2025-02-05
1006,1094,2025-01-29,2025-01-28,2025-02-01
1007,1095,2025-01-29,2025-01-29,2025-01-31
1008,1096,2025-01-29,2025-01-29,2025-02-02
1009,1097,2025-01-31,2025-01-29,2025-01-30
1010,1098,2025-01-30,2025-01-28,2025-02-01
1011,1099,2025-01-30,2025-01-29,2025-02-02
1012,1100,2025-01-31,2025-01-28,2025-01-29
1013,1101,2025-01-29,2025-01-29,2025-01-31
1014,1102,2025-01-30,2025-02-03,2025-02-05
1015,1103,2025-01-30,2025-01-29,2025-01-30
1016,1104,2025-01-31,2025-01-29,2025-01-31
1017,1105,2025-01-30,2025-01-29,2025-02-02
1018,1106,2025-01-30,,
1019,1107,2025-01-29,2025-01-28,2025-01-31
1020,1108,2025-01-30,2025-01-29,2025-01-30
1021,1109,2025-01-30,2025-01-30,2025-02-02
1022,1110,2025-01-30,2025-01-29,2025-01-30
1023,1111,2025-01-30,2025-02-01,2025-02-02
1024,1112,2025-01-29,2025-01-29,2025-02-02
1025,1113,2025-01-30,2025-01-29,2025-01-31
1026,1114,2025-01-30,2025-01-30,2025-01-31
1027,1115,2025-01-30,2025-01-30,2025-02-02
1028,1116,2025-01-30,2025-02-03,2025-02-04
1029,1117,2025-01-29,2025-01-28,2025-01-31
1030,1118,2025-01-30,2025-01-30,2025-02-02
1031,1119,2025-01-30,2025-01-30,2025-02-03
1032,1120,2025-01-31,2025-01-30,2025-02-02
1033,1121,2025-01-30,2025-02-03,2025-02-04
1034,1122,2025-01-30,2025-01-30,2025-01-31
1035,1123,2025-01-30,2025-01-29,2025-01-31
1036,1124,2025-01-31,2025-01-30,2025-02-02
1037,1125,2025-01-30,2025-01-28,2025-01-31
1038,1126,2025-01-30,2025-01-30,2025-02-01
1039,1127,2025-01-30,,
1040,1128,2025-01-30,2025-01-30,2025-02-02
1041,1130,2025-01-30,2025-02-01,2025-02-05
1042,1131,2025-01-30,2025-02-01,2025-02-04
1043,1132,2025-01-30,2025-01-29,2025-02-01
1044,1133,2025-01-30,2025-01-30,2025-01-31
1045,1135,2025-01-30,2025-02-03,2025-02-05
1046,1136,2025-01-30,2025-01-30,2025-02-01
1047,1137,2025-02-01,2025-01-30,2025-02-01
1048,1138,2025-01-31,2025-01-30,2025-02-02
1049,1139,2025-01-31,,
1050,1140,2025-01-30,2025-02-02,2025-02-05
1051,1141,2025-01-31,2025-01-31,2025-02-01
1052,1142,2025-01-31,2025-01-31,2025-02-03
1053,1143,2025-01-31,2025-01-31,2025-02-02
1054,1144,2025-01-30,2025-01-29,2025-01-31
1055,1146,2025-01-31,2025-01-29,2025-01-30
1056,1147,2025-01-31,2025-01-30,2025-02-02
1057,1148,2025-01-31,2025-01-29,2025-02-02
1058,1149,2025-01-30,2025-02-02,2025-02-04
1059,1151,2025-01-31,2025-01-30,2025-02-02
1060,1152,2025-01-31,2025-01-31,2025-02-04
1061,1153,2025-01-31,2025-01-31,2025-02-04
1062,1154,2025-02-01,2025-01-30,2025-02-01
1063,1155,2025-01-31,2025-01-30,2025-02-03
1064,1156,2025-01-31,2025-01-29,2025-01-30
1065,1157,2025-01-31,2025-01-30,2025-02-02
1066,1158,2025-01-31,2025-01-31,2025-02-04
1067,1159,2025-01-31,2025-01-30,2025-02-02
1068,1160,2025-01-31,2025-01-30,2025-02-01
1069,1161,2025-02-01,2025-01-30,2025-02-03
1070,1162,2025-01-31,2025-02-02,2025-02-04
1071,1163,2025-02-01,2025-01-29,2025-01-30
1072,1164,2025-01-31,2025-01-30,2025-02-02
1073,1165,2025-02-01,2025-01-29,2025-01-30
1074,1166,2025-01-30,2025-01-30,2025-01-31
1075,1167,2025-01-31,2025-01-30,2025-02-02
1076,1168,2025-01-31,2025-01-29,2025-02-02
1077,1169,2025-01-31,2025-01-31,2025-02-03
1078,1170,2025-01-30,2025-01-30,2025-01-31
1079,1171,2025-01-31,2025-01-30,2025-01-31
1080,1172,2025-01-30,2025-01-29,2025-02-02
1081,1173,2025-02-01,2025-02-02,2025-02-03
1082,1174,2025-01-31,2025-01-30,2025-02-02
1083,1175,2025-02-01,2025-01-29,2025-01-31
1084,1176,2025-02-01,2025-01-30,2025-02-01
1085,1177,2025-01-31,2025-01-31,2025-02-03
1086,1178,2025-01-30,2025-02-02,2025-02-06
1087,1179,2025-02-01,2025-02-02,2025-02-05
1088,1180,2025-01-30,2025-02-04,2025-02-08
1089,1181,2025-01-31,2025-01-30,2025-01-31
1090,1182,2025-02-01,2025-01-30,2025-01-31
1091,1183,2025-01-31,2025-01-31,2025-02-02
1092,1184,2025-01-31,2025-01-30,2025-02-01
1093,1185,2025-01-31,2025-01-31,2025-02-01
1094,1187,2025-01-31,2025-01-31,2025-02-03
1095,1188,2025-02-01,2025-01-30,2025-02-03
1096,1189,2025-02-02,2025-01-31,2025-02-03
1097,1190,2025-01-31,2025-02-03,2025-02-04
1098,1191,2025-02-01,2025-01-31,2025-02-03
1099,1192,2025-02-02,2025-01-31,2025-02-02
1100,1193,2025-01-31,2025-02-01,2025-02-04
1101,1194,2025-02-01,2025-02-01,2025-02-03
1102,1195,2025-01-31,2025-01-30,2025-02-02
1103,1196,2025-01-31,2025-01-31,2025-02-03
1104,1197,2025-02-01,2025-02-03,2025-02-06
1105,1199,2025-02-01,2025-02-03,2025-02-05
1106,1200,2025-02-01,2025-02-01,2025-02-03
1107,1201,2025-02-02,2025-01-31,2025-02-02
1108,1202,2025-02-01,2025-01-30,2025-02-03
1109,1203,2025-02-01,2025-01-31,2025-02-01
1110,1204,2025-02-01,2025-02-01,2025-02-05
1111,1205,2025-02-01,2025-02-03,2025-02-05
1112,1206,2025-02-01,,
1113,1207,2025-02-01,2025-01-31,2025-02-01
1114,1209,2025-02-02,2025-02-01,2025-02-05
1115,1210,2025-02-01,2025-01-31,2025-02-01
1116,1211,2025-02-01,2025-02-01,2025-02-02
1117,1212,2025-02-02,2025-01-30,2025-01-31
1118,1213,2025-02-01,2025-02-03,2025-02-04
1119,1214,2025-02-01,2025-01-31,2025-02-04
1120,1215,2025-02-01,2025-02-01,2025-02-02
1121,1216,2025-01-31,2025-02-03,2025-02-05
1122,1217,2025-01-31,2025-02-01,2025-02-05
1123,1218,2025-02-02,2025-02-05,2025-02-07
1124,1219,2025-01-31,2025-02-03,2025-02-04
1125,1220,2025-02-01,2025-02-05,2025-02-07
1126,1221,2025-02-01,2025-01-31,2025-02-04
1127,1222,2025-02-01,2025-02-01,2025-02-04
1128,1223,2025-02-01,2025-02-01,2025-02-05
1129,1224,2025-02-01,2025-01-31,2025-02-02
1130,1225,2025-02-02,2025-02-01,2025-02-04
1131,1226,2025-02-01,2025-02-02,2025-02-06
1132,1227,2025-02-02,2025-01-31,2025-02-01
1133,1228,2025-02-02,2025-02-01,2025-02-05
1134,1229,2025-02-01,2025-02-01,2025-02-04
1135,1230,2025-02-02,2025-02-01,2025-02-03
1136,1232,2025-02-02,2025-02-06,2025-02-07
1137,1233,2025-02-01,2025-02-01,2025-02-04
1138,1234,2025-02-02,2025-01-31,2025-02-04
1139,1235,2025-02-03,2025-02-02,2025-02-04
1140,1236,2025-02-02,2025-02-04,2025-02-05
1141,1237,2025-02-01,2025-01-31,2025-02-02
1142,1238,2025-02-03,2025-02-02,2025-02-04
1143,1239,2025-02-03,2025-02-01,2025-02-03
1144,1240,2025-02-02,2025-01-31,2025-02-04
1145,1241,2025-02-02,2025-02-01,2025-02-03
1146,1242,2025-02-02,2025-02-04,2025-02-08
1147,1243,2025-02-03,2025-02-04,2025-02-06
1148,1245,2025-02-01,2025-02-04,2025-02-05
1149,1246,2025-02-01,2025-02-06,2025-02-10
1150,1247,2025-02-03,2025-02-01,2025-02-02
1151,1248,2025-02-02,2025-02-04,2025-02-07
1152,1249,2025-02-02,2025-02-04,2025-02-05
1153,1250,2025-02-01,2025-02-01,2025-02-03
1154,1251,2025-02-02,2025-02-01,2025-02-05
1155,1252,2025-02-02,,
1156,1253,2025-02-02,2025-02-02,2025-02-04
1157,1254,2025-02-02,2025-02-02,2025-02-04
1158,1255,2025-02-02,2025-02-01,2025-02-05
1159,1256,2025-02-02,2025-02-02,2025-02-04
1160,1257,2025-02-01,2025-02-01,2025-02-03
1161,1258,2025-02-02,2025-02-02,2025-02-04
1162,1259,2025-02-02,2025-02-04,2025-02-08
1163,1260,2025-02-03,2025-02-01,2025-02-04
1164,1261,2025-02-01,,
1165,1262,2025-02-02,2025-02-02,2025-02-04
1166,1263,2025-02-02,2025-02-04,2025-02-06
1167,1264,2025-02-03,2025-02-01,2025-02-03
1168,1265,2025-02-02,2025-02-02,2025-02-06
1169,1266,2025-02-02,2025-02-01,2025-02-04
1170,1267,2025-02-03,2025-02-01,2025-02-03
1171,1268,2025-02-02,2025-01-31,2025-02-04
1172,1269,2025-02-02,2025-02-02,2025-02-04
1173,1270,2025-02-01,2025-01-31,2025-02-03
1174,1271,2025-02-01,2025-02-01,2025-02-05
1175,1272,2025-02-03,2025-02-04,2025-02-05
1176,1273,2025-02-02,2025-02-01,2025-02-04
1177,1274,2025-02-02,2025-01-31,2025-02-01
1178,1275,2025-02-02,2025-02-02,2025-02-04
1179,1276,2025-02-02,2025-02-05,2025-02-09
1180,1277,2025-02-04,2025-02-02,2025-02-05
1181,1278,2025-02-03,2025-02-02,2025-02-05
1182,1279,2025-02-03,2025-02-02,2025-02-04
1183,1280,2025-02-03,2025-02-03,2025-02-05
1184,1282,2025-02-03,2025-02-02,2025-02-06
1185,1283,2025-02-03,2025-02-03,2025-02-05
1186,1284,2025-02-03,2025-02-02,2025-02-05
1187,1285,2025-02-03,2025-02-03,2025-02-07
1188,1286,2025-02-04,2025-02-02,2025-02-04
1189,1287,2025-02-04,2025-02-02,2025-02-04
1190,1288,2025-02-04,2025-02-03,2025-02-04
1191,1289,2025-02-04,2025-02-01,2025-02-04
1192,1290,2025-02-02,2025-02-03,2025-02-04
1193,1291,2025-02-03,2025-02-02,2025-02-04
1194,1292,2025-02-04,2025-02-03,2025-02-07
1195,1293,2025-02-03,2025-02-02,2025-02-05
1196,1294,2025-02-04,2025-02-05,2025-02-06
1197,1295,2025-02-02,2025-02-02,2025-02-04
1198,1296,2025-02-03,2025-02-07,2025-02-08
1199,1297,2025-02-03,2025-02-07,2025-02-10
1200,1298,2025-02-02,2025-02-02,2025-02-05
1201,1299,2025-02-03,2025-02-03,2025-02-04
1202,1301,2025-02-03,2025-02-05,2025-02-09
1203,1302,2025-02-03,2025-02-01,2025-02-05
1204,1303,2025-02-02,2025-02-02,2025-02-03
1205,1304,2025-02-03,2025-02-05,2025-02-09
1206,1305,2025-02-04,2025-02-02,2025-02-05
1207,1306,2025-02-03,2025-02-02,2025-02-04
1208,1307,2025-02-03,2025-02-02,2025-02-03
1209,1308,2025-02-03,2025-02-02,2025-02-04
1210,1309,2025-02-02,2025-02-05,2025-02-07
1211,1310,2025-02-05,2025-02-04,2025-02-07
1212,1311,2025-02-04,,
1213,1312,2025-02-04,2025-02-08,2025-02-10
1214,1313,2025-02-04,2025-02-02,2025-02-06
1215,1314,2025-02-03,2025-02-03,2025-02-04
1216,1315,2025-02-03,2025-02-04,2025-02-05
1217,1316,2025-02-04,2025-02-03,2025-02-06
1218,1317,2025-02-05,2025-02-03,2025-02-07
1219,1318,2025-02-04,2025-02-03,2025-02-07
1220,1319,2025-02-04,2025-02-06,2025-02-07
1221,1320,2025-02-04,2025-02-03,2025-02-04
1222,1321,2025-02-04,2025-02-04,2025-02-07
1223,1322,2025-02-03,2025-02-03,2025-02-05
1224,1323,2025-02-05,2025-02-03,2025-02-07
1225,1324,2025-02-03,2025-02-04,2025-02-08
1226,1325,2025-02-03,2025-02-02,2025-02-04
1227,1326,2025-02-05,2025-02-08,2025-02-11
1228,1327,2025-02-03,2025-02-02,2025-02-03
1229,1329,2025-02-04,2025-02-03,2025-02-05
1230,1330,2025-02-04,2025-02-06,2025-02-10
1231,1331,2025-02-04,2025-02-02,2025-02-05
1232,1332,2025-02-04,2025-02-03,2025-02-07
1233,1333,2025-02-05,2025-02-02,2025-02-06
1234,1334,2025-02-04,2025-02-04,2025-02-08
1235,1335,2025-02-04,2025-02-04,2025-02-05
1236,1336,2025-02-03,2025-02-02,2025-02-03
1237,1337,2025-02-04,2025-02-04,2025-02-05
1238,1338,2025-02-04,2025-02-02,2025-02-06
1239,1339,2025-02-03,2025-02-04,2025-02-07
1240,1340,2025-02-04,2025-02-03,2025-02-07
1241,1341,2025-02-04,2025-02-08,2025-02-12
1242,1342,2025-02-03,2025-02-03,2025-02-07
1243,1343,2025-02-04,2025-02-06,2025-02-08
1244,1344,2025-02-04,2025-02-02,2025-02-03
1245,1345,2025-02-04,2025-02-02,2025-02-04
1246,1346,2025-02-04,2025-02-03,2025-02-07
1247,1348,2025-02-05,2025-02-07,2025-02-10
1248,1349,2025-02-05,2025-02-04,2025-02-08
1249,1351,2025-02-05,2025-02-05,2025-02-06
1250,1352,2025-02-05,2025-02-07,2025-02-08
1251,1354,2025-02-06,2025-02-04,2025-02-06
1252,1355,2025-02-05,2025-02-04,2025-02-06
1253,1356,2025-02-05,2025-02-03,2025-02-06
1254,1357,2025-02-05,2025-02-07,2025-02-09
1255,1358,2025-02-05,2025-02-05,2025-02-08
1256,1359,2025-02-05,2025-02-05,2025-02-06
1257,1361,2025-02-04,2025-02-04,2025-02-05
1258,1362,2025-02-05,2025-02-05,2025-02-07
1259,1363,2025-02-06,2025-02-07,2025-02-09
1260,1364,2025-02-05,2025-02-03,2025-02-06
1261,1365,2025-02-05,2025-02-05,2025-02-07
1262,1366,2025-02-05,2025-02-07,2025-02-10
1263,1367,2025-02-05,2025-02-03,2025-02-07
1264,1369,2025-02-04,,
1265,1370,2025-02-05,2025-02-04,2025-02-08
1266,1371,2025-02-04,2025-02-03,2025-02-05
1267,1372,2025-02-05,2025-02-05,2025-02-09
1268,1373,2025-02-05,2025-02-04,2025-02-07
1269,1374,2025-02-04,2025-02-04,2025-02-05
1270,1375,2025-02-04,2025-02-03,2025-02-06
1271,1376,2025-02-05,2025-02-05,2025-02-06
1272,1377,2025-02-04,2025-02-07,2025-02-11
1273,1378,2025-02-05,2025-02-04,2025-02-07
1274,1380,2025-02-05,2025-02-05,2025-02-07
1275,1381,2025-02-05,2025-02-04,2025-02-05
1276,1382,2025-02-04,2025-02-04,2025-02-07
1277,1383,2025-02-04,2025-02-05,2025-02-09
1278,1384,2025-02-05,2025-02-05,2025-02-09
1279,1385,2025-02-05,2025-02-05,2025-02-09
1280,1387,2025-02-04,2025-02-09,2025-02-11
1281,1388,2025-02-05,2025-02-05,2025-02-06
1282,1389,2025-02-05,,
1283,1391,2025-02-05,2025-02-07,2025-02-11
1284,1393,2025-02-05,2025-02-07,2025-02-09
1285,1394,2025-02-04,2025-02-03,2025-02-07
1286,1395,2025-02-06,2025-02-06,2025-02-07
1287,1396,2025-02-06,2025-02-06,2025-02-07
1288,1397,2025-02-06,2025-02-08,2025-02-10
1289,1398,2025-02-05,2025-02-08,2025-02-12
1290,1399,2025-02-06,2025-02-10,2025-02-11
1291,1400,2025-02-07,2025-02-05,2025-02-06
1292,1401,2025-02-07,2025-02-08,2025-02-09
1293,1403,2025-02-06,2025-02-06,2025-02-07
1294,1404,2025-02-05,2025-02-06,2025-02-08
1295,1406,2025-02-07,2025-02-06,2025-02-09
1296,1407,2025-02-06,2025-02-05,2025-02-07
1297,1408,2025-02-06,2025-02-05,2025-02-07
1298,1410,2025-02-06,2025-02-05,2025-02-06
1299,1411,2025-02-06,2025-02-06,2025-02-09
1300,1412,2025-02-06,2025-02-04,2025-02-06
1301,1413,2025-02-06,,
1302,1414,2025-02-06,2025-02-08,2025-02-11
1303,1416,2025-02-06,2025-02-04,2025-02-05
1304,1417,2025-02-07,2025-02-05,2025-02-06
1305,1418,2025-02-07,2025-02-04,2025-02-08
1306,1419,2025-02-07,2025-02-05,2025-02-09
1307,1420,2025-02-05,2025-02-05,2025-02-08
1308,1421,2025-02-06,2025-02-06,2025-02-09
1309,1422,2025-02-06,2025-02-08,2025-02-11
1310,1423,2025-02-05,2025-02-05,2025-02-08
1311,1424,2025-02-05,2025-02-06,2025-02-10
1312,1425,2025-02-06,2025-02-06,2025-02-10
1313,1426,2025-02-06,2025-02-05,2025-02-07
1314,1427,2025-02-05,2025-02-05,2025-02-07
1315,1430,2025-02-05,2025-02-08,2025-02-12
1316,1431,2025-02-06,2025-02-06,2025-02-08
1317,1432,2025-02-05,2025-02-04,2025-02-08
1318,1433,2025-02-06,2025-02-05,2025-02-09
1319,1434,2025-02-06,2025-02-04,2025-02-07
1320,1435,2025-02-05,2025-02-06,2025-02-08
1321,1436,2025-02-06,2025-02-08,2025-02-11
1322,1437,2025-02-06,2025-02-08,2025-02-12
1323,1438,2025-02-06,2025-02-06,2025-02-10
1324,1439,2025-02-07,2025-02-06,2025-02-10
1325,1440,2025-02-05,2025-02-06,2025-02-08
1326,1441,2025-02-07,2025-02-06,2025-02-08
1327,1442,2025-02-06,2025-02-05,2025-02-07
1328,1443,2025-02-05,2025-02-05,2025-02-07
1329,1444,2025-02-05,2025-02-05,2025-02-09
1330,1445,2025-02-07,2025-02-08,2025-02-11
1331,1446,2025-02-06,2025-02-06,2025-02-09
1332,1447,2025-02-07,2025-02-07,2025-02-10
1333,1448,2025-02-07,2025-02-06,2025-02-07
1334,1449,2025-02-06,2025-02-07,2025-02-08
1335,1450,2025-02-07,2025-02-05,2025-02-08
1336,1452,2025-02-08,2025-02-06,2025-02-09
1337,1453,2025-02-06,2025-02-06,2025-02-09
1338,1454,2025-02-08,2025-02-06,2025-02-08
1339,1455,2025-02-07,2025-02-05,2025-02-06
1340,1457,2025-02-07,2025-02-06,2025-02-10
1341,1458,2025-02-08,2025-02-06,2025-02-09
1342,1461,2025-02-07,,
1343,1462,2025-02-06,2025-02-11,2025-02-15
1344,1463,2025-02-07,2025-02-07,2025-02-09
1345,1464,2025-02-07,2025-02-07,2025-02-10
1346,1465,2025-02-07,2025-02-06,2025-02-08
1347,1466,2025-02-06,2025-02-05,2025-02-08
1348,1467,2025-02-06,2025-02-11,2025-02-12
1349,1468,2025-02-06,2025-02-11,2025-02-12
1350,1469,2025-02-08,2025-02-06,2025-02-09
1351,1470,2025-02-07,2025-02-11,2025-02-15
1352,1471,2025-02-06,2025-02-07,2025-02-11
1353,1472,2025-02-07,2025-02-07,2025-02-10
1354,1473,2025-02-06,2025-02-06,2025-02-08
1355,1475,2025-02-06,2025-02-06,2025-02-07
1356,1476,2025-02-07,2025-02-07,2025-02-11
1357,1477,2025-02-06,2025-02-06,2025-02-09
1358,1478,2025-02-06,2025-02-07,2025-02-10
1359,1479,2025-02-07,2025-02-06,2025-02-07
1360,1480,2025-02-07,2025-02-11,2025-02-13
1361,1481,2025-02-07,2025-02-07,2025-02-09
1362,1482,2025-02-08,2025-02-07,2025-02-08
1363,1483,2025-02-07,2025-02-05,2025-02-08
1364,1484,2025-02-08,2025-02-06,2025-02-07
1365,1485,2025-02-06,2025-02-06,2025-02-08
1366,1486,2025-02-07,2025-02-09,2025-02-12
1367,1487,2025-02-07,2025-02-07,2025-02-11
1368,1488,2025-02-07,2025-02-07,2025-02-08
1369,1489,2025-02-07,2025-02-06,2025-02-07
1370,1490,2025-02-09,2025-02-08,2025-02-12
1371,1491,2025-02-08,2025-02-08,2025-02-11
1372,1492,2025-02-08,2025-02-10,2025-02-14
1373,1493,2025-02-07,2025-02-10,2025-02-11
1374,1494,2025-02-08,2025-02-08,2025-02-11
1375,1495,2025-02-07,2025-02-08,2025-02-09
1376,1496,2025-02-09,2025-02-07,2025-02-08
1377,1497,2025-02-08,2025-02-06,2025-02-09
1378,1498,2025-02-08,2025-02-10,2025-02-11
1379,1499,2025-02-09,2025-02-06,2025-02-07
1380,1500,2025-02-08,2025-02-12,2025-02-16
1381,1501,2025-02-08,2025-02-07,2025-02-08
1382,1502,2025-02-07,2025-02-08,2025-02-11
1383,1504,2025-02-08,2025-02-06,2025-02-10
1384,1506,2025-02-09,2025-02-06,2025-02-08
1385,1507,2025-02-08,2025-02-06,2025-02-10
1386,1508,2025-02-07,,
1387,1509,2025-02-08,2025-02-07,2025-02-09
1388,1510,2025-02-08,2025-02-07,2025-02-08
1389,1512,2025-02-08,2025-02-08,2025-02-11
1390,1513,2025-02-09,2025-02-08,2025-02-11
1391,1514,2025-02-09,2025-02-06,2025-02-10
1392,1515,2025-02-08,2025-02-07,2025-02-10
1393,1516,2025-02-09,2025-02-07,2025-02-09
1394,1518,2025-02-08,2025-02-07,2025-02-09
1395,1519,2025-02-07,2025-02-07,2025-02-11
1396,1520,2025-02-08,2025-02-08,2025-02-11
1397,1521,2025-02-08,2025-02-07,2025-02-10
1398,1522,2025-02-09,2025-02-08,2025-02-12
1399,1523,2025-02-08,2025-02-08,2025-02-11
1400,1524,2025-02-08,2025-02-06,2025-02-09
1401,1525,2025-02-08,2025-02-08,2025-02-10
1402,1526,2025-02-09,2025-02-06,2025-02-08
1403,1527,2025-02-07,2025-02-07,2025-02-09
1404,1528,2025-02-07,2025-02-10,2025-02-13
1405,1529,2025-02-08,2025-02-07,2025-02-09
1406,1530,2025-02-09,2025-02-08,2025-02-09
1407,1531,2025-02-08,2025-02-10,2025-02-12
1408,1532,2025-02-08,2025-02-08,2025-02-12
1409,1533,2025-02-07,2025-02-08,2025-02-09
1410,1534,2025-02-07,2025-02-08,2025-02-11
1411,1535,2025-02-08,2025-02-07,2025-02-11
1412,1536,2025-02-08,2025-02-07,2025-02-11
1413,1537,2025-02-08,2025-02-07,2025-02-11
1414,1538,2025-02-08,2025-02-07,2025-02-08
1415,1540,2025-02-08,2025-02-10,2025-02-11
1416,1541,2025-02-08,2025-02-09,2025-02-13
1417,1542,2025-02-10,2025-02-09,2025-02-11
1418,1543,2025-02-08,2025-02-09,2025-02-13
1419,1544,2025-02-10,2025-02-09,2025-02-13
1420,1545,2025-02-09,2025-02-11,2025-02-12
1421,1546,2025-02-09,2025-02-09,2025-02-13
1422,1547,2025-02-08,2025-02-08,2025-02-12
1423,1548,2025-02-09,2025-02-09,2025-02-12
1424,1549,2025-02-09,2025-02-09,2025-02-13
1425,1550,2025-02-09,2025-02-08,2025-02-11
1426,1551,2025-02-10,2025-02-07,2025-02-08
1427,1552,2025-02-08,2025-02-11,2025-02-14
1428,1553,2025-02-09,2025-02-08,2025-02-11
1429,1554,2025-02-08,2025-02-07,2025-02-11
1430,1556,2025-02-09,2025-02-08,2025-02-09
1431,1557,2025-02-09,2025-02-09,2025-02-11
1432,1558,2025-02-09,2025-02-08,2025-02-10
1433,1559,2025-02-08,2025-02-08,2025-02-12
1434,1560,2025-02-09,2025-02-07,2025-02-11
1435,1561,2025-02-09,2025-02-07,2025-02-08
1436,1562,2025-02-10,2025-02-09,2025-02-13
1437,1563,2025-02-09,2025-02-07,2025-02-10
1438,1564,2025-02-08,2025-02-11,2025-02-13
1439,1565,2025-02-08,2025-02-11,2025-02-12
1440,1566,2025-02-10,2025-02-11,2025-02-12
1441,1567,2025-02-10,2025-02-09,2025-02-10
1442,1568,2025-02-09,2025-02-07,2025-02-11
1443,1569,2025-02-08,2025-02-09,2025-02-11
1444,1570,2025-02-08,2025-02-09,2025-02-11
1445,1571,2025-02-08,,
1446,1572,2025-02-08,2025-02-08,2025-02-11
1447,1573,2025-02-08,2025-02-11,2025-02-15
1448,1574,2025-02-10,2025-02-08,2025-02-11
1449,1575,2025-02-08,2025-02-09,2025-02-11
1450,1576,2025-02-09,2025-02-08,2025-02-12
1451,1577,2025-02-09,2025-02-08,2025-02-11
1452,1578,2025-02-09,2025-02-11,2025-02-15
1453,1579,2025-02-09,2025-02-07,2025-02-10
1454,1580,2025-02-09,2025-02-08,2025-02-09
1455,1581,2025-02-09,2025-02-08,2025-02-12
1456,1582,2025-02-08,2025-02-07,2025-02-08
1457,1583,2025-02-09,2025-02-07,2025-02-08
1458,1584,2025-02-10,2025-02-07,2025-02-10
1459,1585,2025-02-10,2025-02-07,2025-02-09
1460,1586,2025-02-10,2025-02-09,2025-02-13
1461,1587,2025-02-10,2025-02-09,2025-02-11
1462,1588,2025-02-10,2025-02-09,2025-02-10
1463,1589,2025-02-10,2025-02-08,2025-02-09
1464,1590,2025-02-10,2025-02-08,2025-02-10
1465,1591,2025-02-09,2025-02-10,2025-02-11
1466,1593,2025-02-10,2025-02-10,2025-02-14
1467,1594,2025-02-10,2025-02-10,2025-02-11
1468,1595,2025-02-09,2025-02-14,2025-02-15
1469,1596,2025-02-11,2025-02-10,2025-02-14
1470,1597,2025-02-10,2025-02-12,2025-02-16
1471,1598,2025-02-09,2025-02-09,2025-02-12
1472,1599,2025-02-10,2025-02-10,2025-02-13
1473,1600,2025-02-09,2025-02-09,2025-02-10
1474,1601,2025-02-10,2025-02-12,2025-02-14
1475,1602,2025-02-09,2025-02-08,2025-02-11
1476,1604,2025-02-09,2025-02-12,2025-02-15
1477,1606,2025-02-10,2025-02-08,2025-02-09
1478,1607,2025-02-11,2025-02-12,2025-02-14
1479,1608,2025-02-11,2025-02-10,2025-02-14
1480,1610,2025-02-10,2025-02-09,2025-02-13
1481,1612,2025-02-10,2025-02-10,2025-02-14
1482,1613,2025-02-10,2025-02-10,2025-02-11
1483,1614,2025-02-09,2025-02-08,2025-02-10
1484,1615,2025-02-10,2025-02-09,2025-02-12
1485,1617,2025-02-10,2025-02-09,2025-02-13
1486,1618,2025-02-11,2025-02-10,2025-02-13
1487,1619,2025-02-11,2025-02-08,2025-02-11
1488,1620,2025-02-10,2025-02-10,2025-02-11
1489,1621,2025-02-11,2025-02-10,2025-02-14
1490,1622,2025-02-10,2025-02-10,2025-02-12
1491,1624,2025-02-12,2025-02-10,2025-02-12
1492,1626,2025-02-11,2025-02-13,2025-02-16
1493,1627,2025-02-11,2025-02-10,2025-02-12
1494,1628,2025-02-11,2025-02-10,2025-02-12
1495,1629,2025-02-11,2025-02-10,2025-02-14
1496,1630,2025-02-11,2025-02-10,2025-02-13
1497,1631,2025-02-11,2025-02-10,2025-02-11
1498,1632,2025-02-11,2025-02-10,2025-02-13
1499,1634,2025-02-10,2025-02-13,2025-02-17
1500,1637,2025-02-11,2025-02-10,2025-02-12
1501,1638,2025-02-12,2025-02-11,2025-02-14
1502,1639,2025-02-12,2025-02-11,2025-02-12
1503,1640,2025-02-10,2025-02-10,2025-02-14
1504,1641,2025-02-11,2025-02-11,2025-02-13
1505,1642,2025-02-10,,
1506,1643,2025-02-11,2025-02-10,2025-02-14
1507,1644,2025-02-11,2025-02-10,2025-02-13
1508,1645,2025-02-11,2025-02-09,2025-02-11
1509,1646,2025-02-11,2025-02-09,2025-02-11
1510,1647,2025-02-11,2025-02-13,2025-02-14
1511,1648,2025-02-11,2025-02-11,2025-02-14
1512,1649,2025-02-11,2025-02-13,2025-02-16
1513,1650,2025-02-10,2025-02-10,2025-02-11
1514,1651,2025-02-11,2025-02-11,2025-02-12
1515,1653,2025-02-12,2025-02-11,2025-02-12
1516,1654,2025-02-10,2025-02-11,2025-02-13
1517,1655,2025-02-11,2025-02-13,2025-02-15
1518,1656,2025-02-11,2025-02-13,2025-02-17
1519,1658,2025-02-11,,
1520,1659,2025-02-12,2025-02-09,2025-02-11
1521,1662,2025-02-12,2025-02-15,2025-02-17
1522,1663,2025-02-10,2025-02-11,2025-02-14
1523,1664,2025-02-11,2025-02-13,2025-02-16
1524,1666,2025-02-10,2025-02-10,2025-02-12
1525,1667,2025-02-11,2025-02-13,2025-02-15
1526,1668,2025-02-11,2025-02-09,2025-02-10
1527,1669,2025-02-12,2025-02-09,2025-02-12
1528,1670,2025-02-10,2025-02-15,2025-02-17
1529,1671,2025-02-12,2025-02-11,2025-02-13
1530,1672,2025-02-11,2025-02-12,2025-02-15
1531,1674,2025-02-11,2025-02-14,2025-02-18
1532,1675,2025-02-13,2025-02-11,2025-02-13
1533,1676,2025-02-13,2025-02-12,2025-02-16
1534,1677,2025-02-13,2025-02-11,2025-02-14
1535,1678,2025-02-11,2025-02-12,2025-02-15
1536,1679,2025-02-13,2025-02-10,2025-02-14
1537,1680,2025-02-12,2025-02-12,2025-02-15
1538,1681,2025-02-12,2025-02-11,2025-02-15
1539,1682,2025-02-13,2025-02-14,2025-02-16
1540,1683,2025-02-11,2025-02-12,2025-02-16
1541,1684,2025-02-12,2025-02-11,2025-02-15
1542,1685,2025-02-12,2025-02-11,2025-02-12
1543,1686,2025-02-12,2025-02-12,2025-02-13
1544,1687,2025-02-12,2025-02-12,2025-02-14
1545,1688,2025-02-12,2025-02-12,2025-02-14
1546,1689,2025-02-12,2025-02-11,2025-02-12
1547,1690,2025-02-11,2025-02-14,2025-02-16
1548,1691,2025-02-11,2025-02-12,2025-02-15
1549,1692,2025-02-13,2025-02-11,2025-02-12
1550,1693,2025-02-12,2025-02-14,2025-02-16
1551,1695,2025-02-12,2025-02-10,2025-02-12
1552,1696,2025-02-11,2025-02-12,2025-02-15
1553,1698,2025-02-12,2025-02-11,2025-02-13
1554,1699,2025-02-11,2025-02-12,2025-02-16
1555,1700,2025-02-12,2025-02-14,2025-02-17
1556,1702,2025-02-12,2025-02-12,2025-02-16
1557,1703,2025-02-11,2025-02-14,2025-02-15
1558,1704,2025-02-11,2025-02-12,2025-02-15
1559,1705,2025-02-12,2025-02-16,2025-02-20
1560,1706,2025-02-13,2025-02-11,2025-02-12
1561,1707,2025-02-12,2025-02-11,2025-02-15
1562,1708,2025-02-12,2025-02-11,2025-02-13
1563,1709,2025-02-13,2025-02-14,2025-02-16
1564,1710,2025-02-12,2025-02-14,2025-02-15
1565,1712,2025-02-12,2025-02-11,2025-02-12
1566,1713,2025-02-12,2025-02-16,2025-02-17
1567,1714,2025-02-12,2025-02-12,2025-02-16
1568,1715,2025-02-13,2025-02-11,2025-02-14
1569,1716,2025-02-12,,
1570,1717,2025-02-12,,
1571,1718,2025-02-13,2025-02-10,2025-02-11
1572,1719,2025-02-11,2025-02-11,2025-02-14
1573,1720,2025-02-13,2025-02-14,2025-02-18
1574,1721,2025-02-12,2025-02-12,2025-02-14
1575,1722,2025-02-11,2025-02-11,2025-02-13
1576,1723,2025-02-12,2025-02-12,2025-02-15
1577,1724,2025-02-12,2025-02-12,2025-02-14
1578,1725,2025-02-13,2025-02-11,2025-02-13
1579,1726,2025-02-14,2025-02-11,2025-02-12
1580,1727,2025-02-13,2025-02-13,2025-02-17
1581,1728,2025-02-12,2025-02-13,2025-02-15
1582,1729,2025-02-13,2025-02-13,2025-02-17
1583,1731,2025-02-13,2025-02-12,2025-02-15
1584,1732,2025-02-14,2025-02-12,2025-02-16
1585,1733,2025-02-12,,
1586,1734,2025-02-14,2025-02-12,2025-02-14
1587,1735,2025-02-13,2025-02-12,2025-02-13
1588,1736,2025-02-14,2025-02-12,2025-02-13
1589,1737,2025-02-12,2025-02-12,2025-02-14
1590,1738,2025-02-13,2025-02-13,2025-02-14
1591,1739,2025-02-12,2025-02-12,2025-02-14
1592,1740,2025-02-14,2025-02-11,2025-02-13
1593,1741,2025-02-12,2025-02-13,2025-02-17
1594,1742,2025-02-13,2025-02-15,2025-02-17
1595,1743,2025-02-13,2025-02-11,2025-02-13
1596,1744,2025-02-13,2025-02-11,2025-02-13
1597,1747,2025-02-13,2025-02-13,2025-02-16
1598,1748,2025-02-13,2025-02-12,2025-02-16
1599,1750,2025-02-13,2025-02-13,2025-02-14
1600,1751,2025-02-13,2025-02-13,2025-02-17
1601,1752,2025-02-14,2025-02-11,2025-02-15
1602,1753,2025-02-14,2025-02-13,2025-02-14
1603,1754,2025-02-13,2025-02-13,2025-02-15
1604,1755,2025-02-13,2025-02-15,2025-02-19
1605,1756,2025-02-13,2025-02-13,2025-02-17
1606,1757,2025-02-13,2025-02-12,2025-02-13
1607,1758,2025-02-13,2025-02-11,2025-02-15
1608,1759,2025-02-12,2025-02-12,2025-02-16
1609,1760,2025-02-13,2025-02-13,2025-02-14
1610,1761,2025-02-14,2025-02-13,2025-02-17
1611,1762,2025-02-13,2025-02-12,2025-02-14
1612,1763,2025-02-13,,
1613,1765,2025-02-12,2025-02-13,2025-02-16
1614,1766,2025-02-12,2025-02-15,2025-02-18
1615,1767,2025-02-14,2025-02-12,2025-02-13
1616,1768,2025-02-13,2025-02-12,2025-02-16
1617,1769,2025-02-12,,
1618,1770,2025-02-13,2025-02-11,2025-02-14
1619,1771,2025-02-13,2025-02-11,2025-02-15
1620,1772,2025-02-13,2025-02-12,2025-02-15
1621,1773,2025-02-12,,
1622,1775,2025-02-15,2025-02-16,2025-02-20
1623,1776,2025-02-13,2025-02-13,2025-02-16
1624,1777,2025-02-14,2025-02-13,2025-02-15
1625,1778,2025-02-14,2025-02-16,2025-02-17
1626,1779,2025-02-14,2025-02-16,2025-02-17
1627,1780,2025-02-13,2025-02-14,2025-02-16
1628,1781,2025-02-13,2025-02-14,2025-02-17
1629,1782,2025-02-13,2025-02-13,2025-02-17
1630,1783,2025-02-15,2025-02-12,2025-02-13
1631,1784,2025-02-14,2025-02-13,2025-02-15
1632,1786,2025-02-13,2025-02-18,2025-02-19
1633,1787,2025-02-15,2025-02-14,2025-02-16
1634,1788,2025-02-15,2025-02-14,2025-02-15
1635,1789,2025-02-13,2025-02-16,2025-02-18
1636,1790,2025-02-13,2025-02-13,2025-02-17
1637,1791,2025-02-13,2025-02-14,2025-02-16
1638,1792,2025-02-13,2025-02-13,2025-02-15
1639,1793,2025-02-15,2025-02-14,2025-02-15
1640,1794,2025-02-14,2025-02-12,2025-02-13
1641,1795,2025-02-13,2025-02-12,2025-02-15
1642,1796,2025-02-15,2025-02-12,2025-02-13
1643,1797,2025-02-14,2025-02-13,2025-02-15
1644,1799,2025-02-14,2025-02-13,2025-02-15
1645,1800,2025-02-15,2025-02-13,2025-02-16
1646,1801,2025-02-14,2025-02-16,2025-02-19
1647,1802,2025-02-13,2025-02-13,2025-02-16
1648,1803,2025-02-14,,
1649,1804,2025-02-14,2025-02-13,2025-02-16
1650,1805,2025-02-14,2025-02-13,2025-02-15
1651,1806,2025-02-14,2025-02-12,2025-02-15
1652,1807,2025-02-15,2025-02-12,2025-02-15
1653,1808,2025-02-13,2025-02-16,2025-02-20
1654,1809,2025-02-15,2025-02-13,2025-02-17
1655,1810,2025-02-15,2025-02-12,2025-02-14
1656,1811,2025-02-14,2025-02-13,2025-02-14
1657,1813,2025-02-14,2025-02-13,2025-02-17
1658,1815,2025-02-13,2025-02-12,2025-02-13
1659,1816,2025-02-14,2025-02-16,2025-02-20
1660,1817,2025-02-14,2025-02-13,2025-02-16
1661,1818,2025-02-14,2025-02-12,2025-02-13
1662,1819,2025-02-14,2025-02-13,2025-02-16
1663,1820,2025-02-13,2025-02-13,2025-02-17
1664,1822,2025-02-14,,
1665,1823,2025-02-13,2025-02-13,2025-02-15
1666,1824,2025-02-14,2025-02-13,2025-02-15
1667,1826,2025-02-14,2025-02-16,2025-02-19
1668,1828,2025-02-15,2025-02-13,2025-02-14
1669,1829,2025-02-13,2025-02-13,2025-02-14
1670,1830,2025-02-15,2025-02-16,2025-02-18
1671,1831,2025-02-14,2025-02-13,2025-02-15
1672,1832,2025-02-14,2025-02-16,2025-02-18
1673,1833,2025-02-14,2025-02-14,2025-02-18
1674,1834,2025-02-15,2025-02-14,2025-02-16
1675,1835,2025-02-14,2025-02-14,2025-02-18
1676,1836,2025-02-15,2025-02-14,2025-02-18
1677,1837,2025-02-16,2025-02-14,2025-02-18
1678,1839,2025-02-14,2025-02-17,2025-02-18
1679,1840,2025-02-15,2025-02-14,2025-02-18
1680,1841,2025-02-14,2025-02-14,2025-02-16
1681,1842,2025-02-15,,
1682,1843,2025-02-15,2025-02-13,2025-02-15
1683,1844,2025-02-16,2025-02-13,2025-02-14
1684,1846,2025-02-14,2025-02-13,2025-02-17
1685,1847,2025-02-15,2025-02-14,2025-02-18
1686,1848,2025-02-16,2025-02-14,2025-02-17
1687,1849,2025-02-15,2025-02-15,2025-02-16
1688,1850,2025-02-15,2025-02-15,2025-02-17
1689,1853,2025-02-15,2025-02-13,2025-02-15
1690,1854,2025-02-15,2025-02-14,2025-02-18
1691,1855,2025-02-14,2025-02-17,2025-02-19
1692,1856,2025-02-14,2025-02-14,2025-02-17
1693,1857,2025-02-15,2025-02-15,2025-02-18
1694,1858,2025-02-14,2025-02-15,2025-02-17
1695,1860,2025-02-14,2025-02-14,2025-02-15
1696,1861,2025-02-14,2025-02-14,2025-02-16
1697,1862,2025-02-14,2025-02-15,2025-02-18
1698,1863,2025-02-15,2025-02-15,2025-02-16
1699,1864,2025-02-15,2025-02-13,2025-02-16
1700,1865,2025-02-14,2025-02-17,2025-02-18
1701,1866,2025-02-14,,
1702,1867,2025-02-15,2025-02-14,2025-02-18
1703,1868,2025-02-14,2025-02-17,2025-02-21
1704,1869,2025-02-15,2025-02-19,2025-02-23
1705,1870,2025-02-15,2025-02-19,2025-02-22
1706,1871,2025-02-14,2025-02-15,2025-02-16
1707,1872,2025-02-14,2025-02-15,2025-02-18
1708,1873,2025-02-15,2025-02-13,2025-02-16
1709,1874,2025-02-14,2025-02-15,2025-02-16
1710,1875,2025-02-15,2025-02-14,2025-02-15
1711,1876,2025-02-16,2025-02-14,2025-02-17
1712,1878,2025-02-15,2025-02-19,2025-02-21
1713,1879,2025-02-15,2025-02-15,2025-02-19
1714,1880,2025-02-15,2025-02-13,2025-02-14
1715,1881,2025-02-15,2025-02-14,2025-02-18
1716,1882,2025-02-15,2025-02-15,2025-02-18
1717,1883,2025-02-14,2025-02-17,2025-02-21
1718,1884,2025-02-15,2025-02-14,2025-02-15
1719,1885,2025-02-16,2025-02-13,2025-02-17
1720,1886,2025-02-16,2025-02-14,2025-02-16
1721,1887,2025-02-15,2025-02-19,2025-02-22
1722,1888,2025-02-14,2025-02-17,2025-02-20
1723,1889,2025-02-15,2025-02-14,2025-02-17
1724,1890,2025-02-15,2025-02-15,2025-02-16
1725,1891,2025-02-14,2025-02-14,2025-02-17
1726,1892,2025-02-15,2025-02-15,2025-02-18
1727,1893,2025-02-15,2025-02-18,2025-02-21
1728,1894,2025-02-17,2025-02-16,2025-02-17
1729,1895,2025-02-15,,
1730,1897,2025-02-16,2025-02-18,2025-02-20
1731,1898,2025-02-16,,
1732,1899,2025-02-15,2025-02-14,2025-02-17
1733,1900,2025-02-17,2025-02-20,2025-02-23
1734,1901,2025-02-16,2025-02-15,2025-02-18
1735,1902,2025-02-16,2025-02-14,2025-02-15
1736,1903,2025-02-15,,
1737,1904,2025-02-17,2025-02-14,2025-02-17
1738,1905,2025-02-16,2025-02-16,2025-02-20
1739,1906,2025-02-16,2025-02-14,2025-02-16
1740,1907,2025-02-16,2025-02-18,2025-02-21
1741,1908,2025-02-16,2025-02-14,2025-02-18
1742,1909,2025-02-16,,
1743,1910,2025-02-16,2025-02-16,2025-02-17
1744,1911,2025-02-17,2025-02-15,2025-02-16
1745,1912,2025-02-16,2025-02-15,2025-02-19
1746,1913,2025-02-16,2025-02-16,2025-02-17
1747,1914,2025-02-15,2025-02-15,2025-02-18
1748,1915,2025-02-15,,
1749,1916,2025-02-16,2025-02-15,2025-02-18
1750,1917,2025-02-17,2025-02-14,2025-02-17
1751,1918,2025-02-16,2025-02-15,2025-02-18
1752,1919,2025-02-17,2025-02-15,2025-02-19
1753,1920,2025-02-16,2025-02-16,2025-02-20
1754,1921,2025-02-15,2025-02-15,2025-02-17
1755,1922,2025-02-16,2025-02-18,2025-02-20
1756,1923,2025-02-16,,
1757,1924,2025-02-16,2025-02-16,2025-02-17
1758,1925,2025-02-16,2025-02-14,2025-02-18
1759,1926,2025-02-15,2025-02-16,2025-02-17
1760,1928,2025-02-15,2025-02-15,2025-02-18
1761,1929,2025-02-15,2025-02-20,2025-02-23
1762,1930,2025-02-16,2025-02-16,2025-02-19
1763,1932,2025-02-15,2025-02-14,2025-02-15
1764,1933,2025-02-17,2025-02-15,2025-02-19
1765,1934,2025-02-16,2025-02-18,2025-02-21
1766,1935,2025-02-16,2025-02-15,2025-02-18
1767,1936,2025-02-15,2025-02-14,2025-02-18
1768,1937,2025-02-15,2025-02-15,2025-02-19
1769,1938,2025-02-15,2025-02-15,2025-02-19
1770,1940,2025-02-16,2025-02-16,2025-02-17
1771,1941,2025-02-17,2025-02-15,2025-02-17
1772,1942,2025-02-16,2025-02-15,2025-02-16
1773,1943,2025-02-17,2025-02-16,2025-02-19
1774,1944,2025-02-16,2025-02-15,2025-02-18
1775,1945,2025-02-16,2025-02-15,2025-02-19
1776,1946,2025-02-17,2025-02-15,2025-02-16
1777,1947,2025-02-17,2025-02-17,2025-02-21
1778,1948,2025-02-18,,
1779,1949,2025-02-17,2025-02-15,2025-02-19
1780,1951,2025-02-16,2025-02-17,2025-02-20
1781,1952,2025-02-17,2025-02-17,2025-02-20
1782,1953,2025-02-17,2025-02-16,2025-02-17
1783,1954,2025-02-16,2025-02-16,2025-02-19
1784,1955,2025-02-17,2025-02-19,2025-02-23
1785,1956,2025-02-18,2025-02-19,2025-02-20
1786,1957,2025-02-17,2025-02-15,2025-02-18
1787,1958,2025-02-16,2025-02-16,2025-02-17
1788,1959,2025-02-17,2025-02-15,2025-02-19
1789,1961,2025-02-17,2025-02-16,2025-02-19
1790,1962,2025-02-18,2025-02-17,2025-02-18
1791,1963,2025-02-16,2025-02-19,2025-02-20
1792,1964,2025-02-17,2025-02-17,2025-02-18
1793,1965,2025-02-18,2025-02-17,2025-02-21
1794,1966,2025-02-18,2025-02-16,2025-02-18
1795,1967,2025-02-16,2025-02-17,2025-02-18
1796,1968,2025-02-16,2025-02-16,2025-02-20
1797,1969,2025-02-16,2025-02-17,2025-02-18
1798,1970,2025-02-17,2025-02-17,2025-02-18
1799,1971,2025-02-16,2025-02-16,2025-02-20
1800,1972,2025-02-17,2025-02-17,2025-02-21
1801,1973,2025-02-17,2025-02-16,2025-02-20
1802,1974,2025-02-17,2025-02-15,2025-02-16
1803,1975,2025-02-18,2025-02-16,2025-02-19
1804,1976,2025-02-17,2025-02-19,2025-02-22
1805,1977,2025-02-17,2025-02-19,2025-02-20
1806,1978,2025-02-17,2025-02-17,2025-02-21
1807,1979,2025-02-17,2025-02-16,2025-02-19
1808,1980,2025-02-18,2025-02-17,2025-02-20
1809,1981,2025-02-16,2025-02-21,2025-02-22
1810,1982,2025-02-17,2025-02-21,2025-02-23
1811,1983,2025-02-17,2025-02-16,2025-02-17
1812,1984,2025-02-17,2025-02-15,2025-02-19
1813,1985,2025-02-18,2025-02-16,2025-02-18
1814,1986,2025-02-17,,
1815,1987,2025-02-17,2025-02-21,2025-02-24
1816,1988,2025-02-17,2025-02-16,2025-02-20
1817,1989,2025-02-17,2025-02-16,2025-02-20
1818,1990,2025-02-18,2025-02-15,2025-02-17
1819,1991,2025-02-17,2025-02-16,2025-02-20
1820,1992,2025-02-17,2025-02-16,2025-02-17
1821,1993,2025-02-17,2025-02-16,2025-02-19
1822,1994,2025-02-17,2025-02-19,2025-02-21
1823,1995,2025-02-18,2025-02-16,2025-02-18
1824,1996,2025-02-17,2025-02-16,2025-02-18
1825,1997,2025-02-17,2025-02-17,2025-02-21
1826,1998,2025-02-17,2025-02-21,2025-02-24
1827,1999,2025-02-17,2025-02-15,2025-02-16
1828,2000,2025-02-17,2025-02-16,2025-02-20
1829,2001,2025-02-17,2025-02-17,2025-02-18
1830,2002,2025-02-17,2025-02-19,2025-02-23
1831,2003,2025-02-18,2025-02-17,2025-02-18
1832,2004,2025-02-18,2025-02-20,2025-02-24
1833,2005,2025-02-19,2025-02-16,2025-02-18
1834,2006,2025-02-18,2025-02-16,2025-02-19
1835,2007,2025-02-17,2025-02-17,2025-02-20
1836,2008,2025-02-18,2025-02-16,2025-02-20
1837,2009,2025-02-18,2025-02-18,2025-02-22
1838,2010,2025-02-18,2025-02-16,2025-02-18
1839,2011,2025-02-18,2025-02-22,2025-02-23
1840,2013,2025-02-18,2025-02-18,2025-02-21
1841,2014,2025-02-18,2025-02-20,2025-02-23
1842,2015,2025-02-18,2025-02-17,2025-02-21
1843,2016,2025-02-17,2025-02-18,2025-02-22
1844,2017,2025-02-18,2025-02-16,2025-02-18
1845,2018,2025-02-19,2025-02-16,2025-02-20
1846,2019,2025-02-18,2025-02-16,2025-02-20
1847,2020,2025-02-19,2025-02-18,2025-02-21
1848,2021,2025-02-18,,
1849,2022,2025-02-18,2025-02-17,2025-02-19
1850,2023,2025-02-18,2025-02-18,2025-02-21
1851,2024,2025-02-19,2025-02-20,2025-02-21
1852,2025,2025-02-18,2025-02-16,2025-02-20
1853,2026,2025-02-18,2025-02-20,2025-02-21
1854,2027,2025-02-18,2025-02-18,2025-02-21
1855,2028,2025-02-19,2025-02-18,2025-02-19
1856,2029,2025-02-18,2025-02-17,2025-02-19
1857,2030,2025-02-17,2025-02-20,2025-02-22
1858,2031,2025-02-18,2025-02-17,2025-02-19
1859,2032,2025-02-19,2025-02-18,2025-02-21
1860,2033,2025-02-17,,
1861,2034,2025-02-18,2025-02-22,2025-02-23
1862,2035,2025-02-19,2025-02-20,2025-02-24
1863,2037,2025-02-18,2025-02-16,2025-02-19
1864,2038,2025-02-18,2025-02-20,2025-02-24
1865,2039,2025-02-18,2025-02-18,2025-02-21
1866,2040,2025-02-19,2025-02-17,2025-02-20
1867,2041,2025-02-18,2025-02-17,2025-02-18
1868,2042,2025-02-19,2025-02-16,2025-02-19
1869,2043,2025-02-17,2025-02-18,2025-02-21
1870,2044,2025-02-18,2025-02-17,2025-02-20
1871,2045,2025-02-19,2025-02-18,2025-02-20
1872,2047,2025-02-17,2025-02-17,2025-02-21
1873,2048,2025-02-19,2025-02-18,2025-02-20
1874,2049,2025-02-17,2025-02-17,2025-02-18
1875,2050,2025-02-18,2025-02-16,2025-02-18
1876,2051,2025-02-18,2025-02-20,2025-02-24
1877,2052,2025-02-18,2025-02-17,2025-02-19
1878,2053,2025-02-18,2025-02-17,2025-02-21
1879,2054,2025-02-19,2025-02-16,2025-02-17
1880,2055,2025-02-19,2025-02-17,2025-02-19
1881,2057,2025-02-18,2025-02-17,2025-02-18
1882,2058,2025-02-18,2025-02-17,2025-02-19
1883,2059,2025-02-18,2025-02-17,2025-02-21
1884,2060,2025-02-19,2025-02-20,2025-02-24
1885,2061,2025-02-18,2025-02-16,2025-02-19
1886,2062,2025-02-17,2025-02-20,2025-02-21
1887,2063,2025-02-18,2025-02-17,2025-02-18
1888,2064,2025-02-18,2025-02-16,2025-02-18
1889,2065,2025-02-19,2025-02-19,2025-02-23
1890,2066,2025-02-20,2025-02-21,2025-02-25
1891,2067,2025-02-19,2025-02-17,2025-02-21
1892,2069,2025-02-20,2025-02-19,2025-02-22
1893,2070,2025-02-19,2025-02-21,2025-02-22
1894,2071,2025-02-20,2025-02-19,2025-02-22
1895,2072,2025-02-19,2025-02-19,2025-02-20
1896,2073,2025-02-20,2025-02-17,2025-02-20
1897,2074,2025-02-19,2025-02-18,2025-02-22
1898,2075,2025-02-19,2025-02-18,2025-02-20
1899,2076,2025-02-20,2025-02-19,2025-02-20
1900,2078,2025-02-20,2025-02-19,2025-02-23
1901,2079,2025-02-19,2025-02-18,2025-02-22
1902,2080,2025-02-18,2025-02-23,2025-02-26
1903,2081,2025-02-19,2025-02-23,2025-02-27
1904,2082,2025-02-18,2025-02-18,2025-02-21
1905,2083,2025-02-20,2025-02-19,2025-02-23
1906,2084,2025-02-20,2025-02-18,2025-02-22
1907,2085,2025-02-20,2025-02-17,2025-02-20
1908,2086,2025-02-19,2025-02-19,2025-02-23
1909,2087,2025-02-19,2025-02-23,2025-02-27
1910,2088,2025-02-20,2025-02-18,2025-02-20
1911,2089,2025-02-19,2025-02-19,2025-02-22
1912,2090,2025-02-19,2025-02-19,2025-02-23
1913,2091,2025-02-19,2025-02-19,2025-02-20
1914,2092,2025-02-19,2025-02-17,2025-02-20
1915,2093,2025-02-20,2025-02-18,2025-02-22
1916,2094,2025-02-19,2025-02-19,2025-02-23
1917,2095,2025-02-18,2025-02-19,2025-02-23
1918,2096,2025-02-19,,
1919,2097,2025-02-19,2025-02-19,2025-02-23
1920,2098,2025-02-18,2025-02-19,2025-02-21
1921,2099,2025-02-18,2025-02-21,2025-02-22
1922,2100,2025-02-18,2025-02-19,2025-02-21
1923,2101,2025-02-19,2025-02-17,2025-02-20
1924,2102,2025-02-20,2025-02-19,2025-02-22
1925,2103,2025-02-18,2025-02-18,2025-02-22
1926,2104,2025-02-18,2025-02-18,2025-02-19
1927,2105,2025-02-20,2025-02-19,2025-02-22
1928,2106,2025-02-19,2025-02-19,2025-02-23
1929,2107,2025-02-19,2025-02-18,2025-02-20
1930,2108,2025-02-19,2025-02-18,2025-02-19
1931,2109,2025-02-19,2025-02-19,2025-02-21
1932,2110,2025-02-18,2025-02-19,2025-02-23
1933,2111,2025-02-18,2025-02-18,2025-02-22
1934,2112,2025-02-19,2025-02-19,2025-02-20
1935,2113,2025-02-19,2025-02-21,2025-02-22
1936,2114,2025-02-19,2025-02-18,2025-02-20
1937,2115,2025-02-18,2025-02-23,2025-02-27
1938,2116,2025-02-19,2025-02-18,2025-02-19
1939,2117,2025-02-20,2025-02-19,2025-02-23
1940,2118,2025-02-20,2025-02-19,2025-02-20
1941,2119,2025-02-19,2025-02-18,2025-02-21
1942,2121,2025-02-19,2025-02-18,2025-02-22
1943,2122,2025-02-19,2025-02-18,2025-02-19
1944,2123,2025-02-20,2025-02-18,2025-02-22
1945,2124,2025-02-21,2025-02-20,2025-02-21
1946,2125,2025-02-21,2025-02-19,2025-02-21
1947,2126,2025-02-20,2025-02-20,2025-02-24
1948,2127,2025-02-20,2025-02-19,2025-02-21
1949,2128,2025-02-20,2025-02-22,2025-02-23
1950,2129,2025-02-21,2025-02-19,2025-02-23
1951,2130,2025-02-20,2025-02-20,2025-02-24
1952,2131,2025-02-20,2025-02-18,2025-02-21
1953,2132,2025-02-21,2025-02-19,2025-02-23
1954,2133,2025-02-20,2025-02-20,2025-02-23
1955,2134,2025-02-20,2025-02-22,2025-02-24
1956,2135,2025-02-20,2025-02-18,2025-02-20
1957,2136,2025-02-20,2025-02-19,2025-02-23
1958,2137,2025-02-20,2025-02-20,2025-02-22
1959,2138,2025-02-20,2025-02-20,2025-02-22
1960,2139,2025-02-20,2025-02-19,2025-02-21
1961,2140,2025-02-19,2025-02-22,2025-02-24
1962,2141,2025-02-20,2025-02-20,2025-02-24
1963,2144,2025-02-20,2025-02-19,2025-02-20
1964,2145,2025-02-21,2025-02-22,2025-02-24
1965,2146,2025-02-20,2025-02-19,2025-02-21
1966,2147,2025-02-21,2025-02-20,2025-02-24
1967,2148,2025-02-19,2025-02-22,2025-02-25
1968,2149,2025-02-20,2025-02-19,2025-02-21
1969,2151,2025-02-19,2025-02-18,2025-02-21
1970,2152,2025-02-19,2025-02-19,2025-02-23
1971,2153,2025-02-20,2025-02-19,2025-02-23
1972,2154,2025-02-21,2025-02-19,2025-02-22
1973,2155,2025-02-20,2025-02-19,2025-02-21
1974,2156,2025-02-20,2025-02-20,2025-02-24
1975,2157,2025-02-20,2025-02-20,2025-02-24
1976,2158,2025-02-20,2025-02-20,2025-02-22
1977,2159,2025-02-21,2025-02-18,2025-02-19
1978,2160,2025-02-21,2025-02-20,2025-02-22
1979,2161,2025-02-20,2025-02-18,2025-02-22
1980,2162,2025-02-19,2025-02-19,2025-02-21
1981,2163,2025-02-20,2025-02-19,2025-02-23
1982,2164,2025-02-19,2025-02-19,2025-02-20
1983,2165,2025-02-19,2025-02-19,2025-02-21
1984,2166,2025-02-20,2025-02-20,2025-02-22
1985,2167,2025-02-20,2025-02-24,2025-02-28
1986,2168,2025-02-20,2025-02-22,2025-02-26
1987,2169,2025-02-20,,
1988,2170,2025-02-21,2025-02-20,2025-02-23
1989,2171,2025-02-20,2025-02-22,2025-02-25
1990,2172,2025-02-19,2025-02-20,2025-02-22
1991,2173,2025-02-20,2025-02-20,2025-02-24
1992,2174,2025-02-20,2025-02-19,2025-02-20
1993,2175,2025-02-20,2025-02-19,2025-02-20
1994,2176,2025-02-20,2025-02-19,2025-02-21
1995,2177,2025-02-19,2025-02-22,2025-02-23
1996,2178,2025-02-20,2025-02-20,2025-02-21
1997,2179,2025-02-20,2025-02-22,2025-02-24
1998,2180,2025-02-20,2025-02-22,2025-02-26
1999,2181,2025-02-19,2025-02-22,2025-02-26
2000,2182,2025-02-21,2025-02-18,2025-02-22
2001,2183,2025-02-20,2025-02-18,2025-02-21
2002,2184,2025-02-20,,
2003,2185,2025-02-19,2025-02-19,2025-02-21
2004,2186,2025-02-20,2025-02-19,2025-02-23
2005,2187,2025-02-20,2025-02-20,2025-02-21
2006,2188,2025-02-21,2025-02-20,2025-02-24
2007,2191,2025-02-20,2025-02-21,2025-02-22
2008,2192,2025-02-21,2025-02-20,2025-02-23
2009,2193,2025-02-20,2025-02-21,2025-02-22
2010,2194,2025-02-21,2025-02-23,2025-02-25
2011,2195,2025-02-22,2025-02-20,2025-02-24
2012,2196,2025-02-22,2025-02-23,2025-02-26
2013,2197,2025-02-22,2025-02-20,2025-02-22
2014,2199,2025-02-22,2025-02-25,2025-02-26
2015,2203,2025-02-21,,
2016,2204,2025-02-21,2025-02-21,2025-02-23
2017,2205,2025-02-22,2025-02-20,2025-02-23
2018,2206,2025-02-22,2025-02-20,2025-02-22
2019,2207,2025-02-21,2025-02-19,2025-02-22
2020,2208,2025-02-22,2025-02-20,2025-02-23
2021,2210,2025-02-21,2025-02-25,2025-02-27
2022,2211,2025-02-21,2025-02-21,2025-02-25
2023,2212,2025-02-20,2025-02-23,2025-02-25
2024,2213,2025-02-21,2025-02-19,2025-02-21
2025,2214,2025-02-21,2025-02-19,2025-02-21
2026,2215,2025-02-20,2025-02-23,2025-02-27
2027,2216,2025-02-21,2025-02-25,2025-02-28
2028,2217,2025-02-22,2025-02-23,2025-02-26
2029,2218,2025-02-21,2025-02-19,2025-02-22
2030,2220,2025-02-20,2025-02-20,2025-02-23
2031,2221,2025-02-21,2025-02-25,2025-02-27
2032,2222,2025-02-21,2025-02-21,2025-02-22
2033,2223,2025-02-20,,
2034,2224,2025-02-20,2025-02-20,2025-02-22
2035,2225,2025-02-21,2025-02-21,2025-02-22
2036,2227,2025-02-22,2025-02-20,2025-02-24
2037,2228,2025-02-22,2025-02-20,2025-02-22
2038,2229,2025-02-21,2025-02-20,2025-02-21
2039,2230,2025-02-21,2025-02-25,2025-02-26
2040,2231,2025-02-21,2025-02-23,2025-02-27
2041,2232,2025-02-20,2025-02-23,2025-02-25
2042,2233,2025-02-22,2025-02-20,2025-02-24
2043,2234,2025-02-21,2025-02-20,2025-02-22
2044,2235,2025-02-20,2025-02-20,2025-02-21
2045,2236,2025-02-21,2025-02-21,2025-02-23
2046,2237,2025-02-21,2025-02-21,2025-02-22
2047,2238,2025-02-22,2025-02-21,2025-02-24
2048,2239,2025-02-21,,
2049,2240,2025-02-21,2025-02-19,2025-02-20
2050,2241,2025-02-21,2025-02-19,2025-02-22
2051,2242,2025-02-21,2025-02-20,2025-02-24
2052,2243,2025-02-21,2025-02-20,2025-02-22
2053,2244,2025-02-21,2025-02-19,2025-02-23
2054,2245,2025-02-21,2025-02-19,2025-02-20
2055,2246,2025-02-21,2025-02-21,2025-02-25
2056,2247,2025-02-21,2025-02-20,2025-02-22
2057,2248,2025-02-21,2025-02-24,2025-02-25
2058,2249,2025-02-22,2025-02-22,2025-02-24
2059,2250,2025-02-23,2025-02-21,2025-02-24
2060,2251,2025-02-23,2025-02-21,2025-02-23
2061,2252,2025-02-23,2025-02-22,2025-02-26
2062,2253,2025-02-22,2025-02-20,2025-02-22
2063,2254,2025-02-21,2025-02-20,2025-02-22
2064,2255,2025-02-23,2025-02-22,2025-02-24
2065,2256,2025-02-22,2025-02-24,2025-02-26
2066,2257,2025-02-22,2025-02-21,2025-02-24
2067,2258,2025-02-23,2025-02-20,2025-02-23
2068,2259,2025-02-22,2025-02-21,2025-02-23
2069,2261,2025-02-22,2025-02-20,2025-02-23
2070,2262,2025-02-23,2025-02-21,2025-02-23
2071,2263,2025-02-21,2025-02-20,2025-02-24
2072,2264,2025-02-22,2025-02-21,2025-02-25
2073,2266,2025-02-23,2025-02-22,2025-02-23
2074,2267,2025-02-23,2025-02-21,2025-02-24
2075,2268,2025-02-21,,
2076,2269,2025-02-21,2025-02-22,2025-02-23
2077,2270,2025-02-23,2025-02-24,2025-02-26
2078,2271,2025-02-23,2025-02-22,2025-02-25
2079,2273,2025-02-22,2025-02-21,2025-02-24
2080,2274,2025-02-21,2025-02-22,2025-02-24
2081,2275,2025-02-21,2025-02-22,2025-02-25
2082,2276,2025-02-23,2025-02-20,2025-02-24
2083,2277,2025-02-22,2025-02-22,2025-02-24
2084,2278,2025-02-22,2025-02-21,2025-02-22
2085,2279,2025-02-22,2025-02-22,2025-02-25
2086,2281,2025-02-21,2025-02-21,2025-02-24
2087,2282,2025-02-22,2025-02-26,2025-03-01
2088,2283,2025-02-22,2025-02-20,2025-02-22
2089,2284,2025-02-22,2025-02-22,2025-02-24
2090,2285,2025-02-22,2025-02-24,2025-02-26
2091,2286,2025-02-22,2025-02-22,2025-02-23
2092,2287,2025-02-23,2025-02-23,2025-02-24
2093,2288,2025-02-24,2025-02-22,2025-02-23
2094,2290,2025-02-24,2025-02-21,2025-02-24
2095,2291,2025-02-24,2025-02-25,2025-02-27
2096,2292,2025-02-22,2025-02-21,2025-02-22
2097,2293,2025-02-23,2025-02-23,2025-02-26
2098,2294,2025-02-22,2025-02-22,2025-02-25
2099,2295,2025-02-23,2025-02-25,2025-03-01
2100,2296,2025-02-23,2025-02-23,2025-02-25
2101,2297,2025-02-23,2025-02-22,2025-02-23
2102,2298,2025-02-23,2025-02-23,2025-02-27
2103,2299,2025-02-24,,
2104,2300,2025-02-23,2025-02-25,2025-03-01
2105,2303,2025-02-23,2025-02-22,2025-02-26
2106,2304,2025-02-23,2025-02-23,2025-02-25
2107,2305,2025-02-22,2025-02-22,2025-02-23
2108,2306,2025-02-23,2025-02-23,2025-02-27
2109,2307,2025-02-22,2025-02-23,2025-02-25
2110,2308,2025-02-23,2025-02-21,2025-02-24
2111,2309,2025-02-24,2025-02-22,2025-02-23
2112,2310,2025-02-23,2025-02-21,2025-02-23
2113,2311,2025-02-22,2025-02-22,2025-02-24
2114,2312,2025-02-22,2025-02-25,2025-02-28
2115,2313,2025-02-24,2025-02-22,2025-02-25
2116,2314,2025-02-23,,
2117,2315,2025-02-23,2025-02-25,2025-02-27
2118,2316,2025-02-24,2025-02-22,2025-02-23
2119,2317,2025-02-24,2025-02-22,2025-02-24
2120,2318,2025-02-23,2025-02-22,2025-02-26
2121,2319,2025-02-25,2025-02-22,2025-02-24
2122,2320,2025-02-24,2025-02-26,2025-03-01
2123,2321,2025-02-24,2025-02-26,2025-02-27
2124,2322,2025-02-23,2025-02-23,2025-02-27
2125,2323,2025-02-25,2025-02-23,2025-02-24
2126,2324,2025-02-23,2025-02-23,2025-02-24
2127,2325,2025-02-23,2025-02-24,2025-02-26
2128,2326,2025-02-23,2025-02-22,2025-02-23
2129,2327,2025-02-24,2025-02-26,2025-02-27
2130,2328,2025-02-24,2025-02-22,2025-02-25
2131,2329,2025-02-25,2025-02-23,2025-02-26
2132,2330,2025-02-24,2025-02-23,2025-02-26
2133,2331,2025-02-24,2025-02-23,2025-02-25
2134,2332,2025-02-23,2025-02-23,2025-02-26
2135,2333,2025-02-25,2025-02-24,2025-02-28
2136,2334,2025-02-23,2025-02-23,2025-02-27
2137,2335,2025-02-25,,
2138,2337,2025-02-23,2025-02-23,2025-02-26
2139,2338,2025-02-25,2025-02-23,2025-02-25
2140,2339,2025-02-24,2025-02-23,2025-02-24
2141,2340,2025-02-23,2025-02-23,2025-02-27
2142,2341,2025-02-24,2025-02-24,2025-02-26
2143,2342,2025-02-24,2025-02-24,2025-02-25
2144,2343,2025-02-25,2025-02-23,2025-02-24
2145,2344,2025-02-23,2025-02-26,2025-02-27
2146,2345,2025-02-23,2025-02-23,2025-02-24
2147,2346,2025-02-24,2025-02-26,2025-03-01
2148,2347,2025-02-24,2025-02-23,2025-02-24
2149,2348,2025-02-24,2025-02-24,2025-02-28
2150,2349,2025-02-25,2025-02-23,2025-02-24
2151,2350,2025-02-25,2025-02-23,2025-02-25
2152,2351,2025-02-24,2025-02-24,2025-02-26
2153,2352,2025-02-23,2025-02-26,2025-02-28
2154,2353,2025-02-23,2025-02-24,2025-02-25
2155,2354,2025-02-25,2025-02-24,2025-02-26
2156,2355,2025-02-24,2025-02-28,2025-03-02
2157,2356,2025-02-24,2025-02-23,2025-02-24
2158,2357,2025-02-23,2025-02-23,2025-02-24
2159,2358,2025-02-25,2025-02-27,2025-03-02
2160,2359,2025-02-25,2025-02-25,2025-02-28
2161,2360,2025-02-25,2025-02-23,2025-02-24
2162,2361,2025-02-25,2025-02-24,2025-02-26
2163,2362,2025-02-26,2025-02-24,2025-02-26
2164,2363,2025-02-26,2025-02-27,2025-03-03
2165,2364,2025-02-26,2025-02-23,2025-02-27
2166,2366,2025-02-25,2025-02-27,2025-02-28
2167,2367,2025-02-24,2025-02-23,2025-02-26
2168,2368,2025-02-24,2025-02-27,2025-03-02
2169,2370,2025-02-25,2025-02-23,2025-02-24
2170,2371,2025-02-25,2025-02-24,2025-02-26
2171,2372,2025-02-25,,
2172,2373,2025-02-25,2025-02-25,2025-02-28
2173,2374,2025-02-26,2025-02-25,2025-03-01
2174,2375,2025-02-24,2025-02-24,2025-02-25
2175,2376,2025-02-25,2025-02-23,2025-02-26
2176,2377,2025-02-25,2025-02-24,2025-02-26
2177,2378,2025-02-26,2025-02-25,2025-03-01
2178,2379,2025-02-25,2025-02-25,2025-02-26
2179,2380,2025-02-26,2025-02-25,2025-03-01
2180,2381,2025-02-25,2025-02-24,2025-02-25
2181,2382,2025-02-25,2025-02-27,2025-02-28
2182,2383,2025-02-24,2025-02-27,2025-02-28
2183,2384,2025-02-25,2025-03-01,2025-03-03
2184,2385,2025-02-25,2025-02-24,2025-02-28
2185,2386,2025-02-25,2025-02-25,2025-02-27
2186,2387,2025-02-25,2025-02-24,2025-02-28
2187,2388,2025-02-25,2025-02-24,2025-02-27
2188,2389,2025-02-24,,
2189,2390,2025-02-25,2025-02-24,2025-02-27
2190,2391,2025-02-25,2025-02-25,2025-03-01
2191,2392,2025-02-26,2025-02-24,2025-02-28
2192,2393,2025-02-26,2025-02-26,2025-02-27
2193,2394,2025-02-26,2025-03-02,2025-03-05
2194,2395,2025-02-25,2025-02-26,2025-03-02
2195,2396,2025-02-26,2025-02-25,2025-02-26
2196,2397,2025-02-27,2025-02-24,2025-02-27
2197,2398,2025-02-26,2025-03-02,2025-03-04
2198,2399,2025-02-25,2025-02-26,2025-03-01
2199,2400,2025-02-27,2025-02-26,2025-02-28
2200,2401,2025-02-26,2025-02-26,2025-02-28
2201,2402,2025-02-25,2025-02-25,2025-02-28
2202,2403,2025-02-26,2025-02-26,2025-02-28
2203,2404,2025-02-27,2025-02-25,2025-02-28
2204,2405,2025-02-26,2025-02-26,2025-03-01
2205,2406,2025-02-26,2025-02-25,2025-02-26
2206,2407,2025-02-25,2025-02-24,2025-02-27
2207,2408,2025-02-25,2025-02-25,2025-02-26
2208,2409,2025-02-26,2025-02-26,2025-03-01
2209,2410,2025-02-26,2025-02-25,2025-02-26
2210,2411,2025-02-27,,
2211,2412,2025-02-25,2025-02-25,2025-02-28
2212,2414,2025-02-25,2025-02-26,2025-02-27
2213,2415,2025-02-25,2025-02-25,2025-03-01
2214,2416,2025-02-27,2025-02-25,2025-02-27
2215,2417,2025-02-26,2025-02-28,2025-03-01
2216,2418,2025-02-26,2025-02-25,2025-03-01
2217,2419,2025-02-26,2025-02-26,2025-03-01
2218,2420,2025-02-26,2025-02-25,2025-02-27
2219,2421,2025-02-25,2025-02-25,2025-03-01
2220,2422,2025-02-26,2025-02-24,2025-02-26
2221,2423,2025-02-26,2025-02-25,2025-03-01
2222,2424,2025-02-27,2025-02-25,2025-03-01
2223,2425,2025-02-25,2025-02-25,2025-02-27
2224,2426,2025-02-26,2025-02-28,2025-03-03
2225,2427,2025-02-26,2025-02-26,2025-03-01
2226,2428,2025-02-26,2025-02-26,2025-02-27
2227,2429,2025-02-26,2025-02-26,2025-03-01
2228,2430,2025-02-25,2025-02-25,2025-02-26
2229,2431,2025-02-27,2025-02-25,2025-02-27
2230,2432,2025-02-26,2025-02-25,2025-02-28
2231,2433,2025-02-26,2025-02-24,2025-02-28
2232,2434,2025-02-27,2025-02-26,2025-02-28
2233,2436,2025-02-26,2025-02-26,2025-03-02
2234,2437,2025-02-27,2025-03-02,2025-03-04
2235,2438,2025-02-27,2025-02-24,2025-02-28
2236,2439,2025-02-26,2025-02-24,2025-02-28
2237,2440,2025-02-26,2025-02-25,2025-02-26
2238,2441,2025-02-28,2025-02-25,2025-02-27
2239,2442,2025-02-27,2025-02-27,2025-02-28
2240,2443,2025-02-27,2025-03-01,2025-03-05
2241,2444,2025-02-27,2025-02-26,2025-03-01
2242,2445,2025-02-27,2025-03-01,2025-03-02
2243,2446,2025-02-28,2025-02-25,2025-02-28
2244,2447,2025-02-26,2025-03-01,2025-03-02
2245,2448,2025-02-27,2025-02-25,2025-02-26
2246,2449,2025-02-26,2025-03-03,2025-03-06
2247,2451,2025-02-28,2025-03-03,2025-03-04
2248,2452,2025-02-26,2025-03-01,2025-03-02
2249,2453,2025-02-28,2025-02-26,2025-03-01
2250,2454,2025-02-27,2025-02-26,2025-03-01
2251,2455,2025-02-26,2025-02-26,2025-02-27
2252,2456,2025-02-27,2025-02-27,2025-02-28
2253,2457,2025-02-27,2025-02-26,2025-03-01
2254,2459,2025-02-27,2025-02-25,2025-02-28
2255,2460,2025-02-27,2025-02-26,2025-02-27
2256,2461,2025-02-27,2025-02-26,2025-03-01
2257,2462,2025-02-27,2025-02-26,2025-03-02
2258,2463,2025-02-28,2025-02-25,2025-02-27
2259,2464,2025-02-27,2025-02-27,2025-03-01
2260,2465,2025-02-27,2025-02-27,2025-02-28
2261,2466,2025-02-28,2025-02-27,2025-02-28
2262,2467,2025-02-26,2025-02-25,2025-02-27
2263,2468,2025-02-26,2025-02-26,2025-02-28
2264,2469,2025-02-26,2025-02-26,2025-02-28
2265,2470,2025-02-27,2025-02-27,2025-03-02
2266,2471,2025-02-27,2025-03-01,2025-03-05
2267,2472,2025-02-27,2025-02-27,2025-03-03
2268,2473,2025-02-26,2025-03-03,2025-03-04
2269,2474,2025-02-27,2025-02-27,2025-02-28
2270,2475,2025-02-26,2025-02-27,2025-03-01
2271,2476,2025-02-26,2025-03-01,2025-03-04
2272,2477,2025-02-27,2025-03-03,2025-03-05
2273,2478,2025-02-26,2025-02-25,2025-02-26
2274,2479,2025-02-27,2025-02-26,2025-03-02
2275,2480,2025-02-27,2025-02-25,2025-03-01
2276,2482,2025-02-27,,
2277,2483,2025-02-27,2025-02-26,2025-03-02
2278,2484,2025-02-27,2025-02-25,2025-03-01
2279,2485,2025-02-26,2025-02-26,2025-03-01
2280,2486,2025-02-27,2025-02-27,2025-03-03
2281,2487,2025-02-28,2025-02-27,2025-03-03
2282,2488,2025-02-27,2025-03-03,2025-03-07
2283,2489,2025-02-27,2025-02-27,2025-03-03
2284,2490,2025-02-27,2025-02-26,2025-02-28
2285,2491,2025-02-27,2025-03-02,2025-03-04
2286,2492,2025-02-28,2025-02-27,2025-03-03
2287,2493,2025-02-27,2025-02-27,2025-03-01
2288,2494,2025-03-01,2025-02-28,2025-03-02
2289,2495,2025-02-28,2025-02-26,2025-03-02
2290,2496,2025-03-01,2025-02-28,2025-03-01
2291,2497,2025-02-28,2025-03-02,2025-03-04
2292,2498,2025-02-27,2025-02-28,2025-03-01
2293,2499,2025-02-28,2025-02-28,2025-03-01
2294,2500,2025-02-27,2025-02-26,2025-02-27
2295,2501,2025-02-28,2025-02-27,2025-03-03
2296,2502,2025-03-01,2025-02-28,2025-03-03
2297,2503,2025-03-01,2025-02-27,2025-03-02
2298,2504,2025-02-27,2025-02-28,2025-03-01
2299,2505,2025-02-28,2025-02-27,2025-03-01
2300,2506,2025-02-28,2025-02-26,2025-02-27
2301,2507,2025-02-28,2025-02-26,2025-03-01
2302,2508,2025-03-01,2025-02-26,2025-03-02
2303,2509,2025-02-28,2025-02-28,2025-03-01
2304,2510,2025-03-01,2025-02-27,2025-03-03
2305,2511,2025-02-28,2025-02-27,2025-03-02
2306,2513,2025-02-27,2025-02-27,2025-03-02
2307,2514,2025-02-28,2025-02-27,2025-03-02
2308,2515,2025-03-01,2025-02-27,2025-03-01
2309,2516,2025-02-28,2025-02-27,2025-03-02
2310,2517,2025-02-27,2025-02-28,2025-03-01
2311,2518,2025-02-28,2025-02-27,2025-03-02
2312,2519,2025-02-28,2025-02-28,2025-03-03
2313,2520,2025-02-27,2025-02-28,2025-03-02
2314,2522,2025-03-01,2025-02-27,2025-03-02
2315,2523,2025-02-27,,
2316,2524,2025-02-28,2025-02-27,2025-03-03
2317,2525,2025-03-01,2025-02-28,2025-03-03
2318,2526,2025-02-27,2025-02-27,2025-02-28
2319,2527,2025-03-01,2025-03-01,2025-03-03
2320,2528,2025-03-01,2025-02-28,2025-03-04
2321,2529,2025-03-01,2025-02-27,2025-02-28
2322,2530,2025-03-01,2025-02-28,2025-03-02
2323,2531,2025-02-28,2025-03-05,2025-03-06
2324,2532,2025-02-28,2025-02-28,2025-03-01
2325,2533,2025-03-01,2025-02-28,2025-03-01
2326,2534,2025-02-28,2025-03-01,2025-03-02
2327,2536,2025-03-01,2025-03-03,2025-03-05
2328,2537,2025-03-01,2025-03-03,2025-03-07
2329,2538,2025-03-02,2025-02-28,2025-03-04
2330,2539,2025-03-01,2025-02-28,2025-03-04
2331,2540,2025-03-01,2025-03-01,2025-03-03
2332,2541,2025-03-01,2025-03-01,2025-03-03
2333,2542,2025-03-01,2025-02-28,2025-03-03
2334,2543,2025-03-01,2025-03-01,2025-03-04
2335,2544,2025-03-01,2025-03-03,2025-03-07
2336,2545,2025-03-02,2025-03-01,2025-03-02
2337,2546,2025-03-01,2025-03-01,2025-03-03
2338,2547,2025-03-02,2025-02-27,2025-03-02
2339,2548,2025-03-01,2025-02-27,2025-03-03
2340,2550,2025-03-01,2025-03-01,2025-03-03
2341,2551,2025-03-01,2025-02-28,2025-03-02
2342,2552,2025-03-01,2025-02-28,2025-03-01
2343,2553,2025-03-02,2025-03-03,2025-03-07
2344,2554,2025-03-01,2025-02-28,2025-03-01
2345,2556,2025-02-28,2025-02-28,2025-03-02
2346,2557,2025-03-02,2025-03-01,2025-03-03
2347,2558,2025-03-02,2025-03-01,2025-03-04
2348,2559,2025-03-01,2025-02-28,2025-03-01
2349,2560,2025-03-01,2025-02-28,2025-03-02
2350,2561,2025-03-01,2025-03-01,2025-03-05
2351,2562,2025-03-02,2025-03-01,2025-03-04
2352,2563,2025-03-01,2025-03-03,2025-03-05
2353,2564,2025-03-02,2025-02-27,2025-03-03
2354,2565,2025-03-02,2025-03-03,2025-03-06
2355,2566,2025-03-01,2025-02-28,2025-03-03
2356,2567,2025-02-28,2025-02-28,2025-03-04
2357,2568,2025-03-01,2025-02-27,2025-03-01
2358,2569,2025-03-01,2025-03-04,2025-03-07
2359,2570,2025-03-02,2025-03-02,2025-03-04
2360,2572,2025-03-02,2025-03-02,2025-03-03
2361,2573,2025-03-02,,
2362,2574,2025-03-02,2025-03-01,2025-03-05
2363,2575,2025-03-02,2025-03-01,2025-03-04
2364,2576,2025-03-02,2025-03-02,2025-03-03
2365,2577,2025-03-02,2025-03-01,2025-03-03
2366,2578,2025-03-01,,
2367,2579,2025-03-02,2025-03-02,2025-03-03
2368,2580,2025-03-02,2025-02-28,2025-03-01
2369,2581,2025-03-03,2025-03-01,2025-03-03
2370,2582,2025-03-02,2025-03-01,2025-03-05
2371,2583,2025-03-02,2025-03-02,2025-03-04
2372,2584,2025-03-03,2025-03-01,2025-03-05
2373,2585,2025-03-02,2025-03-01,2025-03-05
2374,2586,2025-03-01,,
2375,2587,2025-03-01,2025-03-01,2025-03-05
2376,2588,2025-03-02,2025-03-01,2025-03-05
2377,2590,2025-03-02,2025-03-02,2025-03-06
2378,2591,2025-03-02,2025-03-01,2025-03-05
2379,2592,2025-03-01,2025-03-01,2025-03-05
2380,2593,2025-03-02,2025-03-01,2025-03-02
2381,2594,2025-03-01,2025-03-01,2025-03-04
2382,2595,2025-03-02,2025-03-01,2025-03-04
2383,2596,2025-03-03,2025-03-02,2025-03-04
2384,2597,2025-03-01,2025-03-02,2025-03-06
2385,2598,2025-03-02,2025-03-01,2025-03-02
2386,2599,2025-03-01,2025-03-02,2025-03-03
2387,2600,2025-03-02,2025-03-01,2025-03-02
2388,2601,2025-03-03,2025-03-02,2025-03-04
2389,2602,2025-03-02,2025-03-01,2025-03-05
2390,2603,2025-03-01,2025-03-02,2025-03-03
2391,2604,2025-03-02,,
2392,2605,2025-03-01,2025-03-01,2025-03-03
2393,2607,2025-03-04,2025-03-03,2025-03-06
2394,2608,2025-03-03,2025-03-02,2025-03-04
2395,2609,2025-03-03,2025-03-02,2025-03-04
2396,2610,2025-03-03,2025-03-01,2025-03-04
2397,2611,2025-03-03,,
2398,2612,2025-03-03,2025-03-03,2025-03-06
2399,2613,2025-03-04,2025-03-03,2025-03-06
2400,2614,2025-03-03,2025-03-05,2025-03-06
2401,2615,2025-03-04,2025-03-03,2025-03-04
2402,2616,2025-03-03,2025-03-03,2025-03-06
2403,2617,2025-03-04,2025-03-02,2025-03-04
2404,2618,2025-03-04,2025-03-01,2025-03-02
2405,2619,2025-03-03,2025-03-02,2025-03-05
2406,2620,2025-03-02,2025-03-03,2025-03-07
2407,2621,2025-03-03,2025-03-05,2025-03-08
2408,2622,2025-03-04,2025-03-02,2025-03-03
2409,2623,2025-03-04,2025-03-05,2025-03-09
2410,2624,2025-03-03,2025-03-03,2025-03-05
2411,2625,2025-03-03,2025-03-05,2025-03-07
2412,2626,2025-03-03,2025-03-02,2025-03-04
2413,2627,2025-03-04,2025-03-07,2025-03-08
2414,2628,2025-03-02,2025-03-05,2025-03-09
2415,2629,2025-03-03,2025-03-02,2025-03-05
2416,2630,2025-03-03,2025-03-02,2025-03-04
2417,2631,2025-03-02,2025-03-02,2025-03-04
2418,2632,2025-03-03,2025-03-05,2025-03-09
2419,2633,2025-03-03,2025-03-03,2025-03-07
2420,2634,2025-03-03,2025-03-02,2025-03-03
2421,2637,2025-03-03,2025-03-02,2025-03-06
2422,2638,2025-03-03,2025-03-07,2025-03-10
2423,2639,2025-03-03,2025-03-01,2025-03-05
2424,2640,2025-03-04,2025-03-02,2025-03-05
2425,2641,2025-03-03,2025-03-02,2025-03-03
2426,2642,2025-03-03,2025-03-05,2025-03-08
2427,2643,2025-03-04,2025-03-03,2025-03-07
2428,2644,2025-03-02,2025-03-02,2025-03-05
2429,2645,2025-03-03,2025-03-02,2025-03-06
2430,2646,2025-03-04,2025-03-02,2025-03-05
2431,2647,2025-03-02,2025-03-01,2025-03-05
2432,2648,2025-03-03,2025-03-05,2025-03-07
2433,2649,2025-03-04,2025-03-03,2025-03-04
2434,2650,2025-03-04,2025-03-04,2025-03-08
2435,2651,2025-03-04,2025-03-02,2025-03-06
2436,2652,2025-03-03,2025-03-06,2025-03-10
2437,2653,2025-03-04,2025-03-08,2025-03-11
2438,2654,2025-03-04,2025-03-03,2025-03-05
2439,2655,2025-03-04,2025-03-03,2025-03-05
2440,2656,2025-03-04,2025-03-02,2025-03-06
2441,2657,2025-03-04,2025-03-03,2025-03-07
2442,2658,2025-03-03,2025-03-06,2025-03-08
2443,2659,2025-03-04,2025-03-04,2025-03-06
2444,2660,2025-03-04,2025-03-08,2025-03-11
2445,2661,2025-03-05,2025-03-04,2025-03-07
2446,2662,2025-03-04,2025-03-03,2025-03-06
2447,2664,2025-03-04,2025-03-04,2025-03-08
2448,2665,2025-03-05,2025-03-04,2025-03-07
2449,2666,2025-03-03,2025-03-04,2025-03-07
2450,2667,2025-03-04,2025-03-04,2025-03-08
2451,2668,2025-03-04,2025-03-03,2025-03-06
2452,2669,2025-03-04,2025-03-03,2025-03-05
2453,2670,2025-03-04,2025-03-03,2025-03-06
2454,2671,2025-03-05,2025-03-06,2025-03-07
2455,2672,2025-03-03,,
2456,2673,2025-03-04,2025-03-03,2025-03-05
2457,2674,2025-03-05,2025-03-03,2025-03-05
2458,2675,2025-03-05,2025-03-03,2025-03-06
2459,2676,2025-03-03,2025-03-04,2025-03-06
2460,2678,2025-03-03,2025-03-03,2025-03-05
2461,2679,2025-03-04,2025-03-06,2025-03-10
2462,2680,2025-03-05,2025-03-03,2025-03-06
2463,2681,2025-03-04,2025-03-04,2025-03-07
2464,2682,2025-03-04,2025-03-03,2025-03-05
2465,2683,2025-03-05,2025-03-04,2025-03-05
2466,2684,2025-03-03,2025-03-03,2025-03-05
2467,2685,2025-03-05,2025-03-03,2025-03-04
2468,2686,2025-03-03,2025-03-03,2025-03-06
2469,2687,2025-03-05,2025-03-08,2025-03-10
2470,2689,2025-03-05,2025-03-05,2025-03-09
2471,2690,2025-03-04,2025-03-07,2025-03-10
2472,2691,2025-03-04,2025-03-05,2025-03-08
2473,2692,2025-03-05,2025-03-07,2025-03-11
2474,2693,2025-03-04,2025-03-04,2025-03-07
2475,2694,2025-03-05,2025-03-07,2025-03-10
2476,2695,2025-03-06,2025-03-03,2025-03-06
2477,2696,2025-03-06,2025-03-07,2025-03-08
2478,2697,2025-03-04,2025-03-04,2025-03-08
2479,2698,2025-03-04,2025-03-05,2025-03-09
2480,2699,2025-03-05,2025-03-05,2025-03-09
2481,2700,2025-03-05,2025-03-04,2025-03-08
2482,2701,2025-03-06,2025-03-04,2025-03-06
2483,2703,2025-03-05,2025-03-04,2025-03-06
2484,2704,2025-03-06,2025-03-05,2025-03-06
2485,2705,2025-03-05,2025-03-05,2025-03-08
2486,2706,2025-03-05,2025-03-05,2025-03-08
2487,2707,2025-03-06,2025-03-07,2025-03-09
2488,2708,2025-03-04,2025-03-03,2025-03-05
2489,2709,2025-03-04,2025-03-05,2025-03-06
2490,2710,2025-03-04,2025-03-04,2025-03-06
2491,2711,2025-03-06,2025-03-04,2025-03-05
2492,2712,2025-03-06,2025-03-04,2025-03-06
2493,2714,2025-03-04,2025-03-05,2025-03-07
2494,2715,2025-03-05,2025-03-05,2025-03-06
2495,2717,2025-03-05,2025-03-07,2025-03-09
2496,2718,2025-03-06,2025-03-07,2025-03-08
2497,2719,2025-03-05,2025-03-07,2025-03-08
2498,2720,2025-03-05,2025-03-05,2025-03-06
2499,2721,2025-03-05,2025-03-04,2025-03-06
2500,2722,2025-03-05,2025-03-03,2025-03-04
2501,2723,2025-03-05,2025-03-04,2025-03-08
2502,2724,2025-03-05,2025-03-04,2025-03-08
2503,2725,2025-03-05,2025-03-05,2025-03-06
2504,2726,2025-03-06,2025-03-07,2025-03-08
2505,2728,2025-03-06,2025-03-06,2025-03-07
2506,2729,2025-03-06,2025-03-05,2025-03-07
2507,2730,2025-03-06,2025-03-06,2025-03-09
2508,2731,2025-03-06,2025-03-05,2025-03-06
2509,2732,2025-03-06,2025-03-08,2025-03-12
2510,2733,2025-03-06,2025-03-04,2025-03-05
2511,2734,2025-03-06,2025-03-05,2025-03-08
2512,2735,2025-03-06,2025-03-05,2025-03-08
2513,2737,2025-03-06,2025-03-04,2025-03-07
2514,2738,2025-03-06,2025-03-05,2025-03-06
2515,2739,2025-03-05,2025-03-06,2025-03-09
2516,2740,2025-03-06,2025-03-04,2025-03-06
2517,2741,2025-03-07,,
2518,2743,2025-03-05,2025-03-08,2025-03-10
2519,2744,2025-03-05,2025-03-04,2025-03-05
2520,2745,2025-03-07,2025-03-06,2025-03-10
2521,2746,2025-03-06,2025-03-05,2025-03-07
2522,2747,2025-03-05,2025-03-04,2025-03-07
2523,2748,2025-03-06,2025-03-08,2025-03-09
2524,2749,2025-03-07,2025-03-05,2025-03-09
2525,2750,2025-03-06,2025-03-05,2025-03-07
2526,2751,2025-03-07,2025-03-08,2025-03-09
2527,2752,2025-03-06,2025-03-05,2025-03-09
2528,2753,2025-03-06,2025-03-08,2025-03-10
2529,2755,2025-03-05,2025-03-06,2025-03-08
2530,2756,2025-03-07,2025-03-10,2025-03-14
2531,2757,2025-03-05,2025-03-06,2025-03-10
2532,2758,2025-03-06,2025-03-05,2025-03-09
2533,2759,2025-03-06,2025-03-05,2025-03-09
2534,2760,2025-03-05,2025-03-08,2025-03-12
2535,2761,2025-03-05,2025-03-06,2025-03-08
2536,2762,2025-03-05,2025-03-05,2025-03-07
2537,2763,2025-03-07,2025-03-06,2025-03-08
2538,2764,2025-03-08,2025-03-06,2025-03-09
2539,2765,2025-03-08,2025-03-06,2025-03-07
2540,2766,2025-03-06,2025-03-06,2025-03-10
2541,2767,2025-03-06,,
2542,2768,2025-03-07,2025-03-09,2025-03-13
2543,2769,2025-03-07,,
2544,2770,2025-03-07,2025-03-07,2025-03-11
2545,2771,2025-03-07,2025-03-06,2025-03-09
2546,2772,2025-03-07,2025-03-07,2025-03-09
2547,2773,2025-03-08,2025-03-06,2025-03-10
2548,2774,2025-03-06,2025-03-09,2025-03-13
2549,2775,2025-03-06,2025-03-06,2025-03-07
2550,2776,2025-03-07,2025-03-06,2025-03-10
2551,2778,2025-03-06,2025-03-11,2025-03-14
2552,2780,2025-03-07,2025-03-07,2025-03-09
2553,2781,2025-03-07,2025-03-07,2025-03-09
2554,2782,2025-03-06,2025-03-06,2025-03-07
2555,2783,2025-03-07,2025-03-07,2025-03-08
2556,2784,2025-03-06,2025-03-06,2025-03-08
2557,2786,2025-03-07,2025-03-09,2025-03-11
2558,2788,2025-03-07,2025-03-06,2025-03-08
2559,2789,2025-03-07,2025-03-07,2025-03-09
2560,2790,2025-03-07,2025-03-11,2025-03-15
2561,2792,2025-03-07,2025-03-07,2025-03-10
2562,2793,2025-03-07,2025-03-06,2025-03-08
2563,2795,2025-03-07,2025-03-06,2025-03-08
2564,2796,2025-03-06,2025-03-07,2025-03-10
2565,2798,2025-03-07,2025-03-11,2025-03-12
2566,2799,2025-03-07,2025-03-07,2025-03-08
2567,2800,2025-03-06,2025-03-06,2025-03-07
2568,2801,2025-03-08,2025-03-07,2025-03-11
2569,2802,2025-03-06,2025-03-07,2025-03-08
2570,2803,2025-03-07,2025-03-06,2025-03-08
2571,2804,2025-03-06,2025-03-07,2025-03-08
2572,2805,2025-03-07,2025-03-06,2025-03-09
2573,2806,2025-03-07,,
2574,2807,2025-03-07,2025-03-05,2025-03-08
2575,2808,2025-03-06,2025-03-05,2025-03-06
2576,2809,2025-03-07,2025-03-06,2025-03-07
2577,2810,2025-03-08,2025-03-06,2025-03-09
2578,2811,2025-03-07,2025-03-07,2025-03-11
2579,2812,2025-03-08,2025-03-06,2025-03-09
2580,2813,2025-03-08,2025-03-09,2025-03-10
2581,2814,2025-03-06,2025-03-07,2025-03-11
2582,2816,2025-03-06,2025-03-06,2025-03-07
2583,2818,2025-03-07,2025-03-11,2025-03-13
2584,2819,2025-03-07,2025-03-06,2025-03-09
2585,2820,2025-03-06,,
2586,2821,2025-03-07,2025-03-07,2025-03-11
2587,2822,2025-03-07,2025-03-07,2025-03-10
2588,2823,2025-03-07,2025-03-06,2025-03-10
2589,2825,2025-03-07,2025-03-07,2025-03-09
2590,2826,2025-03-08,2025-03-08,2025-03-09
2591,2827,2025-03-08,2025-03-12,2025-03-15
2592,2828,2025-03-07,2025-03-12,2025-03-14
2593,2829,2025-03-07,2025-03-08,2025-03-12
2594,2830,2025-03-09,2025-03-06,2025-03-07
2595,2831,2025-03-08,2025-03-10,2025-03-11
2596,2832,2025-03-09,2025-03-07,2025-03-08
2597,2833,2025-03-09,2025-03-08,2025-03-09
2598,2834,2025-03-08,2025-03-10,2025-03-13
2599,2836,2025-03-08,2025-03-08,2025-03-12
2600,2837,2025-03-08,2025-03-07,2025-03-09
2601,2838,2025-03-07,2025-03-12,2025-03-13
2602,2839,2025-03-07,2025-03-07,2025-03-08
2603,2840,2025-03-08,2025-03-10,2025-03-13
2604,2841,2025-03-09,2025-03-06,2025-03-09
2605,2842,2025-03-07,2025-03-06,2025-03-09
2606,2843,2025-03-08,2025-03-07,2025-03-09
2607,2844,2025-03-07,2025-03-08,2025-03-10
2608,2845,2025-03-09,2025-03-10,2025-03-12
2609,2846,2025-03-08,2025-03-07,2025-03-10
2610,2847,2025-03-08,2025-03-08,2025-03-09
2611,2848,2025-03-07,2025-03-07,2025-03-10
2612,2849,2025-03-09,2025-03-07,2025-03-11
2613,2850,2025-03-08,2025-03-08,2025-03-09
2614,2851,2025-03-09,2025-03-07,2025-03-10
2615,2852,2025-03-08,2025-03-07,2025-03-11
2616,2853,2025-03-08,2025-03-07,2025-03-09
2617,2854,2025-03-08,2025-03-07,2025-03-10
2618,2855,2025-03-08,2025-03-07,2025-03-10
2619,2856,2025-03-09,2025-03-08,2025-03-12
2620,2857,2025-03-10,2025-03-08,2025-03-11
2621,2858,2025-03-09,2025-03-09,2025-03-13
2622,2859,2025-03-09,2025-03-07,2025-03-09
2623,2860,2025-03-08,2025-03-09,2025-03-13
2624,2861,2025-03-10,2025-03-11,2025-03-13
2625,2862,2025-03-08,2025-03-08,2025-03-12
2626,2863,2025-03-08,2025-03-09,2025-03-12
2627,2864,2025-03-09,2025-03-08,2025-03-11
2628,2865,2025-03-08,2025-03-11,2025-03-12
2629,2866,2025-03-09,2025-03-08,2025-03-09
2630,2867,2025-03-09,2025-03-09,2025-03-13
2631,2868,2025-03-08,2025-03-08,2025-03-09
2632,2870,2025-03-08,2025-03-09,2025-03-12
2633,2871,2025-03-10,2025-03-11,2025-03-14
2634,2873,2025-03-09,2025-03-08,2025-03-10
2635,2874,2025-03-09,2025-03-11,2025-03-13
2636,2875,2025-03-10,2025-03-09,2025-03-12
2637,2876,2025-03-09,2025-03-07,2025-03-09
2638,2877,2025-03-09,2025-03-08,2025-03-09
2639,2878,2025-03-09,2025-03-08,2025-03-12
2640,2879,2025-03-09,2025-03-13,2025-03-14
2641,2880,2025-03-08,2025-03-08,2025-03-10
2642,2881,2025-03-08,,
2643,2882,2025-03-10,2025-03-08,2025-03-09
2644,2883,2025-03-09,2025-03-09,2025-03-13
2645,2884,2025-03-09,2025-03-11,2025-03-15
2646,2886,2025-03-10,2025-03-09,2025-03-12
2647,2887,2025-03-09,2025-03-07,2025-03-11
2648,2888,2025-03-10,2025-03-11,2025-03-14
2649,2889,2025-03-08,2025-03-08,2025-03-10
2650,2890,2025-03-10,2025-03-08,2025-03-11
2651,2891,2025-03-09,2025-03-08,2025-03-12
2652,2892,2025-03-10,2025-03-11,2025-03-12
2653,2893,2025-03-09,2025-03-08,2025-03-12
2654,2894,2025-03-08,2025-03-08,2025-03-12
2655,2895,2025-03-09,2025-03-08,2025-03-11
2656,2896,2025-03-10,2025-03-10,2025-03-13
2657,2897,2025-03-11,2025-03-09,2025-03-12
2658,2898,2025-03-11,2025-03-10,2025-03-14
2659,2899,2025-03-10,2025-03-08,2025-03-09
2660,2900,2025-03-11,2025-03-09,2025-03-10
2661,2901,2025-03-09,2025-03-12,2025-03-14
2662,2902,2025-03-09,2025-03-09,2025-03-10
2663,2904,2025-03-10,2025-03-09,2025-03-12
2664,2905,2025-03-09,2025-03-09,2025-03-10
2665,2906,2025-03-10,2025-03-09,2025-03-12
2666,2907,2025-03-10,2025-03-14,2025-03-16
2667,2908,2025-03-09,2025-03-10,2025-03-13
2668,2909,2025-03-11,2025-03-10,2025-03-12
2669,2910,2025-03-10,2025-03-10,2025-03-13
2670,2911,2025-03-10,2025-03-10,2025-03-13
2671,2912,2025-03-11,2025-03-09,2025-03-11
2672,2914,2025-03-10,,
2673,2915,2025-03-09,,
2674,2916,2025-03-10,2025-03-10,2025-03-14
2675,2917,2025-03-09,2025-03-10,2025-03-11
2676,2918,2025-03-11,2025-03-10,2025-03-14
2677,2919,2025-03-10,2025-03-12,2025-03-13
2678,2920,2025-03-10,2025-03-10,2025-03-11
2679,2921,2025-03-09,2025-03-12,2025-03-16
2680,2922,2025-03-09,2025-03-12,2025-03-13
2681,2923,2025-03-09,2025-03-08,2025-03-09
2682,2924,2025-03-09,2025-03-10,2025-03-11
2683,2925,2025-03-09,2025-03-09,2025-03-13
2684,2926,2025-03-09,2025-03-10,2025-03-13
2685,2927,2025-03-11,2025-03-10,2025-03-14
2686,2928,2025-03-11,2025-03-10,2025-03-11
2687,2929,2025-03-10,,
2688,2931,2025-03-11,2025-03-13,2025-03-17
2689,2932,2025-03-11,2025-03-10,2025-03-11
2690,2934,2025-03-11,2025-03-10,2025-03-12
2691,2935,2025-03-11,2025-03-10,2025-03-11
2692,2936,2025-03-12,2025-03-11,2025-03-15
2693,2937,2025-03-11,2025-03-11,2025-03-15
2694,2938,2025-03-11,2025-03-11,2025-03-13
2695,2939,2025-03-11,2025-03-10,2025-03-13
2696,2940,2025-03-10,2025-03-13,2025-03-17
2697,2941,2025-03-12,2025-03-09,2025-03-13
2698,2943,2025-03-11,2025-03-11,2025-03-14
2699,2944,2025-03-11,2025-03-10,2025-03-12
2700,2945,2025-03-11,2025-03-11,2025-03-15
2701,2946,2025-03-11,2025-03-10,2025-03-11
2702,2947,2025-03-10,2025-03-09,2025-03-12
2703,2948,2025-03-11,2025-03-11,2025-03-14
2704,2949,2025-03-11,2025-03-09,2025-03-12
2705,2950,2025-03-11,2025-03-11,2025-03-14
2706,2951,2025-03-10,2025-03-11,2025-03-15
2707,2952,2025-03-10,2025-03-09,2025-03-11
2708,2953,2025-03-10,2025-03-10,2025-03-13
2709,2954,2025-03-10,2025-03-09,2025-03-12
2710,2955,2025-03-10,2025-03-10,2025-03-11
2711,2956,2025-03-11,2025-03-11,2025-03-13
2712,2957,2025-03-11,2025-03-11,2025-03-14
2713,2960,2025-03-12,2025-03-11,2025-03-14
2714,2961,2025-03-10,2025-03-11,2025-03-12
2715,2962,2025-03-11,2025-03-10,2025-03-11
2716,2963,2025-03-12,2025-03-10,2025-03-12
2717,2964,2025-03-11,2025-03-10,2025-03-12
2718,2965,2025-03-12,2025-03-11,2025-03-15
2719,2966,2025-03-12,2025-03-10,2025-03-11
2720,2967,2025-03-11,2025-03-11,2025-03-14
2721,2968,2025-03-10,2025-03-11,2025-03-12
2722,2969,2025-03-11,2025-03-13,2025-03-17
2723,2970,2025-03-11,2025-03-10,2025-03-13
2724,2971,2025-03-12,2025-03-11,2025-03-14
2725,2972,2025-03-11,2025-03-14,2025-03-17
2726,2973,2025-03-13,2025-03-10,2025-03-13
2727,2974,2025-03-11,2025-03-14,2025-03-15
2728,2975,2025-03-13,2025-03-12,2025-03-13
2729,2976,2025-03-12,2025-03-11,2025-03-12
2730,2977,2025-03-12,2025-03-14,2025-03-17
2731,2978,2025-03-12,2025-03-14,2025-03-18
2732,2979,2025-03-11,2025-03-11,2025-03-14
2733,2980,2025-03-12,2025-03-12,2025-03-15
2734,2981,2025-03-12,2025-03-12,2025-03-13
2735,2982,2025-03-11,2025-03-14,2025-03-16
2736,2983,2025-03-12,2025-03-11,2025-03-12
2737,2985,2025-03-12,2025-03-10,2025-03-13
2738,2986,2025-03-12,2025-03-11,2025-03-15
2739,2987,2025-03-12,2025-03-14,2025-03-15
2740,2988,2025-03-12,2025-03-14,2025-03-17
2741,2989,2025-03-12,2025-03-11,2025-03-14
2742,2990,2025-03-12,2025-03-12,2025-03-16
2743,2991,2025-03-11,2025-03-12,2025-03-13
2744,2992,2025-03-12,2025-03-12,2025-03-13
2745,2993,2025-03-11,2025-03-11,2025-03-13
2746,2994,2025-03-11,2025-03-11,2025-03-13
2747,2995,2025-03-13,2025-03-11,2025-03-12
2748,2996,2025-03-13,2025-03-11,2025-03-12
2749,2997,2025-03-11,2025-03-12,2025-03-14
2750,2998,2025-03-12,2025-03-11,2025-03-13
2751,2999,2025-03-11,2025-03-11,2025-03-12
2752,3000,2025-03-11,2025-03-10,2025-03-12
2753,3001,2025-03-13,2025-03-12,2025-03-16
2754,3002,2025-03-13,,
2755,3003,2025-03-12,2025-03-11,2025-03-15
2756,3004,2025-03-13,2025-03-11,2025-03-12
2757,3005,2025-03-12,2025-03-12,2025-03-14
2758,3006,2025-03-13,2025-03-13,2025-03-15
2759,3007,2025-03-13,2025-03-12,2025-03-14
2760,3008,2025-03-13,2025-03-12,2025-03-14
2761,3009,2025-03-13,2025-03-12,2025-03-15
2762,3010,2025-03-13,2025-03-12,2025-03-16
2763,3012,2025-03-14,2025-03-13,2025-03-14
2764,3013,2025-03-13,2025-03-13,2025-03-17
2765,3014,2025-03-13,2025-03-15,2025-03-17
2766,3015,2025-03-14,2025-03-12,2025-03-14
2767,3017,2025-03-14,2025-03-15,2025-03-19
2768,3018,2025-03-12,2025-03-11,2025-03-12
2769,3019,2025-03-13,2025-03-12,2025-03-16
2770,3020,2025-03-13,2025-03-15,2025-03-19
2771,3021,2025-03-13,,
2772,3022,2025-03-13,2025-03-12,2025-03-15
2773,3023,2025-03-13,2025-03-12,2025-03-13
2774,3024,2025-03-12,2025-03-13,2025-03-17
2775,3025,2025-03-13,2025-03-12,2025-03-14
2776,3026,2025-03-12,,
2777,3027,2025-03-13,2025-03-12,2025-03-15
2778,3028,2025-03-12,2025-03-11,2025-03-13
2779,3029,2025-03-13,2025-03-12,2025-03-15
2780,3030,2025-03-14,2025-03-13,2025-03-15
2781,3031,2025-03-13,2025-03-13,2025-03-15
2782,3032,2025-03-14,2025-03-13,2025-03-15
2783,3033,2025-03-13,2025-03-12,2025-03-16
2784,3034,2025-03-12,2025-03-13,2025-03-15
2785,3035,2025-03-12,2025-03-13,2025-03-14
2786,3036,2025-03-13,2025-03-13,2025-03-14
2787,3037,2025-03-12,2025-03-15,2025-03-19
2788,3039,2025-03-12,2025-03-12,2025-03-14
2789,3040,2025-03-13,2025-03-13,2025-03-15
2790,3041,2025-03-13,2025-03-11,2025-03-12
2791,3042,2025-03-12,2025-03-13,2025-03-17
2792,3043,2025-03-12,2025-03-12,2025-03-14
2793,3044,2025-03-12,2025-03-12,2025-03-16
2794,3045,2025-03-13,2025-03-11,2025-03-14
2795,3046,2025-03-12,2025-03-11,2025-03-14
2796,3047,2025-03-13,2025-03-16,2025-03-17
2797,3048,2025-03-13,2025-03-16,2025-03-17
2798,3049,2025-03-15,2025-03-12,2025-03-13
2799,3050,2025-03-14,2025-03-16,2025-03-20
2800,3051,2025-03-14,2025-03-16,2025-03-19
2801,3052,2025-03-14,2025-03-13,2025-03-16
2802,3053,2025-03-14,2025-03-12,2025-03-16
2803,3054,2025-03-14,2025-03-12,2025-03-14
2804,3055,2025-03-14,2025-03-12,2025-03-15
2805,3056,2025-03-14,2025-03-14,2025-03-18
2806,3057,2025-03-14,2025-03-12,2025-03-16
2807,3058,2025-03-14,2025-03-14,2025-03-15
2808,3059,2025-03-13,2025-03-13,2025-03-14
2809,3060,2025-03-14,2025-03-13,2025-03-14
2810,3061,2025-03-13,2025-03-12,2025-03-13
2811,3062,2025-03-15,2025-03-13,2025-03-17
2812,3064,2025-03-14,2025-03-13,2025-03-16
2813,3065,2025-03-14,2025-03-12,2025-03-15
2814,3066,2025-03-14,2025-03-14,2025-03-15
2815,3067,2025-03-13,2025-03-14,2025-03-17
2816,3068,2025-03-15,2025-03-14,2025-03-16
2817,3069,2025-03-14,2025-03-13,2025-03-14
2818,3070,2025-03-14,2025-03-14,2025-03-18
2819,3071,2025-03-14,2025-03-12,2025-03-13
2820,3072,2025-03-13,2025-03-12,2025-03-13
2821,3073,2025-03-13,2025-03-16,2025-03-19
2822,3074,2025-03-15,2025-03-16,2025-03-20
2823,3075,2025-03-14,2025-03-13,2025-03-14
2824,3076,2025-03-13,2025-03-12,2025-03-14
2825,3077,2025-03-14,2025-03-13,2025-03-16
2826,3079,2025-03-13,2025-03-12,2025-03-16
2827,3080,2025-03-14,2025-03-12,2025-03-15
2828,3082,2025-03-14,2025-03-13,2025-03-16
2829,3083,2025-03-15,2025-03-14,2025-03-15
2830,3084,2025-03-14,,
2831,3085,2025-03-15,2025-03-15,2025-03-19
2832,3086,2025-03-15,2025-03-14,2025-03-16
2833,3087,2025-03-15,2025-03-15,2025-03-18
2834,3089,2025-03-15,2025-03-17,2025-03-19
2835,3090,2025-03-14,2025-03-14,2025-03-16
2836,3091,2025-03-14,2025-03-15,2025-03-19
2837,3092,2025-03-16,2025-03-14,2025-03-16
2838,3093,2025-03-15,2025-03-17,2025-03-18
2839,3095,2025-03-14,2025-03-13,2025-03-16
2840,3096,2025-03-15,2025-03-14,2025-03-15
2841,3097,2025-03-15,,
2842,3098,2025-03-14,2025-03-17,2025-03-21
2843,3099,2025-03-15,2025-03-14,2025-03-18
2844,3100,2025-03-15,2025-03-14,2025-03-16
2845,3101,2025-03-15,2025-03-14,2025-03-18
2846,3102,2025-03-15,2025-03-19,2025-03-22
2847,3103,2025-03-15,2025-03-14,2025-03-15
2848,3105,2025-03-15,2025-03-17,2025-03-20
2849,3106,2025-03-14,2025-03-15,2025-03-19
2850,3107,2025-03-15,2025-03-14,2025-03-18
2851,3108,2025-03-16,2025-03-14,2025-03-17
2852,3109,2025-03-15,2025-03-15,2025-03-18
2853,3110,2025-03-16,,
2854,3111,2025-03-14,2025-03-17,2025-03-21
2855,3112,2025-03-15,2025-03-17,2025-03-21
2856,3113,2025-03-15,2025-03-13,2025-03-16
2857,3114,2025-03-14,2025-03-15,2025-03-16
2858,3115,2025-03-15,2025-03-14,2025-03-17
2859,3116,2025-03-15,2025-03-14,2025-03-16
2860,3117,2025-03-15,2025-03-15,2025-03-19
2861,3118,2025-03-16,2025-03-19,2025-03-22
2862,3119,2025-03-15,2025-03-17,2025-03-21
2863,3120,2025-03-15,2025-03-14,2025-03-15
2864,3121,2025-03-16,2025-03-15,2025-03-18
2865,3122,2025-03-15,2025-03-17,2025-03-20
2866,3123,2025-03-15,2025-03-15,2025-03-17
2867,3124,2025-03-15,2025-03-17,2025-03-20
2868,3125,2025-03-16,2025-03-14,2025-03-16
2869,3126,2025-03-15,2025-03-15,2025-03-17
2870,3127,2025-03-15,2025-03-19,2025-03-23
2871,3128,2025-03-15,2025-03-15,2025-03-17
2872,3129,2025-03-15,2025-03-19,2025-03-20
2873,3130,2025-03-16,2025-03-13,2025-03-16
2874,3132,2025-03-15,2025-03-14,2025-03-18
2875,3133,2025-03-16,2025-03-14,2025-03-18
2876,3134,2025-03-16,2025-03-16,2025-03-20
2877,3135,2025-03-16,,
2878,3136,2025-03-17,2025-03-15,2025-03-19
2879,3137,2025-03-15,2025-03-18,2025-03-19
2880,3138,2025-03-16,2025-03-15,2025-03-17
2881,3139,2025-03-15,2025-03-16,2025-03-18
2882,3141,2025-03-17,2025-03-20,2025-03-23
2883,3142,2025-03-16,2025-03-15,2025-03-16
2884,3143,2025-03-16,2025-03-14,2025-03-15
2885,3144,2025-03-17,2025-03-14,2025-03-18
2886,3145,2025-03-16,2025-03-15,2025-03-17
2887,3146,2025-03-16,2025-03-16,2025-03-17
2888,3147,2025-03-16,2025-03-14,2025-03-18
2889,3148,2025-03-16,2025-03-20,2025-03-24
2890,3150,2025-03-15,2025-03-15,2025-03-16
2891,3151,2025-03-16,2025-03-15,2025-03-18
2892,3152,2025-03-16,2025-03-15,2025-03-19
2893,3153,2025-03-15,2025-03-15,2025-03-19
2894,3154,2025-03-17,2025-03-18,2025-03-21
2895,3155,2025-03-16,2025-03-18,2025-03-21
2896,3156,2025-03-15,,
2897,3158,2025-03-15,2025-03-15,2025-03-19
2898,3159,2025-03-16,2025-03-20,2025-03-23
2899,3161,2025-03-15,2025-03-18,2025-03-22
2900,3162,2025-03-16,2025-03-16,2025-03-18
2901,3163,2025-03-16,2025-03-18,2025-03-19
2902,3164,2025-03-15,2025-03-15,2025-03-19
2903,3166,2025-03-17,2025-03-15,2025-03-17
2904,3167,2025-03-16,2025-03-14,2025-03-16
2905,3168,2025-03-15,2025-03-16,2025-03-19
2906,3169,2025-03-16,2025-03-16,2025-03-18
2907,3171,2025-03-15,2025-03-18,2025-03-22
2908,3173,2025-03-16,2025-03-16,2025-03-20
2909,3174,2025-03-15,2025-03-14,2025-03-18
2910,3175,2025-03-15,2025-03-15,2025-03-17
2911,3176,2025-03-17,2025-03-16,2025-03-17
2912,3177,2025-03-16,2025-03-14,2025-03-15
2913,3178,2025-03-18,2025-03-15,2025-03-17
2914,3179,2025-03-16,2025-03-15,2025-03-16
2915,3180,2025-03-18,2025-03-16,2025-03-19
2916,3181,2025-03-18,2025-03-17,2025-03-20
2917,3182,2025-03-17,2025-03-17,2025-03-20
2918,3183,2025-03-17,2025-03-16,2025-03-17
2919,3184,2025-03-17,2025-03-17,2025-03-20
2920,3185,2025-03-17,2025-03-16,2025-03-17
2921,3187,2025-03-17,2025-03-16,2025-03-18
2922,3188,2025-03-17,2025-03-16,2025-03-20
2923,3189,2025-03-17,2025-03-15,2025-03-18
2924,3190,2025-03-17,2025-03-17,2025-03-21
2925,3191,2025-03-17,2025-03-16,2025-03-18
2926,3192,2025-03-17,2025-03-16,2025-03-18
2927,3193,2025-03-17,2025-03-17,2025-03-21
2928,3194,2025-03-17,2025-03-16,2025-03-19
2929,3195,2025-03-17,2025-03-16,2025-03-17
2930,3196,2025-03-16,2025-03-19,2025-03-22
2931,3197,2025-03-16,2025-03-17,2025-03-19
2932,3198,2025-03-16,2025-03-17,2025-03-19
2933,3199,2025-03-17,2025-03-15,2025-03-19
2934,3200,2025-03-17,2025-03-16,2025-03-18
2935,3202,2025-03-17,2025-03-19,2025-03-21
2936,3203,2025-03-16,2025-03-16,2025-03-18
2937,3204,2025-03-17,2025-03-16,2025-03-17
2938,3205,2025-03-18,2025-03-17,2025-03-20
2939,3206,2025-03-17,2025-03-17,2025-03-21
2940,3207,2025-03-17,2025-03-19,2025-03-23
2941,3208,2025-03-17,2025-03-19,2025-03-22
2942,3210,2025-03-17,2025-03-16,2025-03-20
2943,3211,2025-03-17,2025-03-16,2025-03-18
2944,3212,2025-03-17,2025-03-19,2025-03-21
2945,3213,2025-03-17,2025-03-16,2025-03-19
2946,3214,2025-03-16,2025-03-19,2025-03-21
2947,3215,2025-03-17,,
2948,3216,2025-03-17,2025-03-19,2025-03-22
2949,3217,2025-03-17,2025-03-17,2025-03-18
2950,3218,2025-03-17,2025-03-16,2025-03-20
2951,3219,2025-03-16,2025-03-19,2025-03-21
2952,3222,2025-03-18,2025-03-17,2025-03-19
2953,3223,2025-03-19,2025-03-18,2025-03-21
2954,3224,2025-03-19,2025-03-17,2025-03-19
2955,3225,2025-03-18,2025-03-20,2025-03-24
2956,3226,2025-03-18,2025-03-17,2025-03-21
2957,3227,2025-03-18,2025-03-17,2025-03-18
2958,3228,2025-03-18,2025-03-18,2025-03-22
2959,3229,2025-03-17,2025-03-20,2025-03-22
2960,3230,2025-03-18,2025-03-17,2025-03-18
2961,3231,2025-03-17,2025-03-20,2025-03-24
2962,3232,2025-03-17,2025-03-17,2025-03-18
2963,3233,2025-03-18,,
2964,3234,2025-03-18,2025-03-17,2025-03-20
2965,3235,2025-03-17,2025-03-17,2025-03-20
2966,3236,2025-03-19,,
2967,3237,2025-03-18,2025-03-18,2025-03-21
2968,3238,2025-03-18,,
2969,3239,2025-03-19,2025-03-18,2025-03-22
2970,3240,2025-03-17,2025-03-16,2025-03-20
2971,3241,2025-03-18,2025-03-16,2025-03-19
2972,3243,2025-03-18,2025-03-18,2025-03-20
2973,3244,2025-03-18,2025-03-20,2025-03-21
2974,3245,2025-03-18,2025-03-20,2025-03-24
2975,3246,2025-03-19,2025-03-16,2025-03-18
2976,3247,2025-03-18,2025-03-17,2025-03-19
2977,3248,2025-03-17,2025-03-20,2025-03-23
2978,3249,2025-03-18,2025-03-16,2025-03-20
2979,3250,2025-03-17,2025-03-18,2025-03-22
2980,3251,2025-03-19,2025-03-18,2025-03-21
2981,3252,2025-03-20,2025-03-18,2025-03-20
2982,3253,2025-03-18,2025-03-19,2025-03-22
2983,3254,2025-03-18,2025-03-19,2025-03-23
2984,3255,2025-03-18,2025-03-21,2025-03-23
2985,3256,2025-03-20,2025-03-18,2025-03-21
2986,3257,2025-03-20,2025-03-18,2025-03-20
2987,3258,2025-03-18,2025-03-18,2025-03-19
2988,3259,2025-03-19,2025-03-18,2025-03-19
2989,3260,2025-03-19,2025-03-23,2025-03-26
2990,3261,2025-03-20,2025-03-17,2025-03-18
2991,3262,2025-03-20,2025-03-19,2025-03-23
2992,3263,2025-03-20,2025-03-19,2025-03-20
2993,3264,2025-03-20,2025-03-17,2025-03-20
2994,3265,2025-03-19,2025-03-19,2025-03-23
2995,3266,2025-03-18,2025-03-18,2025-03-19
2996,3267,2025-03-19,,
2997,3268,2025-03-18,2025-03-18,2025-03-19
2998,3269,2025-03-19,2025-03-18,2025-03-22
2999,3270,2025-03-19,2025-03-19,2025-03-20
3000,3271,2025-03-19,2025-03-18,2025-03-21
3001,3272,2025-03-19,2025-03-18,2025-03-21
3002,3273,2025-03-19,2025-03-17,2025-03-21
3003,3274,2025-03-19,,
3004,3275,2025-03-19,2025-03-18,2025-03-22
3005,3276,2025-03-20,2025-03-18,2025-03-22
3006,3277,2025-03-20,2025-03-19,2025-03-22
3007,3278,2025-03-19,2025-03-21,2025-03-24
3008,3279,2025-03-19,,
3009,3280,2025-03-18,2025-03-21,2025-03-22
3010,3281,2025-03-19,2025-03-19,2025-03-21
3011,3282,2025-03-18,2025-03-19,2025-03-21
3012,3283,2025-03-20,2025-03-18,2025-03-22
3013,3284,2025-03-20,2025-03-18,2025-03-19
3014,3285,2025-03-18,2025-03-18,2025-03-20
3015,3286,2025-03-19,2025-03-18,2025-03-20
3016,3287,2025-03-20,2025-03-23,2025-03-24
3017,3288,2025-03-20,2025-03-19,2025-03-21
3018,3289,2025-03-21,2025-03-20,2025-03-23
3019,3290,2025-03-21,2025-03-19,2025-03-23
3020,3291,2025-03-19,2025-03-20,2025-03-22
3021,3292,2025-03-20,2025-03-24,2025-03-25
3022,3293,2025-03-21,2025-03-19,2025-03-23
3023,3294,2025-03-20,2025-03-20,2025-03-23
3024,3295,2025-03-20,2025-03-18,2025-03-22
3025,3296,2025-03-20,2025-03-20,2025-03-23
3026,3297,2025-03-20,2025-03-19,2025-03-22
3027,3298,2025-03-19,2025-03-19,2025-03-22
3028,3299,2025-03-21,2025-03-18,2025-03-20
3029,3300,2025-03-19,2025-03-19,2025-03-20
3030,3301,2025-03-21,2025-03-20,2025-03-24
3031,3302,2025-03-21,2025-03-20,2025-03-23
3032,3303,2025-03-20,2025-03-19,2025-03-20
3033,3304,2025-03-20,2025-03-20,2025-03-24
3034,3305,2025-03-21,2025-03-24,2025-03-27
3035,3306,2025-03-20,2025-03-19,2025-03-20
3036,3307,2025-03-20,2025-03-19,2025-03-20
3037,3308,2025-03-19,2025-03-22,2025-03-24
3038,3309,2025-03-20,2025-03-20,2025-03-21
3039,3310,2025-03-20,2025-03-20,2025-03-23
3040,3311,2025-03-20,2025-03-19,2025-03-22
3041,3312,2025-03-20,,
3042,3313,2025-03-19,2025-03-19,2025-03-23
3043,3314,2025-03-19,2025-03-19,2025-03-20
3044,3315,2025-03-19,2025-03-20,2025-03-23
3045,3317,2025-03-20,2025-03-20,2025-03-23
3046,3318,2025-03-20,2025-03-18,2025-03-22
3047,3319,2025-03-21,2025-03-19,2025-03-20
3048,3320,2025-03-19,2025-03-19,2025-03-21
3049,3321,2025-03-20,2025-03-20,2025-03-23
3050,3322,2025-03-20,2025-03-19,2025-03-23
3051,3323,2025-03-21,2025-03-18,2025-03-22
3052,3324,2025-03-19,2025-03-24,2025-03-27
3053,3325,2025-03-21,2025-03-21,2025-03-25
3054,3326,2025-03-21,2025-03-21,2025-03-24
3055,3327,2025-03-20,2025-03-25,2025-03-28
3056,3328,2025-03-21,2025-03-20,2025-03-24
3057,3329,2025-03-21,2025-03-19,2025-03-22
3058,3330,2025-03-21,2025-03-21,2025-03-22
3059,3331,2025-03-20,2025-03-19,2025-03-21
3060,3332,2025-03-22,2025-03-20,2025-03-23
3061,3333,2025-03-20,2025-03-21,2025-03-24
3062,3334,2025-03-21,2025-03-21,2025-03-22
3063,3335,2025-03-21,2025-03-21,2025-03-23
3064,3336,2025-03-21,2025-03-21,2025-03-23
3065,3337,2025-03-21,2025-03-20,2025-03-21
3066,3338,2025-03-21,2025-03-20,2025-03-22
3067,3340,2025-03-21,2025-03-20,2025-03-24
3068,3341,2025-03-22,2025-03-21,2025-03-25
3069,3342,2025-03-21,,
3070,3343,2025-03-20,2025-03-21,2025-03-25
3071,3344,2025-03-20,2025-03-21,2025-03-22
3072,3345,2025-03-20,2025-03-19,2025-03-23
3073,3346,2025-03-20,2025-03-21,2025-03-23
3074,3347,2025-03-21,2025-03-19,2025-03-21
3075,3348,2025-03-20,2025-03-21,2025-03-23
3076,3349,2025-03-22,2025-03-23,2025-03-26
3077,3350,2025-03-22,2025-03-20,2025-03-21
3078,3351,2025-03-20,2025-03-21,2025-03-24
3079,3352,2025-03-22,2025-03-20,2025-03-21
3080,3353,2025-03-21,2025-03-20,2025-03-22
3081,3354,2025-03-21,2025-03-20,2025-03-21
3082,3355,2025-03-21,2025-03-20,2025-03-22
3083,3356,2025-03-21,2025-03-20,2025-03-23
3084,3357,2025-03-21,2025-03-20,2025-03-21
3085,3358,2025-03-21,2025-03-21,2025-03-23
3086,3359,2025-03-22,2025-03-22,2025-03-26
3087,3360,2025-03-22,2025-03-21,2025-03-25
3088,3361,2025-03-22,2025-03-21,2025-03-22
3089,3362,2025-03-22,2025-03-20,2025-03-24
3090,3363,2025-03-23,2025-03-21,2025-03-22
3091,3364,2025-03-23,2025-03-24,2025-03-25
3092,3365,2025-03-22,2025-03-20,2025-03-22
3093,3366,2025-03-22,2025-03-22,2025-03-23
3094,3367,2025-03-21,2025-03-20,2025-03-23
3095,3368,2025-03-22,2025-03-21,2025-03-23
3096,3369,2025-03-22,2025-03-21,2025-03-25
3097,3370,2025-03-22,2025-03-21,2025-03-22
3098,3371,2025-03-23,2025-03-22,2025-03-25
3099,3372,2025-03-22,2025-03-21,2025-03-25
3100,3374,2025-03-22,2025-03-20,2025-03-23
3101,3375,2025-03-22,2025-03-21,2025-03-24
3102,3376,2025-03-21,2025-03-21,2025-03-25
3103,3377,2025-03-22,2025-03-24,2025-03-25
3104,3378,2025-03-22,2025-03-24,2025-03-26
3105,3379,2025-03-22,2025-03-22,2025-03-24
3106,3380,2025-03-21,2025-03-26,2025-03-29
3107,3381,2025-03-21,,
3108,3382,2025-03-22,2025-03-21,2025-03-24
3109,3383,2025-03-22,2025-03-24,2025-03-28
3110,3384,2025-03-21,2025-03-24,2025-03-26
3111,3385,2025-03-22,2025-03-22,2025-03-25
3112,3386,2025-03-22,2025-03-21,2025-03-22
3113,3387,2025-03-21,2025-03-21,2025-03-25
3114,3388,2025-03-21,2025-03-20,2025-03-21
3115,3389,2025-03-21,2025-03-22,2025-03-25
3116,3390,2025-03-22,2025-03-21,2025-03-25
3117,3391,2025-03-22,,
3118,3392,2025-03-22,2025-03-22,2025-03-26
3119,3393,2025-03-22,2025-03-22,2025-03-26
3120,3395,2025-03-23,2025-03-22,2025-03-26
3121,3396,2025-03-22,2025-03-20,2025-03-24
3122,3397,2025-03-21,2025-03-21,2025-03-25
3123,3398,2025-03-23,2025-03-21,2025-03-22
3124,3399,2025-03-23,2025-03-21,2025-03-23
3125,3400,2025-03-22,2025-03-24,2025-03-27
3126,3401,2025-03-22,2025-03-22,2025-03-26
3127,3403,2025-03-22,2025-03-25,2025-03-28
3128,3404,2025-03-22,2025-03-22,2025-03-26
3129,3405,2025-03-22,2025-03-22,2025-03-25
3130,3406,2025-03-24,2025-03-22,2025-03-26
3131,3407,2025-03-23,2025-03-21,2025-03-24
3132,3408,2025-03-22,2025-03-25,2025-03-28
3133,3409,2025-03-24,2025-03-22,2025-03-23
3134,3410,2025-03-23,2025-03-21,2025-03-24
3135,3411,2025-03-22,2025-03-22,2025-03-24
3136,3412,2025-03-23,2025-03-22,2025-03-26
3137,3413,2025-03-24,2025-03-23,2025-03-27
3138,3414,2025-03-22,,
3139,3415,2025-03-22,2025-03-25,2025-03-29
3140,3416,2025-03-24,2025-03-23,2025-03-27
3141,3417,2025-03-22,2025-03-22,2025-03-26
3142,3418,2025-03-22,2025-03-22,2025-03-25
3143,3419,2025-03-23,2025-03-22,2025-03-23
3144,3420,2025-03-23,2025-03-22,2025-03-25
3145,3421,2025-03-23,2025-03-22,2025-03-25
3146,3422,2025-03-22,2025-03-21,2025-03-24
3147,3423,2025-03-23,2025-03-23,2025-03-26
3148,3424,2025-03-23,2025-03-23,2025-03-27
3149,3425,2025-03-23,2025-03-21,2025-03-25
3150,3426,2025-03-23,2025-03-21,2025-03-25
3151,3427,2025-03-22,2025-03-25,2025-03-28
3152,3428,2025-03-22,2025-03-23,2025-03-24
3153,3429,2025-03-24,,
3154,3430,2025-03-23,2025-03-23,2025-03-24
3155,3431,2025-03-23,2025-03-22,2025-03-23
3156,3432,2025-03-24,2025-03-23,2025-03-26
3157,3433,2025-03-24,,
3158,3434,2025-03-25,2025-03-23,2025-03-24
3159,3436,2025-03-24,2025-03-23,2025-03-26
3160,3437,2025-03-23,2025-03-24,2025-03-28
3161,3438,2025-03-23,2025-03-24,2025-03-26
3162,3439,2025-03-24,2025-03-23,2025-03-27
3163,3441,2025-03-25,2025-03-26,2025-03-30
3164,3442,2025-03-25,2025-03-23,2025-03-24
3165,3443,2025-03-24,2025-03-23,2025-03-24
3166,3444,2025-03-23,2025-03-24,2025-03-27
3167,3445,2025-03-24,2025-03-24,2025-03-25
3168,3446,2025-03-25,2025-03-23,2025-03-25
3169,3447,2025-03-24,2025-03-23,2025-03-25
3170,3448,2025-03-24,2025-03-24,2025-03-28
3171,3449,2025-03-24,2025-03-26,2025-03-27
3172,3450,2025-03-25,2025-03-23,2025-03-26
3173,3451,2025-03-24,2025-03-24,2025-03-28
3174,3452,2025-03-24,2025-03-24,2025-03-25
3175,3453,2025-03-23,2025-03-23,2025-03-25
3176,3454,2025-03-23,2025-03-26,2025-03-28
3177,3455,2025-03-25,2025-03-23,2025-03-27
3178,3456,2025-03-25,2025-03-26,2025-03-27
3179,3457,2025-03-23,2025-03-24,2025-03-28
3180,3458,2025-03-23,2025-03-24,2025-03-28
3181,3459,2025-03-24,2025-03-24,2025-03-25
3182,3460,2025-03-24,2025-03-22,2025-03-23
3183,3461,2025-03-25,2025-03-26,2025-03-27
3184,3462,2025-03-24,2025-03-22,2025-03-26
3185,3463,2025-03-24,2025-03-22,2025-03-24
3186,3464,2025-03-23,2025-03-26,2025-03-27
3187,3465,2025-03-24,2025-03-26,2025-03-28
3188,3466,2025-03-24,2025-03-23,2025-03-26
3189,3467,2025-03-24,2025-03-24,2025-03-26
3190,3468,2025-03-25,2025-03-27,2025-03-29
3191,3469,2025-03-25,2025-03-25,2025-03-29
3192,3470,2025-03-25,,
3193,3471,2025-03-25,2025-03-29,2025-04-02
3194,3472,2025-03-25,2025-03-24,2025-03-26
3195,3473,2025-03-26,2025-03-29,2025-03-30
3196,3474,2025-03-25,2025-03-24,2025-03-28
3197,3475,2025-03-25,2025-03-23,2025-03-24
3198,3476,2025-03-26,2025-03-29,2025-04-02
3199,3477,2025-03-25,2025-03-23,2025-03-25
3200,3478,2025-03-25,2025-03-29,2025-04-02
3201,3479,2025-03-26,2025-03-29,2025-03-31
3202,3480,2025-03-25,2025-03-24,2025-03-28
3203,3481,2025-03-25,,
3204,3482,2025-03-25,2025-03-23,2025-03-25
3205,3483,2025-03-25,2025-03-25,2025-03-27
3206,3484,2025-03-26,2025-03-23,2025-03-25
3207,3485,2025-03-25,2025-03-27,2025-03-30
3208,3486,2025-03-24,2025-03-25,2025-03-29
3209,3487,2025-03-25,2025-03-24,2025-03-28
3210,3488,2025-03-25,2025-03-24,2025-03-27
3211,3489,2025-03-24,2025-03-25,2025-03-29
3212,3490,2025-03-26,2025-03-24,2025-03-26
3213,3491,2025-03-25,,
3214,3492,2025-03-25,2025-03-25,2025-03-28
3215,3493,2025-03-25,2025-03-27,2025-03-29
3216,3494,2025-03-25,2025-03-29,2025-03-31
3217,3495,2025-03-24,2025-03-23,2025-03-26
3218,3496,2025-03-25,2025-03-27,2025-03-28
3219,3497,2025-03-25,2025-03-23,2025-03-27
3220,3498,2025-03-25,2025-03-23,2025-03-27
3221,3499,2025-03-24,2025-03-24,2025-03-26
3222,3500,2025-03-24,2025-03-29,2025-04-02
3223,3501,2025-03-25,2025-03-23,2025-03-24
3224,3502,2025-03-25,2025-03-24,2025-03-25
3225,3503,2025-03-25,2025-03-24,2025-03-26
3226,3505,2025-03-25,2025-03-28,2025-04-01
3227,3506,2025-03-26,2025-03-25,2025-03-26
3228,3507,2025-03-25,2025-03-26,2025-03-27
3229,3508,2025-03-26,2025-03-24,2025-03-28
3230,3510,2025-03-26,2025-03-26,2025-03-28
3231,3511,2025-03-26,2025-03-25,2025-03-28
3232,3512,2025-03-26,2025-03-26,2025-03-27
3233,3513,2025-03-26,2025-03-26,2025-03-30
3234,3514,2025-03-26,2025-03-25,2025-03-27
3235,3515,2025-03-27,2025-03-26,2025-03-28
3236,3516,2025-03-26,2025-03-25,2025-03-28
3237,3517,2025-03-26,2025-03-24,2025-03-26
3238,3518,2025-03-25,2025-03-26,2025-03-27
3239,3520,2025-03-25,2025-03-25,2025-03-29
3240,3521,2025-03-26,2025-03-25,2025-03-27
3241,3523,2025-03-27,2025-03-26,2025-03-27
3242,3524,2025-03-27,2025-03-28,2025-04-01
3243,3525,2025-03-27,2025-03-25,2025-03-26
3244,3526,2025-03-26,2025-03-25,2025-03-27
3245,3527,2025-03-25,2025-03-25,2025-03-28
3246,3528,2025-03-26,2025-03-25,2025-03-29
3247,3529,2025-03-26,2025-03-26,2025-03-29
3248,3530,2025-03-26,2025-03-25,2025-03-27
3249,3531,2025-03-26,2025-03-24,2025-03-27
3250,3532,2025-03-27,2025-03-24,2025-03-25
3251,3533,2025-03-26,2025-03-28,2025-03-31
3252,3534,2025-03-25,2025-03-26,2025-03-28
3253,3535,2025-03-26,2025-03-26,2025-03-29
3254,3536,2025-03-25,2025-03-26,2025-03-30
3255,3537,2025-03-26,2025-03-25,2025-03-29
3256,3538,2025-03-25,2025-03-24,2025-03-27
3257,3539,2025-03-27,2025-03-24,2025-03-28
3258,3540,2025-03-27,2025-03-25,2025-03-28
3259,3541,2025-03-28,2025-03-29,2025-04-02
3260,3542,2025-03-28,2025-03-27,2025-03-30
3261,3543,2025-03-27,2025-03-27,2025-03-30
3262,3544,2025-03-26,2025-03-29,2025-04-01
3263,3545,2025-03-27,2025-03-25,2025-03-26
3264,3546,2025-03-26,,
3265,3548,2025-03-26,2025-03-26,2025-03-27
3266,3549,2025-03-27,2025-03-27,2025-03-30
3267,3550,2025-03-26,2025-03-31,2025-04-03
3268,3551,2025-03-27,2025-03-29,2025-03-31
3269,3553,2025-03-26,2025-03-26,2025-03-29
3270,3554,2025-03-26,,
3271,3555,2025-03-27,2025-03-25,2025-03-26
3272,3557,2025-03-27,2025-03-25,2025-03-26
3273,3558,2025-03-26,2025-03-26,2025-03-27
3274,3559,2025-03-28,2025-03-27,2025-03-29
3275,3560,2025-03-26,2025-03-27,2025-03-31
3276,3562,2025-03-27,2025-03-29,2025-04-01
3277,3563,2025-03-28,2025-03-27,2025-03-30
3278,3564,2025-03-27,2025-03-26,2025-03-29
3279,3565,2025-03-27,2025-03-25,2025-03-26
3280,3567,2025-03-27,2025-03-26,2025-03-28
3281,3568,2025-03-27,2025-03-26,2025-03-30
3282,3569,2025-03-26,2025-03-27,2025-03-31
3283,3570,2025-03-27,2025-03-27,2025-03-31
3284,3571,2025-03-27,2025-03-26,2025-03-28
3285,3572,2025-03-26,2025-03-27,2025-03-28
3286,3573,2025-03-27,2025-03-26,2025-03-30
3287,3574,2025-03-29,2025-03-26,2025-03-27
3288,3575,2025-03-28,2025-03-27,2025-03-28
3289,3576,2025-03-29,2025-03-28,2025-04-01
3290,3577,2025-03-28,2025-04-01,2025-04-05
3291,3578,2025-03-28,2025-03-27,2025-03-29
3292,3579,2025-03-29,2025-03-27,2025-03-28
3293,3581,2025-03-28,2025-03-28,2025-03-29
3294,3582,2025-03-27,2025-03-28,2025-03-30
3295,3583,2025-03-28,2025-03-28,2025-03-30
3296,3584,2025-03-27,2025-04-01,2025-04-03
3297,3585,2025-03-28,2025-03-27,2025-03-28
3298,3586,2025-03-29,2025-03-26,2025-03-30
3299,3587,2025-03-28,2025-03-26,2025-03-29
3300,3588,2025-03-28,2025-03-28,2025-04-01
3301,3589,2025-03-28,2025-03-28,2025-03-29
3302,3590,2025-03-28,2025-03-28,2025-04-01
3303,3591,2025-03-27,2025-03-30,2025-04-03
3304,3592,2025-03-28,2025-03-27,2025-03-29
3305,3593,2025-03-28,2025-03-27,2025-03-29
3306,3594,2025-03-27,2025-03-28,2025-03-31
3307,3595,2025-03-28,2025-03-27,2025-03-30
3308,3596,2025-03-29,2025-03-30,2025-04-02
3309,3597,2025-03-27,2025-03-28,2025-03-31
3310,3598,2025-03-27,2025-03-26,2025-03-30
3311,3599,2025-03-29,2025-04-01,2025-04-02
3312,3600,2025-03-27,2025-03-28,2025-04-01
3313,3601,2025-03-28,2025-03-28,2025-03-30
3314,3602,2025-03-28,2025-03-26,2025-03-30
3315,3603,2025-03-28,2025-03-27,2025-03-31
3316,3604,2025-03-29,2025-03-28,2025-03-29
3317,3606,2025-03-27,2025-03-28,2025-04-01
3318,3607,2025-03-27,2025-03-28,2025-04-01
3319,3609,2025-03-29,2025-03-26,2025-03-29
3320,3610,2025-03-27,2025-03-27,2025-03-30
3321,3611,2025-03-29,2025-03-30,2025-04-02
3322,3612,2025-03-28,2025-03-28,2025-03-29
3323,3613,2025-03-29,2025-03-30,2025-03-31
3324,3614,2025-03-28,2025-03-28,2025-03-30
3325,3616,2025-03-27,2025-04-01,2025-04-04
3326,3617,2025-03-27,2025-03-28,2025-03-30
3327,3618,2025-03-29,2025-03-28,2025-03-31
3328,3619,2025-03-29,2025-03-31,2025-04-01
3329,3620,2025-03-29,2025-03-29,2025-03-30
3330,3621,2025-03-29,2025-03-27,2025-03-30
3331,3622,2025-03-29,2025-03-28,2025-03-29
3332,3623,2025-03-30,,
3333,3624,2025-03-28,2025-03-28,2025-03-31
3334,3625,2025-03-29,2025-04-02,2025-04-05
3335,3626,2025-03-29,2025-03-29,2025-03-30
3336,3627,2025-03-30,2025-03-27,2025-03-28
3337,3628,2025-03-29,2025-03-28,2025-03-31
3338,3629,2025-03-29,2025-03-28,2025-04-01
3339,3630,2025-03-29,2025-03-31,2025-04-01
3340,3631,2025-03-29,2025-03-29,2025-03-31
3341,3633,2025-03-29,2025-03-29,2025-04-02
3342,3634,2025-03-30,2025-03-28,2025-03-31
3343,3635,2025-03-29,2025-04-02,2025-04-06
3344,3636,2025-03-29,2025-03-28,2025-03-30
3345,3638,2025-03-29,2025-03-27,2025-03-31
3346,3639,2025-03-29,2025-03-28,2025-03-31
3347,3640,2025-03-29,2025-03-28,2025-04-01
3348,3641,2025-03-29,2025-03-29,2025-03-30
3349,3642,2025-03-28,2025-03-31,2025-04-03
3350,3643,2025-03-28,2025-03-31,2025-04-02
3351,3644,2025-03-28,2025-03-29,2025-04-02
3352,3645,2025-03-29,2025-03-29,2025-03-30
3353,3648,2025-03-30,2025-03-28,2025-03-31
3354,3650,2025-03-30,2025-03-29,2025-03-30
3355,3652,2025-03-29,2025-03-27,2025-03-28
3356,3653,2025-03-28,2025-03-29,2025-04-01
3357,3654,2025-03-29,2025-03-29,2025-03-31
3358,3655,2025-03-29,2025-03-27,2025-03-30
3359,3656,2025-03-30,2025-03-28,2025-03-30
3360,3657,2025-03-29,2025-03-29,2025-03-31
3361,3659,2025-03-29,2025-03-29,2025-04-02
3362,3660,2025-03-28,2025-03-31,2025-04-03
3363,3661,2025-03-29,2025-03-29,2025-03-31
3364,3662,2025-03-30,2025-03-29,2025-04-01
3365,3664,2025-03-28,2025-03-28,2025-04-01
3366,3665,2025-03-29,2025-03-29,2025-03-31
3367,3667,2025-03-28,2025-03-28,2025-03-29
3368,3668,2025-03-29,2025-03-28,2025-03-31
3369,3669,2025-03-29,2025-03-28,2025-03-31
3370,3670,2025-03-29,2025-03-28,2025-04-01
3371,3671,2025-03-29,2025-04-02,2025-04-03
3372,3672,2025-03-30,2025-03-29,2025-04-02
3373,3673,2025-03-28,2025-03-29,2025-03-31
3374,3674,2025-03-30,2025-04-03,2025-04-04
3375,3675,2025-03-29,,
3376,3676,2025-03-29,2025-04-03,2025-04-06
3377,3677,2025-03-30,2025-03-29,2025-03-30
3378,3678,2025-03-29,2025-03-29,2025-04-01
3379,3679,2025-03-30,2025-04-03,2025-04-07
3380,3680,2025-03-30,2025-03-29,2025-03-30
3381,3681,2025-03-30,2025-03-30,2025-04-01
3382,3682,2025-03-30,2025-04-01,2025-04-02
3383,3683,2025-03-29,2025-03-29,2025-04-01
3384,3684,2025-03-29,2025-04-01,2025-04-04
3385,3685,2025-03-30,2025-03-28,2025-04-01
3386,3686,2025-03-30,2025-03-29,2025-03-30
3387,3687,2025-03-29,2025-03-30,2025-04-01
3388,3688,2025-03-30,2025-04-01,2025-04-03
3389,3689,2025-03-31,2025-04-01,2025-04-02
3390,3690,2025-03-30,2025-03-29,2025-03-30
3391,3691,2025-03-30,2025-03-28,2025-03-29
3392,3692,2025-03-30,2025-04-01,2025-04-03
3393,3693,2025-03-30,2025-04-03,2025-04-07
3394,3694,2025-03-31,2025-04-03,2025-04-06
3395,3696,2025-03-31,2025-04-01,2025-04-02
3396,3697,2025-03-29,2025-03-29,2025-04-02
3397,3698,2025-03-31,2025-03-30,2025-04-03
3398,3699,2025-03-30,2025-03-30,2025-04-02
3399,3700,2025-03-31,2025-03-30,2025-04-01
3400,3701,2025-03-30,2025-03-30,2025-04-03
3401,3702,2025-03-31,2025-03-29,2025-04-02
3402,3703,2025-03-29,2025-03-29,2025-04-01
3403,3704,2025-03-30,2025-03-29,2025-03-31
3404,3705,2025-03-29,2025-03-29,2025-03-30
3405,3706,2025-03-30,2025-03-30,2025-04-02
3406,3707,2025-03-29,2025-03-30,2025-03-31
3407,3708,2025-03-30,2025-03-29,2025-04-01
3408,3709,2025-03-30,2025-03-28,2025-03-31
3409,3711,2025-03-29,2025-03-29,2025-03-30
3410,3712,2025-03-30,2025-03-30,2025-03-31
3411,3713,2025-03-30,,
3412,3714,2025-03-30,2025-04-03,2025-04-05
3413,3715,2025-03-29,2025-04-01,2025-04-02
3414,3716,2025-03-31,2025-04-03,2025-04-05
3415,3717,2025-03-30,2025-03-29,2025-03-30
3416,3718,2025-03-30,2025-03-29,2025-04-02
3417,3719,2025-03-30,2025-04-01,2025-04-02
3418,3720,2025-03-30,2025-03-29,2025-03-31
3419,3721,2025-03-29,2025-03-30,2025-04-02
3420,3722,2025-03-30,2025-03-30,2025-03-31
3421,3723,2025-03-30,2025-03-30,2025-04-02
3422,3724,2025-03-30,2025-03-30,2025-03-31
3423,3725,2025-03-30,2025-03-30,2025-03-31
3424,3726,2025-03-30,2025-03-28,2025-04-01
3425,3727,2025-03-30,2025-03-29,2025-03-31
3426,3728,2025-03-30,2025-03-28,2025-03-30
3427,3729,2025-03-30,2025-03-30,2025-04-02
3428,3730,2025-03-30,2025-03-30,2025-03-31
3429,3731,2025-03-29,2025-03-30,2025-04-01
3430,3732,2025-03-31,2025-03-28,2025-03-29
3431,3733,2025-03-30,2025-03-28,2025-03-29
3432,3734,2025-03-30,2025-04-01,2025-04-03
3433,3735,2025-03-30,2025-03-30,2025-04-01
3434,3736,2025-03-30,2025-04-04,2025-04-08
3435,3737,2025-04-01,2025-03-31,2025-04-04
3436,3738,2025-03-31,2025-03-29,2025-04-02
3437,3739,2025-03-31,,
3438,3740,2025-03-31,2025-03-31,2025-04-03
3439,3741,2025-04-01,2025-03-29,2025-03-31
3440,3742,2025-03-31,2025-03-29,2025-04-01
3441,3743,2025-03-31,2025-03-31,2025-04-03
3442,3744,2025-03-30,2025-03-30,2025-04-03
3443,3745,2025-03-31,2025-03-31,2025-04-04
3444,3746,2025-03-31,2025-03-30,2025-04-02
3445,3747,2025-04-01,2025-03-31,2025-04-01
3446,3748,2025-03-31,2025-03-29,2025-03-31
3447,3749,2025-03-30,2025-04-02,2025-04-06
3448,3750,2025-03-30,2025-03-30,2025-03-31
3449,3751,2025-03-31,2025-03-30,2025-03-31
3450,3752,2025-03-31,2025-03-31,2025-04-01
3451,3753,2025-03-31,2025-04-02,2025-04-04
3452,3754,2025-04-01,2025-04-02,2025-04-06
3453,3755,2025-03-30,2025-03-30,2025-04-02
3454,3756,2025-03-31,2025-03-30,2025-03-31
3455,3757,2025-03-31,2025-03-31,2025-04-03
3456,3758,2025-03-30,2025-03-30,2025-04-01
3457,3759,2025-03-31,2025-03-31,2025-04-03
3458,3760,2025-04-01,2025-04-02,2025-04-05
3459,3761,2025-03-31,2025-03-30,2025-04-02
3460,3762,2025-03-31,2025-03-30,2025-03-31
3461,3763,2025-03-30,,
3462,3764,2025-04-01,2025-03-30,2025-04-01
3463,3765,2025-04-01,2025-03-30,2025-04-01
3464,3767,2025-04-01,,
3465,3768,2025-03-31,2025-03-30,2025-03-31
3466,3769,2025-03-30,2025-03-29,2025-03-31
3467,3770,2025-03-31,2025-04-02,2025-04-03
3468,3771,2025-03-31,2025-03-30,2025-03-31
3469,3772,2025-04-01,2025-04-02,2025-04-05
3470,3773,2025-03-31,2025-03-30,2025-04-03
3471,3774,2025-03-30,2025-03-30,2025-04-01
3472,3775,2025-03-31,2025-04-02,2025-04-05
3473,3776,2025-03-31,2025-03-29,2025-04-01
3474,3777,2025-03-31,2025-03-30,2025-04-03
3475,3778,2025-03-31,2025-03-30,2025-04-01
3476,3779,2025-04-01,2025-03-31,2025-04-02
3477,3780,2025-04-02,2025-03-31,2025-04-02
3478,3781,2025-04-01,2025-03-31,2025-04-03
3479,3782,2025-04-02,2025-04-01,2025-04-02
3480,3783,2025-03-31,2025-03-31,2025-04-01
3481,3784,2025-04-01,2025-04-03,2025-04-06
3482,3785,2025-04-01,2025-03-31,2025-04-02
3483,3786,2025-04-01,2025-04-01,2025-04-05
3484,3787,2025-04-01,2025-04-01,2025-04-02
3485,3788,2025-03-31,2025-04-03,2025-04-04
3486,3790,2025-04-01,2025-04-01,2025-04-04
3487,3791,2025-03-31,2025-03-30,2025-04-03
3488,3792,2025-04-01,,
3489,3793,2025-03-31,2025-04-01,2025-04-05
3490,3794,2025-04-01,2025-03-31,2025-04-02
3491,3795,2025-03-31,2025-03-31,2025-04-03
3492,3796,2025-04-01,2025-04-03,2025-04-06
3493,3797,2025-04-01,2025-03-30,2025-04-01
3494,3798,2025-04-01,2025-03-30,2025-04-03
3495,3799,2025-04-01,2025-04-03,2025-04-06
3496,3800,2025-04-01,,
3497,3802,2025-04-01,2025-03-31,2025-04-02
3498,3803,2025-04-02,2025-03-31,2025-04-01
3499,3804,2025-04-01,2025-03-30,2025-04-02
3500,3805,2025-03-31,2025-03-31,2025-04-04
3501,3806,2025-04-02,2025-04-01,2025-04-03
3502,3807,2025-04-01,2025-04-01,2025-04-03
3503,3808,2025-04-01,2025-03-31,2025-04-04
3504,3809,2025-03-31,2025-03-31,2025-04-01
3505,3810,2025-03-31,2025-03-31,2025-04-01
3506,3811,2025-04-01,2025-04-05,2025-04-08
3507,3812,2025-03-31,2025-03-31,2025-04-04
3508,3813,2025-04-01,2025-03-31,2025-04-03
3509,3814,2025-04-01,2025-04-03,2025-04-05
3510,3815,2025-03-31,2025-03-31,2025-04-01
3511,3817,2025-03-31,2025-03-31,2025-04-03
3512,3818,2025-04-02,2025-03-31,2025-04-04
3513,3819,2025-04-01,2025-03-30,2025-04-01
3514,3820,2025-04-01,2025-04-01,2025-04-02
3515,3821,2025-03-31,2025-04-01,2025-04-03
3516,3822,2025-04-01,2025-03-31,2025-04-03
3517,3823,2025-03-31,2025-04-05,2025-04-06
3518,3824,2025-04-02,2025-03-31,2025-04-03
3519,3825,2025-03-31,2025-03-31,2025-04-04
3520,3826,2025-03-31,2025-04-03,2025-04-07
3521,3827,2025-04-02,2025-04-01,2025-04-05
3522,3828,2025-04-01,2025-04-01,2025-04-02
3523,3829,2025-04-01,2025-03-31,2025-04-04
3524,3830,2025-04-01,2025-04-01,2025-04-02
3525,3831,2025-04-03,2025-04-04,2025-04-06
3526,3832,2025-04-02,2025-04-02,2025-04-04
3527,3833,2025-04-02,2025-04-01,2025-04-05
3528,3835,2025-04-02,2025-04-04,2025-04-08
3529,3836,2025-04-01,2025-04-02,2025-04-05
3530,3837,2025-04-02,2025-04-01,2025-04-03
3531,3838,2025-04-02,2025-04-01,2025-04-03
3532,3839,2025-04-02,2025-04-01,2025-04-04
3533,3840,2025-04-03,2025-04-06,2025-04-09
3534,3841,2025-04-01,2025-04-01,2025-04-05
3535,3842,2025-04-02,2025-04-02,2025-04-05
3536,3844,2025-04-02,2025-03-31,2025-04-04
3537,3845,2025-04-02,2025-04-01,2025-04-03
3538,3846,2025-04-03,2025-04-01,2025-04-03
3539,3847,2025-04-02,2025-03-31,2025-04-02
3540,3848,2025-04-02,2025-03-31,2025-04-03
3541,3849,2025-04-03,2025-04-02,2025-04-04
3542,3850,2025-04-03,2025-04-06,2025-04-08
3543,3851,2025-04-02,2025-04-02,2025-04-03
3544,3852,2025-04-02,,
3545,3853,2025-04-02,2025-03-31,2025-04-01
3546,3854,2025-04-03,2025-04-02,2025-04-03
3547,3855,2025-04-01,2025-03-31,2025-04-03
3548,3856,2025-04-02,2025-04-04,2025-04-08
3549,3857,2025-04-01,2025-04-02,2025-04-03
3550,3858,2025-04-01,2025-04-02,2025-04-05
3551,3859,2025-04-02,2025-04-02,2025-04-04
3552,3860,2025-04-01,2025-04-01,2025-04-03
3553,3862,2025-04-01,2025-04-01,2025-04-05
3554,3863,2025-04-02,,
3555,3864,2025-04-01,2025-04-01,2025-04-02
3556,3865,2025-04-02,2025-04-01,2025-04-03
3557,3866,2025-04-03,2025-03-31,2025-04-04
3558,3867,2025-04-03,2025-04-01,2025-04-02
3559,3868,2025-04-02,2025-04-04,2025-04-06
3560,3869,2025-04-02,2025-04-01,2025-04-05
3561,3870,2025-04-02,2025-04-01,2025-04-04
3562,3871,2025-04-03,2025-03-31,2025-04-03
3563,3872,2025-04-02,,
3564,3873,2025-04-01,2025-04-04,2025-04-08
3565,3874,2025-04-02,2025-03-31,2025-04-03
3566,3875,2025-04-01,2025-04-01,2025-04-04
3567,3876,2025-04-02,2025-04-01,2025-04-03
3568,3877,2025-04-02,2025-04-01,2025-04-02
3569,3878,2025-04-02,2025-04-02,2025-04-05
3570,3879,2025-04-04,2025-04-01,2025-04-04
3571,3880,2025-04-02,2025-04-02,2025-04-03
3572,3881,2025-04-03,2025-04-01,2025-04-05
3573,3882,2025-04-04,2025-04-03,2025-04-05
3574,3883,2025-04-03,2025-04-01,2025-04-05
3575,3884,2025-04-04,2025-04-02,2025-04-06
3576,3885,2025-04-04,2025-04-01,2025-04-03
3577,3886,2025-04-04,,
3578,3887,2025-04-02,2025-04-02,2025-04-04
3579,3888,2025-04-03,2025-04-03,2025-04-05
3580,3889,2025-04-02,2025-04-03,2025-04-06
3581,3890,2025-04-02,2025-04-03,2025-04-05
3582,3891,2025-04-03,2025-04-03,2025-04-04
3583,3892,2025-04-03,2025-04-03,2025-04-05
3584,3893,2025-04-04,2025-04-02,2025-04-03
3585,3894,2025-04-03,2025-04-02,2025-04-04
3586,3895,2025-04-03,2025-04-02,2025-04-06
3587,3896,2025-04-03,2025-04-05,2025-04-08
3588,3897,2025-04-03,2025-04-02,2025-04-05
3589,3898,2025-04-03,2025-04-01,2025-04-03
3590,3899,2025-04-03,2025-04-05,2025-04-09
3591,3900,2025-04-03,2025-04-02,2025-04-04
3592,3901,2025-04-02,2025-04-02,2025-04-04
3593,3902,2025-04-02,2025-04-05,2025-04-07
3594,3903,2025-04-04,2025-04-02,2025-04-05
3595,3905,2025-04-02,2025-04-01,2025-04-04
3596,3906,2025-04-03,2025-04-02,2025-04-05
3597,3907,2025-04-04,2025-04-03,2025-04-05
3598,3908,2025-04-02,2025-04-03,2025-04-06
3599,3909,2025-04-02,2025-04-02,2025-04-05
3600,3910,2025-04-03,2025-04-03,2025-04-04
3601,3911,2025-04-03,2025-04-03,2025-04-07
3602,3912,2025-04-03,2025-04-02,2025-04-06
3603,3913,2025-04-02,2025-04-03,2025-04-04
3604,3914,2025-04-03,2025-04-02,2025-04-06
3605,3915,2025-04-03,2025-04-03,2025-04-06
3606,3916,2025-04-03,2025-04-02,2025-04-05
3607,3917,2025-04-03,2025-04-01,2025-04-02
3608,3919,2025-04-04,2025-04-02,2025-04-06
3609,3920,2025-04-03,2025-04-03,2025-04-04
3610,3921,2025-04-03,,
3611,3922,2025-04-03,2025-04-03,2025-04-04
3612,3923,2025-04-02,2025-04-02,2025-04-06
3613,3924,2025-04-03,2025-04-02,2025-04-06
3614,3925,2025-04-03,2025-04-03,2025-04-05
3615,3927,2025-04-03,2025-04-02,2025-04-05
3616,3928,2025-04-03,2025-04-01,2025-04-04
3617,3929,2025-04-03,2025-04-02,2025-04-03
3618,3930,2025-04-04,2025-04-02,2025-04-05
3619,3931,2025-04-03,2025-04-02,2025-04-05
3620,3932,2025-04-02,2025-04-02,2025-04-05
3621,3935,2025-04-04,2025-04-03,2025-04-04
