order_id,order_created_at,order_status,campaign_id,region,order_gmv,order_date,shipment_id,promised_ship_date,shipped_date,delivered_date,is_fulfilled,is_delayed
1,2025-01-01,completed,,Central,173.9,2025-01-01,1.0,2025-01-04,2025-01-03,2025-01-07,1,0
2,2025-01-01,completed,,South,202.48,2025-01-01,2.0,2025-01-05,,,0,1
3,2025-01-01,completed,,Central,153.73000000000002,2025-01-01,3.0,2025-01-04,2025-01-06,2025-01-10,1,1
4,2025-01-01,completed,,North,63.15,2025-01-01,4.0,2025-01-04,2025-01-04,2025-01-08,1,0
5,2025-01-01,completed,,North,61.39,2025-01-01,5.0,2025-01-04,2025-01-02,2025-01-04,1,0
6,2025-01-01,completed,,Central,81.86,2025-01-01,6.0,2025-01-04,2025-01-04,2025-01-05,1,0
7,2025-01-01,completed,,Central,125.09,2025-01-01,7.0,2025-01-03,2025-01-03,2025-01-05,1,0
8,2025-01-01,completed,,East,108.67,2025-01-01,8.0,2025-01-05,,,0,1
9,2025-01-01,completed,,Central,176.4,2025-01-01,9.0,2025-01-05,2025-01-03,2025-01-07,1,0
10,2025-01-01,completed,,South,173.9,2025-01-01,10.0,2025-01-03,2025-01-03,2025-01-07,1,0
11,2025-01-01,completed,,South,69.13,2025-01-01,11.0,2025-01-04,2025-01-08,2025-01-09,1,1
12,2025-01-01,completed,,East,69.13,2025-01-01,12.0,2025-01-04,2025-01-04,2025-01-05,1,0
13,2025-01-01,completed,,East,546.16,2025-01-01,13.0,2025-01-05,2025-01-04,2025-01-05,1,0
14,2025-01-01,completed,,North,141.08999999999997,2025-01-01,14.0,2025-01-03,,,0,1
15,2025-01-01,completed,,Central,122.78,2025-01-01,15.0,2025-01-05,2025-01-06,2025-01-09,1,1
16,2025-01-01,completed,,Central,19.71,2025-01-01,16.0,2025-01-03,2025-01-04,2025-01-05,1,1
17,2025-01-01,completed,,North,53.45,2025-01-01,17.0,2025-01-04,2025-01-03,2025-01-05,1,0
18,2025-01-01,completed,,Central,202.48,2025-01-01,18.0,2025-01-05,2025-01-06,2025-01-10,1,1
19,2025-01-01,completed,,East,899.2900000000001,2025-01-01,19.0,2025-01-04,2025-01-06,2025-01-08,1,1
20,2025-01-01,completed,,Central,103.84,2025-01-01,20.0,2025-01-05,2025-01-06,2025-01-10,1,1
21,2025-01-01,processing,,East,40.94,2025-01-01,21.0,2025-01-04,2025-01-02,2025-01-06,1,0
22,2025-01-01,completed,,North,24.61,2025-01-01,22.0,2025-01-04,2025-01-06,2025-01-08,1,1
23,2025-01-01,completed,,North,43.73,2025-01-01,23.0,2025-01-03,2025-01-04,2025-01-06,1,1
24,2025-01-01,completed,,East,163.05,2025-01-01,24.0,2025-01-04,2025-01-03,2025-01-06,1,0
25,2025-01-01,completed,,North,2429.76,2025-01-01,25.0,2025-01-05,2025-01-02,2025-01-05,1,0
26,2025-01-01,completed,,Central,152.53,2025-01-01,26.0,2025-01-04,2025-01-04,2025-01-06,1,0
27,2025-01-01,completed,,East,409.26,2025-01-01,27.0,2025-01-03,2025-01-02,2025-01-03,1,0
28,2025-01-01,processing,,East,166.32,2025-01-01,28.0,2025-01-04,2025-01-04,2025-01-05,1,0
29,2025-01-01,processing,,South,168.3,2025-01-01,29.0,2025-01-04,2025-01-04,2025-01-05,1,0
30,2025-01-01,completed,,North,61.39,2025-01-01,30.0,2025-01-04,2025-01-03,2025-01-07,1,0
31,2025-01-01,processing,,North,342.56,2025-01-01,31.0,2025-01-05,2025-01-03,2025-01-07,1,0
32,2025-01-01,completed,,East,125.88,2025-01-01,32.0,2025-01-03,2025-01-04,2025-01-07,1,1
33,2025-01-01,completed,,North,53.45,2025-01-01,33.0,2025-01-03,2025-01-02,2025-01-06,1,0
34,2025-01-01,refunded,,South,53.45,2025-01-01,,,,,0,1
35,2025-01-01,completed,,South,34.71,2025-01-01,34.0,2025-01-05,2025-01-03,2025-01-04,1,0
36,2025-01-01,cancelled,,North,332.92,2025-01-01,,,,,0,1
37,2025-01-01,completed,,Central,83.16,2025-01-01,35.0,2025-01-04,2025-01-04,2025-01-05,1,0
38,2025-01-01,completed,,Central,69.13,2025-01-01,36.0,2025-01-05,2025-01-02,2025-01-04,1,0
39,2025-01-01,completed,,South,20.47,2025-01-01,37.0,2025-01-04,2025-01-06,2025-01-07,1,1
40,2025-01-01,completed,,South,186.12,2025-01-01,38.0,2025-01-04,2025-01-08,2025-01-10,1,1
41,2025-01-01,completed,,South,345.69,2025-01-01,39.0,2025-01-03,2025-01-03,2025-01-06,1,0
42,2025-01-01,completed,,East,84.15,2025-01-01,40.0,2025-01-04,2025-01-04,2025-01-07,1,0
43,2025-01-01,completed,,Central,157.65,2025-01-01,41.0,2025-01-05,2025-01-04,2025-01-06,1,0
44,2025-01-01,completed,,South,315.3,2025-01-01,42.0,2025-01-03,2025-01-03,2025-01-04,1,0
45,2025-01-01,completed,,South,49.22,2025-01-01,43.0,2025-01-04,2025-01-06,2025-01-07,1,1
46,2025-01-01,completed,,East,103.41999999999999,2025-01-01,44.0,2025-01-03,2025-01-03,2025-01-05,1,0
47,2025-01-01,completed,,Central,78.32,2025-01-01,45.0,2025-01-04,2025-01-03,2025-01-05,1,0
48,2025-01-01,completed,,Central,114.84,2025-01-01,46.0,2025-01-04,2025-01-02,2025-01-04,1,0
49,2025-01-01,completed,,North,124.26,2025-01-01,47.0,2025-01-04,2025-01-04,2025-01-06,1,0
50,2025-01-02,completed,,Central,131.19,2025-01-02,48.0,2025-01-04,2025-01-04,2025-01-08,1,0
51,2025-01-02,completed,,North,117.99,2025-01-02,49.0,2025-01-05,2025-01-04,2025-01-08,1,0
52,2025-01-02,completed,,North,61.39,2025-01-02,50.0,2025-01-06,2025-01-04,2025-01-08,1,0
53,2025-01-02,completed,,North,53.45,2025-01-02,51.0,2025-01-05,2025-01-03,2025-01-05,1,0
54,2025-01-02,refunded,,South,325.53,2025-01-02,,,,,0,1
55,2025-01-02,completed,,Central,133.46,2025-01-02,52.0,2025-01-04,2025-01-03,2025-01-06,1,0
56,2025-01-02,completed,,East,161.72,2025-01-02,53.0,2025-01-04,2025-01-07,2025-01-11,1,1
57,2025-01-02,completed,,Central,42.3,2025-01-02,54.0,2025-01-05,2025-01-03,2025-01-06,1,0
58,2025-01-02,completed,,Central,152.53,2025-01-02,55.0,2025-01-06,2025-01-05,2025-01-09,1,0
59,2025-01-02,completed,,South,607.44,2025-01-02,56.0,2025-01-05,2025-01-04,2025-01-05,1,0
60,2025-01-02,completed,,South,84.15,2025-01-02,57.0,2025-01-04,2025-01-05,2025-01-08,1,1
61,2025-01-02,refunded,,East,87.46,2025-01-02,,,,,0,1
62,2025-01-02,completed,,East,24.68,2025-01-02,58.0,2025-01-05,2025-01-05,2025-01-07,1,0
63,2025-01-02,completed,,South,175.75,2025-01-02,59.0,2025-01-05,2025-01-05,2025-01-08,1,0
64,2025-01-02,completed,,North,63.44,2025-01-02,60.0,2025-01-05,2025-01-04,2025-01-08,1,0
65,2025-01-02,completed,,North,157.65,2025-01-02,61.0,2025-01-05,2025-01-05,2025-01-06,1,0
66,2025-01-02,completed,,North,75.66,2025-01-02,62.0,2025-01-05,2025-01-03,2025-01-05,1,0
67,2025-01-02,completed,,East,369.14,2025-01-02,63.0,2025-01-05,2025-01-05,2025-01-09,1,0
68,2025-01-02,completed,,South,267.81,2025-01-02,64.0,2025-01-05,2025-01-04,2025-01-08,1,0
69,2025-01-02,completed,,South,75.66,2025-01-02,65.0,2025-01-06,2025-01-07,2025-01-09,1,1
70,2025-01-02,completed,,East,42.3,2025-01-02,66.0,2025-01-06,2025-01-05,2025-01-08,1,0
71,2025-01-02,completed,,Central,43.74,2025-01-02,67.0,2025-01-05,2025-01-04,2025-01-07,1,0
72,2025-01-02,completed,,East,57.71,2025-01-02,68.0,2025-01-04,2025-01-05,2025-01-09,1,1
73,2025-01-02,completed,,South,153.98,2025-01-02,69.0,2025-01-05,2025-01-04,2025-01-06,1,0
74,2025-01-02,completed,,South,24.61,2025-01-02,70.0,2025-01-05,2025-01-04,2025-01-08,1,0
75,2025-01-02,processing,,Central,213.57999999999998,2025-01-02,71.0,2025-01-05,2025-01-05,2025-01-07,1,0
76,2025-01-02,completed,,Central,296.57000000000005,2025-01-02,72.0,2025-01-05,2025-01-03,2025-01-04,1,0
77,2025-01-02,processing,,East,57.71,2025-01-02,73.0,2025-01-04,2025-01-04,2025-01-05,1,0
78,2025-01-02,completed,,South,66.91,2025-01-02,74.0,2025-01-05,2025-01-07,2025-01-10,1,1
79,2025-01-02,completed,,South,342.88,2025-01-02,75.0,2025-01-05,2025-01-04,2025-01-05,1,0
80,2025-01-02,completed,,East,184.17,2025-01-02,76.0,2025-01-04,2025-01-04,2025-01-06,1,0
81,2025-01-02,cancelled,,Central,31.58,2025-01-02,,,,,0,1
82,2025-01-03,completed,,Central,21.34,2025-01-03,77.0,2025-01-05,2025-01-04,2025-01-06,1,0
83,2025-01-03,completed,,North,83.93,2025-01-03,78.0,2025-01-06,2025-01-05,2025-01-08,1,0
84,2025-01-03,completed,,East,34.71,2025-01-03,79.0,2025-01-07,2025-01-08,2025-01-09,1,1
85,2025-01-03,completed,,East,347.8,2025-01-03,80.0,2025-01-06,2025-01-04,2025-01-06,1,0
86,2025-01-03,completed,,Central,69.42,2025-01-03,81.0,2025-01-07,2025-01-04,2025-01-05,1,0
87,2025-01-03,completed,,Central,19.71,2025-01-03,82.0,2025-01-07,2025-01-06,2025-01-10,1,0
88,2025-01-03,completed,,East,20.47,2025-01-03,83.0,2025-01-06,2025-01-05,2025-01-08,1,0
89,2025-01-03,completed,,North,251.76,2025-01-03,84.0,2025-01-06,2025-01-05,2025-01-08,1,0
90,2025-01-03,completed,,East,184.19,2025-01-03,85.0,2025-01-07,2025-01-06,2025-01-09,1,0
91,2025-01-03,completed,,South,83.16,2025-01-03,86.0,2025-01-07,2025-01-05,2025-01-07,1,0
92,2025-01-03,completed,,South,20.47,2025-01-03,87.0,2025-01-07,2025-01-10,2025-01-13,1,1
93,2025-01-03,completed,,Central,59.69,2025-01-03,88.0,2025-01-05,2025-01-05,2025-01-08,1,0
94,2025-01-03,completed,,South,157.65,2025-01-03,89.0,2025-01-06,2025-01-05,2025-01-06,1,0
95,2025-01-03,completed,,Central,117.99,2025-01-03,90.0,2025-01-06,2025-01-05,2025-01-08,1,0
96,2025-01-03,completed,,Central,251.76,2025-01-03,91.0,2025-01-05,2025-01-10,2025-01-14,1,1
97,2025-01-03,completed,,South,144.57,2025-01-03,92.0,2025-01-06,2025-01-08,2025-01-12,1,1
98,2025-01-03,completed,,East,49.55,2025-01-03,93.0,2025-01-06,2025-01-06,2025-01-09,1,0
99,2025-01-03,completed,,Central,141.93,2025-01-03,94.0,2025-01-05,2025-01-04,2025-01-07,1,0
100,2025-01-03,completed,,Central,114.84,2025-01-03,95.0,2025-01-06,2025-01-06,2025-01-10,1,0
101,2025-01-03,completed,,Central,12.22,2025-01-03,96.0,2025-01-06,2025-01-05,2025-01-09,1,0
102,2025-01-03,completed,,Central,467.75,2025-01-03,97.0,2025-01-05,2025-01-06,2025-01-07,1,1
103,2025-01-03,completed,,Central,84.15,2025-01-03,98.0,2025-01-06,2025-01-05,2025-01-06,1,0
104,2025-01-03,processing,,East,37.74,2025-01-03,99.0,2025-01-06,2025-01-05,2025-01-06,1,0
105,2025-01-03,completed,,North,78.32,2025-01-03,100.0,2025-01-05,2025-01-05,2025-01-07,1,0
106,2025-01-03,completed,,Central,163.05,2025-01-03,101.0,2025-01-06,2025-01-06,2025-01-09,1,0
107,2025-01-03,completed,,South,248.52,2025-01-03,102.0,2025-01-06,,,0,1
108,2025-01-03,completed,,East,299.58000000000004,2025-01-03,103.0,2025-01-06,2025-01-06,2025-01-10,1,0
109,2025-01-03,completed,,South,61.39,2025-01-03,104.0,2025-01-06,2025-01-06,2025-01-10,1,0
110,2025-01-03,completed,,North,53.45,2025-01-03,105.0,2025-01-05,2025-01-05,2025-01-09,1,0
111,2025-01-03,completed,,South,138.05,2025-01-03,106.0,2025-01-06,2025-01-05,2025-01-08,1,0
112,2025-01-03,completed,,South,19.71,2025-01-03,107.0,2025-01-06,2025-01-04,2025-01-08,1,0
113,2025-01-03,completed,,East,243.03,2025-01-03,108.0,2025-01-05,2025-01-04,2025-01-08,1,0
114,2025-01-03,completed,,North,107.25999999999999,2025-01-03,109.0,2025-01-06,2025-01-05,2025-01-06,1,0
115,2025-01-03,completed,,South,61.41,2025-01-03,110.0,2025-01-05,,,0,1
116,2025-01-03,completed,,North,21.34,2025-01-03,111.0,2025-01-06,2025-01-05,2025-01-07,1,0
117,2025-01-03,refunded,,South,157.65,2025-01-03,,,,,0,1
118,2025-01-03,completed,,South,237.92,2025-01-03,112.0,2025-01-05,2025-01-08,2025-01-12,1,1
119,2025-01-03,processing,,South,161.64000000000001,2025-01-03,113.0,2025-01-05,2025-01-10,2025-01-13,1,1
120,2025-01-03,completed,,Central,290.7,2025-01-03,114.0,2025-01-07,2025-01-08,2025-01-11,1,1
121,2025-01-04,completed,,East,157.65,2025-01-04,115.0,2025-01-06,2025-01-09,2025-01-12,1,1
122,2025-01-04,completed,,South,24.61,2025-01-04,116.0,2025-01-08,2025-01-11,2025-01-13,1,1
123,2025-01-04,completed,,South,53.45,2025-01-04,117.0,2025-01-06,2025-01-06,2025-01-10,1,0
124,2025-01-04,completed,,North,127.44,2025-01-04,118.0,2025-01-07,2025-01-05,2025-01-08,1,0
125,2025-01-04,completed,,East,20.47,2025-01-04,119.0,2025-01-08,2025-01-07,2025-01-10,1,0
126,2025-01-04,completed,,Central,272.23,2025-01-04,120.0,2025-01-07,2025-01-11,2025-01-13,1,1
127,2025-01-04,completed,,East,326.1,2025-01-04,121.0,2025-01-07,2025-01-06,2025-01-09,1,0
128,2025-01-04,completed,,South,191.5,2025-01-04,122.0,2025-01-07,2025-01-09,2025-01-10,1,1
129,2025-01-04,completed,,North,194.82999999999998,2025-01-04,123.0,2025-01-07,2025-01-06,2025-01-08,1,0
130,2025-01-04,completed,,Central,326.1,2025-01-04,124.0,2025-01-06,2025-01-07,2025-01-11,1,1
131,2025-01-04,completed,,Central,61.39,2025-01-04,125.0,2025-01-07,2025-01-09,2025-01-10,1,1
132,2025-01-04,completed,,Central,53.45,2025-01-04,126.0,2025-01-07,2025-01-07,2025-01-08,1,0
133,2025-01-04,processing,,South,166.61,2025-01-04,127.0,2025-01-08,2025-01-05,2025-01-09,1,0
134,2025-01-04,completed,,South,78.32,2025-01-04,128.0,2025-01-07,2025-01-07,2025-01-09,1,0
135,2025-01-04,completed,,East,117.99,2025-01-04,129.0,2025-01-07,2025-01-07,2025-01-11,1,0
136,2025-01-04,completed,,South,24.61,2025-01-04,130.0,2025-01-06,2025-01-11,2025-01-12,1,1
137,2025-01-04,processing,,South,78.32,2025-01-04,131.0,2025-01-07,2025-01-06,2025-01-08,1,0
138,2025-01-04,completed,,Central,69.13,2025-01-04,132.0,2025-01-07,2025-01-06,2025-01-08,1,0
139,2025-01-04,completed,,Central,156.64,2025-01-04,133.0,2025-01-07,2025-01-05,2025-01-09,1,0
140,2025-01-04,completed,,Central,75.66,2025-01-04,134.0,2025-01-06,2025-01-07,2025-01-09,1,1
141,2025-01-04,completed,,East,113.4,2025-01-04,135.0,2025-01-06,2025-01-09,2025-01-12,1,1
142,2025-01-04,completed,,North,607.44,2025-01-04,136.0,2025-01-08,2025-01-07,2025-01-08,1,0
143,2025-01-04,completed,,South,497.03999999999996,2025-01-04,137.0,2025-01-08,2025-01-06,2025-01-10,1,0
144,2025-01-04,completed,,East,74.79,2025-01-04,138.0,2025-01-06,2025-01-05,2025-01-07,1,0
145,2025-01-04,completed,,North,75.66,2025-01-04,139.0,2025-01-07,2025-01-07,2025-01-10,1,0
146,2025-01-04,completed,,East,78.32,2025-01-04,140.0,2025-01-06,2025-01-06,2025-01-08,1,0
147,2025-01-04,completed,,South,31.58,2025-01-04,141.0,2025-01-07,,,0,1
148,2025-01-04,completed,,South,99.13,2025-01-04,142.0,2025-01-08,2025-01-06,2025-01-08,1,0
149,2025-01-04,completed,,East,78.32,2025-01-04,143.0,2025-01-07,2025-01-07,2025-01-11,1,0
150,2025-01-04,completed,,Central,69.13,2025-01-04,144.0,2025-01-07,2025-01-05,2025-01-06,1,0
151,2025-01-04,completed,,Central,441.52000000000004,2025-01-04,145.0,2025-01-06,2025-01-06,2025-01-07,1,0
152,2025-01-04,processing,,South,103.63,2025-01-04,146.0,2025-01-07,2025-01-05,2025-01-08,1,0
153,2025-01-04,completed,,South,117.99,2025-01-04,147.0,2025-01-08,2025-01-07,2025-01-10,1,0
154,2025-01-04,completed,,North,78.32,2025-01-04,148.0,2025-01-08,,,0,1
155,2025-01-04,completed,,South,120.61999999999999,2025-01-04,149.0,2025-01-07,2025-01-09,2025-01-10,1,1
156,2025-01-04,completed,,Central,57.71,2025-01-04,150.0,2025-01-06,2025-01-05,2025-01-06,1,0
157,2025-01-04,completed,,South,382.38,2025-01-04,151.0,2025-01-08,2025-01-05,2025-01-06,1,0
158,2025-01-04,completed,,Central,83.16,2025-01-04,152.0,2025-01-07,2025-01-07,2025-01-09,1,0
159,2025-01-04,processing,,Central,107.95,2025-01-04,153.0,2025-01-08,2025-01-06,2025-01-09,1,0
160,2025-01-04,completed,,East,172.76000000000002,2025-01-04,154.0,2025-01-07,2025-01-11,2025-01-13,1,1
161,2025-01-04,completed,,North,61.39,2025-01-04,155.0,2025-01-07,2025-01-06,2025-01-10,1,0
162,2025-01-04,completed,,East,31.58,2025-01-04,156.0,2025-01-07,2025-01-05,2025-01-06,1,0
163,2025-01-04,completed,,North,101.25,2025-01-04,157.0,2025-01-06,2025-01-05,2025-01-08,1,0
164,2025-01-04,completed,,South,217.31,2025-01-04,158.0,2025-01-07,2025-01-07,2025-01-08,1,0
165,2025-01-05,cancelled,,East,217.34,2025-01-05,,,,,0,1
166,2025-01-05,completed,,Central,157.65,2025-01-05,159.0,2025-01-08,2025-01-07,2025-01-08,1,0
167,2025-01-05,completed,,Central,20.47,2025-01-05,160.0,2025-01-07,2025-01-12,2025-01-15,1,1
168,2025-01-05,completed,,East,177.71,2025-01-05,161.0,2025-01-07,2025-01-07,2025-01-11,1,0
169,2025-01-05,completed,,Central,181.96,2025-01-05,162.0,2025-01-08,2025-01-08,2025-01-09,1,0
170,2025-01-05,unknown_status,,East,88.2,2025-01-05,,,,,0,1
171,2025-01-05,completed,,South,152.53,2025-01-05,163.0,2025-01-08,2025-01-08,2025-01-11,1,0
172,2025-01-05,refunded,,Central,163.05,2025-01-05,,,,,0,1
173,2025-01-05,refunded,,Central,20.47,2025-01-05,,,,,0,1
174,2025-01-05,completed,,North,126.9,2025-01-05,164.0,2025-01-08,2025-01-07,2025-01-10,1,0
175,2025-01-05,completed,,North,19.71,2025-01-05,165.0,2025-01-08,2025-01-08,2025-01-12,1,0
176,2025-01-05,completed,,South,173.9,2025-01-05,166.0,2025-01-08,2025-01-08,2025-01-10,1,0
177,2025-01-05,completed,,Central,124.26,2025-01-05,167.0,2025-01-08,2025-01-07,2025-01-08,1,0
178,2025-01-05,processing,,North,173.9,2025-01-05,168.0,2025-01-09,2025-01-06,2025-01-07,1,0
179,2025-01-05,completed,,Central,152.53,2025-01-05,169.0,2025-01-07,2025-01-07,2025-01-09,1,0
180,2025-01-05,completed,,South,43.73,2025-01-05,170.0,2025-01-07,2025-01-10,2025-01-11,1,1
181,2025-01-05,completed,,South,122.3,2025-01-05,171.0,2025-01-08,2025-01-06,2025-01-07,1,0
182,2025-01-05,completed,,North,20.47,2025-01-05,172.0,2025-01-09,2025-01-10,2025-01-13,1,1
183,2025-01-05,completed,,South,20.47,2025-01-05,173.0,2025-01-09,2025-01-10,2025-01-13,1,1
184,2025-01-05,completed,,East,20.47,2025-01-05,174.0,2025-01-09,2025-01-10,2025-01-14,1,1
185,2025-01-05,completed,,East,69.13,2025-01-05,175.0,2025-01-08,2025-01-08,2025-01-09,1,0
186,2025-01-05,completed,,East,141.93,2025-01-05,176.0,2025-01-07,2025-01-08,2025-01-12,1,1
187,2025-01-05,completed,,South,323.97,2025-01-05,177.0,2025-01-07,2025-01-07,2025-01-08,1,0
188,2025-01-05,completed,,North,122.3,2025-01-05,178.0,2025-01-08,2025-01-08,2025-01-12,1,0
189,2025-01-05,completed,,North,163.05,2025-01-05,179.0,2025-01-09,2025-01-08,2025-01-12,1,0
190,2025-01-05,completed,,Central,163.05,2025-01-05,180.0,2025-01-07,2025-01-08,2025-01-10,1,1
191,2025-01-05,processing,,Central,100.81,2025-01-05,181.0,2025-01-08,2025-01-07,2025-01-08,1,0
192,2025-01-05,completed,,South,320.70000000000005,2025-01-05,182.0,2025-01-08,2025-01-07,2025-01-11,1,0
193,2025-01-05,refunded,,South,83.16,2025-01-05,,,,,0,1
194,2025-01-05,completed,,South,69.13,2025-01-05,183.0,2025-01-08,2025-01-07,2025-01-10,1,0
195,2025-01-05,completed,,North,116.06,2025-01-05,184.0,2025-01-08,2025-01-07,2025-01-08,1,0
196,2025-01-05,completed,,Central,42.3,2025-01-05,185.0,2025-01-09,2025-01-07,2025-01-11,1,0
197,2025-01-05,completed,,South,20.47,2025-01-05,186.0,2025-01-08,2025-01-08,2025-01-09,1,0
198,2025-01-05,completed,,North,72.47,2025-01-05,187.0,2025-01-09,2025-01-07,2025-01-10,1,0
199,2025-01-05,cancelled,,North,83.16,2025-01-05,,,,,0,1
200,2025-01-05,completed,,Central,276.1,2025-01-05,188.0,2025-01-08,2025-01-07,2025-01-11,1,0
201,2025-01-05,completed,,North,20.47,2025-01-05,189.0,2025-01-09,2025-01-08,2025-01-09,1,0
202,2025-01-05,completed,,North,12.22,2025-01-05,190.0,2025-01-09,2025-01-10,2025-01-12,1,1
203,2025-01-05,completed,,Central,253.32999999999998,2025-01-05,191.0,2025-01-09,2025-01-08,2025-01-09,1,0
204,2025-01-05,completed,,Central,157.65,2025-01-05,192.0,2025-01-08,2025-01-10,2025-01-11,1,1
205,2025-01-05,processing,,Central,43.74,2025-01-05,193.0,2025-01-08,2025-01-08,2025-01-10,1,0
206,2025-01-05,completed,,Central,53.45,2025-01-05,194.0,2025-01-07,2025-01-08,2025-01-12,1,1
207,2025-01-05,completed,,Central,90.47,2025-01-05,195.0,2025-01-09,,,0,1
208,2025-01-05,completed,,Central,20.47,2025-01-05,196.0,2025-01-08,2025-01-10,2025-01-12,1,1
209,2025-01-05,completed,,South,21.34,2025-01-05,197.0,2025-01-08,2025-01-07,2025-01-10,1,0
210,2025-01-05,completed,,East,24.61,2025-01-05,198.0,2025-01-08,2025-01-08,2025-01-11,1,0
211,2025-01-05,completed,,Central,75.66,2025-01-05,199.0,2025-01-08,2025-01-06,2025-01-09,1,0
212,2025-01-05,cancelled,,East,53.45,2025-01-05,,,,,0,1
213,2025-01-05,completed,,Central,31.58,2025-01-05,200.0,2025-01-07,2025-01-07,2025-01-10,1,0
214,2025-01-05,completed,,South,12.22,2025-01-05,201.0,2025-01-07,2025-01-10,2025-01-11,1,1
215,2025-01-06,completed,,Central,57.71,2025-01-06,202.0,2025-01-09,2025-01-08,2025-01-11,1,0
216,2025-01-06,completed,,Central,57.71,2025-01-06,203.0,2025-01-10,2025-01-08,2025-01-12,1,0
217,2025-01-06,processing,,East,24.44,2025-01-06,204.0,2025-01-08,2025-01-09,2025-01-12,1,1
218,2025-01-06,completed,,East,172.76000000000002,2025-01-06,205.0,2025-01-10,2025-01-08,2025-01-10,1,0
219,2025-01-06,completed,,South,159.6,2025-01-06,206.0,2025-01-08,2025-01-09,2025-01-12,1,1
220,2025-01-06,completed,,North,67.9,2025-01-06,207.0,2025-01-09,,,0,1
221,2025-01-06,completed,,Central,115.23,2025-01-06,208.0,2025-01-09,2025-01-09,2025-01-10,1,0
222,2025-01-06,completed,,North,363.9,2025-01-06,209.0,2025-01-09,2025-01-09,2025-01-11,1,0
223,2025-01-06,completed,,South,383.0,2025-01-06,210.0,2025-01-09,2025-01-09,2025-01-10,1,0
224,2025-01-06,completed,,South,66.91,2025-01-06,211.0,2025-01-09,2025-01-08,2025-01-10,1,0
225,2025-01-06,completed,,South,12.22,2025-01-06,212.0,2025-01-08,2025-01-08,2025-01-11,1,0
226,2025-01-06,completed,,Central,37.74,2025-01-06,213.0,2025-01-09,2025-01-09,2025-01-10,1,0
227,2025-01-06,completed,,South,52.05,2025-01-06,214.0,2025-01-09,2025-01-07,2025-01-11,1,0
228,2025-01-06,completed,,Central,69.13,2025-01-06,215.0,2025-01-08,2025-01-11,2025-01-13,1,1
229,2025-01-06,completed,,North,171.28,2025-01-06,216.0,2025-01-08,2025-01-08,2025-01-10,1,0
230,2025-01-06,completed,,North,314.88,2025-01-06,217.0,2025-01-09,2025-01-09,2025-01-13,1,0
231,2025-01-06,completed,,South,151.32,2025-01-06,218.0,2025-01-08,2025-01-09,2025-01-11,1,1
232,2025-01-06,completed,,South,20.47,2025-01-06,219.0,2025-01-09,2025-01-08,2025-01-12,1,0
233,2025-01-06,cancelled,,South,212.70999999999998,2025-01-06,,,,,0,1
234,2025-01-06,completed,,South,161.95,2025-01-06,220.0,2025-01-08,2025-01-08,2025-01-09,1,0
235,2025-01-06,completed,,East,115.23,2025-01-06,221.0,2025-01-10,2025-01-11,2025-01-12,1,1
236,2025-01-06,completed,,North,342.56,2025-01-06,222.0,2025-01-08,2025-01-09,2025-01-13,1,1
237,2025-01-06,completed,,Central,42.68,2025-01-06,223.0,2025-01-09,2025-01-09,2025-01-11,1,0
238,2025-01-06,completed,,North,90.53999999999999,2025-01-06,224.0,2025-01-09,2025-01-08,2025-01-11,1,0
239,2025-01-06,cancelled,,South,222.19,2025-01-06,,,,,0,1
240,2025-01-06,completed,,South,20.47,2025-01-06,225.0,2025-01-09,2025-01-11,2025-01-14,1,1
241,2025-01-06,completed,,South,283.86,2025-01-06,226.0,2025-01-10,2025-01-09,2025-01-10,1,0
242,2025-01-06,completed,,Central,61.39,2025-01-06,227.0,2025-01-08,2025-01-08,2025-01-11,1,0
243,2025-01-06,completed,,East,12.22,2025-01-06,228.0,2025-01-08,2025-01-11,2025-01-14,1,1
244,2025-01-06,completed,,North,171.28,2025-01-06,229.0,2025-01-09,2025-01-08,2025-01-10,1,0
245,2025-01-06,completed,,Central,43.74,2025-01-06,230.0,2025-01-09,2025-01-07,2025-01-11,1,0
246,2025-01-06,completed,,South,238.73000000000002,2025-01-06,231.0,2025-01-08,2025-01-08,2025-01-11,1,0
247,2025-01-06,completed,,Central,248.52,2025-01-06,232.0,2025-01-09,2025-01-07,2025-01-11,1,0
248,2025-01-06,completed,,East,166.32,2025-01-06,233.0,2025-01-09,2025-01-08,2025-01-11,1,0
249,2025-01-06,completed,,North,138.05,2025-01-06,234.0,2025-01-08,2025-01-11,2025-01-12,1,1
250,2025-01-06,completed,,East,40.94,2025-01-06,235.0,2025-01-08,2025-01-08,2025-01-09,1,0
251,2025-01-06,completed,,North,271.4,2025-01-06,236.0,2025-01-09,2025-01-08,2025-01-10,1,0
252,2025-01-06,completed,,South,63.45,2025-01-06,237.0,2025-01-09,2025-01-08,2025-01-09,1,0
253,2025-01-06,completed,,South,150.27,2025-01-06,238.0,2025-01-09,2025-01-08,2025-01-10,1,0
254,2025-01-07,processing,,Central,248.52,2025-01-07,239.0,2025-01-09,2025-01-09,2025-01-11,1,0
255,2025-01-07,completed,,Central,152.53,2025-01-07,240.0,2025-01-10,2025-01-09,2025-01-12,1,0
256,2025-01-07,completed,,South,81.86,2025-01-07,241.0,2025-01-10,2025-01-10,2025-01-12,1,0
257,2025-01-07,processing,,East,472.06,2025-01-07,242.0,2025-01-09,2025-01-09,2025-01-12,1,0
258,2025-01-07,completed,,East,75.66,2025-01-07,243.0,2025-01-10,2025-01-08,2025-01-09,1,0
259,2025-01-07,completed,,Central,173.9,2025-01-07,244.0,2025-01-10,2025-01-12,2025-01-16,1,1
260,2025-01-07,completed,,Central,285.1,2025-01-07,245.0,2025-01-10,2025-01-10,2025-01-11,1,0
261,2025-01-07,completed,,East,34.71,2025-01-07,246.0,2025-01-10,2025-01-08,2025-01-10,1,0
262,2025-01-07,completed,,North,152.53,2025-01-07,247.0,2025-01-09,2025-01-12,2025-01-14,1,1
263,2025-01-07,completed,,North,221.63,2025-01-07,248.0,2025-01-10,2025-01-09,2025-01-13,1,0
264,2025-01-07,completed,,North,61.39,2025-01-07,249.0,2025-01-10,2025-01-08,2025-01-11,1,0
265,2025-01-07,processing,,South,59.69,2025-01-07,250.0,2025-01-09,2025-01-10,2025-01-13,1,1
266,2025-01-07,completed,,East,203.32,2025-01-07,251.0,2025-01-10,2025-01-10,2025-01-13,1,0
267,2025-01-07,completed,,Central,24.61,2025-01-07,252.0,2025-01-10,2025-01-10,2025-01-12,1,0
268,2025-01-07,completed,,North,125.92,2025-01-07,253.0,2025-01-11,,,0,1
269,2025-01-07,completed,,South,20.47,2025-01-07,254.0,2025-01-11,2025-01-09,2025-01-13,1,0
270,2025-01-07,completed,,Central,78.32,2025-01-07,255.0,2025-01-10,2025-01-08,2025-01-09,1,0
271,2025-01-07,cancelled,,Central,520.1899999999999,2025-01-07,,,,,0,1
272,2025-01-07,completed,,South,305.83,2025-01-07,256.0,2025-01-11,2025-01-10,2025-01-11,1,0
273,2025-01-07,completed,,East,122.78,2025-01-07,257.0,2025-01-09,,,0,1
274,2025-01-07,completed,,North,69.42,2025-01-07,258.0,2025-01-10,2025-01-08,2025-01-09,1,0
275,2025-01-07,completed,,North,20.47,2025-01-07,259.0,2025-01-09,2025-01-09,2025-01-12,1,0
276,2025-01-07,completed,,East,156.64,2025-01-07,260.0,2025-01-10,2025-01-10,2025-01-12,1,0
277,2025-01-07,completed,,North,115.23,2025-01-07,261.0,2025-01-10,2025-01-09,2025-01-11,1,0
278,2025-01-07,completed,,East,157.65,2025-01-07,262.0,2025-01-11,,,0,1
279,2025-01-07,completed,,South,53.45,2025-01-07,263.0,2025-01-11,2025-01-10,2025-01-12,1,0
280,2025-01-07,completed,,East,305.06,2025-01-07,264.0,2025-01-09,2025-01-09,2025-01-12,1,0
281,2025-01-07,refunded,,South,404.96,2025-01-07,,,,,0,1
282,2025-01-07,completed,,North,183.59,2025-01-07,265.0,2025-01-09,2025-01-09,2025-01-13,1,0
283,2025-01-07,completed,,South,124.26,2025-01-07,266.0,2025-01-10,,,0,1
284,2025-01-07,refunded,,Central,111.63,2025-01-07,,,,,0,1
285,2025-01-07,completed,,Central,61.15,2025-01-07,267.0,2025-01-10,2025-01-09,2025-01-10,1,0
286,2025-01-07,refunded,,East,132.98000000000002,2025-01-07,,,,,0,1
287,2025-01-07,completed,,South,61.39,2025-01-07,268.0,2025-01-09,2025-01-10,2025-01-11,1,1
288,2025-01-07,completed,,North,230.71,2025-01-07,269.0,2025-01-09,2025-01-10,2025-01-14,1,1
289,2025-01-07,completed,,Central,20.47,2025-01-07,270.0,2025-01-10,2025-01-12,2025-01-16,1,1
290,2025-01-08,completed,,North,61.39,2025-01-08,271.0,2025-01-12,2025-01-09,2025-01-10,1,0
291,2025-01-08,completed,,East,31.58,2025-01-08,272.0,2025-01-10,,,0,1
292,2025-01-08,completed,,North,347.8,2025-01-08,273.0,2025-01-12,2025-01-10,2025-01-13,1,0
293,2025-01-08,completed,,South,154.15,2025-01-08,274.0,2025-01-12,2025-01-11,2025-01-15,1,0
294,2025-01-08,completed,,North,141.93,2025-01-08,275.0,2025-01-11,2025-01-10,2025-01-12,1,0
295,2025-01-08,completed,,East,21.34,2025-01-08,276.0,2025-01-11,2025-01-10,2025-01-13,1,0
296,2025-01-08,completed,,North,53.45,2025-01-08,277.0,2025-01-10,2025-01-10,2025-01-11,1,0
297,2025-01-08,completed,,South,57.71,2025-01-08,278.0,2025-01-10,2025-01-11,2025-01-13,1,1
298,2025-01-08,completed,,North,43.73,2025-01-08,279.0,2025-01-12,2025-01-11,2025-01-12,1,0
299,2025-01-08,completed,,South,72.47,2025-01-08,280.0,2025-01-10,2025-01-10,2025-01-13,1,0
300,2025-01-08,completed,,North,158.32999999999998,2025-01-08,281.0,2025-01-12,2025-01-11,2025-01-13,1,0
301,2025-01-08,completed,,Central,136.48000000000002,2025-01-08,282.0,2025-01-12,2025-01-13,2025-01-16,1,1
302,2025-01-08,completed,,East,12.22,2025-01-08,283.0,2025-01-10,2025-01-15,2025-01-19,1,1
303,2025-01-08,completed,,East,61.15,2025-01-08,284.0,2025-01-10,2025-01-10,2025-01-13,1,0
304,2025-01-08,completed,,South,83.16,2025-01-08,285.0,2025-01-11,2025-01-09,2025-01-10,1,0
305,2025-01-08,completed,,East,31.58,2025-01-08,286.0,2025-01-11,2025-01-13,2025-01-16,1,1
306,2025-01-08,completed,,East,84.15,2025-01-08,287.0,2025-01-10,2025-01-10,2025-01-11,1,0
307,2025-01-08,completed,,North,196.27,2025-01-08,288.0,2025-01-10,2025-01-13,2025-01-15,1,1
308,2025-01-08,completed,,South,168.3,2025-01-08,289.0,2025-01-10,2025-01-10,2025-01-11,1,0
309,2025-01-08,completed,,North,282.43,2025-01-08,290.0,2025-01-11,2025-01-13,2025-01-14,1,1
310,2025-01-08,completed,,North,202.48,2025-01-08,291.0,2025-01-10,2025-01-10,2025-01-13,1,0
311,2025-01-08,completed,,South,249.48,2025-01-08,292.0,2025-01-11,2025-01-10,2025-01-11,1,0
312,2025-01-08,processing,,North,57.71,2025-01-08,293.0,2025-01-10,2025-01-10,2025-01-13,1,0
313,2025-01-08,completed,,East,61.269999999999996,2025-01-08,294.0,2025-01-11,2025-01-10,2025-01-14,1,0
314,2025-01-08,completed,,South,215.48,2025-01-08,295.0,2025-01-11,2025-01-13,2025-01-16,1,1
315,2025-01-08,completed,,East,176.4,2025-01-08,296.0,2025-01-12,2025-01-11,2025-01-12,1,0
316,2025-01-08,processing,,South,472.95,2025-01-08,297.0,2025-01-12,2025-01-11,2025-01-14,1,0
317,2025-01-08,completed,,South,20.47,2025-01-08,298.0,2025-01-11,2025-01-09,2025-01-13,1,0
318,2025-01-08,refunded,,East,12.22,2025-01-08,,,,,0,1
319,2025-01-08,completed,,South,78.32,2025-01-08,299.0,2025-01-11,2025-01-10,2025-01-12,1,0
320,2025-01-08,processing,,North,43.74,2025-01-08,300.0,2025-01-10,2025-01-10,2025-01-13,1,0
321,2025-01-08,completed,,East,57.71,2025-01-08,301.0,2025-01-11,2025-01-11,2025-01-12,1,0
322,2025-01-08,completed,,East,232.18,2025-01-08,302.0,2025-01-12,2025-01-10,2025-01-11,1,0
323,2025-01-08,completed,,Central,101.25,2025-01-08,303.0,2025-01-11,2025-01-10,2025-01-13,1,0
324,2025-01-08,completed,,Central,152.57999999999998,2025-01-08,304.0,2025-01-12,2025-01-11,2025-01-12,1,0
325,2025-01-08,completed,,North,201.14999999999998,2025-01-08,305.0,2025-01-11,2025-01-15,2025-01-19,1,1
326,2025-01-08,completed,,South,69.13,2025-01-08,306.0,2025-01-10,2025-01-11,2025-01-15,1,1
327,2025-01-08,completed,,North,158.96,2025-01-08,307.0,2025-01-11,2025-01-11,2025-01-15,1,0
328,2025-01-08,completed,,North,119.12,2025-01-08,308.0,2025-01-12,2025-01-13,2025-01-15,1,1
329,2025-01-08,completed,,East,407.04,2025-01-08,309.0,2025-01-11,2025-01-11,2025-01-14,1,0
330,2025-01-08,completed,,East,40.94,2025-01-08,310.0,2025-01-11,2025-01-10,2025-01-12,1,0
331,2025-01-08,completed,,East,167.86,2025-01-08,311.0,2025-01-11,2025-01-09,2025-01-10,1,0
332,2025-01-09,completed,,Central,471.42999999999995,2025-01-09,312.0,2025-01-11,2025-01-16,2025-01-17,1,1
333,2025-01-09,completed,,East,78.32,2025-01-09,313.0,2025-01-13,2025-01-16,2025-01-17,1,1
334,2025-01-09,processing,,East,130.21,2025-01-09,314.0,2025-01-11,2025-01-11,2025-01-14,1,0
335,2025-01-09,completed,,Central,215.82,2025-01-09,315.0,2025-01-12,2025-01-11,2025-01-15,1,0
336,2025-01-09,completed,,East,78.32,2025-01-09,316.0,2025-01-11,2025-01-12,2025-01-16,1,1
337,2025-01-09,completed,,East,101.03,2025-01-09,317.0,2025-01-12,2025-01-12,2025-01-16,1,0
338,2025-01-09,completed,,North,299.62,2025-01-09,318.0,2025-01-12,2025-01-14,2025-01-17,1,1
339,2025-01-09,completed,,North,202.48,2025-01-09,319.0,2025-01-11,2025-01-11,2025-01-13,1,0
340,2025-01-09,completed,,East,24.61,2025-01-09,320.0,2025-01-12,2025-01-14,2025-01-18,1,1
341,2025-01-09,completed,,North,148.77,2025-01-09,321.0,2025-01-12,2025-01-14,2025-01-17,1,1
342,2025-01-09,completed,,South,214.38,2025-01-09,322.0,2025-01-13,2025-01-11,2025-01-15,1,0
343,2025-01-09,completed,,East,429.4,2025-01-09,323.0,2025-01-12,2025-01-14,2025-01-17,1,1
344,2025-01-09,completed,,North,207.39,2025-01-09,324.0,2025-01-12,2025-01-11,2025-01-13,1,0
345,2025-01-09,completed,,South,31.58,2025-01-09,325.0,2025-01-12,2025-01-11,2025-01-13,1,0
346,2025-01-09,completed,,North,31.58,2025-01-09,326.0,2025-01-12,2025-01-14,2025-01-17,1,1
347,2025-01-09,completed,,Central,227.07,2025-01-09,327.0,2025-01-12,2025-01-12,2025-01-15,1,0
348,2025-01-09,completed,,North,78.32,2025-01-09,328.0,2025-01-12,2025-01-11,2025-01-15,1,0
349,2025-01-09,completed,,East,117.99,2025-01-09,329.0,2025-01-12,2025-01-16,2025-01-19,1,1
350,2025-01-09,completed,,East,156.62,2025-01-09,330.0,2025-01-13,2025-01-12,2025-01-13,1,0
351,2025-01-09,completed,,North,138.05,2025-01-09,331.0,2025-01-11,2025-01-12,2025-01-15,1,1
352,2025-01-09,completed,,Central,157.65,2025-01-09,332.0,2025-01-11,2025-01-16,2025-01-20,1,1
353,2025-01-09,refunded,,East,168.3,2025-01-09,,,,,0,1
354,2025-01-09,completed,,Central,168.3,2025-01-09,333.0,2025-01-12,2025-01-12,2025-01-14,1,0
355,2025-01-09,completed,,East,446.92,2025-01-09,334.0,2025-01-12,2025-01-14,2025-01-17,1,1
356,2025-01-09,completed,,South,12.22,2025-01-09,335.0,2025-01-11,2025-01-11,2025-01-15,1,0
357,2025-01-09,completed,,South,207.18,2025-01-09,336.0,2025-01-11,,,0,1
358,2025-01-09,completed,,East,69.13,2025-01-09,337.0,2025-01-12,2025-01-14,2025-01-18,1,1
359,2025-01-09,completed,,East,157.65,2025-01-09,338.0,2025-01-12,2025-01-11,2025-01-12,1,0
360,2025-01-09,completed,,East,232.43,2025-01-09,339.0,2025-01-12,2025-01-11,2025-01-12,1,0
361,2025-01-09,completed,,South,117.99,2025-01-09,340.0,2025-01-13,2025-01-11,2025-01-13,1,0
362,2025-01-09,completed,,East,43.73,2025-01-09,341.0,2025-01-12,2025-01-12,2025-01-14,1,0
363,2025-01-09,processing,,North,327.52000000000004,2025-01-09,342.0,2025-01-12,2025-01-14,2025-01-16,1,1
364,2025-01-09,cancelled,,Central,141.86,2025-01-09,,,,,0,1
365,2025-01-09,completed,,North,366.27,2025-01-09,343.0,2025-01-11,2025-01-12,2025-01-13,1,1
366,2025-01-09,completed,,Central,72.47,2025-01-09,344.0,2025-01-12,2025-01-11,2025-01-12,1,0
367,2025-01-09,completed,,East,24.44,2025-01-09,345.0,2025-01-12,2025-01-11,2025-01-12,1,0
368,2025-01-09,completed,,Central,258.03,2025-01-09,346.0,2025-01-12,2025-01-12,2025-01-15,1,0
369,2025-01-09,completed,,East,127.61,2025-01-09,347.0,2025-01-12,2025-01-11,2025-01-14,1,0
370,2025-01-09,completed,,Central,20.47,2025-01-09,348.0,2025-01-12,2025-01-11,2025-01-15,1,0
371,2025-01-10,completed,,South,34.71,2025-01-10,349.0,2025-01-13,2025-01-13,2025-01-17,1,0
372,2025-01-10,completed,,North,61.39,2025-01-10,350.0,2025-01-13,2025-01-17,2025-01-21,1,1
373,2025-01-10,unknown_status,,North,37.74,2025-01-10,,,,,0,1
374,2025-01-10,completed,,Central,57.71,2025-01-10,351.0,2025-01-13,2025-01-12,2025-01-14,1,0
375,2025-01-10,completed,,South,53.45,2025-01-10,352.0,2025-01-14,2025-01-13,2025-01-15,1,0
376,2025-01-10,completed,,North,171.36,2025-01-10,353.0,2025-01-14,2025-01-13,2025-01-14,1,0
377,2025-01-10,completed,,North,83.16,2025-01-10,354.0,2025-01-14,2025-01-13,2025-01-16,1,0
378,2025-01-10,completed,,South,34.71,2025-01-10,355.0,2025-01-12,2025-01-11,2025-01-13,1,0
379,2025-01-10,completed,,South,49.36,2025-01-10,356.0,2025-01-12,2025-01-15,2025-01-18,1,1
380,2025-01-10,completed,,East,290.53999999999996,2025-01-10,357.0,2025-01-14,2025-01-13,2025-01-16,1,0
381,2025-01-10,processing,,North,59.69,2025-01-10,358.0,2025-01-14,2025-01-17,2025-01-19,1,1
382,2025-01-10,completed,,Central,157.65,2025-01-10,359.0,2025-01-12,2025-01-15,2025-01-16,1,1
383,2025-01-10,cancelled,,East,676.8900000000001,2025-01-10,,,,,0,1
384,2025-01-10,completed,,Central,61.41,2025-01-10,360.0,2025-01-14,2025-01-13,2025-01-14,1,0
385,2025-01-10,cancelled,,South,88.37,2025-01-10,,,,,0,1
386,2025-01-10,completed,,Central,21.34,2025-01-10,361.0,2025-01-12,2025-01-15,2025-01-19,1,1
387,2025-01-10,completed,,North,81.86,2025-01-10,362.0,2025-01-12,2025-01-12,2025-01-14,1,0
388,2025-01-10,completed,,South,138.05,2025-01-10,363.0,2025-01-13,2025-01-17,2025-01-18,1,1
389,2025-01-10,completed,,East,283.86,2025-01-10,364.0,2025-01-14,2025-01-12,2025-01-15,1,0
390,2025-01-10,completed,,East,34.71,2025-01-10,365.0,2025-01-13,2025-01-12,2025-01-15,1,0
391,2025-01-10,processing,,South,86.0,2025-01-10,366.0,2025-01-13,2025-01-11,2025-01-15,1,0
392,2025-01-10,completed,,Central,19.71,2025-01-10,367.0,2025-01-12,2025-01-13,2025-01-15,1,1
393,2025-01-10,completed,,North,307.92,2025-01-10,368.0,2025-01-13,2025-01-13,2025-01-16,1,0
394,2025-01-10,cancelled,,North,37.74,2025-01-10,,,,,0,1
395,2025-01-10,processing,,North,69.13,2025-01-10,369.0,2025-01-13,2025-01-13,2025-01-17,1,0
396,2025-01-10,completed,,Central,157.65,2025-01-10,370.0,2025-01-13,2025-01-12,2025-01-15,1,0
397,2025-01-10,completed,,East,83.16,2025-01-10,371.0,2025-01-13,2025-01-15,2025-01-17,1,1
398,2025-01-10,completed,,Central,73.83,2025-01-10,372.0,2025-01-12,2025-01-13,2025-01-17,1,1
399,2025-01-10,processing,,East,83.16,2025-01-10,373.0,2025-01-13,2025-01-13,2025-01-15,1,0
400,2025-01-10,completed,,North,250.92,2025-01-10,374.0,2025-01-13,2025-01-12,2025-01-13,1,0
401,2025-01-10,completed,,Central,115.23,2025-01-10,375.0,2025-01-13,2025-01-12,2025-01-16,1,0
402,2025-01-10,completed,,Central,43.74,2025-01-10,376.0,2025-01-12,2025-01-12,2025-01-13,1,0
403,2025-01-10,processing,,North,216.2,2025-01-10,377.0,2025-01-13,2025-01-15,2025-01-19,1,1
404,2025-01-11,completed,,Central,163.05,2025-01-11,378.0,2025-01-15,2025-01-16,2025-01-18,1,1
405,2025-01-11,cancelled,,Central,326.1,2025-01-11,,,,,0,1
406,2025-01-11,processing,,East,21.34,2025-01-11,379.0,2025-01-14,2025-01-12,2025-01-15,1,0
407,2025-01-11,completed,,East,84.6,2025-01-11,380.0,2025-01-14,2025-01-13,2025-01-17,1,0
408,2025-01-11,completed,,South,278.52,2025-01-11,381.0,2025-01-14,2025-01-13,2025-01-15,1,0
409,2025-01-11,completed,,South,267.38,2025-01-11,382.0,2025-01-15,2025-01-12,2025-01-15,1,0
410,2025-01-11,completed,,East,53.45,2025-01-11,383.0,2025-01-14,2025-01-13,2025-01-14,1,0
411,2025-01-11,completed,,Central,115.23,2025-01-11,384.0,2025-01-14,2025-01-12,2025-01-13,1,0
412,2025-01-11,completed,,Central,124.26,2025-01-11,385.0,2025-01-13,2025-01-13,2025-01-16,1,0
413,2025-01-11,processing,,East,163.05,2025-01-11,386.0,2025-01-13,2025-01-12,2025-01-13,1,0
414,2025-01-11,completed,,South,116.13,2025-01-11,387.0,2025-01-14,2025-01-12,2025-01-15,1,0
415,2025-01-11,completed,,East,125.07999999999998,2025-01-11,388.0,2025-01-14,2025-01-16,2025-01-20,1,1
416,2025-01-11,completed,,South,53.45,2025-01-11,389.0,2025-01-14,2025-01-14,2025-01-16,1,0
417,2025-01-11,completed,,South,37.74,2025-01-11,390.0,2025-01-14,2025-01-18,2025-01-21,1,1
418,2025-01-11,completed,,Central,117.87,2025-01-11,391.0,2025-01-14,2025-01-12,2025-01-16,1,0
419,2025-01-11,completed,,North,631.9300000000001,2025-01-11,392.0,2025-01-15,2025-01-14,2025-01-17,1,0
420,2025-01-11,cancelled,,Central,304.33000000000004,2025-01-11,,,,,0,1
421,2025-01-11,completed,,North,152.2,2025-01-11,393.0,2025-01-14,2025-01-13,2025-01-14,1,0
422,2025-01-11,completed,,North,78.32,2025-01-11,394.0,2025-01-15,2025-01-14,2025-01-16,1,0
423,2025-01-11,completed,,East,153.28,2025-01-11,395.0,2025-01-13,2025-01-12,2025-01-13,1,0
424,2025-01-11,processing,,North,53.45,2025-01-11,396.0,2025-01-14,2025-01-12,2025-01-16,1,0
425,2025-01-11,completed,,East,251.76,2025-01-11,397.0,2025-01-14,2025-01-13,2025-01-14,1,0
426,2025-01-11,completed,,North,412.71000000000004,2025-01-11,398.0,2025-01-14,2025-01-14,2025-01-16,1,0
427,2025-01-11,completed,,North,53.45,2025-01-11,399.0,2025-01-14,2025-01-13,2025-01-16,1,0
428,2025-01-11,completed,,South,42.3,2025-01-11,400.0,2025-01-13,2025-01-12,2025-01-15,1,0
429,2025-01-11,completed,,South,151.32,2025-01-11,401.0,2025-01-14,2025-01-13,2025-01-15,1,0
430,2025-01-11,refunded,,North,20.47,2025-01-11,,,,,0,1
431,2025-01-11,completed,,North,93.81,2025-01-11,402.0,2025-01-14,2025-01-12,2025-01-15,1,0
432,2025-01-11,completed,,South,951.86,2025-01-11,403.0,2025-01-15,2025-01-13,2025-01-15,1,0
433,2025-01-11,completed,,Central,43.73,2025-01-11,404.0,2025-01-14,2025-01-14,2025-01-16,1,0
434,2025-01-11,completed,,South,42.3,2025-01-11,405.0,2025-01-13,2025-01-13,2025-01-14,1,0
435,2025-01-11,completed,,East,248.52,2025-01-11,406.0,2025-01-15,2025-01-12,2025-01-16,1,0
436,2025-01-11,completed,,East,568.01,2025-01-11,407.0,2025-01-15,2025-01-16,2025-01-17,1,1
437,2025-01-11,completed,,South,141.65,2025-01-11,408.0,2025-01-14,2025-01-13,2025-01-15,1,0
438,2025-01-11,completed,,Central,389.05,2025-01-11,409.0,2025-01-15,2025-01-13,2025-01-16,1,0
439,2025-01-11,completed,,East,200.33,2025-01-11,410.0,2025-01-15,2025-01-12,2025-01-14,1,0
440,2025-01-12,completed,,South,20.47,2025-01-12,411.0,2025-01-15,2025-01-14,2025-01-15,1,0
441,2025-01-12,completed,,South,67.9,2025-01-12,412.0,2025-01-15,2025-01-14,2025-01-17,1,0
442,2025-01-12,cancelled,,South,78.32,2025-01-12,,,,,0,1
443,2025-01-12,completed,,South,399.09000000000003,2025-01-12,413.0,2025-01-15,2025-01-17,2025-01-21,1,1
444,2025-01-12,completed,,East,163.05,2025-01-12,414.0,2025-01-15,2025-01-19,2025-01-23,1,1
445,2025-01-12,completed,,North,83.16,2025-01-12,415.0,2025-01-15,2025-01-15,2025-01-17,1,0
446,2025-01-12,processing,,North,20.47,2025-01-12,416.0,2025-01-15,2025-01-15,2025-01-18,1,0
447,2025-01-12,completed,,Central,187.12,2025-01-12,417.0,2025-01-16,2025-01-15,2025-01-18,1,0
448,2025-01-12,completed,,South,12.22,2025-01-12,418.0,2025-01-15,2025-01-15,2025-01-18,1,0
449,2025-01-12,completed,,South,152.29,2025-01-12,419.0,2025-01-15,2025-01-14,2025-01-15,1,0
450,2025-01-12,completed,,East,83.01,2025-01-12,420.0,2025-01-15,2025-01-14,2025-01-15,1,0
451,2025-01-12,completed,,Central,144.13,2025-01-12,421.0,2025-01-14,2025-01-15,2025-01-19,1,1
452,2025-01-12,completed,,South,650.78,2025-01-12,422.0,2025-01-15,2025-01-19,2025-01-20,1,1
453,2025-01-12,completed,,Central,125.88,2025-01-12,423.0,2025-01-15,2025-01-14,2025-01-15,1,0
454,2025-01-12,completed,,North,29.669999999999998,2025-01-12,424.0,2025-01-16,2025-01-15,2025-01-17,1,0
455,2025-01-12,completed,,South,84.6,2025-01-12,425.0,2025-01-15,2025-01-14,2025-01-18,1,0
456,2025-01-12,completed,,Central,288.26,2025-01-12,426.0,2025-01-15,2025-01-14,2025-01-15,1,0
457,2025-01-12,completed,,Central,120.87,2025-01-12,427.0,2025-01-14,2025-01-14,2025-01-15,1,0
458,2025-01-12,completed,,South,115.42,2025-01-12,428.0,2025-01-15,2025-01-13,2025-01-15,1,0
459,2025-01-12,completed,,North,202.06,2025-01-12,429.0,2025-01-15,2025-01-14,2025-01-15,1,0
460,2025-01-12,completed,,East,87.46,2025-01-12,430.0,2025-01-14,2025-01-14,2025-01-18,1,0
461,2025-01-12,completed,,North,209.04,2025-01-12,431.0,2025-01-15,2025-01-14,2025-01-15,1,0
462,2025-01-12,completed,,North,179.38,2025-01-12,432.0,2025-01-16,2025-01-14,2025-01-15,1,0
463,2025-01-12,completed,,East,232.18,2025-01-12,433.0,2025-01-15,2025-01-14,2025-01-16,1,0
464,2025-01-12,processing,,East,88.2,2025-01-12,434.0,2025-01-14,2025-01-17,2025-01-20,1,1
465,2025-01-12,completed,,South,303.51,2025-01-12,435.0,2025-01-15,,,0,1
466,2025-01-12,completed,,Central,49.36,2025-01-12,436.0,2025-01-15,2025-01-14,2025-01-18,1,0
467,2025-01-12,completed,,South,24.61,2025-01-12,437.0,2025-01-14,2025-01-15,2025-01-19,1,1
468,2025-01-12,completed,,East,20.47,2025-01-12,438.0,2025-01-16,2025-01-14,2025-01-18,1,0
469,2025-01-12,completed,,North,61.39,2025-01-12,439.0,2025-01-15,2025-01-15,2025-01-16,1,0
470,2025-01-12,completed,,North,99.1,2025-01-12,440.0,2025-01-14,,,0,1
471,2025-01-12,completed,,Central,53.45,2025-01-12,441.0,2025-01-15,,,0,1
472,2025-01-12,completed,,South,61.39,2025-01-12,442.0,2025-01-16,2025-01-14,2025-01-15,1,0
473,2025-01-12,completed,,South,84.15,2025-01-12,443.0,2025-01-15,2025-01-17,2025-01-18,1,1
474,2025-01-12,processing,,Central,296.69,2025-01-12,444.0,2025-01-15,2025-01-13,2025-01-15,1,0
475,2025-01-12,completed,,North,366.79,2025-01-12,445.0,2025-01-15,2025-01-15,2025-01-16,1,0
476,2025-01-12,completed,,South,88.16,2025-01-12,446.0,2025-01-15,2025-01-15,2025-01-17,1,0
477,2025-01-12,processing,,North,73.92,2025-01-12,447.0,2025-01-15,,,0,1
478,2025-01-12,completed,,Central,222.17000000000002,2025-01-12,448.0,2025-01-16,2025-01-14,2025-01-16,1,0
479,2025-01-12,completed,,South,59.13,2025-01-12,449.0,2025-01-14,2025-01-15,2025-01-17,1,1
480,2025-01-12,refunded,,North,31.58,2025-01-12,,,,,0,1
481,2025-01-12,completed,,South,95.86,2025-01-12,450.0,2025-01-14,2025-01-14,2025-01-18,1,0
482,2025-01-12,completed,,South,98.78999999999999,2025-01-12,451.0,2025-01-15,2025-01-13,2025-01-14,1,0
483,2025-01-12,completed,,Central,138.05,2025-01-12,452.0,2025-01-14,2025-01-14,2025-01-15,1,0
484,2025-01-12,processing,,North,342.56,2025-01-12,453.0,2025-01-15,2025-01-19,2025-01-21,1,1
485,2025-01-12,completed,,North,78.32,2025-01-12,454.0,2025-01-15,2025-01-14,2025-01-18,1,0
486,2025-01-12,completed,,Central,43.73,2025-01-12,455.0,2025-01-15,2025-01-14,2025-01-16,1,0
487,2025-01-12,refunded,,South,84.15,2025-01-12,,,,,0,1
488,2025-01-12,processing,,North,20.47,2025-01-12,456.0,2025-01-16,2025-01-14,2025-01-17,1,0
489,2025-01-13,processing,,Central,83.16,2025-01-13,457.0,2025-01-17,2025-01-16,2025-01-19,1,0
490,2025-01-13,completed,,South,115.23,2025-01-13,458.0,2025-01-15,2025-01-16,2025-01-19,1,1
491,2025-01-13,completed,,North,540.03,2025-01-13,459.0,2025-01-17,2025-01-20,2025-01-22,1,1
492,2025-01-13,completed,,East,428.03,2025-01-13,460.0,2025-01-16,2025-01-16,2025-01-18,1,0
493,2025-01-13,completed,,East,78.32,2025-01-13,461.0,2025-01-16,2025-01-15,2025-01-16,1,0
494,2025-01-13,refunded,,South,78.32,2025-01-13,,,,,0,1
495,2025-01-13,completed,,South,103.63,2025-01-13,462.0,2025-01-16,2025-01-14,2025-01-17,1,0
496,2025-01-13,completed,,East,72.47,2025-01-13,463.0,2025-01-15,2025-01-18,2025-01-20,1,1
497,2025-01-13,completed,,East,40.94,2025-01-13,464.0,2025-01-15,2025-01-18,2025-01-21,1,1
498,2025-01-13,completed,,North,173.9,2025-01-13,465.0,2025-01-16,2025-01-16,2025-01-20,1,0
499,2025-01-13,refunded,,South,157.65,2025-01-13,,,,,0,1
500,2025-01-13,unknown_status,,North,84.15,2025-01-13,,,,,0,1
501,2025-01-13,completed,,North,201.42,2025-01-13,466.0,2025-01-16,2025-01-15,2025-01-19,1,0
502,2025-01-13,processing,,Central,173.9,2025-01-13,467.0,2025-01-16,2025-01-18,2025-01-20,1,1
503,2025-01-13,completed,,East,45.15,2025-01-13,468.0,2025-01-16,2025-01-15,2025-01-18,1,0
504,2025-01-13,processing,,East,82.32,2025-01-13,469.0,2025-01-16,2025-01-14,2025-01-15,1,0
505,2025-01-13,completed,,East,206.78,2025-01-13,470.0,2025-01-17,2025-01-15,2025-01-16,1,0
506,2025-01-13,completed,,South,105.64000000000001,2025-01-13,471.0,2025-01-16,2025-01-14,2025-01-15,1,0
507,2025-01-13,completed,,South,404.96,2025-01-13,472.0,2025-01-17,2025-01-14,2025-01-15,1,0
508,2025-01-13,completed,,North,45.08,2025-01-13,473.0,2025-01-16,2025-01-15,2025-01-19,1,0
509,2025-01-13,completed,,Central,53.45,2025-01-13,474.0,2025-01-15,2025-01-15,2025-01-16,1,0
510,2025-01-13,completed,,East,20.47,2025-01-13,475.0,2025-01-15,2025-01-18,2025-01-19,1,1
511,2025-01-13,completed,,East,73.61,2025-01-13,476.0,2025-01-15,2025-01-14,2025-01-18,1,0
512,2025-01-13,completed,,South,312.44000000000005,2025-01-13,477.0,2025-01-17,2025-01-15,2025-01-18,1,0
513,2025-01-13,completed,,Central,182.56,2025-01-13,478.0,2025-01-16,2025-01-16,2025-01-20,1,0
514,2025-01-13,completed,,South,124.06,2025-01-13,479.0,2025-01-15,2025-01-18,2025-01-22,1,1
515,2025-01-13,completed,,Central,84.15,2025-01-13,480.0,2025-01-16,2025-01-14,2025-01-16,1,0
516,2025-01-13,completed,,East,78.32,2025-01-13,481.0,2025-01-15,2025-01-16,2025-01-20,1,1
517,2025-01-13,processing,,South,362.49,2025-01-13,482.0,2025-01-15,2025-01-16,2025-01-20,1,1
518,2025-01-13,completed,,North,20.47,2025-01-13,483.0,2025-01-17,2025-01-15,2025-01-17,1,0
519,2025-01-13,completed,,South,69.13,2025-01-13,484.0,2025-01-16,,,0,1
520,2025-01-13,completed,,South,404.96,2025-01-13,485.0,2025-01-17,2025-01-16,2025-01-19,1,0
521,2025-01-13,completed,,East,12.22,2025-01-13,486.0,2025-01-16,2025-01-16,2025-01-20,1,0
522,2025-01-13,completed,,Central,69.13,2025-01-13,487.0,2025-01-16,2025-01-15,2025-01-17,1,0
523,2025-01-13,processing,,South,83.16,2025-01-13,488.0,2025-01-15,2025-01-18,2025-01-20,1,1
524,2025-01-13,completed,,South,160.35,2025-01-13,489.0,2025-01-15,2025-01-20,2025-01-23,1,1
525,2025-01-13,completed,,East,78.32,2025-01-13,490.0,2025-01-16,2025-01-14,2025-01-18,1,0
526,2025-01-13,completed,,North,152.29,2025-01-13,491.0,2025-01-15,2025-01-14,2025-01-18,1,0
527,2025-01-13,completed,,North,127.88,2025-01-13,492.0,2025-01-16,2025-01-14,2025-01-18,1,0
528,2025-01-13,refunded,,East,69.13,2025-01-13,,,,,0,1
529,2025-01-13,completed,,South,19.71,2025-01-13,493.0,2025-01-16,2025-01-15,2025-01-19,1,0
530,2025-01-13,completed,,South,202.48,2025-01-13,494.0,2025-01-16,2025-01-18,2025-01-22,1,1
531,2025-01-13,processing,,South,43.73,2025-01-13,495.0,2025-01-16,2025-01-15,2025-01-18,1,0
532,2025-01-14,completed,,Central,144.13,2025-01-14,496.0,2025-01-17,2025-01-17,2025-01-21,1,0
533,2025-01-14,processing,,North,67.9,2025-01-14,497.0,2025-01-16,2025-01-16,2025-01-18,1,0
534,2025-01-14,completed,,Central,141.93,2025-01-14,498.0,2025-01-18,2025-01-17,2025-01-18,1,0
535,2025-01-14,refunded,,South,564.38,2025-01-14,,,,,0,1
536,2025-01-14,completed,,South,141.86,2025-01-14,499.0,2025-01-17,2025-01-16,2025-01-20,1,0
537,2025-01-14,completed,,Central,124.26,2025-01-14,500.0,2025-01-17,2025-01-16,2025-01-18,1,0
538,2025-01-14,refunded,,North,404.96,2025-01-14,,,,,0,1
539,2025-01-14,completed,,East,117.99,2025-01-14,501.0,2025-01-17,2025-01-16,2025-01-18,1,0
540,2025-01-14,completed,,South,203.7,2025-01-14,502.0,2025-01-17,2025-01-19,2025-01-22,1,1
541,2025-01-14,completed,,South,212.26,2025-01-14,503.0,2025-01-16,2025-01-16,2025-01-17,1,0
542,2025-01-14,cancelled,,East,81.08,2025-01-14,,,,,0,1
543,2025-01-14,processing,,Central,42.68,2025-01-14,504.0,2025-01-16,2025-01-16,2025-01-19,1,0
544,2025-01-14,completed,,South,152.53,2025-01-14,505.0,2025-01-17,2025-01-16,2025-01-20,1,0
545,2025-01-14,completed,,South,61.39,2025-01-14,506.0,2025-01-17,2025-01-15,2025-01-18,1,0
546,2025-01-14,completed,,Central,95.38,2025-01-14,507.0,2025-01-17,2025-01-16,2025-01-17,1,0
547,2025-01-14,cancelled,,South,37.74,2025-01-14,,,,,0,1
548,2025-01-14,completed,,North,69.13,2025-01-14,508.0,2025-01-17,2025-01-16,2025-01-17,1,0
549,2025-01-14,completed,,Central,213.71,2025-01-14,509.0,2025-01-17,2025-01-15,2025-01-18,1,0
550,2025-01-14,completed,,East,53.45,2025-01-14,510.0,2025-01-16,2025-01-16,2025-01-20,1,0
551,2025-01-14,processing,,South,317.32,2025-01-14,511.0,2025-01-17,2025-01-21,2025-01-24,1,1
552,2025-01-14,completed,,South,73.92,2025-01-14,512.0,2025-01-17,2025-01-16,2025-01-19,1,0
553,2025-01-14,completed,,South,67.28999999999999,2025-01-14,513.0,2025-01-17,2025-01-17,2025-01-21,1,0
554,2025-01-14,completed,,Central,400.83,2025-01-14,514.0,2025-01-17,2025-01-21,2025-01-22,1,1
555,2025-01-14,completed,,East,98.03,2025-01-14,515.0,2025-01-17,2025-01-16,2025-01-18,1,0
556,2025-01-14,completed,,East,245.11,2025-01-14,516.0,2025-01-17,2025-01-17,2025-01-18,1,0
557,2025-01-14,completed,,Central,123.26,2025-01-14,517.0,2025-01-16,2025-01-15,2025-01-17,1,0
558,2025-01-14,completed,,North,347.9,2025-01-14,518.0,2025-01-16,2025-01-16,2025-01-17,1,0
559,2025-01-14,completed,,East,61.39,2025-01-14,519.0,2025-01-17,2025-01-16,2025-01-18,1,0
560,2025-01-14,completed,,South,136.76,2025-01-14,520.0,2025-01-17,2025-01-15,2025-01-16,1,0
561,2025-01-14,completed,,North,306.35,2025-01-14,521.0,2025-01-17,2025-01-16,2025-01-19,1,0
562,2025-01-14,completed,,Central,42.3,2025-01-14,522.0,2025-01-17,2025-01-17,2025-01-19,1,0
563,2025-01-14,completed,,North,198.59,2025-01-14,523.0,2025-01-16,2025-01-19,2025-01-22,1,1
564,2025-01-14,completed,,East,340.23,2025-01-14,524.0,2025-01-17,2025-01-19,2025-01-20,1,1
565,2025-01-14,completed,,East,21.34,2025-01-14,525.0,2025-01-16,2025-01-15,2025-01-18,1,0
566,2025-01-14,completed,,North,12.22,2025-01-14,526.0,2025-01-16,2025-01-19,2025-01-20,1,1
567,2025-01-14,completed,,Central,57.71,2025-01-14,527.0,2025-01-18,2025-01-21,2025-01-23,1,1
568,2025-01-14,completed,,North,202.48,2025-01-14,528.0,2025-01-17,2025-01-17,2025-01-19,1,0
569,2025-01-14,completed,,South,387.9,2025-01-14,529.0,2025-01-17,2025-01-17,2025-01-19,1,0
570,2025-01-14,completed,,North,81.72,2025-01-14,530.0,2025-01-17,2025-01-16,2025-01-20,1,0
571,2025-01-14,completed,,East,72.47,2025-01-14,531.0,2025-01-17,2025-01-16,2025-01-18,1,0
572,2025-01-14,processing,,North,245.53,2025-01-14,532.0,2025-01-17,2025-01-21,2025-01-25,1,1
573,2025-01-14,completed,,South,9.2,2025-01-14,533.0,2025-01-17,2025-01-17,2025-01-19,1,0
574,2025-01-15,completed,,East,422.42,2025-01-15,534.0,2025-01-17,2025-01-17,2025-01-19,1,0
575,2025-01-15,completed,,Central,21.34,2025-01-15,535.0,2025-01-19,2025-01-16,2025-01-18,1,0
576,2025-01-15,completed,,North,157.65,2025-01-15,536.0,2025-01-18,2025-01-18,2025-01-19,1,0
577,2025-01-15,completed,,South,199.20000000000002,2025-01-15,537.0,2025-01-19,2025-01-17,2025-01-20,1,0
578,2025-01-15,completed,,East,61.39,2025-01-15,538.0,2025-01-17,2025-01-17,2025-01-18,1,0
579,2025-01-15,completed,,North,83.16,2025-01-15,539.0,2025-01-17,2025-01-17,2025-01-18,1,0
580,2025-01-15,completed,,Central,171.28,2025-01-15,540.0,2025-01-18,2025-01-20,2025-01-24,1,1
581,2025-01-15,completed,,North,125.88,2025-01-15,541.0,2025-01-19,2025-01-16,2025-01-18,1,0
582,2025-01-15,completed,,South,285.34000000000003,2025-01-15,542.0,2025-01-18,2025-01-17,2025-01-19,1,0
583,2025-01-15,cancelled,,East,40.94,2025-01-15,,,,,0,1
584,2025-01-15,completed,,Central,78.32,2025-01-15,543.0,2025-01-19,2025-01-20,2025-01-23,1,1
585,2025-01-15,completed,,South,34.71,2025-01-15,544.0,2025-01-18,2025-01-17,2025-01-19,1,0
586,2025-01-15,completed,,East,517.66,2025-01-15,545.0,2025-01-18,2025-01-17,2025-01-20,1,0
587,2025-01-15,completed,,Central,173.9,2025-01-15,546.0,2025-01-18,2025-01-17,2025-01-19,1,0
588,2025-01-15,completed,,North,21.34,2025-01-15,547.0,2025-01-18,2025-01-16,2025-01-17,1,0
589,2025-01-15,completed,,Central,155.84,2025-01-15,548.0,2025-01-17,2025-01-17,2025-01-20,1,0
590,2025-01-15,completed,,South,20.47,2025-01-15,549.0,2025-01-19,2025-01-17,2025-01-21,1,0
591,2025-01-15,completed,,Central,21.34,2025-01-15,550.0,2025-01-17,2025-01-17,2025-01-19,1,0
592,2025-01-15,completed,,East,151.32,2025-01-15,551.0,2025-01-18,2025-01-20,2025-01-24,1,1
593,2025-01-15,completed,,North,168.3,2025-01-15,552.0,2025-01-19,2025-01-17,2025-01-18,1,0
594,2025-01-15,completed,,East,67.9,2025-01-15,553.0,2025-01-19,2025-01-20,2025-01-22,1,1
595,2025-01-15,completed,,North,84.15,2025-01-15,554.0,2025-01-18,2025-01-17,2025-01-19,1,0
596,2025-01-15,completed,,Central,12.22,2025-01-15,555.0,2025-01-18,2025-01-18,2025-01-19,1,0
597,2025-01-15,completed,,Central,122.78,2025-01-15,556.0,2025-01-18,2025-01-18,2025-01-20,1,0
598,2025-01-15,completed,,South,241.8,2025-01-15,557.0,2025-01-18,2025-01-16,2025-01-19,1,0
599,2025-01-15,cancelled,,South,161.57000000000002,2025-01-15,,,,,0,1
600,2025-01-15,refunded,,North,53.45,2025-01-15,,,,,0,1
601,2025-01-15,completed,,East,124.06,2025-01-15,558.0,2025-01-18,2025-01-17,2025-01-19,1,0
602,2025-01-15,completed,,North,521.7,2025-01-15,559.0,2025-01-19,2025-01-20,2025-01-21,1,1
603,2025-01-15,completed,,North,83.16,2025-01-15,560.0,2025-01-19,2025-01-18,2025-01-21,1,0
604,2025-01-15,completed,,South,78.32,2025-01-15,561.0,2025-01-18,2025-01-20,2025-01-24,1,1
605,2025-01-15,processing,,East,122.78,2025-01-15,562.0,2025-01-18,2025-01-16,2025-01-17,1,0
606,2025-01-15,completed,,South,163.05,2025-01-15,563.0,2025-01-19,2025-01-17,2025-01-21,1,0
607,2025-01-15,completed,,South,171.28,2025-01-15,564.0,2025-01-17,2025-01-17,2025-01-19,1,0
608,2025-01-15,completed,,Central,72.47,2025-01-15,565.0,2025-01-18,2025-01-17,2025-01-20,1,0
609,2025-01-15,completed,,Central,24.68,2025-01-15,566.0,2025-01-17,2025-01-17,2025-01-21,1,0
610,2025-01-15,processing,,Central,24.61,2025-01-15,567.0,2025-01-17,2025-01-18,2025-01-20,1,1
611,2025-01-15,completed,,Central,69.13,2025-01-15,568.0,2025-01-19,2025-01-18,2025-01-19,1,0
612,2025-01-15,completed,,Central,213.92000000000002,2025-01-15,569.0,2025-01-18,2025-01-17,2025-01-21,1,0
613,2025-01-15,completed,,East,43.74,2025-01-15,570.0,2025-01-18,2025-01-17,2025-01-19,1,0
614,2025-01-15,completed,,East,168.0,2025-01-15,571.0,2025-01-17,2025-01-18,2025-01-22,1,1
615,2025-01-15,completed,,South,12.22,2025-01-15,572.0,2025-01-18,2025-01-18,2025-01-20,1,0
616,2025-01-15,completed,,East,69.13,2025-01-15,573.0,2025-01-18,2025-01-18,2025-01-22,1,0
617,2025-01-15,completed,,North,24.61,2025-01-15,574.0,2025-01-18,2025-01-17,2025-01-18,1,0
618,2025-01-15,completed,,North,53.45,2025-01-15,575.0,2025-01-17,2025-01-22,2025-01-24,1,1
619,2025-01-15,completed,,North,21.34,2025-01-15,576.0,2025-01-17,2025-01-17,2025-01-21,1,0
620,2025-01-16,completed,,North,34.71,2025-01-16,577.0,2025-01-19,2025-01-21,2025-01-25,1,1
621,2025-01-16,completed,,South,193.51000000000002,2025-01-16,578.0,2025-01-19,,,0,1
622,2025-01-16,completed,,North,75.48,2025-01-16,579.0,2025-01-18,2025-01-19,2025-01-22,1,1
623,2025-01-16,completed,,South,34.71,2025-01-16,580.0,2025-01-18,2025-01-19,2025-01-21,1,1
624,2025-01-16,completed,,South,78.44,2025-01-16,581.0,2025-01-19,2025-01-19,2025-01-21,1,0
625,2025-01-16,completed,,North,24.61,2025-01-16,582.0,2025-01-18,2025-01-17,2025-01-19,1,0
626,2025-01-16,completed,,East,222.88,2025-01-16,583.0,2025-01-19,2025-01-23,2025-01-24,1,1
627,2025-01-16,completed,,East,20.47,2025-01-16,584.0,2025-01-20,2025-01-21,2025-01-24,1,1
628,2025-01-16,completed,,Central,42.68,2025-01-16,585.0,2025-01-20,2025-01-18,2025-01-22,1,0
629,2025-01-16,completed,,Central,135.8,2025-01-16,586.0,2025-01-18,2025-01-19,2025-01-20,1,1
630,2025-01-16,refunded,,East,276.1,2025-01-16,,,,,0,1
631,2025-01-16,refunded,,East,20.47,2025-01-16,,,,,0,1
632,2025-01-16,completed,,Central,49.98,2025-01-16,587.0,2025-01-19,2025-01-21,2025-01-24,1,1
633,2025-01-16,completed,,Central,78.06,2025-01-16,588.0,2025-01-19,2025-01-17,2025-01-20,1,0
634,2025-01-16,completed,,Central,124.26,2025-01-16,589.0,2025-01-19,2025-01-17,2025-01-21,1,0
635,2025-01-16,completed,,East,20.47,2025-01-16,590.0,2025-01-19,2025-01-18,2025-01-19,1,0
636,2025-01-16,completed,,East,61.39,2025-01-16,591.0,2025-01-18,2025-01-19,2025-01-23,1,1
637,2025-01-16,completed,,East,117.99,2025-01-16,592.0,2025-01-18,2025-01-18,2025-01-22,1,0
638,2025-01-16,completed,,East,79.4,2025-01-16,593.0,2025-01-18,2025-01-19,2025-01-20,1,1
639,2025-01-16,completed,,East,173.9,2025-01-16,594.0,2025-01-19,2025-01-19,2025-01-21,1,0
640,2025-01-16,completed,,South,43.73,2025-01-16,595.0,2025-01-19,2025-01-19,2025-01-23,1,0
641,2025-01-16,completed,,South,97.0,2025-01-16,596.0,2025-01-19,2025-01-18,2025-01-20,1,0
642,2025-01-16,completed,,South,49.05,2025-01-16,597.0,2025-01-19,2025-01-18,2025-01-20,1,0
643,2025-01-16,completed,,South,20.47,2025-01-16,598.0,2025-01-19,2025-01-23,2025-01-27,1,1
644,2025-01-16,completed,,North,101.03,2025-01-16,599.0,2025-01-19,2025-01-18,2025-01-19,1,0
645,2025-01-16,completed,,Central,42.3,2025-01-16,600.0,2025-01-19,2025-01-19,2025-01-20,1,0
646,2025-01-16,refunded,,North,78.32,2025-01-16,,,,,0,1
647,2025-01-16,completed,,East,34.71,2025-01-16,601.0,2025-01-18,2025-01-18,2025-01-22,1,0
648,2025-01-16,completed,,Central,57.71,2025-01-16,602.0,2025-01-19,2025-01-18,2025-01-22,1,0
649,2025-01-16,completed,,North,237.19,2025-01-16,603.0,2025-01-20,2025-01-19,2025-01-20,1,0
650,2025-01-16,completed,,North,163.05,2025-01-16,604.0,2025-01-18,2025-01-18,2025-01-19,1,0
651,2025-01-16,processing,,Central,206.87,2025-01-16,605.0,2025-01-19,2025-01-18,2025-01-22,1,0
652,2025-01-16,completed,,Central,75.48,2025-01-16,606.0,2025-01-18,2025-01-21,2025-01-22,1,1
653,2025-01-16,completed,,East,89.28999999999999,2025-01-16,607.0,2025-01-18,2025-01-18,2025-01-21,1,0
654,2025-01-16,completed,,South,69.13,2025-01-16,608.0,2025-01-20,2025-01-18,2025-01-20,1,0
655,2025-01-16,completed,,East,138.26,2025-01-16,609.0,2025-01-20,2025-01-19,2025-01-22,1,0
656,2025-01-16,completed,,East,152.53,2025-01-16,610.0,2025-01-18,2025-01-17,2025-01-20,1,0
657,2025-01-16,completed,,Central,24.61,2025-01-16,611.0,2025-01-19,2025-01-18,2025-01-22,1,0
658,2025-01-16,completed,,North,100.26,2025-01-16,612.0,2025-01-19,2025-01-18,2025-01-20,1,0
659,2025-01-17,completed,,South,137.03,2025-01-17,613.0,2025-01-20,2025-01-22,2025-01-26,1,1
660,2025-01-17,completed,,Central,110.96,2025-01-17,614.0,2025-01-20,2025-01-20,2025-01-22,1,0
661,2025-01-17,completed,,South,168.3,2025-01-17,615.0,2025-01-19,2025-01-19,2025-01-20,1,0
662,2025-01-17,completed,,South,84.15,2025-01-17,616.0,2025-01-21,2025-01-19,2025-01-23,1,0
663,2025-01-17,completed,,South,85.03,2025-01-17,617.0,2025-01-20,2025-01-18,2025-01-21,1,0
664,2025-01-17,completed,,East,20.47,2025-01-17,618.0,2025-01-21,2025-01-19,2025-01-21,1,0
665,2025-01-17,completed,,East,21.34,2025-01-17,619.0,2025-01-21,2025-01-19,2025-01-22,1,0
666,2025-01-17,completed,,North,245.07999999999998,2025-01-17,620.0,2025-01-20,2025-01-18,2025-01-20,1,0
667,2025-01-17,processing,,Central,152.53,2025-01-17,621.0,2025-01-20,2025-01-22,2025-01-25,1,1
668,2025-01-17,completed,,Central,274.36,2025-01-17,622.0,2025-01-20,,,0,1
669,2025-01-17,completed,,North,145.54000000000002,2025-01-17,623.0,2025-01-19,2025-01-19,2025-01-23,1,0
670,2025-01-17,completed,,East,178.57999999999998,2025-01-17,624.0,2025-01-20,2025-01-18,2025-01-22,1,0
671,2025-01-17,cancelled,,East,61.39,2025-01-17,,,,,0,1
672,2025-01-17,completed,,South,12.22,2025-01-17,625.0,2025-01-20,2025-01-19,2025-01-21,1,0
673,2025-01-17,completed,,East,95.75,2025-01-17,626.0,2025-01-19,2025-01-20,2025-01-21,1,1
674,2025-01-17,completed,,South,21.34,2025-01-17,627.0,2025-01-20,2025-01-20,2025-01-21,1,0
675,2025-01-17,refunded,,Central,106.9,2025-01-17,,,,,0,1
676,2025-01-17,processing,,Central,171.28,2025-01-17,628.0,2025-01-19,2025-01-20,2025-01-22,1,1
677,2025-01-17,processing,,East,157.65,2025-01-17,629.0,2025-01-20,2025-01-20,2025-01-23,1,0
678,2025-01-17,completed,,South,251.76,2025-01-17,630.0,2025-01-19,2025-01-19,2025-01-20,1,0
679,2025-01-17,completed,,South,265.09999999999997,2025-01-17,631.0,2025-01-20,2025-01-19,2025-01-21,1,0
680,2025-01-17,completed,,East,84.15,2025-01-17,632.0,2025-01-21,2025-01-22,2025-01-24,1,1
681,2025-01-17,completed,,East,182.94,2025-01-17,633.0,2025-01-21,2025-01-19,2025-01-21,1,0
682,2025-01-17,completed,,North,36.66,2025-01-17,634.0,2025-01-20,2025-01-19,2025-01-23,1,0
683,2025-01-17,completed,,East,20.47,2025-01-17,635.0,2025-01-20,2025-01-19,2025-01-23,1,0
684,2025-01-17,completed,,East,137.03,2025-01-17,636.0,2025-01-20,2025-01-19,2025-01-20,1,0
685,2025-01-17,completed,,North,24.44,2025-01-17,637.0,2025-01-19,2025-01-24,2025-01-25,1,1
686,2025-01-17,completed,,South,141.93,2025-01-17,638.0,2025-01-19,,,0,1
687,2025-01-17,completed,,East,168.3,2025-01-17,639.0,2025-01-20,2025-01-22,2025-01-26,1,1
688,2025-01-17,completed,,East,125.88,2025-01-17,640.0,2025-01-20,2025-01-19,2025-01-23,1,0
689,2025-01-17,completed,,North,43.73,2025-01-17,641.0,2025-01-19,2025-01-20,2025-01-23,1,1
690,2025-01-17,completed,,South,117.99,2025-01-17,642.0,2025-01-19,2025-01-20,2025-01-24,1,1
691,2025-01-17,completed,,Central,83.16,2025-01-17,643.0,2025-01-20,2025-01-20,2025-01-24,1,0
692,2025-01-17,completed,,Central,166.32,2025-01-17,644.0,2025-01-19,2025-01-19,2025-01-23,1,0
693,2025-01-17,completed,,South,69.13,2025-01-17,645.0,2025-01-19,2025-01-22,2025-01-24,1,1
694,2025-01-17,completed,,North,100.71,2025-01-17,646.0,2025-01-20,2025-01-18,2025-01-20,1,0
695,2025-01-17,completed,,Central,69.13,2025-01-17,647.0,2025-01-20,2025-01-18,2025-01-20,1,0
696,2025-01-17,processing,,South,24.61,2025-01-17,648.0,2025-01-20,2025-01-18,2025-01-21,1,0
697,2025-01-17,completed,,South,222.87,2025-01-17,649.0,2025-01-20,2025-01-19,2025-01-23,1,0
698,2025-01-17,completed,,North,340.11,2025-01-17,650.0,2025-01-19,2025-01-19,2025-01-21,1,0
699,2025-01-17,completed,,East,575.47,2025-01-17,651.0,2025-01-20,2025-01-20,2025-01-23,1,0
700,2025-01-18,processing,,South,202.5,2025-01-18,652.0,2025-01-20,,,0,1
701,2025-01-18,completed,,North,271.61,2025-01-18,653.0,2025-01-20,2025-01-19,2025-01-20,1,0
702,2025-01-18,completed,,South,12.22,2025-01-18,654.0,2025-01-22,2025-01-21,2025-01-23,1,0
703,2025-01-18,processing,,South,505.45000000000005,2025-01-18,655.0,2025-01-21,2025-01-25,2025-01-29,1,1
704,2025-01-18,cancelled,,North,21.34,2025-01-18,,,,,0,1
705,2025-01-18,completed,,North,24.44,2025-01-18,656.0,2025-01-22,,,0,1
706,2025-01-18,completed,,South,117.99,2025-01-18,657.0,2025-01-21,2025-01-20,2025-01-22,1,0
707,2025-01-18,completed,,East,321.02,2025-01-18,658.0,2025-01-20,2025-01-20,2025-01-24,1,0
708,2025-01-18,processing,,North,88.2,2025-01-18,659.0,2025-01-21,2025-01-20,2025-01-23,1,0
709,2025-01-18,completed,,Central,124.06,2025-01-18,660.0,2025-01-21,2025-01-21,2025-01-24,1,0
710,2025-01-18,processing,,Central,61.39,2025-01-18,661.0,2025-01-21,,,0,1
711,2025-01-18,completed,,South,12.22,2025-01-18,662.0,2025-01-20,2025-01-21,2025-01-24,1,1
712,2025-01-18,completed,,East,43.73,2025-01-18,663.0,2025-01-20,2025-01-21,2025-01-25,1,1
713,2025-01-18,completed,,North,106.9,2025-01-18,664.0,2025-01-20,2025-01-21,2025-01-25,1,1
714,2025-01-18,refunded,,Central,100.26,2025-01-18,,,,,0,1
715,2025-01-18,completed,,East,152.53,2025-01-18,665.0,2025-01-21,2025-01-20,2025-01-21,1,0
716,2025-01-18,completed,,North,350.65,2025-01-18,666.0,2025-01-21,2025-01-19,2025-01-21,1,0
717,2025-01-18,completed,,South,394.95,2025-01-18,667.0,2025-01-22,2025-01-20,2025-01-21,1,0
718,2025-01-18,completed,,North,21.34,2025-01-18,668.0,2025-01-21,2025-01-23,2025-01-27,1,1
719,2025-01-18,completed,,Central,163.05,2025-01-18,669.0,2025-01-21,2025-01-19,2025-01-23,1,0
720,2025-01-18,completed,,North,315.51,2025-01-18,670.0,2025-01-21,2025-01-20,2025-01-21,1,0
721,2025-01-18,cancelled,,East,125.88,2025-01-18,,,,,0,1
722,2025-01-18,completed,,Central,224.44,2025-01-18,671.0,2025-01-22,2025-01-25,2025-01-27,1,1
723,2025-01-18,processing,,Central,202.48,2025-01-18,672.0,2025-01-21,2025-01-21,2025-01-24,1,0
724,2025-01-18,completed,,South,106.9,2025-01-18,673.0,2025-01-21,2025-01-19,2025-01-20,1,0
725,2025-01-18,completed,,Central,235.98,2025-01-18,674.0,2025-01-21,2025-01-21,2025-01-23,1,0
726,2025-01-18,completed,,East,178.99,2025-01-18,675.0,2025-01-22,2025-01-21,2025-01-25,1,0
727,2025-01-18,completed,,South,53.45,2025-01-18,676.0,2025-01-21,2025-01-19,2025-01-20,1,0
728,2025-01-18,completed,,East,69.13,2025-01-18,677.0,2025-01-21,2025-01-19,2025-01-22,1,0
729,2025-01-18,completed,,East,280.43,2025-01-18,678.0,2025-01-22,2025-01-25,2025-01-29,1,1
730,2025-01-18,completed,,South,42.3,2025-01-18,679.0,2025-01-21,2025-01-21,2025-01-22,1,0
731,2025-01-18,cancelled,,Central,207.39,2025-01-18,,,,,0,1
732,2025-01-18,completed,,East,117.99,2025-01-18,680.0,2025-01-20,,,0,1
733,2025-01-18,processing,,South,608.75,2025-01-18,681.0,2025-01-21,2025-01-21,2025-01-24,1,0
734,2025-01-18,processing,,Central,163.05,2025-01-18,682.0,2025-01-20,2025-01-20,2025-01-23,1,0
735,2025-01-19,completed,,Central,21.34,2025-01-19,683.0,2025-01-22,2025-01-22,2025-01-23,1,0
736,2025-01-19,completed,,Central,84.15,2025-01-19,684.0,2025-01-21,2025-01-21,2025-01-23,1,0
737,2025-01-19,cancelled,,South,20.47,2025-01-19,,,,,0,1
738,2025-01-19,processing,,East,84.66999999999999,2025-01-19,685.0,2025-01-22,2025-01-21,2025-01-25,1,0
739,2025-01-19,completed,,Central,151.32,2025-01-19,686.0,2025-01-23,2025-01-26,2025-01-28,1,1
740,2025-01-19,refunded,,South,499.69,2025-01-19,,,,,0,1
741,2025-01-19,completed,,Central,83.16,2025-01-19,687.0,2025-01-22,2025-01-21,2025-01-23,1,0
742,2025-01-19,completed,,East,156.36,2025-01-19,688.0,2025-01-21,2025-01-22,2025-01-24,1,1
743,2025-01-19,completed,,South,101.25,2025-01-19,689.0,2025-01-22,2025-01-20,2025-01-23,1,0
744,2025-01-19,completed,,Central,125.46,2025-01-19,690.0,2025-01-23,2025-01-22,2025-01-23,1,0
745,2025-01-19,completed,,East,178.12,2025-01-19,691.0,2025-01-22,2025-01-26,2025-01-29,1,1
746,2025-01-19,completed,,North,49.55,2025-01-19,692.0,2025-01-23,2025-01-22,2025-01-24,1,0
747,2025-01-19,completed,,South,182.26,2025-01-19,693.0,2025-01-22,2025-01-24,2025-01-26,1,1
748,2025-01-19,completed,,North,75.66,2025-01-19,694.0,2025-01-22,2025-01-21,2025-01-25,1,0
749,2025-01-19,completed,,South,88.2,2025-01-19,695.0,2025-01-22,2025-01-20,2025-01-23,1,0
750,2025-01-19,completed,,East,61.39,2025-01-19,696.0,2025-01-22,2025-01-22,2025-01-23,1,0
751,2025-01-19,refunded,,Central,124.06,2025-01-19,,,,,0,1
752,2025-01-19,completed,,North,57.71,2025-01-19,697.0,2025-01-22,2025-01-21,2025-01-24,1,0
753,2025-01-19,completed,,Central,160.35,2025-01-19,698.0,2025-01-23,2025-01-21,2025-01-24,1,0
754,2025-01-19,refunded,,Central,69.42,2025-01-19,,,,,0,1
755,2025-01-19,completed,,East,78.32,2025-01-19,699.0,2025-01-21,2025-01-21,2025-01-25,1,0
756,2025-01-19,refunded,,South,117.99,2025-01-19,,,,,0,1
757,2025-01-19,processing,,East,138.05,2025-01-19,700.0,2025-01-22,2025-01-20,2025-01-22,1,0
758,2025-01-19,completed,,North,67.9,2025-01-19,701.0,2025-01-22,2025-01-22,2025-01-24,1,0
759,2025-01-19,processing,,East,138.26,2025-01-19,702.0,2025-01-21,2025-01-22,2025-01-26,1,1
760,2025-01-19,completed,,Central,117.99,2025-01-19,703.0,2025-01-22,2025-01-21,2025-01-24,1,0
761,2025-01-19,completed,,East,253.79000000000002,2025-01-19,704.0,2025-01-22,2025-01-20,2025-01-22,1,0
762,2025-01-19,completed,,South,103.69,2025-01-19,705.0,2025-01-22,2025-01-21,2025-01-25,1,0
763,2025-01-19,completed,,Central,283.86,2025-01-19,706.0,2025-01-23,2025-01-22,2025-01-26,1,0
764,2025-01-19,processing,,Central,243.24,2025-01-19,707.0,2025-01-22,2025-01-26,2025-01-27,1,1
765,2025-01-19,completed,,East,115.23,2025-01-19,708.0,2025-01-22,2025-01-22,2025-01-24,1,0
766,2025-01-19,completed,,South,84.15,2025-01-19,709.0,2025-01-22,2025-01-20,2025-01-23,1,0
767,2025-01-19,completed,,South,347.8,2025-01-19,710.0,2025-01-22,2025-01-24,2025-01-26,1,1
768,2025-01-19,completed,,North,248.12,2025-01-19,711.0,2025-01-21,2025-01-24,2025-01-27,1,1
769,2025-01-19,completed,,East,69.13,2025-01-19,712.0,2025-01-22,2025-01-21,2025-01-23,1,0
770,2025-01-19,completed,,Central,79.05,2025-01-19,713.0,2025-01-22,2025-01-21,2025-01-25,1,0
771,2025-01-19,completed,,North,141.93,2025-01-19,714.0,2025-01-22,2025-01-21,2025-01-25,1,0
772,2025-01-19,completed,,Central,211.06,2025-01-19,715.0,2025-01-21,2025-01-22,2025-01-23,1,1
773,2025-01-19,completed,,East,157.65,2025-01-19,716.0,2025-01-23,2025-01-21,2025-01-25,1,0
774,2025-01-19,completed,,East,83.16,2025-01-19,717.0,2025-01-22,2025-01-21,2025-01-22,1,0
775,2025-01-19,completed,,South,136.03,2025-01-19,718.0,2025-01-23,2025-01-21,2025-01-22,1,0
776,2025-01-19,completed,,North,163.05,2025-01-19,719.0,2025-01-23,2025-01-21,2025-01-24,1,0
777,2025-01-19,completed,,North,163.05,2025-01-19,720.0,2025-01-21,2025-01-21,2025-01-25,1,0
778,2025-01-19,completed,,South,370.78,2025-01-19,721.0,2025-01-22,2025-01-20,2025-01-24,1,0
779,2025-01-19,completed,,Central,20.47,2025-01-19,722.0,2025-01-23,2025-01-24,2025-01-25,1,1
780,2025-01-19,completed,,Central,335.99,2025-01-19,723.0,2025-01-22,2025-01-21,2025-01-23,1,0
781,2025-01-19,completed,,North,21.34,2025-01-19,724.0,2025-01-23,2025-01-22,2025-01-23,1,0
782,2025-01-19,completed,,South,49.29,2025-01-19,725.0,2025-01-23,2025-01-22,2025-01-23,1,0
783,2025-01-20,completed,,Central,31.58,2025-01-20,726.0,2025-01-23,2025-01-23,2025-01-24,1,0
784,2025-01-20,cancelled,,Central,57.71,2025-01-20,,,,,0,1
785,2025-01-20,completed,,Central,145.59,2025-01-20,727.0,2025-01-24,2025-01-22,2025-01-23,1,0
786,2025-01-20,completed,,South,329.49,2025-01-20,728.0,2025-01-24,2025-01-22,2025-01-24,1,0
787,2025-01-20,completed,,South,83.16,2025-01-20,729.0,2025-01-24,2025-01-25,2025-01-29,1,1
788,2025-01-20,completed,,North,88.2,2025-01-20,730.0,2025-01-23,2025-01-22,2025-01-25,1,0
789,2025-01-20,completed,,South,131.5,2025-01-20,731.0,2025-01-24,2025-01-23,2025-01-26,1,0
790,2025-01-20,completed,,East,157.65,2025-01-20,732.0,2025-01-23,2025-01-22,2025-01-24,1,0
791,2025-01-20,completed,,North,69.13,2025-01-20,733.0,2025-01-24,2025-01-23,2025-01-25,1,0
792,2025-01-20,completed,,South,43.73,2025-01-20,734.0,2025-01-23,2025-01-25,2025-01-26,1,1
793,2025-01-20,completed,,East,24.61,2025-01-20,735.0,2025-01-23,,,0,1
794,2025-01-20,completed,,East,61.39,2025-01-20,736.0,2025-01-24,,,0,1
795,2025-01-20,cancelled,,South,109.13,2025-01-20,,,,,0,1
796,2025-01-20,completed,,Central,290.54999999999995,2025-01-20,737.0,2025-01-23,2025-01-21,2025-01-22,1,0
797,2025-01-20,completed,,Central,61.39,2025-01-20,738.0,2025-01-22,2025-01-23,2025-01-25,1,1
798,2025-01-20,completed,,East,88.2,2025-01-20,739.0,2025-01-24,2025-01-22,2025-01-23,1,0
799,2025-01-20,processing,,South,224.89,2025-01-20,740.0,2025-01-22,2025-01-23,2025-01-25,1,1
800,2025-01-20,completed,,South,24.68,2025-01-20,741.0,2025-01-24,2025-01-23,2025-01-27,1,0
801,2025-01-20,completed,,North,147.45,2025-01-20,742.0,2025-01-24,2025-01-22,2025-01-23,1,0
802,2025-01-20,completed,,East,84.15,2025-01-20,743.0,2025-01-23,2025-01-25,2025-01-29,1,1
803,2025-01-20,completed,,South,107.84,2025-01-20,744.0,2025-01-24,2025-01-23,2025-01-24,1,0
804,2025-01-20,completed,,East,61.39,2025-01-20,745.0,2025-01-24,2025-01-22,2025-01-24,1,0
805,2025-01-20,completed,,East,348.75,2025-01-20,746.0,2025-01-23,2025-01-23,2025-01-25,1,0
806,2025-01-20,completed,,East,342.56,2025-01-20,747.0,2025-01-22,2025-01-22,2025-01-25,1,0
807,2025-01-20,completed,,East,280.79999999999995,2025-01-20,748.0,2025-01-23,2025-01-23,2025-01-24,1,0
808,2025-01-20,completed,,East,20.47,2025-01-20,749.0,2025-01-23,2025-01-22,2025-01-23,1,0
809,2025-01-20,completed,,North,43.73,2025-01-20,750.0,2025-01-23,2025-01-22,2025-01-26,1,0
810,2025-01-20,completed,,Central,187.66000000000003,2025-01-20,751.0,2025-01-23,2025-01-25,2025-01-29,1,1
811,2025-01-20,completed,,North,283.56,2025-01-20,752.0,2025-01-23,2025-01-22,2025-01-24,1,0
812,2025-01-20,refunded,,East,42.3,2025-01-20,,,,,0,1
813,2025-01-20,completed,,Central,139.84,2025-01-20,753.0,2025-01-23,2025-01-22,2025-01-26,1,0
814,2025-01-20,completed,,South,49.22,2025-01-20,754.0,2025-01-23,2025-01-22,2025-01-23,1,0
815,2025-01-20,completed,,South,176.4,2025-01-20,755.0,2025-01-22,2025-01-25,2025-01-28,1,1
816,2025-01-20,completed,,North,57.71,2025-01-20,756.0,2025-01-22,2025-01-22,2025-01-24,1,0
817,2025-01-20,completed,,South,100.26,2025-01-20,757.0,2025-01-22,2025-01-22,2025-01-24,1,0
818,2025-01-20,completed,,South,103.69,2025-01-20,758.0,2025-01-23,2025-01-23,2025-01-24,1,0
819,2025-01-20,processing,,East,24.68,2025-01-20,759.0,2025-01-23,2025-01-22,2025-01-24,1,0
820,2025-01-20,completed,,South,362.27,2025-01-20,760.0,2025-01-23,2025-01-21,2025-01-25,1,0
821,2025-01-20,processing,,North,43.73,2025-01-20,761.0,2025-01-23,2025-01-22,2025-01-23,1,0
822,2025-01-20,cancelled,,Central,157.65,2025-01-20,,,,,0,1
823,2025-01-20,completed,,Central,31.58,2025-01-20,762.0,2025-01-22,2025-01-22,2025-01-25,1,0
824,2025-01-21,completed,,East,83.16,2025-01-21,763.0,2025-01-23,2025-01-28,2025-02-01,1,1
825,2025-01-21,completed,,Central,285.89,2025-01-21,764.0,2025-01-24,2025-01-23,2025-01-27,1,0
826,2025-01-21,completed,,East,84.6,2025-01-21,765.0,2025-01-23,2025-01-24,2025-01-25,1,1
827,2025-01-21,completed,,East,604.86,2025-01-21,766.0,2025-01-24,2025-01-23,2025-01-24,1,0
828,2025-01-21,completed,,Central,43.73,2025-01-21,767.0,2025-01-24,2025-01-24,2025-01-28,1,0
829,2025-01-21,completed,,Central,131.32,2025-01-21,768.0,2025-01-25,2025-01-24,2025-01-27,1,0
830,2025-01-21,completed,,East,184.64,2025-01-21,769.0,2025-01-23,2025-01-28,2025-01-30,1,1
831,2025-01-21,completed,,Central,124.26,2025-01-21,770.0,2025-01-23,,,0,1
832,2025-01-21,completed,,East,199.49,2025-01-21,771.0,2025-01-24,2025-01-22,2025-01-23,1,0
833,2025-01-21,completed,,East,43.73,2025-01-21,772.0,2025-01-23,2025-01-26,2025-01-30,1,1
834,2025-01-21,completed,,Central,37.74,2025-01-21,773.0,2025-01-23,2025-01-22,2025-01-24,1,0
835,2025-01-21,completed,,East,37.74,2025-01-21,774.0,2025-01-24,2025-01-22,2025-01-23,1,0
836,2025-01-21,completed,,East,87.46,2025-01-21,775.0,2025-01-23,2025-01-24,2025-01-26,1,1
837,2025-01-21,completed,,Central,276.1,2025-01-21,776.0,2025-01-24,2025-01-24,2025-01-26,1,0
838,2025-01-21,cancelled,,South,12.22,2025-01-21,,,,,0,1
839,2025-01-21,completed,,Central,74.79,2025-01-21,777.0,2025-01-25,2025-01-24,2025-01-25,1,0
840,2025-01-21,processing,,North,31.58,2025-01-21,778.0,2025-01-23,2025-01-23,2025-01-27,1,0
841,2025-01-21,processing,,Central,157.65,2025-01-21,779.0,2025-01-24,2025-01-23,2025-01-27,1,0
842,2025-01-21,completed,,South,276.1,2025-01-21,780.0,2025-01-24,2025-01-23,2025-01-27,1,0
843,2025-01-21,processing,,Central,94.74,2025-01-21,781.0,2025-01-25,2025-01-26,2025-01-29,1,1
844,2025-01-21,completed,,Central,89.28999999999999,2025-01-21,782.0,2025-01-23,2025-01-23,2025-01-26,1,0
845,2025-01-21,completed,,South,83.16,2025-01-21,783.0,2025-01-24,2025-01-22,2025-01-24,1,0
846,2025-01-21,completed,,East,24.61,2025-01-21,784.0,2025-01-24,2025-01-23,2025-01-26,1,0
847,2025-01-21,cancelled,,Central,136.61,2025-01-21,,,,,0,1
848,2025-01-21,completed,,North,53.45,2025-01-21,785.0,2025-01-24,2025-01-24,2025-01-25,1,0
849,2025-01-21,completed,,East,428.22,2025-01-21,786.0,2025-01-23,2025-01-23,2025-01-27,1,0
850,2025-01-21,completed,,South,67.9,2025-01-21,787.0,2025-01-23,2025-01-22,2025-01-23,1,0
851,2025-01-21,completed,,South,355.45,2025-01-21,788.0,2025-01-24,2025-01-24,2025-01-27,1,0
852,2025-01-21,completed,,East,326.1,2025-01-21,789.0,2025-01-25,2025-01-22,2025-01-25,1,0
853,2025-01-21,refunded,,Central,162.4,2025-01-21,,,,,0,1
854,2025-01-21,completed,,North,370.78,2025-01-21,790.0,2025-01-24,2025-01-24,2025-01-28,1,0
855,2025-01-21,completed,,South,163.05,2025-01-21,791.0,2025-01-24,2025-01-24,2025-01-27,1,0
856,2025-01-21,processing,,North,201.1,2025-01-21,792.0,2025-01-24,2025-01-22,2025-01-23,1,0
857,2025-01-21,completed,,East,141.93,2025-01-21,793.0,2025-01-25,2025-01-23,2025-01-27,1,0
858,2025-01-21,completed,,South,61.39,2025-01-21,794.0,2025-01-25,,,0,1
859,2025-01-21,completed,,Central,235.26,2025-01-21,795.0,2025-01-24,2025-01-24,2025-01-27,1,0
860,2025-01-21,cancelled,,East,124.06,2025-01-21,,,,,0,1
861,2025-01-21,processing,,South,53.45,2025-01-21,796.0,2025-01-24,2025-01-23,2025-01-26,1,0
862,2025-01-21,processing,,Central,72.47,2025-01-21,797.0,2025-01-24,,,0,1
863,2025-01-22,completed,,Central,49.22,2025-01-22,798.0,2025-01-24,,,0,1
864,2025-01-22,completed,,Central,227.70999999999998,2025-01-22,799.0,2025-01-25,2025-01-24,2025-01-28,1,0
865,2025-01-22,completed,,Central,12.22,2025-01-22,800.0,2025-01-25,2025-01-25,2025-01-28,1,0
866,2025-01-22,refunded,,South,20.47,2025-01-22,,,,,0,1
867,2025-01-22,completed,,East,161.64000000000001,2025-01-22,801.0,2025-01-26,2025-01-24,2025-01-26,1,0
868,2025-01-22,completed,,South,61.39,2025-01-22,802.0,2025-01-25,2025-01-29,2025-02-02,1,1
869,2025-01-22,completed,,East,159.63,2025-01-22,803.0,2025-01-24,2025-01-25,2025-01-27,1,1
870,2025-01-22,completed,,North,99.1,2025-01-22,804.0,2025-01-26,2025-01-24,2025-01-27,1,0
871,2025-01-22,completed,,North,240.7,2025-01-22,805.0,2025-01-25,2025-01-23,2025-01-27,1,0
872,2025-01-22,completed,,East,83.16,2025-01-22,806.0,2025-01-25,2025-01-25,2025-01-27,1,0
873,2025-01-22,processing,,East,43.74,2025-01-22,807.0,2025-01-25,2025-01-25,2025-01-26,1,0
874,2025-01-22,completed,,Central,156.64,2025-01-22,808.0,2025-01-25,2025-01-25,2025-01-26,1,0
875,2025-01-22,completed,,East,478.63,2025-01-22,809.0,2025-01-25,2025-01-25,2025-01-27,1,0
876,2025-01-22,completed,,South,78.32,2025-01-22,810.0,2025-01-25,2025-01-24,2025-01-27,1,0
877,2025-01-22,completed,,South,127.64,2025-01-22,811.0,2025-01-25,2025-01-23,2025-01-24,1,0
878,2025-01-22,completed,,East,84.15,2025-01-22,812.0,2025-01-25,2025-01-24,2025-01-27,1,0
879,2025-01-22,completed,,North,61.39,2025-01-22,813.0,2025-01-25,2025-01-25,2025-01-27,1,0
880,2025-01-22,completed,,North,138.05,2025-01-22,814.0,2025-01-25,2025-01-25,2025-01-26,1,0
881,2025-01-22,completed,,Central,40.94,2025-01-22,815.0,2025-01-25,2025-01-27,2025-01-28,1,1
882,2025-01-22,completed,,Central,124.31,2025-01-22,816.0,2025-01-24,2025-01-25,2025-01-29,1,1
883,2025-01-22,completed,,South,20.47,2025-01-22,817.0,2025-01-26,2025-01-25,2025-01-26,1,0
884,2025-01-22,completed,,North,20.47,2025-01-22,818.0,2025-01-25,2025-01-27,2025-01-28,1,1
885,2025-01-22,completed,,North,335.77,2025-01-22,819.0,2025-01-25,2025-01-24,2025-01-27,1,0
886,2025-01-22,completed,,North,270.82,2025-01-22,820.0,2025-01-24,2025-01-24,2025-01-27,1,0
887,2025-01-22,completed,,Central,20.47,2025-01-22,821.0,2025-01-25,2025-01-27,2025-01-30,1,1
888,2025-01-22,completed,,North,87.48,2025-01-22,822.0,2025-01-26,2025-01-24,2025-01-26,1,0
889,2025-01-22,completed,,North,413.08000000000004,2025-01-22,823.0,2025-01-25,2025-01-24,2025-01-28,1,0
890,2025-01-22,completed,,Central,171.28,2025-01-22,824.0,2025-01-25,2025-01-23,2025-01-24,1,0
891,2025-01-22,completed,,North,67.9,2025-01-22,825.0,2025-01-24,2025-01-24,2025-01-28,1,0
892,2025-01-22,completed,,North,21.34,2025-01-22,826.0,2025-01-25,2025-01-25,2025-01-27,1,0
893,2025-01-22,completed,,North,172.94,2025-01-22,827.0,2025-01-25,2025-01-24,2025-01-27,1,0
894,2025-01-22,completed,,Central,12.22,2025-01-22,828.0,2025-01-26,2025-01-25,2025-01-27,1,0
895,2025-01-22,completed,,North,224.44,2025-01-22,829.0,2025-01-26,2025-01-25,2025-01-29,1,0
896,2025-01-22,unknown_status,,North,185.45,2025-01-22,,,,,0,1
897,2025-01-23,completed,,South,31.58,2025-01-23,830.0,2025-01-25,2025-01-24,2025-01-25,1,0
898,2025-01-23,completed,,East,72.47,2025-01-23,831.0,2025-01-26,2025-01-26,2025-01-28,1,0
899,2025-01-23,completed,,North,118.67999999999999,2025-01-23,832.0,2025-01-27,2025-01-25,2025-01-26,1,0
900,2025-01-23,completed,,South,115.23,2025-01-23,833.0,2025-01-25,2025-01-28,2025-01-29,1,1
901,2025-01-23,completed,,Central,75.66,2025-01-23,834.0,2025-01-26,2025-01-26,2025-01-29,1,0
902,2025-01-23,completed,,Central,119.1,2025-01-23,835.0,2025-01-26,2025-01-28,2025-01-29,1,1
903,2025-01-23,completed,,Central,392.04,2025-01-23,836.0,2025-01-27,2025-01-24,2025-01-26,1,0
904,2025-01-23,completed,,South,138.05,2025-01-23,837.0,2025-01-26,2025-01-26,2025-01-29,1,0
905,2025-01-23,completed,,Central,495.09000000000003,2025-01-23,838.0,2025-01-27,2025-01-26,2025-01-27,1,0
906,2025-01-23,completed,,North,264.3,2025-01-23,839.0,2025-01-26,,,0,1
907,2025-01-23,completed,,South,117.99,2025-01-23,840.0,2025-01-25,2025-01-26,2025-01-29,1,1
908,2025-01-23,processing,,South,315.58000000000004,2025-01-23,841.0,2025-01-27,2025-01-26,2025-01-30,1,0
909,2025-01-23,completed,,South,74.04,2025-01-23,842.0,2025-01-26,2025-01-28,2025-01-30,1,1
910,2025-01-23,completed,,Central,67.9,2025-01-23,843.0,2025-01-27,2025-01-24,2025-01-27,1,0
911,2025-01-23,completed,,South,122.78,2025-01-23,844.0,2025-01-27,2025-01-24,2025-01-25,1,0
912,2025-01-23,refunded,,Central,404.96,2025-01-23,,,,,0,1
913,2025-01-23,completed,,Central,270.52,2025-01-23,845.0,2025-01-26,2025-01-24,2025-01-26,1,0
914,2025-01-23,completed,,South,138.05,2025-01-23,846.0,2025-01-26,2025-01-26,2025-01-27,1,0
915,2025-01-23,completed,,North,65.67,2025-01-23,847.0,2025-01-27,2025-01-25,2025-01-28,1,0
916,2025-01-23,completed,,South,24.61,2025-01-23,848.0,2025-01-25,2025-01-24,2025-01-28,1,0
917,2025-01-23,processing,,Central,19.71,2025-01-23,849.0,2025-01-26,2025-01-26,2025-01-28,1,0
918,2025-01-23,completed,,Central,53.45,2025-01-23,850.0,2025-01-27,2025-01-24,2025-01-28,1,0
919,2025-01-23,refunded,,South,117.99,2025-01-23,,,,,0,1
920,2025-01-23,completed,,North,78.32,2025-01-23,851.0,2025-01-26,2025-01-26,2025-01-28,1,0
921,2025-01-23,completed,,North,84.15,2025-01-23,852.0,2025-01-26,2025-01-30,2025-02-02,1,1
922,2025-01-23,completed,,North,78.32,2025-01-23,853.0,2025-01-26,2025-01-28,2025-02-01,1,1
923,2025-01-23,completed,,Central,295.70000000000005,2025-01-23,854.0,2025-01-27,2025-01-28,2025-02-01,1,1
924,2025-01-23,completed,,Central,37.74,2025-01-23,855.0,2025-01-27,2025-01-26,2025-01-30,1,0
925,2025-01-23,completed,,East,135.7,2025-01-23,856.0,2025-01-25,2025-01-30,2025-02-02,1,1
926,2025-01-23,completed,,East,118.67999999999999,2025-01-23,857.0,2025-01-26,2025-01-30,2025-02-03,1,1
927,2025-01-23,completed,,North,84.15,2025-01-23,858.0,2025-01-26,2025-01-28,2025-02-01,1,1
928,2025-01-23,completed,,South,316.42,2025-01-23,859.0,2025-01-26,2025-01-24,2025-01-25,1,0
929,2025-01-23,completed,,North,163.05,2025-01-23,860.0,2025-01-25,2025-01-28,2025-01-30,1,1
930,2025-01-23,completed,,East,127.88,2025-01-23,861.0,2025-01-25,2025-01-26,2025-01-28,1,1
931,2025-01-23,completed,,North,187.66000000000003,2025-01-23,862.0,2025-01-26,2025-01-26,2025-01-29,1,0
932,2025-01-23,completed,,East,255.99,2025-01-23,863.0,2025-01-26,2025-01-25,2025-01-28,1,0
933,2025-01-23,completed,,East,67.9,2025-01-23,864.0,2025-01-26,2025-01-26,2025-01-27,1,0
934,2025-01-23,refunded,,North,24.61,2025-01-23,,,,,0,1
935,2025-01-23,completed,,North,111.16,2025-01-23,865.0,2025-01-27,2025-01-28,2025-01-29,1,1
936,2025-01-23,completed,,East,117.99,2025-01-23,866.0,2025-01-26,2025-01-26,2025-01-28,1,0
937,2025-01-23,completed,,South,20.47,2025-01-23,867.0,2025-01-25,2025-01-26,2025-01-28,1,1
938,2025-01-23,completed,,North,488.12,2025-01-23,868.0,2025-01-25,2025-01-25,2025-01-29,1,0
939,2025-01-23,processing,,East,87.48,2025-01-23,869.0,2025-01-25,2025-01-25,2025-01-29,1,0
940,2025-01-23,completed,,North,157.65,2025-01-23,870.0,2025-01-26,2025-01-25,2025-01-26,1,0
941,2025-01-24,completed,,East,549.85,2025-01-24,871.0,2025-01-28,2025-01-26,2025-01-28,1,0
942,2025-01-24,completed,,East,310.81,2025-01-24,872.0,2025-01-27,2025-01-26,2025-01-27,1,0
943,2025-01-24,processing,,Central,87.46,2025-01-24,873.0,2025-01-27,2025-01-27,2025-01-30,1,0
944,2025-01-24,completed,,South,19.71,2025-01-24,874.0,2025-01-28,2025-01-26,2025-01-29,1,0
945,2025-01-24,completed,,East,157.65,2025-01-24,875.0,2025-01-26,2025-01-29,2025-02-01,1,1
946,2025-01-24,completed,,South,326.1,2025-01-24,876.0,2025-01-28,2025-01-26,2025-01-29,1,0
947,2025-01-24,cancelled,,Central,189.45,2025-01-24,,,,,0,1
948,2025-01-24,completed,,East,83.16,2025-01-24,877.0,2025-01-26,,,0,1
949,2025-01-24,completed,,South,43.74,2025-01-24,878.0,2025-01-27,2025-01-26,2025-01-27,1,0
950,2025-01-24,processing,,East,18.4,2025-01-24,879.0,2025-01-27,2025-01-26,2025-01-27,1,0
951,2025-01-24,completed,,North,65.08,2025-01-24,880.0,2025-01-28,2025-01-27,2025-01-30,1,0
952,2025-01-24,completed,,East,222.20000000000002,2025-01-24,881.0,2025-01-27,2025-01-27,2025-01-29,1,0
953,2025-01-24,completed,,North,210.91,2025-01-24,882.0,2025-01-27,2025-01-26,2025-01-29,1,0
954,2025-01-24,processing,,South,261.69,2025-01-24,883.0,2025-01-27,2025-01-25,2025-01-27,1,0
955,2025-01-24,completed,,East,156.64,2025-01-24,884.0,2025-01-27,2025-01-27,2025-01-28,1,0
956,2025-01-24,completed,,North,84.15,2025-01-24,885.0,2025-01-28,2025-01-26,2025-01-30,1,0
957,2025-01-24,completed,,Central,281.13,2025-01-24,886.0,2025-01-26,2025-01-26,2025-01-30,1,0
958,2025-01-24,completed,,Central,85.83,2025-01-24,887.0,2025-01-28,2025-01-29,2025-02-02,1,1
959,2025-01-24,cancelled,,East,173.9,2025-01-24,,,,,0,1
960,2025-01-24,processing,,North,404.96,2025-01-24,888.0,2025-01-27,2025-01-27,2025-01-29,1,0
961,2025-01-24,completed,,Central,315.3,2025-01-24,889.0,2025-01-27,2025-01-26,2025-01-30,1,0
962,2025-01-24,completed,,East,220.43,2025-01-24,890.0,2025-01-26,2025-01-27,2025-01-30,1,1
963,2025-01-24,completed,,South,266.32,2025-01-24,891.0,2025-01-28,2025-01-27,2025-01-31,1,0
964,2025-01-24,completed,,East,138.26,2025-01-24,892.0,2025-01-27,2025-01-27,2025-01-31,1,0
965,2025-01-24,processing,,North,53.16,2025-01-24,893.0,2025-01-28,2025-01-27,2025-01-31,1,0
966,2025-01-24,processing,,Central,230.09,2025-01-24,894.0,2025-01-26,2025-01-27,2025-01-31,1,1
967,2025-01-24,completed,,South,114.74,2025-01-24,895.0,2025-01-27,2025-01-27,2025-01-28,1,0
968,2025-01-24,completed,,East,235.98,2025-01-24,896.0,2025-01-27,2025-01-26,2025-01-29,1,0
969,2025-01-24,processing,,North,84.15,2025-01-24,897.0,2025-01-27,2025-01-31,2025-02-01,1,1
970,2025-01-24,completed,,South,224.03,2025-01-24,898.0,2025-01-27,2025-01-27,2025-01-29,1,0
971,2025-01-24,cancelled,,South,146.22,2025-01-24,,,,,0,1
972,2025-01-24,completed,,North,42.3,2025-01-24,899.0,2025-01-27,2025-01-27,2025-01-28,1,0
973,2025-01-24,processing,,Central,75.66,2025-01-24,900.0,2025-01-27,2025-01-26,2025-01-28,1,0
974,2025-01-24,cancelled,,Central,100.26,2025-01-24,,,,,0,1
975,2025-01-24,completed,,South,141.93,2025-01-24,901.0,2025-01-26,2025-01-25,2025-01-26,1,0
976,2025-01-24,completed,,Central,83.16,2025-01-24,902.0,2025-01-27,2025-01-26,2025-01-28,1,0
977,2025-01-24,cancelled,,South,69.42,2025-01-24,,,,,0,1
978,2025-01-24,completed,,North,84.15,2025-01-24,903.0,2025-01-26,2025-01-27,2025-01-29,1,1
979,2025-01-24,completed,,Central,124.26,2025-01-24,904.0,2025-01-27,2025-01-31,2025-02-02,1,1
980,2025-01-24,completed,,North,305.06,2025-01-24,905.0,2025-01-27,2025-01-25,2025-01-26,1,0
981,2025-01-24,processing,,East,106.9,2025-01-24,906.0,2025-01-28,2025-01-27,2025-01-28,1,0
982,2025-01-24,completed,,East,141.93,2025-01-24,907.0,2025-01-26,2025-01-27,2025-01-31,1,1
983,2025-01-24,refunded,,South,395.5,2025-01-24,,,,,0,1
984,2025-01-25,completed,,Central,125.88,2025-01-25,908.0,2025-01-28,2025-01-28,2025-01-30,1,0
985,2025-01-25,completed,,East,21.34,2025-01-25,909.0,2025-01-27,2025-01-27,2025-01-29,1,0
986,2025-01-25,cancelled,,North,69.13,2025-01-25,,,,,0,1
987,2025-01-25,completed,,Central,49.55,2025-01-25,910.0,2025-01-27,2025-02-01,2025-02-03,1,1
988,2025-01-25,completed,,Central,143.25,2025-01-25,911.0,2025-01-29,2025-01-28,2025-01-31,1,0
989,2025-01-25,completed,,Central,24.44,2025-01-25,912.0,2025-01-28,,,0,1
990,2025-01-25,cancelled,,North,171.28,2025-01-25,,,,,0,1
991,2025-01-25,completed,,East,135.8,2025-01-25,913.0,2025-01-28,2025-01-30,2025-02-02,1,1
992,2025-01-25,completed,,South,228.12,2025-01-25,914.0,2025-01-28,2025-01-27,2025-01-31,1,0
993,2025-01-25,refunded,,North,53.45,2025-01-25,,,,,0,1
994,2025-01-25,completed,,South,157.65,2025-01-25,915.0,2025-01-28,2025-01-27,2025-01-28,1,0
995,2025-01-25,completed,,East,168.3,2025-01-25,916.0,2025-01-28,2025-01-28,2025-01-30,1,0
996,2025-01-25,completed,,South,43.73,2025-01-25,917.0,2025-01-27,2025-01-27,2025-01-31,1,0
997,2025-01-25,unknown_status,,East,220.76000000000002,2025-01-25,,,,,0,1
998,2025-01-25,unknown_status,,South,53.45,2025-01-25,,,,,0,1
999,2025-01-25,completed,,East,115.42,2025-01-25,918.0,2025-01-27,2025-01-28,2025-01-30,1,1
1000,2025-01-25,completed,,East,202.48,2025-01-25,919.0,2025-01-27,2025-01-30,2025-01-31,1,1
1001,2025-01-25,processing,,Central,588.7,2025-01-25,920.0,2025-01-28,2025-01-26,2025-01-27,1,0
1002,2025-01-25,completed,,South,163.05,2025-01-25,921.0,2025-01-29,2025-01-28,2025-02-01,1,0
1003,2025-01-25,completed,,North,81.08,2025-01-25,922.0,2025-01-28,2025-01-27,2025-01-30,1,0
1004,2025-01-25,completed,,North,157.65,2025-01-25,923.0,2025-01-27,2025-01-28,2025-01-30,1,1
1005,2025-01-25,completed,,South,12.22,2025-01-25,924.0,2025-01-28,2025-01-26,2025-01-30,1,0
1006,2025-01-25,refunded,,Central,101.25,2025-01-25,,,,,0,1
1007,2025-01-25,completed,,East,57.71,2025-01-25,925.0,2025-01-28,2025-01-27,2025-01-28,1,0
1008,2025-01-25,completed,,South,217.41,2025-01-25,926.0,2025-01-28,2025-01-27,2025-01-31,1,0
1009,2025-01-25,completed,,South,134.53,2025-01-25,927.0,2025-01-28,2025-01-28,2025-01-30,1,0
1010,2025-01-25,processing,,Central,69.13,2025-01-25,928.0,2025-01-28,2025-01-28,2025-02-01,1,0
1011,2025-01-25,processing,,North,107.77,2025-01-25,929.0,2025-01-27,2025-01-28,2025-01-29,1,1
1012,2025-01-25,completed,,South,24.61,2025-01-25,930.0,2025-01-28,2025-01-27,2025-01-29,1,0
1013,2025-01-25,completed,,South,69.13,2025-01-25,931.0,2025-01-28,2025-01-27,2025-01-29,1,0
1014,2025-01-25,completed,,North,233.31,2025-01-25,932.0,2025-01-28,2025-01-26,2025-01-27,1,0
1015,2025-01-25,completed,,North,84.15,2025-01-25,933.0,2025-01-27,2025-01-27,2025-01-28,1,0
1016,2025-01-25,completed,,South,234.68,2025-01-25,934.0,2025-01-28,2025-01-28,2025-01-31,1,0
1017,2025-01-25,completed,,South,248.52,2025-01-25,935.0,2025-01-28,2025-01-28,2025-01-31,1,0
1018,2025-01-25,completed,,South,143.25,2025-01-25,936.0,2025-01-28,2025-01-30,2025-02-02,1,1
1019,2025-01-25,completed,,East,78.06,2025-01-25,937.0,2025-01-28,2025-01-28,2025-01-31,1,0
1020,2025-01-25,completed,,East,303.75,2025-01-25,938.0,2025-01-29,2025-01-27,2025-01-31,1,0
1021,2025-01-25,processing,,South,37.74,2025-01-25,939.0,2025-01-28,2025-01-27,2025-01-31,1,0
1022,2025-01-25,completed,,North,236.68,2025-01-25,940.0,2025-01-29,2025-01-27,2025-01-31,1,0
1023,2025-01-25,completed,,East,84.15,2025-01-25,941.0,2025-01-28,2025-01-30,2025-01-31,1,1
1024,2025-01-25,completed,,North,57.71,2025-01-25,942.0,2025-01-28,2025-01-28,2025-01-30,1,0
1025,2025-01-25,completed,,Central,235.98,2025-01-25,943.0,2025-01-28,2025-01-27,2025-01-30,1,0
1026,2025-01-25,completed,,South,349.93,2025-01-25,944.0,2025-01-28,2025-01-27,2025-01-30,1,0
1027,2025-01-25,completed,,South,117.99,2025-01-25,945.0,2025-01-29,2025-01-28,2025-01-31,1,0
1028,2025-01-25,unknown_status,,East,168.3,2025-01-25,,,,,0,1
1029,2025-01-25,completed,,East,75.66,2025-01-25,946.0,2025-01-29,2025-01-27,2025-01-28,1,0
1030,2025-01-25,completed,,East,21.34,2025-01-25,947.0,2025-01-28,2025-01-30,2025-02-02,1,1
1031,2025-01-25,completed,,North,72.47,2025-01-25,948.0,2025-01-28,2025-01-27,2025-01-30,1,0
1032,2025-01-25,completed,,Central,20.47,2025-01-25,949.0,2025-01-28,2025-01-27,2025-01-30,1,0
1033,2025-01-25,completed,,East,184.36,2025-01-25,950.0,2025-01-28,2025-01-30,2025-01-31,1,1
1034,2025-01-25,completed,,East,330.45,2025-01-25,951.0,2025-01-27,2025-01-26,2025-01-28,1,0
1035,2025-01-25,processing,,North,173.9,2025-01-25,952.0,2025-01-28,2025-01-28,2025-01-29,1,0
1036,2025-01-25,completed,,East,124.06,2025-01-25,953.0,2025-01-28,2025-01-28,2025-01-30,1,0
1037,2025-01-25,completed,,North,61.39,2025-01-25,954.0,2025-01-28,2025-01-30,2025-02-02,1,1
1038,2025-01-25,completed,,South,57.71,2025-01-25,955.0,2025-01-28,2025-01-27,2025-01-30,1,0
1039,2025-01-25,completed,,North,53.45,2025-01-25,956.0,2025-01-28,2025-01-28,2025-02-01,1,0
1040,2025-01-25,completed,,Central,156.64,2025-01-25,957.0,2025-01-29,2025-01-30,2025-02-01,1,1
1041,2025-01-25,cancelled,,Central,12.22,2025-01-25,,,,,0,1
1042,2025-01-25,completed,,South,191.0,2025-01-25,958.0,2025-01-29,2025-01-27,2025-01-31,1,0
1043,2025-01-25,processing,,North,61.39,2025-01-25,959.0,2025-01-29,2025-01-28,2025-01-31,1,0
1044,2025-01-25,completed,,Central,24.61,2025-01-25,960.0,2025-01-29,2025-01-27,2025-01-28,1,0
1045,2025-01-25,completed,,North,12.22,2025-01-25,961.0,2025-01-28,2025-01-27,2025-01-30,1,0
1046,2025-01-25,processing,,Central,309.91,2025-01-25,962.0,2025-01-29,2025-01-28,2025-01-31,1,0
1047,2025-01-25,completed,,East,182.14,2025-01-25,963.0,2025-01-28,2025-01-27,2025-01-29,1,0
1048,2025-01-26,completed,,North,9.2,2025-01-26,964.0,2025-01-28,2025-01-28,2025-01-31,1,0
1049,2025-01-26,completed,,North,163.05,2025-01-26,965.0,2025-01-28,2025-01-28,2025-02-01,1,0
1050,2025-01-26,processing,,South,84.15,2025-01-26,966.0,2025-01-29,2025-01-28,2025-02-01,1,0
1051,2025-01-26,completed,,Central,114.06,2025-01-26,967.0,2025-01-29,2025-01-27,2025-01-29,1,0
1052,2025-01-26,completed,,Central,200.38,2025-01-26,968.0,2025-01-28,2025-01-28,2025-02-01,1,0
1053,2025-01-26,completed,,East,42.3,2025-01-26,969.0,2025-01-30,2025-01-28,2025-01-29,1,0
1054,2025-01-26,completed,,Central,39.42,2025-01-26,970.0,2025-01-29,2025-01-27,2025-01-28,1,0
1055,2025-01-26,refunded,,Central,105.49000000000001,2025-01-26,,,,,0,1
1056,2025-01-26,processing,,Central,324.58000000000004,2025-01-26,971.0,2025-01-29,2025-01-28,2025-01-30,1,0
1057,2025-01-26,completed,,South,173.9,2025-01-26,972.0,2025-01-29,2025-01-31,2025-02-02,1,1
1058,2025-01-26,completed,,South,95.86,2025-01-26,973.0,2025-01-29,2025-01-27,2025-01-30,1,0
1059,2025-01-26,completed,,East,20.47,2025-01-26,974.0,2025-01-29,2025-01-29,2025-02-02,1,0
1060,2025-01-26,completed,,East,399.71000000000004,2025-01-26,975.0,2025-01-29,2025-01-27,2025-01-29,1,0
1061,2025-01-26,processing,,East,175.79000000000002,2025-01-26,976.0,2025-01-29,2025-01-28,2025-01-30,1,0
1062,2025-01-26,completed,,North,152.53,2025-01-26,977.0,2025-01-30,2025-01-28,2025-01-31,1,0
1063,2025-01-26,completed,,North,118.34,2025-01-26,978.0,2025-01-28,2025-01-28,2025-01-30,1,0
1064,2025-01-26,completed,,Central,53.45,2025-01-26,979.0,2025-01-28,2025-01-28,2025-02-01,1,0
1065,2025-01-26,processing,,North,87.46,2025-01-26,980.0,2025-01-28,2025-01-27,2025-01-31,1,0
1066,2025-01-26,completed,,Central,219.05,2025-01-26,981.0,2025-01-28,2025-01-28,2025-02-01,1,0
1067,2025-01-26,cancelled,,South,141.93,2025-01-26,,,,,0,1
1068,2025-01-26,completed,,Central,59.69,2025-01-26,982.0,2025-01-29,2025-01-28,2025-01-30,1,0
1069,2025-01-26,completed,,Central,404.96,2025-01-26,983.0,2025-01-28,2025-01-27,2025-01-28,1,0
1070,2025-01-26,completed,,Central,278.92,2025-01-26,984.0,2025-01-29,2025-01-27,2025-01-28,1,0
1071,2025-01-26,completed,,North,34.71,2025-01-26,985.0,2025-01-28,2025-01-27,2025-01-29,1,0
1072,2025-01-26,completed,,East,409.88,2025-01-26,986.0,2025-01-29,2025-01-27,2025-01-29,1,0
1073,2025-01-26,completed,,North,20.47,2025-01-26,987.0,2025-01-30,2025-01-28,2025-01-30,1,0
1074,2025-01-26,processing,,East,31.58,2025-01-26,988.0,2025-01-29,2025-01-29,2025-01-30,1,0
1075,2025-01-26,processing,,North,65.67,2025-01-26,989.0,2025-01-28,2025-01-28,2025-02-01,1,0
1076,2025-01-26,completed,,East,61.15,2025-01-26,990.0,2025-01-30,2025-01-29,2025-02-01,1,0
1077,2025-01-26,cancelled,,South,152.53,2025-01-26,,,,,0,1
1078,2025-01-26,completed,,East,49.55,2025-01-26,991.0,2025-01-29,2025-01-29,2025-02-01,1,0
1079,2025-01-26,completed,,East,84.15,2025-01-26,992.0,2025-01-28,2025-01-29,2025-01-30,1,1
1080,2025-01-26,completed,,Central,326.1,2025-01-26,993.0,2025-01-29,2025-01-27,2025-01-29,1,0
1081,2025-01-26,completed,,Central,111.16,2025-01-26,994.0,2025-01-28,2025-01-28,2025-01-29,1,0
1082,2025-01-26,completed,,South,69.13,2025-01-26,995.0,2025-01-28,2025-01-31,2025-02-01,1,1
1083,2025-01-26,completed,,South,36.66,2025-01-26,996.0,2025-01-29,2025-01-29,2025-01-31,1,0
1084,2025-01-26,completed,,East,522.9499999999999,2025-01-26,997.0,2025-01-28,2025-01-27,2025-01-31,1,0
1085,2025-01-26,completed,,South,247.20000000000002,2025-01-26,998.0,2025-01-29,2025-01-29,2025-02-01,1,0
1086,2025-01-26,completed,,North,124.26,2025-01-26,999.0,2025-01-28,2025-01-27,2025-01-30,1,0
1087,2025-01-26,unknown_status,,East,248.52,2025-01-26,,,,,0,1
1088,2025-01-26,completed,,North,78.32,2025-01-26,1000.0,2025-01-29,2025-01-31,2025-02-02,1,1
1089,2025-01-26,completed,,North,157.65,2025-01-26,1001.0,2025-01-29,2025-01-29,2025-02-01,1,0
1090,2025-01-26,completed,,North,541.5500000000001,2025-01-26,1002.0,2025-01-29,2025-01-31,2025-02-02,1,1
1091,2025-01-26,completed,,North,157.65,2025-01-26,1003.0,2025-01-29,2025-01-29,2025-01-31,1,0
1092,2025-01-26,completed,,Central,29.56,2025-01-26,1004.0,2025-01-30,2025-01-28,2025-01-29,1,0
1093,2025-01-26,completed,,North,181.2,2025-01-26,1005.0,2025-01-30,2025-02-02,2025-02-05,1,1
1094,2025-01-26,completed,,South,326.1,2025-01-26,1006.0,2025-01-29,2025-01-28,2025-02-01,1,0
1095,2025-01-27,completed,,South,138.05,2025-01-27,1007.0,2025-01-29,2025-01-29,2025-01-31,1,0
1096,2025-01-27,completed,,North,53.45,2025-01-27,1008.0,2025-01-29,2025-01-29,2025-02-02,1,0
1097,2025-01-27,completed,,South,318.85,2025-01-27,1009.0,2025-01-31,2025-01-29,2025-01-30,1,0
1098,2025-01-27,completed,,North,183.13,2025-01-27,1010.0,2025-01-30,2025-01-28,2025-02-01,1,0
1099,2025-01-27,completed,,South,157.65,2025-01-27,1011.0,2025-01-30,2025-01-29,2025-02-02,1,0
1100,2025-01-27,completed,,Central,78.32,2025-01-27,1012.0,2025-01-31,2025-01-28,2025-01-29,1,0
1101,2025-01-27,completed,,Central,141.93,2025-01-27,1013.0,2025-01-29,2025-01-29,2025-01-31,1,0
1102,2025-01-27,completed,,Central,89.6,2025-01-27,1014.0,2025-01-30,2025-02-03,2025-02-05,1,1
1103,2025-01-27,processing,,North,320.46999999999997,2025-01-27,1015.0,2025-01-30,2025-01-29,2025-01-30,1,0
1104,2025-01-27,completed,,East,99.67999999999999,2025-01-27,1016.0,2025-01-31,2025-01-29,2025-01-31,1,0
1105,2025-01-27,processing,,North,122.78,2025-01-27,1017.0,2025-01-30,2025-01-29,2025-02-02,1,0
1106,2025-01-27,completed,,South,117.99,2025-01-27,1018.0,2025-01-30,,,0,1
1107,2025-01-27,processing,,South,31.58,2025-01-27,1019.0,2025-01-29,2025-01-28,2025-01-31,1,0
1108,2025-01-27,completed,,North,81.35,2025-01-27,1020.0,2025-01-30,2025-01-29,2025-01-30,1,0
1109,2025-01-27,completed,,North,283.53,2025-01-27,1021.0,2025-01-30,2025-01-30,2025-02-02,1,0
1110,2025-01-27,completed,,South,152.29,2025-01-27,1022.0,2025-01-30,2025-01-29,2025-01-30,1,0
1111,2025-01-27,completed,,South,305.06,2025-01-27,1023.0,2025-01-30,2025-02-01,2025-02-02,1,1
1112,2025-01-27,completed,,North,69.13,2025-01-27,1024.0,2025-01-29,2025-01-29,2025-02-02,1,0
1113,2025-01-27,completed,,Central,49.22,2025-01-27,1025.0,2025-01-30,2025-01-29,2025-01-31,1,0
1114,2025-01-27,completed,,North,251.76,2025-01-27,1026.0,2025-01-30,2025-01-30,2025-01-31,1,0
1115,2025-01-27,completed,,Central,165.91,2025-01-27,1027.0,2025-01-30,2025-01-30,2025-02-02,1,0
1116,2025-01-27,completed,,North,357.09000000000003,2025-01-27,1028.0,2025-01-30,2025-02-03,2025-02-04,1,1
1117,2025-01-27,completed,,East,69.13,2025-01-27,1029.0,2025-01-29,2025-01-28,2025-01-31,1,0
1118,2025-01-27,completed,,South,200.79000000000002,2025-01-27,1030.0,2025-01-30,2025-01-30,2025-02-02,1,0
1119,2025-01-27,completed,,East,155.93,2025-01-27,1031.0,2025-01-30,2025-01-30,2025-02-03,1,0
1120,2025-01-27,completed,,East,92.94,2025-01-27,1032.0,2025-01-31,2025-01-30,2025-02-02,1,0
1121,2025-01-27,completed,,Central,61.15,2025-01-27,1033.0,2025-01-30,2025-02-03,2025-02-04,1,1
1122,2025-01-27,completed,,Central,163.05,2025-01-27,1034.0,2025-01-30,2025-01-30,2025-01-31,1,0
1123,2025-01-27,completed,,Central,251.76,2025-01-27,1035.0,2025-01-30,2025-01-29,2025-01-31,1,0
1124,2025-01-27,completed,,East,67.9,2025-01-27,1036.0,2025-01-31,2025-01-30,2025-02-02,1,0
1125,2025-01-27,completed,,Central,84.15,2025-01-27,1037.0,2025-01-30,2025-01-28,2025-01-31,1,0
1126,2025-01-27,completed,,North,53.45,2025-01-27,1038.0,2025-01-30,2025-01-30,2025-02-01,1,0
1127,2025-01-27,completed,,North,57.71,2025-01-27,1039.0,2025-01-30,,,0,1
1128,2025-01-27,completed,,South,24.61,2025-01-27,1040.0,2025-01-30,2025-01-30,2025-02-02,1,0
1129,2025-01-27,unknown_status,,North,37.74,2025-01-27,,,,,0,1
1130,2025-01-27,processing,,South,426.29999999999995,2025-01-27,1041.0,2025-01-30,2025-02-01,2025-02-05,1,1
1131,2025-01-27,completed,,Central,43.73,2025-01-27,1042.0,2025-01-30,2025-02-01,2025-02-04,1,1
1132,2025-01-27,processing,,East,532.4,2025-01-27,1043.0,2025-01-30,2025-01-29,2025-02-01,1,0
1133,2025-01-27,completed,,East,68.35,2025-01-27,1044.0,2025-01-30,2025-01-30,2025-01-31,1,0
1134,2025-01-27,refunded,,Central,61.39,2025-01-27,,,,,0,1
1135,2025-01-27,completed,,Central,124.06,2025-01-27,1045.0,2025-01-30,2025-02-03,2025-02-05,1,1
1136,2025-01-28,completed,,South,157.65,2025-01-28,1046.0,2025-01-30,2025-01-30,2025-02-01,1,0
1137,2025-01-28,completed,,Central,20.47,2025-01-28,1047.0,2025-02-01,2025-01-30,2025-02-01,1,0
1138,2025-01-28,completed,,North,84.15,2025-01-28,1048.0,2025-01-31,2025-01-30,2025-02-02,1,0
1139,2025-01-28,completed,,South,152.53,2025-01-28,1049.0,2025-01-31,,,0,1
1140,2025-01-28,completed,,East,168.3,2025-01-28,1050.0,2025-01-30,2025-02-02,2025-02-05,1,1
1141,2025-01-28,completed,,South,78.18,2025-01-28,1051.0,2025-01-31,2025-01-31,2025-02-01,1,0
1142,2025-01-28,completed,,South,202.48,2025-01-28,1052.0,2025-01-31,2025-01-31,2025-02-03,1,0
1143,2025-01-28,completed,,South,83.16,2025-01-28,1053.0,2025-01-31,2025-01-31,2025-02-02,1,0
1144,2025-01-28,processing,,East,267.35,2025-01-28,1054.0,2025-01-30,2025-01-29,2025-01-31,1,0
1145,2025-01-28,refunded,,South,69.13,2025-01-28,,,,,0,1
1146,2025-01-28,completed,,Central,163.05,2025-01-28,1055.0,2025-01-31,2025-01-29,2025-01-30,1,0
1147,2025-01-28,completed,,East,61.39,2025-01-28,1056.0,2025-01-31,2025-01-30,2025-02-02,1,0
1148,2025-01-28,completed,,East,53.45,2025-01-28,1057.0,2025-01-31,2025-01-29,2025-02-02,1,0
1149,2025-01-28,processing,,North,150.84,2025-01-28,1058.0,2025-01-30,2025-02-02,2025-02-04,1,1
1150,2025-01-28,refunded,,North,21.34,2025-01-28,,,,,0,1
1151,2025-01-28,completed,,South,202.48,2025-01-28,1059.0,2025-01-31,2025-01-30,2025-02-02,1,0
1152,2025-01-28,completed,,East,78.32,2025-01-28,1060.0,2025-01-31,2025-01-31,2025-02-04,1,0
1153,2025-01-28,completed,,East,67.9,2025-01-28,1061.0,2025-01-31,2025-01-31,2025-02-04,1,0
1154,2025-01-28,completed,,Central,78.32,2025-01-28,1062.0,2025-02-01,2025-01-30,2025-02-01,1,0
1155,2025-01-28,processing,,South,272.23,2025-01-28,1063.0,2025-01-31,2025-01-30,2025-02-03,1,0
1156,2025-01-28,completed,,East,84.15,2025-01-28,1064.0,2025-01-31,2025-01-29,2025-01-30,1,0
1157,2025-01-28,completed,,East,398.76,2025-01-28,1065.0,2025-01-31,2025-01-30,2025-02-02,1,0
1158,2025-01-28,completed,,South,78.32,2025-01-28,1066.0,2025-01-31,2025-01-31,2025-02-04,1,0
1159,2025-01-28,completed,,South,20.47,2025-01-28,1067.0,2025-01-31,2025-01-30,2025-02-02,1,0
1160,2025-01-28,completed,,East,61.39,2025-01-28,1068.0,2025-01-31,2025-01-30,2025-02-01,1,0
1161,2025-01-28,completed,,East,147.45,2025-01-28,1069.0,2025-02-01,2025-01-30,2025-02-03,1,0
1162,2025-01-28,completed,,South,42.3,2025-01-28,1070.0,2025-01-31,2025-02-02,2025-02-04,1,1
1163,2025-01-28,completed,,North,117.99,2025-01-28,1071.0,2025-02-01,2025-01-29,2025-01-30,1,0
1164,2025-01-28,processing,,North,324.70000000000005,2025-01-28,1072.0,2025-01-31,2025-01-30,2025-02-02,1,0
1165,2025-01-28,completed,,East,24.61,2025-01-28,1073.0,2025-02-01,2025-01-29,2025-01-30,1,0
1166,2025-01-28,completed,,South,543.0400000000001,2025-01-28,1074.0,2025-01-30,2025-01-30,2025-01-31,1,0
1167,2025-01-28,completed,,South,163.05,2025-01-28,1075.0,2025-01-31,2025-01-30,2025-02-02,1,0
1168,2025-01-28,completed,,North,138.05,2025-01-28,1076.0,2025-01-31,2025-01-29,2025-02-02,1,0
1169,2025-01-28,processing,,Central,173.9,2025-01-28,1077.0,2025-01-31,2025-01-31,2025-02-03,1,0
1170,2025-01-28,completed,,North,117.99,2025-01-28,1078.0,2025-01-30,2025-01-30,2025-01-31,1,0
1171,2025-01-28,completed,,South,662.27,2025-01-28,1079.0,2025-01-31,2025-01-30,2025-01-31,1,0
1172,2025-01-28,completed,,Central,115.23,2025-01-28,1080.0,2025-01-30,2025-01-29,2025-02-02,1,0
1173,2025-01-28,completed,,East,101.25,2025-01-28,1081.0,2025-02-01,2025-02-02,2025-02-03,1,1
1174,2025-01-28,completed,,North,54.519999999999996,2025-01-28,1082.0,2025-01-31,2025-01-30,2025-02-02,1,0
1175,2025-01-28,completed,,South,21.34,2025-01-28,1083.0,2025-02-01,2025-01-29,2025-01-31,1,0
1176,2025-01-28,completed,,Central,43.73,2025-01-28,1084.0,2025-02-01,2025-01-30,2025-02-01,1,0
1177,2025-01-28,completed,,East,57.71,2025-01-28,1085.0,2025-01-31,2025-01-31,2025-02-03,1,0
1178,2025-01-28,completed,,East,61.39,2025-01-28,1086.0,2025-01-30,2025-02-02,2025-02-06,1,1
1179,2025-01-28,processing,,South,20.47,2025-01-28,1087.0,2025-02-01,2025-02-02,2025-02-05,1,1
1180,2025-01-28,completed,,Central,242.68,2025-01-28,1088.0,2025-01-30,2025-02-04,2025-02-08,1,1
1181,2025-01-28,completed,,East,24.61,2025-01-28,1089.0,2025-01-31,2025-01-30,2025-01-31,1,0
1182,2025-01-28,completed,,Central,96.13,2025-01-28,1090.0,2025-02-01,2025-01-30,2025-01-31,1,0
1183,2025-01-28,completed,,Central,84.15,2025-01-28,1091.0,2025-01-31,2025-01-31,2025-02-02,1,0
1184,2025-01-28,completed,,East,157.65,2025-01-28,1092.0,2025-01-31,2025-01-30,2025-02-01,1,0
1185,2025-01-28,completed,,South,303.09,2025-01-28,1093.0,2025-01-31,2025-01-31,2025-02-01,1,0
1186,2025-01-29,cancelled,,South,43.73,2025-01-29,,,,,0,1
1187,2025-01-29,processing,,North,64.19999999999999,2025-01-29,1094.0,2025-01-31,2025-01-31,2025-02-03,1,0
1188,2025-01-29,completed,,South,72.47,2025-01-29,1095.0,2025-02-01,2025-01-30,2025-02-03,1,0
1189,2025-01-29,completed,,South,100.26,2025-01-29,1096.0,2025-02-02,2025-01-31,2025-02-03,1,0
1190,2025-01-29,completed,,North,72.47,2025-01-29,1097.0,2025-01-31,2025-02-03,2025-02-04,1,1
1191,2025-01-29,completed,,North,67.9,2025-01-29,1098.0,2025-02-01,2025-01-31,2025-02-03,1,0
1192,2025-01-29,processing,,South,117.99,2025-01-29,1099.0,2025-02-02,2025-01-31,2025-02-02,1,0
1193,2025-01-29,completed,,South,43.74,2025-01-29,1100.0,2025-01-31,2025-02-01,2025-02-04,1,1
1194,2025-01-29,completed,,South,244.64,2025-01-29,1101.0,2025-02-01,2025-02-01,2025-02-03,1,0
1195,2025-01-29,completed,,South,165.77999999999997,2025-01-29,1102.0,2025-01-31,2025-01-30,2025-02-02,1,0
1196,2025-01-29,completed,,South,31.58,2025-01-29,1103.0,2025-01-31,2025-01-31,2025-02-03,1,0
1197,2025-01-29,completed,,North,61.39,2025-01-29,1104.0,2025-02-01,2025-02-03,2025-02-06,1,1
1198,2025-01-29,cancelled,,North,100.26,2025-01-29,,,,,0,1
1199,2025-01-29,completed,,North,57.71,2025-01-29,1105.0,2025-02-01,2025-02-03,2025-02-05,1,1
1200,2025-01-29,completed,,North,120.61999999999999,2025-01-29,1106.0,2025-02-01,2025-02-01,2025-02-03,1,0
1201,2025-01-29,completed,,East,84.15,2025-01-29,1107.0,2025-02-02,2025-01-31,2025-02-02,1,0
1202,2025-01-29,completed,,South,202.48,2025-01-29,1108.0,2025-02-01,2025-01-30,2025-02-03,1,0
1203,2025-01-29,completed,,East,157.65,2025-01-29,1109.0,2025-02-01,2025-01-31,2025-02-01,1,0
1204,2025-01-29,completed,,North,427.99,2025-01-29,1110.0,2025-02-01,2025-02-01,2025-02-05,1,0
1205,2025-01-29,completed,,North,202.48,2025-01-29,1111.0,2025-02-01,2025-02-03,2025-02-05,1,1
1206,2025-01-29,completed,,East,138.05,2025-01-29,1112.0,2025-02-01,,,0,1
1207,2025-01-29,completed,,North,67.9,2025-01-29,1113.0,2025-02-01,2025-01-31,2025-02-01,1,0
1208,2025-01-29,cancelled,,South,162.4,2025-01-29,,,,,0,1
1209,2025-01-29,completed,,East,24.44,2025-01-29,1114.0,2025-02-02,2025-02-01,2025-02-05,1,0
1210,2025-01-29,completed,,Central,347.8,2025-01-29,1115.0,2025-02-01,2025-01-31,2025-02-01,1,0
1211,2025-01-29,completed,,South,24.61,2025-01-29,1116.0,2025-02-01,2025-02-01,2025-02-02,1,0
1212,2025-01-29,processing,,East,401.85,2025-01-29,1117.0,2025-02-02,2025-01-30,2025-01-31,1,0
1213,2025-01-29,completed,,North,53.45,2025-01-29,1118.0,2025-02-01,2025-02-03,2025-02-04,1,1
1214,2025-01-29,completed,,East,40.94,2025-01-29,1119.0,2025-02-01,2025-01-31,2025-02-04,1,0
1215,2025-01-29,completed,,East,69.13,2025-01-29,1120.0,2025-02-01,2025-02-01,2025-02-02,1,0
1216,2025-01-29,completed,,Central,144.55,2025-01-29,1121.0,2025-01-31,2025-02-03,2025-02-05,1,1
1217,2025-01-29,completed,,East,448.73,2025-01-29,1122.0,2025-01-31,2025-02-01,2025-02-05,1,1
1218,2025-01-29,completed,,South,24.61,2025-01-29,1123.0,2025-02-02,2025-02-05,2025-02-07,1,1
1219,2025-01-29,completed,,South,156.64,2025-01-29,1124.0,2025-01-31,2025-02-03,2025-02-04,1,1
1220,2025-01-29,completed,,North,142.85,2025-01-29,1125.0,2025-02-01,2025-02-05,2025-02-07,1,1
1221,2025-01-29,completed,,East,78.32,2025-01-29,1126.0,2025-02-01,2025-01-31,2025-02-04,1,0
1222,2025-01-29,completed,,Central,83.16,2025-01-29,1127.0,2025-02-01,2025-02-01,2025-02-04,1,0
1223,2025-01-29,completed,,Central,42.3,2025-01-29,1128.0,2025-02-01,2025-02-01,2025-02-05,1,0
1224,2025-01-29,completed,,East,117.99,2025-01-29,1129.0,2025-02-01,2025-01-31,2025-02-02,1,0
1225,2025-01-29,completed,,South,173.9,2025-01-29,1130.0,2025-02-02,2025-02-01,2025-02-04,1,0
1226,2025-01-30,processing,,North,156.64,2025-01-30,1131.0,2025-02-01,2025-02-02,2025-02-06,1,1
1227,2025-01-30,completed,,East,21.34,2025-01-30,1132.0,2025-02-02,2025-01-31,2025-02-01,1,0
1228,2025-01-30,processing,,East,21.34,2025-01-30,1133.0,2025-02-02,2025-02-01,2025-02-05,1,0
1229,2025-01-30,completed,,East,59.69,2025-01-30,1134.0,2025-02-01,2025-02-01,2025-02-04,1,0
1230,2025-01-30,completed,,Central,133.37,2025-01-30,1135.0,2025-02-02,2025-02-01,2025-02-03,1,0
1231,2025-01-30,cancelled,,South,173.9,2025-01-30,,,,,0,1
1232,2025-01-30,completed,,East,202.48,2025-01-30,1136.0,2025-02-02,2025-02-06,2025-02-07,1,1
1233,2025-01-30,completed,,East,157.65,2025-01-30,1137.0,2025-02-01,2025-02-01,2025-02-04,1,0
1234,2025-01-30,completed,,East,157.65,2025-01-30,1138.0,2025-02-02,2025-01-31,2025-02-04,1,0
1235,2025-01-30,completed,,South,252.45,2025-01-30,1139.0,2025-02-03,2025-02-02,2025-02-04,1,0
1236,2025-01-30,completed,,South,148.85,2025-01-30,1140.0,2025-02-02,2025-02-04,2025-02-05,1,1
1237,2025-01-30,completed,,North,73.61,2025-01-30,1141.0,2025-02-01,2025-01-31,2025-02-02,1,0
1238,2025-01-30,completed,,North,192.62,2025-01-30,1142.0,2025-02-03,2025-02-02,2025-02-04,1,0
1239,2025-01-30,completed,,North,219.44,2025-01-30,1143.0,2025-02-03,2025-02-01,2025-02-03,1,0
1240,2025-01-30,completed,,South,83.16,2025-01-30,1144.0,2025-02-02,2025-01-31,2025-02-04,1,0
1241,2025-01-30,processing,,Central,124.34,2025-01-30,1145.0,2025-02-02,2025-02-01,2025-02-03,1,0
1242,2025-01-30,completed,,South,138.26,2025-01-30,1146.0,2025-02-02,2025-02-04,2025-02-08,1,1
1243,2025-01-30,completed,,South,69.13,2025-01-30,1147.0,2025-02-03,2025-02-04,2025-02-06,1,1
1244,2025-01-30,refunded,,Central,173.13,2025-01-30,,,,,0,1
1245,2025-01-30,completed,,East,249.6,2025-01-30,1148.0,2025-02-01,2025-02-04,2025-02-05,1,1
1246,2025-01-30,completed,,North,24.68,2025-01-30,1149.0,2025-02-01,2025-02-06,2025-02-10,1,1
1247,2025-01-30,completed,,East,115.42,2025-01-30,1150.0,2025-02-03,2025-02-01,2025-02-02,1,0
1248,2025-01-30,completed,,East,191.96,2025-01-30,1151.0,2025-02-02,2025-02-04,2025-02-07,1,1
1249,2025-01-30,completed,,South,156.64,2025-01-30,1152.0,2025-02-02,2025-02-04,2025-02-05,1,1
1250,2025-01-30,processing,,North,20.47,2025-01-30,1153.0,2025-02-01,2025-02-01,2025-02-03,1,0
1251,2025-01-30,completed,,Central,75.66,2025-01-30,1154.0,2025-02-02,2025-02-01,2025-02-05,1,0
1252,2025-01-30,completed,,South,382.97,2025-01-30,1155.0,2025-02-02,,,0,1
1253,2025-01-30,completed,,North,295.70000000000005,2025-01-30,1156.0,2025-02-02,2025-02-02,2025-02-04,1,0
1254,2025-01-30,completed,,North,21.34,2025-01-30,1157.0,2025-02-02,2025-02-02,2025-02-04,1,0
1255,2025-01-30,completed,,East,240.24,2025-01-30,1158.0,2025-02-02,2025-02-01,2025-02-05,1,0
1256,2025-01-30,completed,,East,34.71,2025-01-30,1159.0,2025-02-02,2025-02-02,2025-02-04,1,0
1257,2025-01-30,completed,,South,253.28000000000003,2025-01-30,1160.0,2025-02-01,2025-02-01,2025-02-03,1,0
1258,2025-01-30,completed,,East,124.26,2025-01-30,1161.0,2025-02-02,2025-02-02,2025-02-04,1,0
1259,2025-01-30,completed,,North,219.76999999999998,2025-01-30,1162.0,2025-02-02,2025-02-04,2025-02-08,1,1
1260,2025-01-30,completed,,Central,53.45,2025-01-30,1163.0,2025-02-03,2025-02-01,2025-02-04,1,0
1261,2025-01-30,processing,,North,467.83000000000004,2025-01-30,1164.0,2025-02-01,,,0,1
1262,2025-01-30,completed,,South,12.22,2025-01-30,1165.0,2025-02-02,2025-02-02,2025-02-04,1,0
1263,2025-01-30,completed,,North,88.2,2025-01-30,1166.0,2025-02-02,2025-02-04,2025-02-06,1,1
1264,2025-01-30,completed,,East,19.71,2025-01-30,1167.0,2025-02-03,2025-02-01,2025-02-03,1,0
1265,2025-01-30,completed,,East,157.65,2025-01-30,1168.0,2025-02-02,2025-02-02,2025-02-06,1,0
1266,2025-01-30,completed,,East,212.18,2025-01-30,1169.0,2025-02-02,2025-02-01,2025-02-04,1,0
1267,2025-01-30,processing,,North,167.76,2025-01-30,1170.0,2025-02-03,2025-02-01,2025-02-03,1,0
1268,2025-01-30,completed,,East,69.13,2025-01-30,1171.0,2025-02-02,2025-01-31,2025-02-04,1,0
1269,2025-01-30,completed,,Central,92.42,2025-01-30,1172.0,2025-02-02,2025-02-02,2025-02-04,1,0
1270,2025-01-30,completed,,Central,20.47,2025-01-30,1173.0,2025-02-01,2025-01-31,2025-02-03,1,0
1271,2025-01-30,completed,,North,157.65,2025-01-30,1174.0,2025-02-01,2025-02-01,2025-02-05,1,0
1272,2025-01-30,completed,,Central,88.2,2025-01-30,1175.0,2025-02-03,2025-02-04,2025-02-05,1,1
1273,2025-01-30,completed,,North,43.73,2025-01-30,1176.0,2025-02-02,2025-02-01,2025-02-04,1,0
1274,2025-01-30,completed,,South,125.88,2025-01-30,1177.0,2025-02-02,2025-01-31,2025-02-01,1,0
1275,2025-01-31,completed,,East,78.18,2025-01-31,1178.0,2025-02-02,2025-02-02,2025-02-04,1,0
1276,2025-01-31,completed,,South,125.88,2025-01-31,1179.0,2025-02-02,2025-02-05,2025-02-09,1,1
1277,2025-01-31,completed,,North,230.46,2025-01-31,1180.0,2025-02-04,2025-02-02,2025-02-05,1,0
1278,2025-01-31,completed,,East,483.75,2025-01-31,1181.0,2025-02-03,2025-02-02,2025-02-05,1,0
1279,2025-01-31,completed,,North,115.23,2025-01-31,1182.0,2025-02-03,2025-02-02,2025-02-04,1,0
1280,2025-01-31,completed,,East,205.48000000000002,2025-01-31,1183.0,2025-02-03,2025-02-03,2025-02-05,1,0
1281,2025-01-31,cancelled,,South,61.15,2025-01-31,,,,,0,1
1282,2025-01-31,processing,,North,144.13,2025-01-31,1184.0,2025-02-03,2025-02-02,2025-02-06,1,0
1283,2025-01-31,completed,,North,69.13,2025-01-31,1185.0,2025-02-03,2025-02-03,2025-02-05,1,0
1284,2025-01-31,completed,,Central,114.84,2025-01-31,1186.0,2025-02-03,2025-02-02,2025-02-05,1,0
1285,2025-01-31,completed,,East,141.39999999999998,2025-01-31,1187.0,2025-02-03,2025-02-03,2025-02-07,1,0
1286,2025-01-31,completed,,North,43.73,2025-01-31,1188.0,2025-02-04,2025-02-02,2025-02-04,1,0
1287,2025-01-31,completed,,South,466.10999999999996,2025-01-31,1189.0,2025-02-04,2025-02-02,2025-02-04,1,0
1288,2025-01-31,completed,,South,34.71,2025-01-31,1190.0,2025-02-04,2025-02-03,2025-02-04,1,0
1289,2025-01-31,completed,,South,61.39,2025-01-31,1191.0,2025-02-04,2025-02-01,2025-02-04,1,0
1290,2025-01-31,processing,,Central,222.95,2025-01-31,1192.0,2025-02-02,2025-02-03,2025-02-04,1,1
1291,2025-01-31,completed,,East,12.22,2025-01-31,1193.0,2025-02-03,2025-02-02,2025-02-04,1,0
1292,2025-01-31,completed,,East,240.81,2025-01-31,1194.0,2025-02-04,2025-02-03,2025-02-07,1,0
1293,2025-01-31,completed,,East,101.03,2025-01-31,1195.0,2025-02-03,2025-02-02,2025-02-05,1,0
1294,2025-01-31,completed,,South,134.68,2025-01-31,1196.0,2025-02-04,2025-02-05,2025-02-06,1,1
1295,2025-01-31,completed,,North,109.21,2025-01-31,1197.0,2025-02-02,2025-02-02,2025-02-04,1,0
1296,2025-01-31,completed,,South,202.5,2025-01-31,1198.0,2025-02-03,2025-02-07,2025-02-08,1,1
1297,2025-01-31,completed,,East,83.16,2025-01-31,1199.0,2025-02-03,2025-02-07,2025-02-10,1,1
1298,2025-01-31,completed,,South,57.71,2025-01-31,1200.0,2025-02-02,2025-02-02,2025-02-05,1,0
1299,2025-01-31,processing,,Central,78.32,2025-01-31,1201.0,2025-02-03,2025-02-03,2025-02-04,1,0
1300,2025-01-31,cancelled,,East,53.45,2025-01-31,,,,,0,1
1301,2025-01-31,completed,,North,217.34,2025-01-31,1202.0,2025-02-03,2025-02-05,2025-02-09,1,1
1302,2025-01-31,completed,,Central,117.99,2025-01-31,1203.0,2025-02-03,2025-02-01,2025-02-05,1,0
1303,2025-01-31,completed,,South,37.74,2025-01-31,1204.0,2025-02-02,2025-02-02,2025-02-03,1,0
1304,2025-01-31,completed,,South,217.34,2025-01-31,1205.0,2025-02-03,2025-02-05,2025-02-09,1,1
1305,2025-01-31,completed,,South,115.73,2025-01-31,1206.0,2025-02-04,2025-02-02,2025-02-05,1,0
1306,2025-01-31,completed,,East,19.71,2025-01-31,1207.0,2025-02-03,2025-02-02,2025-02-04,1,0
1307,2025-01-31,completed,,Central,43.74,2025-01-31,1208.0,2025-02-03,2025-02-02,2025-02-03,1,0
1308,2025-01-31,completed,,South,84.15,2025-01-31,1209.0,2025-02-03,2025-02-02,2025-02-04,1,0
1309,2025-01-31,completed,,Central,31.58,2025-01-31,1210.0,2025-02-02,2025-02-05,2025-02-07,1,1
1310,2025-02-01,completed,,Central,171.77,2025-02-01,1211.0,2025-02-05,2025-02-04,2025-02-07,1,0
1311,2025-02-01,completed,,Central,148.35,2025-02-01,1212.0,2025-02-04,,,0,1
1312,2025-02-01,completed,,East,173.9,2025-02-01,1213.0,2025-02-04,2025-02-08,2025-02-10,1,1
1313,2025-02-01,completed,,South,136.18,2025-02-01,1214.0,2025-02-04,2025-02-02,2025-02-06,1,0
1314,2025-02-01,completed,,Central,286.51,2025-02-01,1215.0,2025-02-03,2025-02-03,2025-02-04,1,0
1315,2025-02-01,completed,,South,43.74,2025-02-01,1216.0,2025-02-03,2025-02-04,2025-02-05,1,1
1316,2025-02-01,completed,,East,225.76999999999998,2025-02-01,1217.0,2025-02-04,2025-02-03,2025-02-06,1,0
1317,2025-02-01,completed,,North,124.26,2025-02-01,1218.0,2025-02-05,2025-02-03,2025-02-07,1,0
1318,2025-02-01,completed,,Central,115.42,2025-02-01,1219.0,2025-02-04,2025-02-03,2025-02-07,1,0
1319,2025-02-01,completed,,Central,59.69,2025-02-01,1220.0,2025-02-04,2025-02-06,2025-02-07,1,1
1320,2025-02-01,completed,,East,486.03999999999996,2025-02-01,1221.0,2025-02-04,2025-02-03,2025-02-04,1,0
1321,2025-02-01,completed,,Central,175.27,2025-02-01,1222.0,2025-02-04,2025-02-04,2025-02-07,1,0
1322,2025-02-01,completed,,Central,129.73,2025-02-01,1223.0,2025-02-03,2025-02-03,2025-02-05,1,0
1323,2025-02-01,completed,,South,117.99,2025-02-01,1224.0,2025-02-05,2025-02-03,2025-02-07,1,0
1324,2025-02-01,completed,,South,53.45,2025-02-01,1225.0,2025-02-03,2025-02-04,2025-02-08,1,1
1325,2025-02-01,completed,,South,37.74,2025-02-01,1226.0,2025-02-03,2025-02-02,2025-02-04,1,0
1326,2025-02-01,completed,,South,138.05,2025-02-01,1227.0,2025-02-05,2025-02-08,2025-02-11,1,1
1327,2025-02-01,processing,,South,158.82,2025-02-01,1228.0,2025-02-03,2025-02-02,2025-02-03,1,0
1328,2025-02-01,cancelled,,North,98.89,2025-02-01,,,,,0,1
1329,2025-02-01,completed,,Central,320.46999999999997,2025-02-01,1229.0,2025-02-04,2025-02-03,2025-02-05,1,0
1330,2025-02-01,processing,,South,31.58,2025-02-01,1230.0,2025-02-04,2025-02-06,2025-02-10,1,1
1331,2025-02-01,completed,,North,202.48,2025-02-01,1231.0,2025-02-04,2025-02-02,2025-02-05,1,0
1332,2025-02-01,completed,,South,173.9,2025-02-01,1232.0,2025-02-04,2025-02-03,2025-02-07,1,0
1333,2025-02-01,processing,,Central,214.84,2025-02-01,1233.0,2025-02-05,2025-02-02,2025-02-06,1,0
1334,2025-02-01,completed,,East,83.81,2025-02-01,1234.0,2025-02-04,2025-02-04,2025-02-08,1,0
1335,2025-02-01,completed,,Central,122.06,2025-02-01,1235.0,2025-02-04,2025-02-04,2025-02-05,1,0
1336,2025-02-01,completed,,North,172.76000000000002,2025-02-01,1236.0,2025-02-03,2025-02-02,2025-02-03,1,0
1337,2025-02-01,completed,,South,202.48,2025-02-01,1237.0,2025-02-04,2025-02-04,2025-02-05,1,0
1338,2025-02-01,completed,,Central,24.44,2025-02-01,1238.0,2025-02-04,2025-02-02,2025-02-06,1,0
1339,2025-02-01,completed,,North,264.62,2025-02-01,1239.0,2025-02-03,2025-02-04,2025-02-07,1,1
1340,2025-02-01,completed,,South,240.81,2025-02-01,1240.0,2025-02-04,2025-02-03,2025-02-07,1,0
1341,2025-02-01,processing,,South,39.42,2025-02-01,1241.0,2025-02-04,2025-02-08,2025-02-12,1,1
1342,2025-02-01,completed,,South,356.04,2025-02-01,1242.0,2025-02-03,2025-02-03,2025-02-07,1,0
1343,2025-02-01,completed,,Central,70.89,2025-02-01,1243.0,2025-02-04,2025-02-06,2025-02-08,1,1
1344,2025-02-01,completed,,East,124.06,2025-02-01,1244.0,2025-02-04,2025-02-02,2025-02-03,1,0
1345,2025-02-01,completed,,East,12.22,2025-02-01,1245.0,2025-02-04,2025-02-02,2025-02-04,1,0
1346,2025-02-01,completed,,South,69.13,2025-02-01,1246.0,2025-02-04,2025-02-03,2025-02-07,1,0
1347,2025-02-01,cancelled,,North,87.48,2025-02-01,,,,,0,1
1348,2025-02-02,completed,,South,157.53,2025-02-02,1247.0,2025-02-05,2025-02-07,2025-02-10,1,1
1349,2025-02-02,processing,,South,550.26,2025-02-02,1248.0,2025-02-05,2025-02-04,2025-02-08,1,0
1350,2025-02-02,refunded,,East,53.45,2025-02-02,,,,,0,1
1351,2025-02-02,completed,,Central,84.15,2025-02-02,1249.0,2025-02-05,2025-02-05,2025-02-06,1,0
1352,2025-02-02,processing,,East,157.49,2025-02-02,1250.0,2025-02-05,2025-02-07,2025-02-08,1,1
1353,2025-02-02,cancelled,,North,111.32,2025-02-02,,,,,0,1
1354,2025-02-02,processing,,North,99.1,2025-02-02,1251.0,2025-02-06,2025-02-04,2025-02-06,1,0
1355,2025-02-02,completed,,South,264.95000000000005,2025-02-02,1252.0,2025-02-05,2025-02-04,2025-02-06,1,0
1356,2025-02-02,completed,,East,36.9,2025-02-02,1253.0,2025-02-05,2025-02-03,2025-02-06,1,0
1357,2025-02-02,completed,,South,241.37,2025-02-02,1254.0,2025-02-05,2025-02-07,2025-02-09,1,1
1358,2025-02-02,completed,,South,151.32,2025-02-02,1255.0,2025-02-05,2025-02-05,2025-02-08,1,0
1359,2025-02-02,completed,,North,152.53,2025-02-02,1256.0,2025-02-05,2025-02-05,2025-02-06,1,0
1360,2025-02-02,cancelled,,East,315.3,2025-02-02,,,,,0,1
1361,2025-02-02,completed,,Central,117.99,2025-02-02,1257.0,2025-02-04,2025-02-04,2025-02-05,1,0
1362,2025-02-02,completed,,North,168.62,2025-02-02,1258.0,2025-02-05,2025-02-05,2025-02-07,1,0
1363,2025-02-02,completed,,North,171.28,2025-02-02,1259.0,2025-02-06,2025-02-07,2025-02-09,1,1
1364,2025-02-02,completed,,North,31.58,2025-02-02,1260.0,2025-02-05,2025-02-03,2025-02-06,1,0
1365,2025-02-02,completed,,South,240.81,2025-02-02,1261.0,2025-02-05,2025-02-05,2025-02-07,1,0
1366,2025-02-02,completed,,North,138.05,2025-02-02,1262.0,2025-02-05,2025-02-07,2025-02-10,1,1
1367,2025-02-02,completed,,Central,352.99,2025-02-02,1263.0,2025-02-05,2025-02-03,2025-02-07,1,0
1368,2025-02-02,unknown_status,,Central,53.45,2025-02-02,,,,,0,1
1369,2025-02-02,completed,,East,213.71,2025-02-02,1264.0,2025-02-04,,,0,1
1370,2025-02-02,processing,,South,176.03,2025-02-02,1265.0,2025-02-05,2025-02-04,2025-02-08,1,0
1371,2025-02-02,completed,,East,173.9,2025-02-02,1266.0,2025-02-04,2025-02-03,2025-02-05,1,0
1372,2025-02-02,completed,,North,75.66,2025-02-02,1267.0,2025-02-05,2025-02-05,2025-02-09,1,0
1373,2025-02-02,completed,,South,121.08,2025-02-02,1268.0,2025-02-05,2025-02-04,2025-02-07,1,0
1374,2025-02-02,completed,,South,53.45,2025-02-02,1269.0,2025-02-04,2025-02-04,2025-02-05,1,0
1375,2025-02-02,completed,,East,489.15,2025-02-02,1270.0,2025-02-04,2025-02-03,2025-02-06,1,0
1376,2025-02-02,completed,,Central,163.05,2025-02-02,1271.0,2025-02-05,2025-02-05,2025-02-06,1,0
1377,2025-02-02,completed,,North,163.05,2025-02-02,1272.0,2025-02-04,2025-02-07,2025-02-11,1,1
1378,2025-02-02,completed,,North,53.45,2025-02-02,1273.0,2025-02-05,2025-02-04,2025-02-07,1,0
1379,2025-02-02,refunded,,North,326.1,2025-02-02,,,,,0,1
1380,2025-02-02,completed,,South,69.13,2025-02-02,1274.0,2025-02-05,2025-02-05,2025-02-07,1,0
1381,2025-02-02,completed,,Central,264.14,2025-02-02,1275.0,2025-02-05,2025-02-04,2025-02-05,1,0
1382,2025-02-02,completed,,East,131.22,2025-02-02,1276.0,2025-02-04,2025-02-04,2025-02-07,1,0
1383,2025-02-02,completed,,South,34.71,2025-02-02,1277.0,2025-02-04,2025-02-05,2025-02-09,1,1
1384,2025-02-02,completed,,Central,178.12,2025-02-02,1278.0,2025-02-05,2025-02-05,2025-02-09,1,0
1385,2025-02-02,completed,,North,115.42,2025-02-02,1279.0,2025-02-05,2025-02-05,2025-02-09,1,0
1386,2025-02-02,cancelled,,North,157.65,2025-02-02,,,,,0,1
1387,2025-02-02,completed,,North,374.19,2025-02-02,1280.0,2025-02-04,2025-02-09,2025-02-11,1,1
1388,2025-02-02,completed,,Central,157.76000000000002,2025-02-02,1281.0,2025-02-05,2025-02-05,2025-02-06,1,0
1389,2025-02-02,completed,,North,114.06,2025-02-02,1282.0,2025-02-05,,,0,1
1390,2025-02-02,cancelled,,Central,40.94,2025-02-02,,,,,0,1
1391,2025-02-02,processing,,Central,770.49,2025-02-02,1283.0,2025-02-05,2025-02-07,2025-02-11,1,1
1392,2025-02-02,cancelled,,Central,171.28,2025-02-02,,,,,0,1
1393,2025-02-02,completed,,Central,138.05,2025-02-02,1284.0,2025-02-05,2025-02-07,2025-02-09,1,1
1394,2025-02-02,completed,,South,162.4,2025-02-02,1285.0,2025-02-04,2025-02-03,2025-02-07,1,0
1395,2025-02-03,completed,,South,115.23,2025-02-03,1286.0,2025-02-06,2025-02-06,2025-02-07,1,0
1396,2025-02-03,completed,,Central,61.39,2025-02-03,1287.0,2025-02-06,2025-02-06,2025-02-07,1,0
1397,2025-02-03,completed,,South,260.63,2025-02-03,1288.0,2025-02-06,2025-02-08,2025-02-10,1,1
1398,2025-02-03,processing,,East,148.77,2025-02-03,1289.0,2025-02-05,2025-02-08,2025-02-12,1,1
1399,2025-02-03,completed,,North,342.56,2025-02-03,1290.0,2025-02-06,2025-02-10,2025-02-11,1,1
1400,2025-02-03,processing,,Central,242.05,2025-02-03,1291.0,2025-02-07,2025-02-05,2025-02-06,1,0
1401,2025-02-03,completed,,East,272.88,2025-02-03,1292.0,2025-02-07,2025-02-08,2025-02-09,1,1
1402,2025-02-03,cancelled,,Central,57.71,2025-02-03,,,,,0,1
1403,2025-02-03,completed,,East,88.2,2025-02-03,1293.0,2025-02-06,2025-02-06,2025-02-07,1,0
1404,2025-02-03,completed,,South,168.3,2025-02-03,1294.0,2025-02-05,2025-02-06,2025-02-08,1,1
1405,2025-02-03,refunded,,East,83.16,2025-02-03,,,,,0,1
1406,2025-02-03,completed,,Central,21.34,2025-02-03,1295.0,2025-02-07,2025-02-06,2025-02-09,1,0
1407,2025-02-03,completed,,East,83.16,2025-02-03,1296.0,2025-02-06,2025-02-05,2025-02-07,1,0
1408,2025-02-03,completed,,North,67.9,2025-02-03,1297.0,2025-02-06,2025-02-05,2025-02-07,1,0
1409,2025-02-03,refunded,,Central,163.05,2025-02-03,,,,,0,1
1410,2025-02-03,processing,,East,141.93,2025-02-03,1298.0,2025-02-06,2025-02-05,2025-02-06,1,0
1411,2025-02-03,completed,,South,20.47,2025-02-03,1299.0,2025-02-06,2025-02-06,2025-02-09,1,0
1412,2025-02-03,completed,,Central,124.06,2025-02-03,1300.0,2025-02-06,2025-02-04,2025-02-06,1,0
1413,2025-02-03,completed,,East,39.42,2025-02-03,1301.0,2025-02-06,,,0,1
1414,2025-02-03,completed,,North,20.47,2025-02-03,1302.0,2025-02-06,2025-02-08,2025-02-11,1,1
1415,2025-02-03,refunded,,South,189.64000000000001,2025-02-03,,,,,0,1
1416,2025-02-03,completed,,North,326.1,2025-02-03,1303.0,2025-02-06,2025-02-04,2025-02-05,1,0
1417,2025-02-03,completed,,East,21.34,2025-02-03,1304.0,2025-02-07,2025-02-05,2025-02-06,1,0
1418,2025-02-03,processing,,East,69.13,2025-02-03,1305.0,2025-02-07,2025-02-04,2025-02-08,1,0
1419,2025-02-03,completed,,Central,249.48,2025-02-03,1306.0,2025-02-07,2025-02-05,2025-02-09,1,0
1420,2025-02-03,completed,,North,100.26,2025-02-03,1307.0,2025-02-05,2025-02-05,2025-02-08,1,0
1421,2025-02-03,completed,,South,49.22,2025-02-03,1308.0,2025-02-06,2025-02-06,2025-02-09,1,0
1422,2025-02-03,completed,,North,69.13,2025-02-03,1309.0,2025-02-06,2025-02-08,2025-02-11,1,1
1423,2025-02-03,completed,,North,20.47,2025-02-03,1310.0,2025-02-05,2025-02-05,2025-02-08,1,0
1424,2025-02-03,completed,,Central,152.53,2025-02-03,1311.0,2025-02-05,2025-02-06,2025-02-10,1,1
1425,2025-02-03,completed,,Central,227.69,2025-02-03,1312.0,2025-02-06,2025-02-06,2025-02-10,1,0
1426,2025-02-03,processing,,East,171.28,2025-02-03,1313.0,2025-02-06,2025-02-05,2025-02-07,1,0
1427,2025-02-03,completed,,North,124.26,2025-02-03,1314.0,2025-02-05,2025-02-05,2025-02-07,1,0
1428,2025-02-03,cancelled,,East,83.16,2025-02-03,,,,,0,1
1429,2025-02-03,refunded,,East,431.9,2025-02-03,,,,,0,1
1430,2025-02-03,completed,,South,157.65,2025-02-03,1315.0,2025-02-05,2025-02-08,2025-02-12,1,1
1431,2025-02-03,completed,,East,69.42,2025-02-03,1316.0,2025-02-06,2025-02-06,2025-02-08,1,0
1432,2025-02-03,completed,,South,90.53999999999999,2025-02-03,1317.0,2025-02-05,2025-02-04,2025-02-08,1,0
1433,2025-02-03,completed,,South,327.52000000000004,2025-02-03,1318.0,2025-02-06,2025-02-05,2025-02-09,1,0
1434,2025-02-03,completed,,North,84.15,2025-02-03,1319.0,2025-02-06,2025-02-04,2025-02-07,1,0
1435,2025-02-03,completed,,East,78.32,2025-02-03,1320.0,2025-02-05,2025-02-06,2025-02-08,1,1
1436,2025-02-03,completed,,North,203.46,2025-02-03,1321.0,2025-02-06,2025-02-08,2025-02-11,1,1
1437,2025-02-03,completed,,Central,141.93,2025-02-03,1322.0,2025-02-06,2025-02-08,2025-02-12,1,1
1438,2025-02-03,completed,,South,137.03,2025-02-03,1323.0,2025-02-06,2025-02-06,2025-02-10,1,0
1439,2025-02-03,processing,,East,21.34,2025-02-03,1324.0,2025-02-07,2025-02-06,2025-02-10,1,0
1440,2025-02-03,completed,,East,193.76999999999998,2025-02-03,1325.0,2025-02-05,2025-02-06,2025-02-08,1,1
1441,2025-02-03,completed,,Central,163.05,2025-02-03,1326.0,2025-02-07,2025-02-06,2025-02-08,1,0
1442,2025-02-03,completed,,North,157.65,2025-02-03,1327.0,2025-02-06,2025-02-05,2025-02-07,1,0
1443,2025-02-03,completed,,South,180.78,2025-02-03,1328.0,2025-02-05,2025-02-05,2025-02-07,1,0
1444,2025-02-03,processing,,South,12.22,2025-02-03,1329.0,2025-02-05,2025-02-05,2025-02-09,1,0
1445,2025-02-03,completed,,Central,87.46,2025-02-03,1330.0,2025-02-07,2025-02-08,2025-02-11,1,1
1446,2025-02-03,completed,,Central,37.74,2025-02-03,1331.0,2025-02-06,2025-02-06,2025-02-09,1,0
1447,2025-02-04,completed,,East,57.71,2025-02-04,1332.0,2025-02-07,2025-02-07,2025-02-10,1,0
1448,2025-02-04,completed,,Central,115.23,2025-02-04,1333.0,2025-02-07,2025-02-06,2025-02-07,1,0
1449,2025-02-04,completed,,Central,41.05,2025-02-04,1334.0,2025-02-06,2025-02-07,2025-02-08,1,1
1450,2025-02-04,completed,,East,171.28,2025-02-04,1335.0,2025-02-07,2025-02-05,2025-02-08,1,0
1451,2025-02-04,refunded,,North,21.34,2025-02-04,,,,,0,1
1452,2025-02-04,completed,,South,131.19,2025-02-04,1336.0,2025-02-08,2025-02-06,2025-02-09,1,0
1453,2025-02-04,completed,,South,84.15,2025-02-04,1337.0,2025-02-06,2025-02-06,2025-02-09,1,0
1454,2025-02-04,completed,,East,122.78,2025-02-04,1338.0,2025-02-08,2025-02-06,2025-02-08,1,0
1455,2025-02-04,completed,,Central,66.28999999999999,2025-02-04,1339.0,2025-02-07,2025-02-05,2025-02-06,1,0
1456,2025-02-04,cancelled,,North,398.11,2025-02-04,,,,,0,1
1457,2025-02-04,completed,,South,169.41,2025-02-04,1340.0,2025-02-07,2025-02-06,2025-02-10,1,0
1458,2025-02-04,completed,,North,126.28,2025-02-04,1341.0,2025-02-08,2025-02-06,2025-02-09,1,0
1459,2025-02-04,cancelled,,Central,152.53,2025-02-04,,,,,0,1
1460,2025-02-04,cancelled,,South,140.87,2025-02-04,,,,,0,1
1461,2025-02-04,completed,,East,255.93,2025-02-04,1342.0,2025-02-07,,,0,1
1462,2025-02-04,completed,,East,157.65,2025-02-04,1343.0,2025-02-06,2025-02-11,2025-02-15,1,1
1463,2025-02-04,completed,,South,39.42,2025-02-04,1344.0,2025-02-07,2025-02-07,2025-02-09,1,0
1464,2025-02-04,completed,,Central,157.65,2025-02-04,1345.0,2025-02-07,2025-02-07,2025-02-10,1,0
1465,2025-02-04,completed,,North,9.2,2025-02-04,1346.0,2025-02-07,2025-02-06,2025-02-08,1,0
1466,2025-02-04,completed,,North,53.45,2025-02-04,1347.0,2025-02-06,2025-02-05,2025-02-08,1,0
1467,2025-02-04,completed,,East,37.74,2025-02-04,1348.0,2025-02-06,2025-02-11,2025-02-12,1,1
1468,2025-02-04,completed,,East,221.42,2025-02-04,1349.0,2025-02-06,2025-02-11,2025-02-12,1,1
1469,2025-02-04,completed,,East,61.39,2025-02-04,1350.0,2025-02-08,2025-02-06,2025-02-09,1,0
1470,2025-02-04,completed,,South,168.3,2025-02-04,1351.0,2025-02-07,2025-02-11,2025-02-15,1,1
1471,2025-02-04,completed,,East,74.04,2025-02-04,1352.0,2025-02-06,2025-02-07,2025-02-11,1,1
1472,2025-02-04,completed,,East,31.58,2025-02-04,1353.0,2025-02-07,2025-02-07,2025-02-10,1,0
1473,2025-02-04,completed,,North,294.46000000000004,2025-02-04,1354.0,2025-02-06,2025-02-06,2025-02-08,1,0
1474,2025-02-04,unknown_status,,Central,19.71,2025-02-04,,,,,0,1
1475,2025-02-04,completed,,South,184.17,2025-02-04,1355.0,2025-02-06,2025-02-06,2025-02-07,1,0
1476,2025-02-04,completed,,North,533.1999999999999,2025-02-04,1356.0,2025-02-07,2025-02-07,2025-02-11,1,0
1477,2025-02-04,completed,,Central,49.55,2025-02-04,1357.0,2025-02-06,2025-02-06,2025-02-09,1,0
1478,2025-02-04,completed,,Central,173.9,2025-02-04,1358.0,2025-02-06,2025-02-07,2025-02-10,1,1
1479,2025-02-04,processing,,North,244.64,2025-02-04,1359.0,2025-02-07,2025-02-06,2025-02-07,1,0
1480,2025-02-04,completed,,North,141.93,2025-02-04,1360.0,2025-02-07,2025-02-11,2025-02-13,1,1
1481,2025-02-04,processing,,Central,20.47,2025-02-04,1361.0,2025-02-07,2025-02-07,2025-02-09,1,0
1482,2025-02-04,completed,,East,171.28,2025-02-04,1362.0,2025-02-08,2025-02-07,2025-02-08,1,0
1483,2025-02-04,completed,,North,240.41,2025-02-04,1363.0,2025-02-07,2025-02-05,2025-02-08,1,0
1484,2025-02-04,completed,,Central,124.26,2025-02-04,1364.0,2025-02-08,2025-02-06,2025-02-07,1,0
1485,2025-02-04,completed,,East,208.61,2025-02-04,1365.0,2025-02-06,2025-02-06,2025-02-08,1,0
1486,2025-02-04,completed,,South,19.71,2025-02-04,1366.0,2025-02-07,2025-02-09,2025-02-12,1,1
1487,2025-02-04,completed,,North,166.32,2025-02-04,1367.0,2025-02-07,2025-02-07,2025-02-11,1,0
1488,2025-02-04,completed,,Central,152.53,2025-02-04,1368.0,2025-02-07,2025-02-07,2025-02-08,1,0
1489,2025-02-04,completed,,North,24.68,2025-02-04,1369.0,2025-02-07,2025-02-06,2025-02-07,1,0
1490,2025-02-05,completed,,East,342.56,2025-02-05,1370.0,2025-02-09,2025-02-08,2025-02-12,1,0
1491,2025-02-05,completed,,South,69.13,2025-02-05,1371.0,2025-02-08,2025-02-08,2025-02-11,1,0
1492,2025-02-05,completed,,North,83.16,2025-02-05,1372.0,2025-02-08,2025-02-10,2025-02-14,1,1
1493,2025-02-05,completed,,East,57.71,2025-02-05,1373.0,2025-02-07,2025-02-10,2025-02-11,1,1
1494,2025-02-05,completed,,North,171.28,2025-02-05,1374.0,2025-02-08,2025-02-08,2025-02-11,1,0
1495,2025-02-05,completed,,North,40.94,2025-02-05,1375.0,2025-02-07,2025-02-08,2025-02-09,1,1
1496,2025-02-05,completed,,East,121.35000000000001,2025-02-05,1376.0,2025-02-09,2025-02-07,2025-02-08,1,0
1497,2025-02-05,completed,,South,242.05,2025-02-05,1377.0,2025-02-08,2025-02-06,2025-02-09,1,0
1498,2025-02-05,completed,,South,249.6,2025-02-05,1378.0,2025-02-08,2025-02-10,2025-02-11,1,1
1499,2025-02-05,completed,,South,286.29,2025-02-05,1379.0,2025-02-09,2025-02-06,2025-02-07,1,0
1500,2025-02-05,completed,,North,315.14,2025-02-05,1380.0,2025-02-08,2025-02-12,2025-02-16,1,1
1501,2025-02-05,completed,,North,350.08,2025-02-05,1381.0,2025-02-08,2025-02-07,2025-02-08,1,0
1502,2025-02-05,completed,,Central,173.9,2025-02-05,1382.0,2025-02-07,2025-02-08,2025-02-11,1,1
1503,2025-02-05,refunded,,North,138.05,2025-02-05,,,,,0,1
1504,2025-02-05,completed,,Central,451.89,2025-02-05,1383.0,2025-02-08,2025-02-06,2025-02-10,1,0
1505,2025-02-05,cancelled,,Central,44.39,2025-02-05,,,,,0,1
1506,2025-02-05,completed,,Central,81.08,2025-02-05,1384.0,2025-02-09,2025-02-06,2025-02-08,1,0
1507,2025-02-05,processing,,North,36.83,2025-02-05,1385.0,2025-02-08,2025-02-06,2025-02-10,1,0
1508,2025-02-05,completed,,East,184.17,2025-02-05,1386.0,2025-02-07,,,0,1
1509,2025-02-05,completed,,East,104.5,2025-02-05,1387.0,2025-02-08,2025-02-07,2025-02-09,1,0
1510,2025-02-05,completed,,North,57.71,2025-02-05,1388.0,2025-02-08,2025-02-07,2025-02-08,1,0
1511,2025-02-05,unknown_status,,North,117.99,2025-02-05,,,,,0,1
1512,2025-02-05,processing,,East,32.69,2025-02-05,1389.0,2025-02-08,2025-02-08,2025-02-11,1,0
1513,2025-02-05,completed,,South,110.61,2025-02-05,1390.0,2025-02-09,2025-02-08,2025-02-11,1,0
1514,2025-02-05,completed,,South,280.79999999999995,2025-02-05,1391.0,2025-02-09,2025-02-06,2025-02-10,1,0
1515,2025-02-05,completed,,North,57.71,2025-02-05,1392.0,2025-02-08,2025-02-07,2025-02-10,1,0
1516,2025-02-05,completed,,South,84.6,2025-02-05,1393.0,2025-02-09,2025-02-07,2025-02-09,1,0
1517,2025-02-05,unknown_status,,North,489.15,2025-02-05,,,,,0,1
1518,2025-02-05,completed,,Central,42.3,2025-02-05,1394.0,2025-02-08,2025-02-07,2025-02-09,1,0
1519,2025-02-05,processing,,North,240.74,2025-02-05,1395.0,2025-02-07,2025-02-07,2025-02-11,1,0
1520,2025-02-05,completed,,South,84.6,2025-02-05,1396.0,2025-02-08,2025-02-08,2025-02-11,1,0
1521,2025-02-05,completed,,North,283.56,2025-02-05,1397.0,2025-02-08,2025-02-07,2025-02-10,1,0
1522,2025-02-05,completed,,Central,117.99,2025-02-05,1398.0,2025-02-09,2025-02-08,2025-02-12,1,0
1523,2025-02-05,completed,,East,61.39,2025-02-05,1399.0,2025-02-08,2025-02-08,2025-02-11,1,0
1524,2025-02-05,processing,,Central,115.42,2025-02-05,1400.0,2025-02-08,2025-02-06,2025-02-09,1,0
1525,2025-02-05,completed,,North,159.67,2025-02-05,1401.0,2025-02-08,2025-02-08,2025-02-10,1,0
1526,2025-02-05,completed,,Central,20.47,2025-02-05,1402.0,2025-02-09,2025-02-06,2025-02-08,1,0
1527,2025-02-05,processing,,East,124.06,2025-02-05,1403.0,2025-02-07,2025-02-07,2025-02-09,1,0
1528,2025-02-05,completed,,Central,115.42,2025-02-05,1404.0,2025-02-07,2025-02-10,2025-02-13,1,1
1529,2025-02-05,completed,,East,143.57,2025-02-05,1405.0,2025-02-08,2025-02-07,2025-02-09,1,0
1530,2025-02-05,completed,,North,163.05,2025-02-05,1406.0,2025-02-09,2025-02-08,2025-02-09,1,0
1531,2025-02-05,completed,,South,89.28999999999999,2025-02-05,1407.0,2025-02-08,2025-02-10,2025-02-12,1,1
1532,2025-02-05,completed,,East,24.61,2025-02-05,1408.0,2025-02-08,2025-02-08,2025-02-12,1,0
1533,2025-02-05,processing,,East,57.71,2025-02-05,1409.0,2025-02-07,2025-02-08,2025-02-09,1,1
1534,2025-02-05,completed,,East,283.86,2025-02-05,1410.0,2025-02-07,2025-02-08,2025-02-11,1,1
1535,2025-02-05,completed,,East,180.52,2025-02-05,1411.0,2025-02-08,2025-02-07,2025-02-11,1,0
1536,2025-02-05,completed,,East,42.3,2025-02-05,1412.0,2025-02-08,2025-02-07,2025-02-11,1,0
1537,2025-02-05,completed,,East,173.13,2025-02-05,1413.0,2025-02-08,2025-02-07,2025-02-11,1,0
1538,2025-02-05,processing,,East,376.38,2025-02-05,1414.0,2025-02-08,2025-02-07,2025-02-08,1,0
1539,2025-02-05,unknown_status,,North,78.18,2025-02-05,,,,,0,1
1540,2025-02-05,completed,,Central,53.45,2025-02-05,1415.0,2025-02-08,2025-02-10,2025-02-11,1,1
1541,2025-02-06,completed,,North,20.47,2025-02-06,1416.0,2025-02-08,2025-02-09,2025-02-13,1,1
1542,2025-02-06,completed,,North,12.22,2025-02-06,1417.0,2025-02-10,2025-02-09,2025-02-11,1,0
1543,2025-02-06,completed,,South,83.16,2025-02-06,1418.0,2025-02-08,2025-02-09,2025-02-13,1,1
1544,2025-02-06,completed,,Central,192.16000000000003,2025-02-06,1419.0,2025-02-10,2025-02-09,2025-02-13,1,0
1545,2025-02-06,completed,,Central,125.64,2025-02-06,1420.0,2025-02-09,2025-02-11,2025-02-12,1,1
1546,2025-02-06,completed,,East,491.7,2025-02-06,1421.0,2025-02-09,2025-02-09,2025-02-13,1,0
1547,2025-02-06,completed,,East,162.18,2025-02-06,1422.0,2025-02-08,2025-02-08,2025-02-12,1,0
1548,2025-02-06,completed,,North,20.47,2025-02-06,1423.0,2025-02-09,2025-02-09,2025-02-12,1,0
1549,2025-02-06,processing,,North,261.06,2025-02-06,1424.0,2025-02-09,2025-02-09,2025-02-13,1,0
1550,2025-02-06,processing,,Central,409.6,2025-02-06,1425.0,2025-02-09,2025-02-08,2025-02-11,1,0
1551,2025-02-06,completed,,East,63.16,2025-02-06,1426.0,2025-02-10,2025-02-07,2025-02-08,1,0
1552,2025-02-06,completed,,East,31.58,2025-02-06,1427.0,2025-02-08,2025-02-11,2025-02-14,1,1
1553,2025-02-06,processing,,North,398.61,2025-02-06,1428.0,2025-02-09,2025-02-08,2025-02-11,1,0
1554,2025-02-06,processing,,South,101.69,2025-02-06,1429.0,2025-02-08,2025-02-07,2025-02-11,1,0
1555,2025-02-06,cancelled,,North,57.71,2025-02-06,,,,,0,1
1556,2025-02-06,completed,,North,87.48,2025-02-06,1430.0,2025-02-09,2025-02-08,2025-02-09,1,0
1557,2025-02-06,completed,,South,49.22,2025-02-06,1431.0,2025-02-09,2025-02-09,2025-02-11,1,0
1558,2025-02-06,completed,,North,138.67000000000002,2025-02-06,1432.0,2025-02-09,2025-02-08,2025-02-10,1,0
1559,2025-02-06,completed,,Central,326.1,2025-02-06,1433.0,2025-02-08,2025-02-08,2025-02-12,1,0
1560,2025-02-06,completed,,South,152.53,2025-02-06,1434.0,2025-02-09,2025-02-07,2025-02-11,1,0
1561,2025-02-06,completed,,South,42.3,2025-02-06,1435.0,2025-02-09,2025-02-07,2025-02-08,1,0
1562,2025-02-06,completed,,South,227.70999999999998,2025-02-06,1436.0,2025-02-10,2025-02-09,2025-02-13,1,0
1563,2025-02-06,completed,,North,21.34,2025-02-06,1437.0,2025-02-09,2025-02-07,2025-02-10,1,0
1564,2025-02-06,completed,,South,21.34,2025-02-06,1438.0,2025-02-08,2025-02-11,2025-02-13,1,1
1565,2025-02-06,completed,,South,722.96,2025-02-06,1439.0,2025-02-08,2025-02-11,2025-02-12,1,1
1566,2025-02-06,completed,,Central,225.69,2025-02-06,1440.0,2025-02-10,2025-02-11,2025-02-12,1,1
1567,2025-02-06,completed,,North,173.9,2025-02-06,1441.0,2025-02-10,2025-02-09,2025-02-10,1,0
1568,2025-02-06,completed,,East,168.3,2025-02-06,1442.0,2025-02-09,2025-02-07,2025-02-11,1,0
1569,2025-02-06,completed,,South,138.45999999999998,2025-02-06,1443.0,2025-02-08,2025-02-09,2025-02-11,1,1
1570,2025-02-06,completed,,Central,21.34,2025-02-06,1444.0,2025-02-08,2025-02-09,2025-02-11,1,1
1571,2025-02-06,completed,,South,12.22,2025-02-06,1445.0,2025-02-08,,,0,1
1572,2025-02-06,completed,,East,67.9,2025-02-06,1446.0,2025-02-08,2025-02-08,2025-02-11,1,0
1573,2025-02-06,completed,,Central,138.05,2025-02-06,1447.0,2025-02-08,2025-02-11,2025-02-15,1,1
1574,2025-02-06,completed,,South,103.86000000000001,2025-02-06,1448.0,2025-02-10,2025-02-08,2025-02-11,1,0
1575,2025-02-06,completed,,Central,100.26,2025-02-06,1449.0,2025-02-08,2025-02-09,2025-02-11,1,1
1576,2025-02-06,completed,,East,249.48,2025-02-06,1450.0,2025-02-09,2025-02-08,2025-02-12,1,0
1577,2025-02-06,completed,,South,239.79999999999998,2025-02-06,1451.0,2025-02-09,2025-02-08,2025-02-11,1,0
1578,2025-02-06,completed,,South,84.15,2025-02-06,1452.0,2025-02-09,2025-02-11,2025-02-15,1,1
1579,2025-02-06,completed,,North,119.25999999999999,2025-02-06,1453.0,2025-02-09,2025-02-07,2025-02-10,1,0
1580,2025-02-06,completed,,East,114.06,2025-02-06,1454.0,2025-02-09,2025-02-08,2025-02-09,1,0
1581,2025-02-06,completed,,North,132.70999999999998,2025-02-06,1455.0,2025-02-09,2025-02-08,2025-02-12,1,0
1582,2025-02-06,completed,,North,78.32,2025-02-06,1456.0,2025-02-08,2025-02-07,2025-02-08,1,0
1583,2025-02-06,processing,,East,152.53,2025-02-06,1457.0,2025-02-09,2025-02-07,2025-02-08,1,0
1584,2025-02-06,completed,,South,84.15,2025-02-06,1458.0,2025-02-10,2025-02-07,2025-02-10,1,0
1585,2025-02-06,completed,,Central,34.71,2025-02-06,1459.0,2025-02-10,2025-02-07,2025-02-09,1,0
1586,2025-02-06,processing,,East,21.34,2025-02-06,1460.0,2025-02-10,2025-02-09,2025-02-13,1,0
1587,2025-02-07,completed,,East,138.26,2025-02-07,1461.0,2025-02-10,2025-02-09,2025-02-11,1,0
1588,2025-02-07,completed,,South,43.73,2025-02-07,1462.0,2025-02-10,2025-02-09,2025-02-10,1,0
1589,2025-02-07,completed,,Central,20.47,2025-02-07,1463.0,2025-02-10,2025-02-08,2025-02-09,1,0
1590,2025-02-07,processing,,South,163.05,2025-02-07,1464.0,2025-02-10,2025-02-08,2025-02-10,1,0
1591,2025-02-07,completed,,North,305.06,2025-02-07,1465.0,2025-02-09,2025-02-10,2025-02-11,1,1
1592,2025-02-07,cancelled,,East,42.3,2025-02-07,,,,,0,1
1593,2025-02-07,completed,,South,75.66,2025-02-07,1466.0,2025-02-10,2025-02-10,2025-02-14,1,0
1594,2025-02-07,completed,,South,304.98,2025-02-07,1467.0,2025-02-10,2025-02-10,2025-02-11,1,0
1595,2025-02-07,completed,,South,226.46999999999997,2025-02-07,1468.0,2025-02-09,2025-02-14,2025-02-15,1,1
1596,2025-02-07,completed,,Central,83.16,2025-02-07,1469.0,2025-02-11,2025-02-10,2025-02-14,1,0
1597,2025-02-07,processing,,South,78.32,2025-02-07,1470.0,2025-02-10,2025-02-12,2025-02-16,1,1
1598,2025-02-07,completed,,East,61.39,2025-02-07,1471.0,2025-02-09,2025-02-09,2025-02-12,1,0
1599,2025-02-07,completed,,North,55.18,2025-02-07,1472.0,2025-02-10,2025-02-10,2025-02-13,1,0
1600,2025-02-07,completed,,East,83.16,2025-02-07,1473.0,2025-02-09,2025-02-09,2025-02-10,1,0
1601,2025-02-07,completed,,Central,53.45,2025-02-07,1474.0,2025-02-10,2025-02-12,2025-02-14,1,1
1602,2025-02-07,completed,,South,59.69,2025-02-07,1475.0,2025-02-09,2025-02-08,2025-02-11,1,0
1603,2025-02-07,cancelled,,South,178.12,2025-02-07,,,,,0,1
1604,2025-02-07,processing,,Central,24.61,2025-02-07,1476.0,2025-02-09,2025-02-12,2025-02-15,1,1
1605,2025-02-07,refunded,,Central,589.6,2025-02-07,,,,,0,1
1606,2025-02-07,completed,,Central,43.73,2025-02-07,1477.0,2025-02-10,2025-02-08,2025-02-09,1,0
1607,2025-02-07,completed,,South,43.73,2025-02-07,1478.0,2025-02-11,2025-02-12,2025-02-14,1,1
1608,2025-02-07,completed,,East,21.34,2025-02-07,1479.0,2025-02-11,2025-02-10,2025-02-14,1,0
1609,2025-02-07,refunded,,South,171.44,2025-02-07,,,,,0,1
1610,2025-02-07,completed,,North,61.39,2025-02-07,1480.0,2025-02-10,2025-02-09,2025-02-13,1,0
1611,2025-02-07,refunded,,North,168.3,2025-02-07,,,,,0,1
1612,2025-02-07,completed,,Central,168.56,2025-02-07,1481.0,2025-02-10,2025-02-10,2025-02-14,1,0
1613,2025-02-07,completed,,North,152.53,2025-02-07,1482.0,2025-02-10,2025-02-10,2025-02-11,1,0
1614,2025-02-07,processing,,Central,135.4,2025-02-07,1483.0,2025-02-09,2025-02-08,2025-02-10,1,0
1615,2025-02-07,completed,,South,24.61,2025-02-07,1484.0,2025-02-10,2025-02-09,2025-02-12,1,0
1616,2025-02-07,cancelled,,East,380.5,2025-02-07,,,,,0,1
1617,2025-02-07,completed,,Central,34.71,2025-02-07,1485.0,2025-02-10,2025-02-09,2025-02-13,1,0
1618,2025-02-07,completed,,East,173.9,2025-02-07,1486.0,2025-02-11,2025-02-10,2025-02-13,1,0
1619,2025-02-07,completed,,East,12.22,2025-02-07,1487.0,2025-02-11,2025-02-08,2025-02-11,1,0
1620,2025-02-07,completed,,Central,414.71000000000004,2025-02-07,1488.0,2025-02-10,2025-02-10,2025-02-11,1,0
1621,2025-02-07,completed,,South,83.16,2025-02-07,1489.0,2025-02-11,2025-02-10,2025-02-14,1,0
1622,2025-02-07,completed,,South,173.9,2025-02-07,1490.0,2025-02-10,2025-02-10,2025-02-12,1,0
1623,2025-02-08,cancelled,,Central,63.16,2025-02-08,,,,,0,1
1624,2025-02-08,processing,,North,20.47,2025-02-08,1491.0,2025-02-12,2025-02-10,2025-02-12,1,0
1625,2025-02-08,cancelled,,East,83.16,2025-02-08,,,,,0,1
1626,2025-02-08,completed,,Central,37.74,2025-02-08,1492.0,2025-02-11,2025-02-13,2025-02-16,1,1
1627,2025-02-08,completed,,East,107.97,2025-02-08,1493.0,2025-02-11,2025-02-10,2025-02-12,1,0
1628,2025-02-08,completed,,South,20.47,2025-02-08,1494.0,2025-02-11,2025-02-10,2025-02-12,1,0
1629,2025-02-08,completed,,Central,115.23,2025-02-08,1495.0,2025-02-11,2025-02-10,2025-02-14,1,0
1630,2025-02-08,completed,,East,173.9,2025-02-08,1496.0,2025-02-11,2025-02-10,2025-02-13,1,0
1631,2025-02-08,completed,,East,173.9,2025-02-08,1497.0,2025-02-11,2025-02-10,2025-02-11,1,0
1632,2025-02-08,processing,,East,100.34,2025-02-08,1498.0,2025-02-11,2025-02-10,2025-02-13,1,0
1633,2025-02-08,cancelled,,South,320.12,2025-02-08,,,,,0,1
1634,2025-02-08,completed,,East,45.08,2025-02-08,1499.0,2025-02-10,2025-02-13,2025-02-17,1,1
1635,2025-02-08,refunded,,South,53.45,2025-02-08,,,,,0,1
1636,2025-02-08,refunded,,North,231.61,2025-02-08,,,,,0,1
1637,2025-02-08,processing,,Central,87.27,2025-02-08,1500.0,2025-02-11,2025-02-10,2025-02-12,1,0
1638,2025-02-08,processing,,South,81.08,2025-02-08,1501.0,2025-02-12,2025-02-11,2025-02-14,1,0
1639,2025-02-08,completed,,East,24.61,2025-02-08,1502.0,2025-02-12,2025-02-11,2025-02-12,1,0
1640,2025-02-08,completed,,Central,271.4,2025-02-08,1503.0,2025-02-10,2025-02-10,2025-02-14,1,0
1641,2025-02-08,completed,,Central,42.3,2025-02-08,1504.0,2025-02-11,2025-02-11,2025-02-13,1,0
1642,2025-02-08,processing,,Central,207.39,2025-02-08,1505.0,2025-02-10,,,0,1
1643,2025-02-08,completed,,North,78.32,2025-02-08,1506.0,2025-02-11,2025-02-10,2025-02-14,1,0
1644,2025-02-08,completed,,South,138.48000000000002,2025-02-08,1507.0,2025-02-11,2025-02-10,2025-02-13,1,0
1645,2025-02-08,completed,,North,283.86,2025-02-08,1508.0,2025-02-11,2025-02-09,2025-02-11,1,0
1646,2025-02-08,completed,,East,69.13,2025-02-08,1509.0,2025-02-11,2025-02-09,2025-02-11,1,0
1647,2025-02-08,completed,,Central,118.35,2025-02-08,1510.0,2025-02-11,2025-02-13,2025-02-14,1,1
1648,2025-02-08,completed,,South,187.21,2025-02-08,1511.0,2025-02-11,2025-02-11,2025-02-14,1,0
1649,2025-02-08,completed,,Central,171.28,2025-02-08,1512.0,2025-02-11,2025-02-13,2025-02-16,1,1
1650,2025-02-08,completed,,North,124.26,2025-02-08,1513.0,2025-02-10,2025-02-10,2025-02-11,1,0
1651,2025-02-08,completed,,South,163.05,2025-02-08,1514.0,2025-02-11,2025-02-11,2025-02-12,1,0
1652,2025-02-08,cancelled,,South,281.01,2025-02-08,,,,,0,1
1653,2025-02-08,completed,,North,117.99,2025-02-08,1515.0,2025-02-12,2025-02-11,2025-02-12,1,0
1654,2025-02-08,completed,,East,96.13,2025-02-08,1516.0,2025-02-10,2025-02-11,2025-02-13,1,1
1655,2025-02-08,completed,,Central,311.28999999999996,2025-02-08,1517.0,2025-02-11,2025-02-13,2025-02-15,1,1
1656,2025-02-08,completed,,South,332.67,2025-02-08,1518.0,2025-02-11,2025-02-13,2025-02-17,1,1
1657,2025-02-08,refunded,,South,210.52,2025-02-08,,,,,0,1
1658,2025-02-08,completed,,South,34.71,2025-02-08,1519.0,2025-02-11,,,0,1
1659,2025-02-08,completed,,East,24.61,2025-02-08,1520.0,2025-02-12,2025-02-09,2025-02-11,1,0
1660,2025-02-08,cancelled,,South,119.38,2025-02-08,,,,,0,1
1661,2025-02-08,unknown_status,,North,133.7,2025-02-08,,,,,0,1
1662,2025-02-08,processing,,South,335.61,2025-02-08,1521.0,2025-02-12,2025-02-15,2025-02-17,1,1
1663,2025-02-08,completed,,South,210.52,2025-02-08,1522.0,2025-02-10,2025-02-11,2025-02-14,1,1
1664,2025-02-08,completed,,South,82.73,2025-02-08,1523.0,2025-02-11,2025-02-13,2025-02-16,1,1
1665,2025-02-08,cancelled,,Central,346.01,2025-02-08,,,,,0,1
1666,2025-02-08,completed,,Central,163.05,2025-02-08,1524.0,2025-02-10,2025-02-10,2025-02-12,1,0
1667,2025-02-08,completed,,North,57.71,2025-02-08,1525.0,2025-02-11,2025-02-13,2025-02-15,1,1
1668,2025-02-08,completed,,Central,21.34,2025-02-08,1526.0,2025-02-11,2025-02-09,2025-02-10,1,0
1669,2025-02-08,completed,,South,319.93,2025-02-08,1527.0,2025-02-12,2025-02-09,2025-02-12,1,0
1670,2025-02-08,completed,,North,186.03,2025-02-08,1528.0,2025-02-10,2025-02-15,2025-02-17,1,1
1671,2025-02-08,completed,,South,190.06,2025-02-08,1529.0,2025-02-12,2025-02-11,2025-02-13,1,0
1672,2025-02-09,completed,,Central,152.53,2025-02-09,1530.0,2025-02-11,2025-02-12,2025-02-15,1,1
1673,2025-02-09,cancelled,,East,163.05,2025-02-09,,,,,0,1
1674,2025-02-09,completed,,East,217.34,2025-02-09,1531.0,2025-02-11,2025-02-14,2025-02-18,1,1
1675,2025-02-09,completed,,Central,152.53,2025-02-09,1532.0,2025-02-13,2025-02-11,2025-02-13,1,0
1676,2025-02-09,completed,,East,235.98,2025-02-09,1533.0,2025-02-13,2025-02-12,2025-02-16,1,0
1677,2025-02-09,processing,,East,84.15,2025-02-09,1534.0,2025-02-13,2025-02-11,2025-02-14,1,0
1678,2025-02-09,completed,,North,31.58,2025-02-09,1535.0,2025-02-11,2025-02-12,2025-02-15,1,1
1679,2025-02-09,completed,,Central,202.48,2025-02-09,1536.0,2025-02-13,2025-02-10,2025-02-14,1,0
1680,2025-02-09,processing,,North,163.05,2025-02-09,1537.0,2025-02-12,2025-02-12,2025-02-15,1,0
1681,2025-02-09,completed,,East,152.53,2025-02-09,1538.0,2025-02-12,2025-02-11,2025-02-15,1,0
1682,2025-02-09,completed,,South,166.32,2025-02-09,1539.0,2025-02-13,2025-02-14,2025-02-16,1,1
1683,2025-02-09,processing,,North,122.58,2025-02-09,1540.0,2025-02-11,2025-02-12,2025-02-16,1,1
1684,2025-02-09,completed,,Central,157.65,2025-02-09,1541.0,2025-02-12,2025-02-11,2025-02-15,1,0
1685,2025-02-09,completed,,South,273.85,2025-02-09,1542.0,2025-02-12,2025-02-11,2025-02-12,1,0
1686,2025-02-09,completed,,East,305.06,2025-02-09,1543.0,2025-02-12,2025-02-12,2025-02-13,1,0
1687,2025-02-09,completed,,North,20.47,2025-02-09,1544.0,2025-02-12,2025-02-12,2025-02-14,1,0
1688,2025-02-09,completed,,East,171.28,2025-02-09,1545.0,2025-02-12,2025-02-12,2025-02-14,1,0
1689,2025-02-09,completed,,South,201.54,2025-02-09,1546.0,2025-02-12,2025-02-11,2025-02-12,1,0
1690,2025-02-09,completed,,South,141.93,2025-02-09,1547.0,2025-02-11,2025-02-14,2025-02-16,1,1
1691,2025-02-09,completed,,Central,320.70000000000005,2025-02-09,1548.0,2025-02-11,2025-02-12,2025-02-15,1,1
1692,2025-02-09,processing,,Central,41.05,2025-02-09,1549.0,2025-02-13,2025-02-11,2025-02-12,1,0
1693,2025-02-09,completed,,South,65.08,2025-02-09,1550.0,2025-02-12,2025-02-14,2025-02-16,1,1
1694,2025-02-09,refunded,,Central,326.1,2025-02-09,,,,,0,1
1695,2025-02-09,completed,,East,287.51,2025-02-09,1551.0,2025-02-12,2025-02-10,2025-02-12,1,0
1696,2025-02-09,completed,,South,24.61,2025-02-09,1552.0,2025-02-11,2025-02-12,2025-02-15,1,1
1697,2025-02-09,refunded,,Central,124.26,2025-02-09,,,,,0,1
1698,2025-02-09,completed,,Central,37.74,2025-02-09,1553.0,2025-02-12,2025-02-11,2025-02-13,1,0
1699,2025-02-09,completed,,North,57.71,2025-02-09,1554.0,2025-02-11,2025-02-12,2025-02-16,1,1
1700,2025-02-09,completed,,South,78.32,2025-02-09,1555.0,2025-02-12,2025-02-14,2025-02-17,1,1
1701,2025-02-09,refunded,,Central,139.70999999999998,2025-02-09,,,,,0,1
1702,2025-02-09,completed,,North,202.57999999999998,2025-02-09,1556.0,2025-02-12,2025-02-12,2025-02-16,1,0
1703,2025-02-09,completed,,East,166.32,2025-02-09,1557.0,2025-02-11,2025-02-14,2025-02-15,1,1
1704,2025-02-09,completed,,South,72.47,2025-02-09,1558.0,2025-02-11,2025-02-12,2025-02-15,1,1
1705,2025-02-09,completed,,Central,249.48,2025-02-09,1559.0,2025-02-12,2025-02-16,2025-02-20,1,1
1706,2025-02-09,completed,,East,34.71,2025-02-09,1560.0,2025-02-13,2025-02-11,2025-02-12,1,0
1707,2025-02-09,completed,,Central,695.6400000000001,2025-02-09,1561.0,2025-02-12,2025-02-11,2025-02-15,1,0
1708,2025-02-09,completed,,South,49.22,2025-02-09,1562.0,2025-02-12,2025-02-11,2025-02-13,1,0
1709,2025-02-09,completed,,East,127.37,2025-02-09,1563.0,2025-02-13,2025-02-14,2025-02-16,1,1
1710,2025-02-09,completed,,South,138.05,2025-02-09,1564.0,2025-02-12,2025-02-14,2025-02-15,1,1
1711,2025-02-09,cancelled,,East,222.56,2025-02-09,,,,,0,1
1712,2025-02-09,completed,,Central,138.26,2025-02-09,1565.0,2025-02-12,2025-02-11,2025-02-12,1,0
1713,2025-02-09,completed,,South,24.61,2025-02-09,1566.0,2025-02-12,2025-02-16,2025-02-17,1,1
1714,2025-02-09,completed,,Central,78.32,2025-02-09,1567.0,2025-02-12,2025-02-12,2025-02-16,1,0
1715,2025-02-09,completed,,South,87.48,2025-02-09,1568.0,2025-02-13,2025-02-11,2025-02-14,1,0
1716,2025-02-09,completed,,Central,124.26,2025-02-09,1569.0,2025-02-12,,,0,1
1717,2025-02-09,completed,,East,124.26,2025-02-09,1570.0,2025-02-12,,,0,1
1718,2025-02-09,completed,,North,364.3,2025-02-09,1571.0,2025-02-13,2025-02-10,2025-02-11,1,0
1719,2025-02-09,completed,,South,336.95000000000005,2025-02-09,1572.0,2025-02-11,2025-02-11,2025-02-14,1,0
1720,2025-02-09,completed,,North,93.74,2025-02-09,1573.0,2025-02-13,2025-02-14,2025-02-18,1,1
1721,2025-02-09,completed,,North,152.53,2025-02-09,1574.0,2025-02-12,2025-02-12,2025-02-14,1,0
1722,2025-02-09,completed,,North,49.22,2025-02-09,1575.0,2025-02-11,2025-02-11,2025-02-13,1,0
1723,2025-02-10,completed,1.0,East,60.83,2025-02-10,1576.0,2025-02-12,2025-02-12,2025-02-15,1,0
1724,2025-02-10,completed,1.0,South,38.49,2025-02-10,1577.0,2025-02-12,2025-02-12,2025-02-14,1,0
1725,2025-02-10,processing,1.0,North,10.75,2025-02-10,1578.0,2025-02-13,2025-02-11,2025-02-13,1,0
1726,2025-02-10,completed,1.0,South,134.23,2025-02-10,1579.0,2025-02-14,2025-02-11,2025-02-12,1,0
1727,2025-02-10,processing,1.0,South,121.48,2025-02-10,1580.0,2025-02-13,2025-02-13,2025-02-17,1,0
1728,2025-02-10,completed,1.0,North,84.35,2025-02-10,1581.0,2025-02-12,2025-02-13,2025-02-15,1,1
1729,2025-02-10,completed,1.0,South,121.48,2025-02-10,1582.0,2025-02-13,2025-02-13,2025-02-17,1,0
1730,2025-02-10,cancelled,1.0,South,73.18,2025-02-10,,,,,0,1
1731,2025-02-10,completed,1.0,East,221.54,2025-02-10,1583.0,2025-02-13,2025-02-12,2025-02-15,1,0
1732,2025-02-10,completed,1.0,East,143.48,2025-02-10,1584.0,2025-02-14,2025-02-12,2025-02-16,1,0
1733,2025-02-10,completed,1.0,South,18.78,2025-02-10,1585.0,2025-02-12,,,0,1
1734,2025-02-10,processing,1.0,Central,50.78,2025-02-10,1586.0,2025-02-14,2025-02-12,2025-02-14,1,0
1735,2025-02-10,completed,1.0,North,46.57,2025-02-10,1587.0,2025-02-13,2025-02-12,2025-02-13,1,0
1736,2025-02-10,processing,1.0,North,148.1,2025-02-10,1588.0,2025-02-14,2025-02-12,2025-02-13,1,0
1737,2025-02-10,completed,1.0,South,38.48,2025-02-10,1589.0,2025-02-12,2025-02-12,2025-02-14,1,0
1738,2025-02-10,completed,1.0,North,286.96,2025-02-10,1590.0,2025-02-13,2025-02-13,2025-02-14,1,0
1739,2025-02-10,completed,1.0,North,54.02,2025-02-10,1591.0,2025-02-12,2025-02-12,2025-02-14,1,0
1740,2025-02-10,completed,1.0,North,545.92,2025-02-10,1592.0,2025-02-14,2025-02-11,2025-02-13,1,0
1741,2025-02-10,completed,1.0,Central,150.94,2025-02-10,1593.0,2025-02-12,2025-02-13,2025-02-17,1,1
1742,2025-02-10,completed,1.0,Central,127.20000000000002,2025-02-10,1594.0,2025-02-13,2025-02-15,2025-02-17,1,1
1743,2025-02-10,completed,1.0,South,207.66,2025-02-10,1595.0,2025-02-13,2025-02-11,2025-02-13,1,0
1744,2025-02-10,completed,1.0,East,18.01,2025-02-10,1596.0,2025-02-13,2025-02-11,2025-02-13,1,0
1745,2025-02-10,cancelled,1.0,South,356.36,2025-02-10,,,,,0,1
1746,2025-02-10,unknown_status,1.0,East,17.34,2025-02-10,,,,,0,1
1747,2025-02-10,completed,1.0,East,17.34,2025-02-10,1597.0,2025-02-13,2025-02-13,2025-02-16,1,0
1748,2025-02-10,completed,1.0,East,178.18,2025-02-10,1598.0,2025-02-13,2025-02-12,2025-02-16,1,0
1749,2025-02-10,refunded,1.0,South,74.05,2025-02-10,,,,,0,1
1750,2025-02-10,completed,1.0,South,176.46,2025-02-10,1599.0,2025-02-13,2025-02-13,2025-02-14,1,0
1751,2025-02-10,completed,1.0,North,18.01,2025-02-10,1600.0,2025-02-13,2025-02-13,2025-02-17,1,0
1752,2025-02-10,completed,1.0,East,595.67,2025-02-10,1601.0,2025-02-14,2025-02-11,2025-02-15,1,0
1753,2025-02-10,completed,1.0,Central,279.58000000000004,2025-02-10,1602.0,2025-02-14,2025-02-13,2025-02-14,1,0
1754,2025-02-10,completed,1.0,Central,178.18,2025-02-10,1603.0,2025-02-13,2025-02-13,2025-02-15,1,0
1755,2025-02-10,completed,1.0,Central,60.83,2025-02-10,1604.0,2025-02-13,2025-02-15,2025-02-19,1,1
1756,2025-02-10,completed,1.0,Central,74.05,2025-02-10,1605.0,2025-02-13,2025-02-13,2025-02-17,1,0
1757,2025-02-10,completed,1.0,South,88.23,2025-02-10,1606.0,2025-02-13,2025-02-12,2025-02-13,1,0
1758,2025-02-10,completed,1.0,South,81.41,2025-02-10,1607.0,2025-02-13,2025-02-11,2025-02-15,1,0
1759,2025-02-10,completed,1.0,North,202.8,2025-02-10,1608.0,2025-02-12,2025-02-12,2025-02-16,1,0
1760,2025-02-10,completed,1.0,South,120.94,2025-02-10,1609.0,2025-02-13,2025-02-13,2025-02-14,1,0
1761,2025-02-10,completed,1.0,North,138.73,2025-02-10,1610.0,2025-02-14,2025-02-13,2025-02-17,1,0
1762,2025-02-10,completed,1.0,Central,202.96,2025-02-10,1611.0,2025-02-13,2025-02-12,2025-02-14,1,0
1763,2025-02-10,completed,1.0,Central,74.05,2025-02-10,1612.0,2025-02-13,,,0,1
1764,2025-02-10,cancelled,1.0,East,56.34,2025-02-10,,,,,0,1
1765,2025-02-10,completed,1.0,South,534.54,2025-02-10,1613.0,2025-02-12,2025-02-13,2025-02-16,1,1
1766,2025-02-10,completed,1.0,South,94.03999999999999,2025-02-10,1614.0,2025-02-12,2025-02-15,2025-02-18,1,1
1767,2025-02-10,completed,1.0,South,146.36,2025-02-10,1615.0,2025-02-14,2025-02-12,2025-02-13,1,0
1768,2025-02-10,completed,1.0,Central,286.96,2025-02-10,1616.0,2025-02-13,2025-02-12,2025-02-16,1,0
1769,2025-02-10,completed,1.0,East,121.48,2025-02-10,1617.0,2025-02-12,,,0,1
1770,2025-02-10,completed,1.0,South,111.66,2025-02-10,1618.0,2025-02-13,2025-02-11,2025-02-14,1,0
1771,2025-02-10,completed,1.0,South,52.53,2025-02-10,1619.0,2025-02-13,2025-02-11,2025-02-15,1,0
1772,2025-02-10,completed,1.0,South,162.39,2025-02-10,1620.0,2025-02-13,2025-02-12,2025-02-15,1,0
1773,2025-02-10,completed,1.0,North,119.92,2025-02-10,1621.0,2025-02-12,,,0,1
1774,2025-02-11,unknown_status,1.0,North,54.02,2025-02-11,,,,,0,1
1775,2025-02-11,completed,1.0,Central,101.4,2025-02-11,1622.0,2025-02-15,2025-02-16,2025-02-20,1,1
1776,2025-02-11,completed,1.0,Central,134.23,2025-02-11,1623.0,2025-02-13,2025-02-13,2025-02-16,1,0
1777,2025-02-11,completed,1.0,North,832.4399999999999,2025-02-11,1624.0,2025-02-14,2025-02-13,2025-02-15,1,0
1778,2025-02-11,completed,1.0,North,54.02,2025-02-11,1625.0,2025-02-14,2025-02-16,2025-02-17,1,1
1779,2025-02-11,processing,1.0,North,219.54,2025-02-11,1626.0,2025-02-14,2025-02-16,2025-02-17,1,1
1780,2025-02-11,completed,1.0,North,30.54,2025-02-11,1627.0,2025-02-13,2025-02-14,2025-02-16,1,1
1781,2025-02-11,completed,1.0,North,50.78,2025-02-11,1628.0,2025-02-13,2025-02-14,2025-02-17,1,1
1782,2025-02-11,completed,1.0,Central,138.73,2025-02-11,1629.0,2025-02-13,2025-02-13,2025-02-17,1,0
1783,2025-02-11,completed,1.0,South,110.77,2025-02-11,1630.0,2025-02-15,2025-02-12,2025-02-13,1,0
1784,2025-02-11,completed,1.0,North,175.31,2025-02-11,1631.0,2025-02-14,2025-02-13,2025-02-15,1,0
1785,2025-02-11,cancelled,1.0,South,175.86,2025-02-11,,,,,0,1
1786,2025-02-11,completed,1.0,East,327.0,2025-02-11,1632.0,2025-02-13,2025-02-18,2025-02-19,1,1
1787,2025-02-11,completed,1.0,South,115.94,2025-02-11,1633.0,2025-02-15,2025-02-14,2025-02-16,1,0
1788,2025-02-11,completed,1.0,North,352.24,2025-02-11,1634.0,2025-02-15,2025-02-14,2025-02-15,1,0
1789,2025-02-11,completed,1.0,South,73.18,2025-02-11,1635.0,2025-02-13,2025-02-16,2025-02-18,1,1
1790,2025-02-11,completed,1.0,North,155.24,2025-02-11,1636.0,2025-02-13,2025-02-13,2025-02-17,1,0
1791,2025-02-11,completed,1.0,South,21.72,2025-02-11,1637.0,2025-02-13,2025-02-14,2025-02-16,1,1
1792,2025-02-11,completed,1.0,Central,110.77,2025-02-11,1638.0,2025-02-13,2025-02-13,2025-02-15,1,0
1793,2025-02-11,completed,1.0,East,54.02,2025-02-11,1639.0,2025-02-15,2025-02-14,2025-02-15,1,0
1794,2025-02-11,completed,1.0,North,77.62,2025-02-11,1640.0,2025-02-14,2025-02-12,2025-02-13,1,0
1795,2025-02-11,completed,1.0,Central,361.65,2025-02-11,1641.0,2025-02-13,2025-02-12,2025-02-15,1,0
1796,2025-02-11,completed,1.0,East,74.05,2025-02-11,1642.0,2025-02-15,2025-02-12,2025-02-13,1,0
1797,2025-02-11,completed,1.0,North,207.41,2025-02-11,1643.0,2025-02-14,2025-02-13,2025-02-15,1,0
1798,2025-02-11,refunded,1.0,North,37.56,2025-02-11,,,,,0,1
1799,2025-02-11,completed,1.0,East,29.53,2025-02-11,1644.0,2025-02-14,2025-02-13,2025-02-15,1,0
1800,2025-02-11,completed,1.0,Central,138.73,2025-02-11,1645.0,2025-02-15,2025-02-13,2025-02-16,1,0
1801,2025-02-11,completed,1.0,Central,103.72,2025-02-11,1646.0,2025-02-14,2025-02-16,2025-02-19,1,1
1802,2025-02-11,completed,1.0,East,50.78,2025-02-11,1647.0,2025-02-13,2025-02-13,2025-02-16,1,0
1803,2025-02-11,completed,1.0,South,33.21,2025-02-11,1648.0,2025-02-14,,,0,1
1804,2025-02-11,processing,1.0,North,77.62,2025-02-11,1649.0,2025-02-14,2025-02-13,2025-02-16,1,0
1805,2025-02-11,completed,1.0,South,71.58,2025-02-11,1650.0,2025-02-14,2025-02-13,2025-02-15,1,0
1806,2025-02-11,completed,1.0,East,356.36,2025-02-11,1651.0,2025-02-14,2025-02-12,2025-02-15,1,0
1807,2025-02-11,completed,1.0,Central,150.73,2025-02-11,1652.0,2025-02-15,2025-02-12,2025-02-15,1,0
1808,2025-02-11,completed,1.0,South,47.04,2025-02-11,1653.0,2025-02-13,2025-02-16,2025-02-20,1,1
1809,2025-02-11,processing,1.0,North,18.01,2025-02-11,1654.0,2025-02-15,2025-02-13,2025-02-17,1,0
1810,2025-02-11,completed,1.0,Central,47.04,2025-02-11,1655.0,2025-02-15,2025-02-12,2025-02-14,1,0
1811,2025-02-11,completed,1.0,Central,178.18,2025-02-11,1656.0,2025-02-14,2025-02-13,2025-02-14,1,0
1812,2025-02-11,refunded,1.0,Central,134.23,2025-02-11,,,,,0,1
1813,2025-02-11,completed,1.0,North,30.54,2025-02-11,1657.0,2025-02-14,2025-02-13,2025-02-17,1,0
1814,2025-02-11,refunded,1.0,East,18.01,2025-02-11,,,,,0,1
1815,2025-02-11,completed,1.0,East,180.42000000000002,2025-02-11,1658.0,2025-02-13,2025-02-12,2025-02-13,1,0
1816,2025-02-11,completed,1.0,North,138.73,2025-02-11,1659.0,2025-02-14,2025-02-16,2025-02-20,1,1
1817,2025-02-11,completed,1.0,North,379.24,2025-02-11,1660.0,2025-02-14,2025-02-13,2025-02-16,1,0
1818,2025-02-11,completed,1.0,Central,91.56,2025-02-11,1661.0,2025-02-14,2025-02-12,2025-02-13,1,0
1819,2025-02-11,completed,1.0,East,27.79,2025-02-11,1662.0,2025-02-14,2025-02-13,2025-02-16,1,0
1820,2025-02-11,completed,1.0,South,552.55,2025-02-11,1663.0,2025-02-13,2025-02-13,2025-02-17,1,0
1821,2025-02-11,cancelled,1.0,South,146.36,2025-02-11,,,,,0,1
1822,2025-02-11,completed,1.0,Central,228.98,2025-02-11,1664.0,2025-02-14,,,0,1
1823,2025-02-11,completed,1.0,Central,37.22,2025-02-11,1665.0,2025-02-13,2025-02-13,2025-02-15,1,0
1824,2025-02-11,completed,1.0,Central,189.51,2025-02-11,1666.0,2025-02-14,2025-02-13,2025-02-15,1,0
1825,2025-02-11,unknown_status,1.0,South,18.01,2025-02-11,,,,,0,1
1826,2025-02-11,completed,1.0,South,54.02,2025-02-11,1667.0,2025-02-14,2025-02-16,2025-02-19,1,1
1827,2025-02-11,cancelled,1.0,East,121.48,2025-02-11,,,,,0,1
1828,2025-02-11,completed,1.0,Central,244.88,2025-02-11,1668.0,2025-02-15,2025-02-13,2025-02-14,1,0
1829,2025-02-11,processing,1.0,South,336.34999999999997,2025-02-11,1669.0,2025-02-13,2025-02-13,2025-02-14,1,0
1830,2025-02-11,completed,1.0,North,73.18,2025-02-11,1670.0,2025-02-15,2025-02-16,2025-02-18,1,1
1831,2025-02-11,completed,1.0,Central,38.49,2025-02-11,1671.0,2025-02-14,2025-02-13,2025-02-15,1,0
1832,2025-02-11,completed,1.0,Central,268.46,2025-02-11,1672.0,2025-02-14,2025-02-16,2025-02-18,1,1
1833,2025-02-12,completed,1.0,South,33.21,2025-02-12,1673.0,2025-02-14,2025-02-14,2025-02-18,1,0
1834,2025-02-12,completed,1.0,East,134.23,2025-02-12,1674.0,2025-02-15,2025-02-14,2025-02-16,1,0
1835,2025-02-12,processing,1.0,North,47.04,2025-02-12,1675.0,2025-02-14,2025-02-14,2025-02-18,1,0
1836,2025-02-12,processing,1.0,East,360.08,2025-02-12,1676.0,2025-02-15,2025-02-14,2025-02-18,1,0
1837,2025-02-12,completed,1.0,North,43.6,2025-02-12,1677.0,2025-02-16,2025-02-14,2025-02-18,1,0
1838,2025-02-12,cancelled,1.0,North,50.78,2025-02-12,,,,,0,1
1839,2025-02-12,completed,1.0,South,317.01,2025-02-12,1678.0,2025-02-14,2025-02-17,2025-02-18,1,1
1840,2025-02-12,completed,1.0,South,47.04,2025-02-12,1679.0,2025-02-15,2025-02-14,2025-02-18,1,0
1841,2025-02-12,processing,1.0,Central,27.79,2025-02-12,1680.0,2025-02-14,2025-02-14,2025-02-16,1,0
1842,2025-02-12,completed,1.0,North,58.879999999999995,2025-02-12,1681.0,2025-02-15,,,0,1
1843,2025-02-12,completed,1.0,North,178.18,2025-02-12,1682.0,2025-02-15,2025-02-13,2025-02-15,1,0
1844,2025-02-12,completed,1.0,North,103.25,2025-02-12,1683.0,2025-02-16,2025-02-13,2025-02-14,1,0
1845,2025-02-12,cancelled,1.0,East,38.49,2025-02-12,,,,,0,1
1846,2025-02-12,completed,1.0,East,74.05,2025-02-12,1684.0,2025-02-14,2025-02-13,2025-02-17,1,0
1847,2025-02-12,completed,1.0,Central,268.58000000000004,2025-02-12,1685.0,2025-02-15,2025-02-14,2025-02-18,1,0
1848,2025-02-12,completed,1.0,North,68.92,2025-02-12,1686.0,2025-02-16,2025-02-14,2025-02-17,1,0
1849,2025-02-12,completed,1.0,Central,71.35,2025-02-12,1687.0,2025-02-15,2025-02-15,2025-02-16,1,0
1850,2025-02-12,processing,1.0,South,101.56,2025-02-12,1688.0,2025-02-15,2025-02-15,2025-02-17,1,0
1851,2025-02-12,cancelled,1.0,North,124.9,2025-02-12,,,,,0,1
1852,2025-02-12,cancelled,1.0,East,107.62,2025-02-12,,,,,0,1
1853,2025-02-12,completed,1.0,North,77.62,2025-02-12,1689.0,2025-02-15,2025-02-13,2025-02-15,1,0
1854,2025-02-12,completed,1.0,Central,162.09,2025-02-12,1690.0,2025-02-15,2025-02-14,2025-02-18,1,0
1855,2025-02-12,completed,1.0,Central,21.72,2025-02-12,1691.0,2025-02-14,2025-02-17,2025-02-19,1,1
1856,2025-02-12,completed,1.0,East,10.75,2025-02-12,1692.0,2025-02-14,2025-02-14,2025-02-17,1,0
1857,2025-02-12,completed,1.0,North,64.98,2025-02-12,1693.0,2025-02-15,2025-02-15,2025-02-18,1,0
1858,2025-02-12,processing,1.0,East,121.48,2025-02-12,1694.0,2025-02-14,2025-02-15,2025-02-17,1,1
1859,2025-02-12,unknown_status,1.0,North,38.49,2025-02-12,,,,,0,1
1860,2025-02-12,completed,1.0,North,283.77,2025-02-12,1695.0,2025-02-14,2025-02-14,2025-02-15,1,0
1861,2025-02-12,completed,1.0,East,121.48,2025-02-12,1696.0,2025-02-14,2025-02-14,2025-02-16,1,0
1862,2025-02-12,completed,1.0,Central,252.23000000000002,2025-02-12,1697.0,2025-02-14,2025-02-15,2025-02-18,1,1
1863,2025-02-12,completed,1.0,South,43.6,2025-02-12,1698.0,2025-02-15,2025-02-15,2025-02-16,1,0
1864,2025-02-12,completed,1.0,East,60.83,2025-02-12,1699.0,2025-02-15,2025-02-13,2025-02-16,1,0
1865,2025-02-12,completed,1.0,South,54.02,2025-02-12,1700.0,2025-02-14,2025-02-17,2025-02-18,1,1
1866,2025-02-12,completed,1.0,East,192.75,2025-02-12,1701.0,2025-02-14,,,0,1
1867,2025-02-12,processing,1.0,South,124.9,2025-02-12,1702.0,2025-02-15,2025-02-14,2025-02-18,1,0
1868,2025-02-12,completed,1.0,South,52.02,2025-02-12,1703.0,2025-02-14,2025-02-17,2025-02-21,1,1
1869,2025-02-12,completed,1.0,Central,10.75,2025-02-12,1704.0,2025-02-15,2025-02-19,2025-02-23,1,1
1870,2025-02-12,completed,1.0,North,93.61,2025-02-12,1705.0,2025-02-15,2025-02-19,2025-02-22,1,1
1871,2025-02-12,completed,1.0,South,88.23,2025-02-12,1706.0,2025-02-14,2025-02-15,2025-02-16,1,1
1872,2025-02-12,completed,1.0,East,243.57999999999998,2025-02-12,1707.0,2025-02-14,2025-02-15,2025-02-18,1,1
1873,2025-02-12,processing,1.0,North,98.75,2025-02-12,1708.0,2025-02-15,2025-02-13,2025-02-16,1,0
1874,2025-02-12,completed,1.0,East,133.36,2025-02-12,1709.0,2025-02-14,2025-02-15,2025-02-16,1,1
1875,2025-02-12,completed,1.0,East,74.05,2025-02-12,1710.0,2025-02-15,2025-02-14,2025-02-15,1,0
1876,2025-02-12,completed,1.0,North,348.44,2025-02-12,1711.0,2025-02-16,2025-02-14,2025-02-17,1,0
1877,2025-02-12,unknown_status,1.0,Central,242.96,2025-02-12,,,,,0,1
1878,2025-02-12,processing,1.0,East,146.82999999999998,2025-02-12,1712.0,2025-02-15,2025-02-19,2025-02-21,1,1
1879,2025-02-12,completed,1.0,North,317.65,2025-02-12,1713.0,2025-02-15,2025-02-15,2025-02-19,1,0
1880,2025-02-12,processing,1.0,South,47.04,2025-02-12,1714.0,2025-02-15,2025-02-13,2025-02-14,1,0
1881,2025-02-12,completed,1.0,South,54.02,2025-02-12,1715.0,2025-02-15,2025-02-14,2025-02-18,1,0
1882,2025-02-12,completed,1.0,South,64.78,2025-02-12,1716.0,2025-02-15,2025-02-15,2025-02-18,1,0
1883,2025-02-12,completed,1.0,Central,406.46,2025-02-12,1717.0,2025-02-14,2025-02-17,2025-02-21,1,1
1884,2025-02-12,processing,1.0,East,111.66,2025-02-12,1718.0,2025-02-15,2025-02-14,2025-02-15,1,0
1885,2025-02-12,completed,1.0,North,33.21,2025-02-12,1719.0,2025-02-16,2025-02-13,2025-02-17,1,0
1886,2025-02-12,completed,1.0,East,310.63,2025-02-12,1720.0,2025-02-16,2025-02-14,2025-02-16,1,0
1887,2025-02-12,completed,1.0,Central,43.32,2025-02-12,1721.0,2025-02-15,2025-02-19,2025-02-22,1,1
1888,2025-02-12,completed,1.0,North,327.72,2025-02-12,1722.0,2025-02-14,2025-02-17,2025-02-20,1,1
1889,2025-02-12,completed,1.0,South,43.32,2025-02-12,1723.0,2025-02-15,2025-02-14,2025-02-17,1,0
1890,2025-02-12,completed,1.0,South,18.01,2025-02-12,1724.0,2025-02-15,2025-02-15,2025-02-16,1,0
1891,2025-02-12,completed,1.0,South,37.56,2025-02-12,1725.0,2025-02-14,2025-02-14,2025-02-17,1,0
1892,2025-02-12,completed,1.0,Central,27.79,2025-02-12,1726.0,2025-02-15,2025-02-15,2025-02-18,1,0
1893,2025-02-13,completed,1.0,South,114.55000000000001,2025-02-13,1727.0,2025-02-15,2025-02-18,2025-02-21,1,1
1894,2025-02-13,processing,1.0,North,161.55,2025-02-13,1728.0,2025-02-17,2025-02-16,2025-02-17,1,0
1895,2025-02-13,completed,1.0,East,203.14999999999998,2025-02-13,1729.0,2025-02-15,,,0,1
1896,2025-02-13,cancelled,1.0,East,49.45,2025-02-13,,,,,0,1
1897,2025-02-13,completed,1.0,South,121.48,2025-02-13,1730.0,2025-02-16,2025-02-18,2025-02-20,1,1
1898,2025-02-13,completed,1.0,North,477.84000000000003,2025-02-13,1731.0,2025-02-16,,,0,1
1899,2025-02-13,completed,1.0,Central,138.73,2025-02-13,1732.0,2025-02-15,2025-02-14,2025-02-17,1,0
1900,2025-02-13,completed,1.0,North,18.01,2025-02-13,1733.0,2025-02-17,2025-02-20,2025-02-23,1,1
1901,2025-02-13,completed,1.0,North,17.34,2025-02-13,1734.0,2025-02-16,2025-02-15,2025-02-18,1,0
1902,2025-02-13,completed,1.0,South,68.92,2025-02-13,1735.0,2025-02-16,2025-02-14,2025-02-15,1,0
1903,2025-02-13,completed,1.0,North,77.62,2025-02-13,1736.0,2025-02-15,,,0,1
1904,2025-02-13,completed,1.0,East,63.77,2025-02-13,1737.0,2025-02-17,2025-02-14,2025-02-17,1,0
1905,2025-02-13,completed,1.0,East,242.96,2025-02-13,1738.0,2025-02-16,2025-02-16,2025-02-20,1,0
1906,2025-02-13,completed,1.0,Central,38.48,2025-02-13,1739.0,2025-02-16,2025-02-14,2025-02-16,1,0
1907,2025-02-13,completed,1.0,North,274.51,2025-02-13,1740.0,2025-02-16,2025-02-18,2025-02-21,1,1
1908,2025-02-13,completed,1.0,Central,316.14,2025-02-13,1741.0,2025-02-16,2025-02-14,2025-02-18,1,0
1909,2025-02-13,completed,1.0,North,268.46,2025-02-13,1742.0,2025-02-16,,,0,1
1910,2025-02-13,completed,1.0,South,180.81,2025-02-13,1743.0,2025-02-16,2025-02-16,2025-02-17,1,0
1911,2025-02-13,completed,1.0,South,271.23,2025-02-13,1744.0,2025-02-17,2025-02-15,2025-02-16,1,0
1912,2025-02-13,processing,1.0,South,134.23,2025-02-13,1745.0,2025-02-16,2025-02-15,2025-02-19,1,0
1913,2025-02-13,completed,1.0,South,175.26,2025-02-13,1746.0,2025-02-16,2025-02-16,2025-02-17,1,0
1914,2025-02-13,completed,1.0,South,21.66,2025-02-13,1747.0,2025-02-15,2025-02-15,2025-02-18,1,0
1915,2025-02-13,completed,1.0,Central,74.05,2025-02-13,1748.0,2025-02-15,,,0,1
1916,2025-02-13,completed,1.0,Central,33.21,2025-02-13,1749.0,2025-02-16,2025-02-15,2025-02-18,1,0
1917,2025-02-13,completed,1.0,South,101.4,2025-02-13,1750.0,2025-02-17,2025-02-14,2025-02-17,1,0
1918,2025-02-13,completed,1.0,South,142.97,2025-02-13,1751.0,2025-02-16,2025-02-15,2025-02-18,1,0
1919,2025-02-13,completed,1.0,Central,21.5,2025-02-13,1752.0,2025-02-17,2025-02-15,2025-02-19,1,0
1920,2025-02-13,completed,1.0,South,259.13,2025-02-13,1753.0,2025-02-16,2025-02-16,2025-02-20,1,0
1921,2025-02-13,processing,1.0,East,54.02,2025-02-13,1754.0,2025-02-15,2025-02-15,2025-02-17,1,0
1922,2025-02-13,completed,1.0,East,48.55,2025-02-13,1755.0,2025-02-16,2025-02-18,2025-02-20,1,1
1923,2025-02-13,completed,1.0,Central,30.54,2025-02-13,1756.0,2025-02-16,,,0,1
1924,2025-02-13,processing,1.0,South,47.04,2025-02-13,1757.0,2025-02-16,2025-02-16,2025-02-17,1,0
1925,2025-02-13,completed,1.0,East,53.81,2025-02-13,1758.0,2025-02-16,2025-02-14,2025-02-18,1,0
1926,2025-02-13,completed,1.0,North,138.73,2025-02-13,1759.0,2025-02-15,2025-02-16,2025-02-17,1,1
1927,2025-02-13,cancelled,1.0,Central,101.4,2025-02-13,,,,,0,1
1928,2025-02-13,completed,1.0,South,21.66,2025-02-13,1760.0,2025-02-15,2025-02-15,2025-02-18,1,0
1929,2025-02-13,completed,1.0,South,18.01,2025-02-13,1761.0,2025-02-15,2025-02-20,2025-02-23,1,1
1930,2025-02-13,completed,1.0,Central,103.83,2025-02-13,1762.0,2025-02-16,2025-02-16,2025-02-19,1,0
1931,2025-02-13,cancelled,1.0,South,322.98,2025-02-13,,,,,0,1
1932,2025-02-13,processing,1.0,East,138.73,2025-02-13,1763.0,2025-02-15,2025-02-14,2025-02-15,1,0
1933,2025-02-13,completed,1.0,East,21.66,2025-02-13,1764.0,2025-02-17,2025-02-15,2025-02-19,1,0
1934,2025-02-13,completed,1.0,North,124.9,2025-02-13,1765.0,2025-02-16,2025-02-18,2025-02-21,1,1
1935,2025-02-13,completed,1.0,North,216.66,2025-02-13,1766.0,2025-02-16,2025-02-15,2025-02-18,1,0
1936,2025-02-13,completed,1.0,North,18.01,2025-02-13,1767.0,2025-02-15,2025-02-14,2025-02-18,1,0
1937,2025-02-13,completed,1.0,North,121.66,2025-02-13,1768.0,2025-02-15,2025-02-15,2025-02-19,1,0
1938,2025-02-13,processing,1.0,East,115.83000000000001,2025-02-13,1769.0,2025-02-15,2025-02-15,2025-02-19,1,0
1939,2025-02-13,unknown_status,1.0,Central,37.22,2025-02-13,,,,,0,1
1940,2025-02-13,completed,1.0,South,83.17,2025-02-13,1770.0,2025-02-16,2025-02-16,2025-02-17,1,0
1941,2025-02-13,completed,1.0,North,27.79,2025-02-13,1771.0,2025-02-17,2025-02-15,2025-02-17,1,0
1942,2025-02-13,completed,1.0,South,127.25,2025-02-13,1772.0,2025-02-16,2025-02-15,2025-02-16,1,0
1943,2025-02-13,completed,1.0,North,54.02,2025-02-13,1773.0,2025-02-17,2025-02-16,2025-02-19,1,0
1944,2025-02-13,completed,1.0,South,142.7,2025-02-13,1774.0,2025-02-16,2025-02-15,2025-02-18,1,0
1945,2025-02-13,completed,1.0,South,139.49,2025-02-13,1775.0,2025-02-16,2025-02-15,2025-02-19,1,0
1946,2025-02-14,completed,1.0,North,38.48,2025-02-14,1776.0,2025-02-17,2025-02-15,2025-02-16,1,0
1947,2025-02-14,completed,1.0,North,110.77,2025-02-14,1777.0,2025-02-17,2025-02-17,2025-02-21,1,0
1948,2025-02-14,completed,1.0,Central,73.18,2025-02-14,1778.0,2025-02-18,,,0,1
1949,2025-02-14,completed,1.0,Central,121.48,2025-02-14,1779.0,2025-02-17,2025-02-15,2025-02-19,1,0
1950,2025-02-14,cancelled,1.0,East,78.17,2025-02-14,,,,,0,1
1951,2025-02-14,completed,1.0,South,138.73,2025-02-14,1780.0,2025-02-16,2025-02-17,2025-02-20,1,1
1952,2025-02-14,processing,1.0,East,109.17,2025-02-14,1781.0,2025-02-17,2025-02-17,2025-02-20,1,0
1953,2025-02-14,completed,1.0,South,100.37,2025-02-14,1782.0,2025-02-17,2025-02-16,2025-02-17,1,0
1954,2025-02-14,completed,1.0,Central,38.49,2025-02-14,1783.0,2025-02-16,2025-02-16,2025-02-19,1,0
1955,2025-02-14,completed,1.0,North,47.04,2025-02-14,1784.0,2025-02-17,2025-02-19,2025-02-23,1,1
1956,2025-02-14,completed,1.0,Central,249.8,2025-02-14,1785.0,2025-02-18,2025-02-19,2025-02-20,1,1
1957,2025-02-14,completed,1.0,Central,106.14,2025-02-14,1786.0,2025-02-17,2025-02-15,2025-02-18,1,0
1958,2025-02-14,completed,1.0,North,170.37,2025-02-14,1787.0,2025-02-16,2025-02-16,2025-02-17,1,0
1959,2025-02-14,completed,1.0,East,251.51999999999998,2025-02-14,1788.0,2025-02-17,2025-02-15,2025-02-19,1,0
1960,2025-02-14,refunded,1.0,East,103.83,2025-02-14,,,,,0,1
1961,2025-02-14,completed,1.0,South,268.38,2025-02-14,1789.0,2025-02-17,2025-02-16,2025-02-19,1,0
1962,2025-02-14,completed,1.0,East,137.84,2025-02-14,1790.0,2025-02-18,2025-02-17,2025-02-18,1,0
1963,2025-02-14,completed,1.0,Central,94.08,2025-02-14,1791.0,2025-02-16,2025-02-19,2025-02-20,1,1
1964,2025-02-14,completed,1.0,South,74.05,2025-02-14,1792.0,2025-02-17,2025-02-17,2025-02-18,1,0
1965,2025-02-14,completed,1.0,South,73.18,2025-02-14,1793.0,2025-02-18,2025-02-17,2025-02-21,1,0
1966,2025-02-14,completed,1.0,North,27.79,2025-02-14,1794.0,2025-02-18,2025-02-16,2025-02-18,1,0
1967,2025-02-14,completed,1.0,Central,111.66,2025-02-14,1795.0,2025-02-16,2025-02-17,2025-02-18,1,1
1968,2025-02-14,completed,1.0,Central,134.23,2025-02-14,1796.0,2025-02-16,2025-02-16,2025-02-20,1,0
1969,2025-02-14,completed,1.0,South,101.4,2025-02-14,1797.0,2025-02-16,2025-02-17,2025-02-18,1,1
1970,2025-02-14,processing,1.0,Central,411.93999999999994,2025-02-14,1798.0,2025-02-17,2025-02-17,2025-02-18,1,0
1971,2025-02-14,completed,1.0,South,247.10000000000002,2025-02-14,1799.0,2025-02-16,2025-02-16,2025-02-20,1,0
1972,2025-02-14,completed,1.0,South,178.92000000000002,2025-02-14,1800.0,2025-02-17,2025-02-17,2025-02-21,1,0
1973,2025-02-14,completed,1.0,North,50.78,2025-02-14,1801.0,2025-02-17,2025-02-16,2025-02-20,1,0
1974,2025-02-14,completed,1.0,Central,43.96,2025-02-14,1802.0,2025-02-17,2025-02-15,2025-02-16,1,0
1975,2025-02-14,completed,1.0,South,482.41,2025-02-14,1803.0,2025-02-18,2025-02-16,2025-02-19,1,0
1976,2025-02-14,completed,1.0,Central,143.48,2025-02-14,1804.0,2025-02-17,2025-02-19,2025-02-22,1,1
1977,2025-02-14,completed,1.0,South,38.49,2025-02-14,1805.0,2025-02-17,2025-02-19,2025-02-20,1,1
1978,2025-02-14,completed,1.0,South,177.54999999999998,2025-02-14,1806.0,2025-02-17,2025-02-17,2025-02-21,1,0
1979,2025-02-14,completed,1.0,South,124.9,2025-02-14,1807.0,2025-02-17,2025-02-16,2025-02-19,1,0
1980,2025-02-14,completed,1.0,South,244.76,2025-02-14,1808.0,2025-02-18,2025-02-17,2025-02-20,1,0
1981,2025-02-14,completed,1.0,North,50.78,2025-02-14,1809.0,2025-02-16,2025-02-21,2025-02-22,1,1
1982,2025-02-14,processing,1.0,South,254.75,2025-02-14,1810.0,2025-02-17,2025-02-21,2025-02-23,1,1
1983,2025-02-14,completed,1.0,East,50.78,2025-02-14,1811.0,2025-02-17,2025-02-16,2025-02-17,1,0
1984,2025-02-14,completed,1.0,South,71.35,2025-02-14,1812.0,2025-02-17,2025-02-15,2025-02-19,1,0
1985,2025-02-14,completed,1.0,East,319.32,2025-02-14,1813.0,2025-02-18,2025-02-16,2025-02-18,1,0
1986,2025-02-14,completed,1.0,East,94.08,2025-02-14,1814.0,2025-02-17,,,0,1
1987,2025-02-14,completed,1.0,South,38.54,2025-02-14,1815.0,2025-02-17,2025-02-21,2025-02-24,1,1
1988,2025-02-14,processing,1.0,North,198.18,2025-02-14,1816.0,2025-02-17,2025-02-16,2025-02-20,1,0
1989,2025-02-14,completed,1.0,Central,271.02,2025-02-14,1817.0,2025-02-17,2025-02-16,2025-02-20,1,0
1990,2025-02-14,completed,1.0,East,405.02,2025-02-14,1818.0,2025-02-18,2025-02-15,2025-02-17,1,0
1991,2025-02-14,completed,1.0,East,10.75,2025-02-14,1819.0,2025-02-17,2025-02-16,2025-02-20,1,0
1992,2025-02-14,completed,1.0,East,115.47,2025-02-14,1820.0,2025-02-17,2025-02-16,2025-02-17,1,0
1993,2025-02-14,completed,1.0,Central,206.76,2025-02-14,1821.0,2025-02-17,2025-02-16,2025-02-19,1,0
1994,2025-02-14,processing,1.0,East,68.92,2025-02-14,1822.0,2025-02-17,2025-02-19,2025-02-21,1,1
1995,2025-02-14,processing,1.0,South,286.96,2025-02-14,1823.0,2025-02-18,2025-02-16,2025-02-18,1,0
1996,2025-02-14,completed,1.0,South,54.02,2025-02-14,1824.0,2025-02-17,2025-02-16,2025-02-18,1,0
1997,2025-02-14,completed,1.0,East,150.73,2025-02-14,1825.0,2025-02-17,2025-02-17,2025-02-21,1,0
1998,2025-02-14,completed,1.0,South,121.09,2025-02-14,1826.0,2025-02-17,2025-02-21,2025-02-24,1,1
1999,2025-02-14,completed,1.0,South,68.92,2025-02-14,1827.0,2025-02-17,2025-02-15,2025-02-16,1,0
2000,2025-02-14,completed,1.0,South,144.01,2025-02-14,1828.0,2025-02-17,2025-02-16,2025-02-20,1,0
2001,2025-02-14,completed,1.0,North,100.37,2025-02-14,1829.0,2025-02-17,2025-02-17,2025-02-18,1,0
2002,2025-02-14,completed,1.0,North,18.01,2025-02-14,1830.0,2025-02-17,2025-02-19,2025-02-23,1,1
2003,2025-02-15,completed,1.0,Central,18.01,2025-02-15,1831.0,2025-02-18,2025-02-17,2025-02-18,1,0
2004,2025-02-15,completed,1.0,South,134.77,2025-02-15,1832.0,2025-02-18,2025-02-20,2025-02-24,1,1
2005,2025-02-15,processing,1.0,North,129.34,2025-02-15,1833.0,2025-02-19,2025-02-16,2025-02-18,1,0
2006,2025-02-15,completed,1.0,North,50.78,2025-02-15,1834.0,2025-02-18,2025-02-16,2025-02-19,1,0
2007,2025-02-15,completed,1.0,Central,149.48,2025-02-15,1835.0,2025-02-17,2025-02-17,2025-02-20,1,0
2008,2025-02-15,completed,1.0,Central,152.34,2025-02-15,1836.0,2025-02-18,2025-02-16,2025-02-20,1,0
2009,2025-02-15,completed,1.0,Central,10.75,2025-02-15,1837.0,2025-02-18,2025-02-18,2025-02-22,1,0
2010,2025-02-15,completed,1.0,North,256.86,2025-02-15,1838.0,2025-02-18,2025-02-16,2025-02-18,1,0
2011,2025-02-15,completed,1.0,South,221.54,2025-02-15,1839.0,2025-02-18,2025-02-22,2025-02-23,1,1
2012,2025-02-15,refunded,1.0,East,68.92,2025-02-15,,,,,0,1
2013,2025-02-15,completed,1.0,South,264.96,2025-02-15,1840.0,2025-02-18,2025-02-18,2025-02-21,1,0
2014,2025-02-15,processing,1.0,South,73.18,2025-02-15,1841.0,2025-02-18,2025-02-20,2025-02-23,1,1
2015,2025-02-15,completed,1.0,East,88.23,2025-02-15,1842.0,2025-02-18,2025-02-17,2025-02-21,1,0
2016,2025-02-15,completed,1.0,South,394.29,2025-02-15,1843.0,2025-02-17,2025-02-18,2025-02-22,1,1
2017,2025-02-15,completed,1.0,East,181.26999999999998,2025-02-15,1844.0,2025-02-18,2025-02-16,2025-02-18,1,0
2018,2025-02-15,completed,1.0,South,60.83,2025-02-15,1845.0,2025-02-19,2025-02-16,2025-02-20,1,0
2019,2025-02-15,completed,1.0,East,110.77,2025-02-15,1846.0,2025-02-18,2025-02-16,2025-02-20,1,0
2020,2025-02-15,completed,1.0,North,235.67000000000002,2025-02-15,1847.0,2025-02-19,2025-02-18,2025-02-21,1,0
2021,2025-02-15,completed,1.0,North,133.0,2025-02-15,1848.0,2025-02-18,,,0,1
2022,2025-02-15,completed,1.0,South,68.92,2025-02-15,1849.0,2025-02-18,2025-02-17,2025-02-19,1,0
2023,2025-02-15,completed,1.0,North,143.48,2025-02-15,1850.0,2025-02-18,2025-02-18,2025-02-21,1,0
2024,2025-02-15,completed,1.0,North,54.02,2025-02-15,1851.0,2025-02-19,2025-02-20,2025-02-21,1,1
2025,2025-02-15,completed,1.0,East,100.37,2025-02-15,1852.0,2025-02-18,2025-02-16,2025-02-20,1,0
2026,2025-02-15,completed,1.0,North,134.23,2025-02-15,1853.0,2025-02-18,2025-02-20,2025-02-21,1,1
2027,2025-02-15,processing,1.0,North,30.54,2025-02-15,1854.0,2025-02-18,2025-02-18,2025-02-21,1,0
2028,2025-02-15,completed,1.0,Central,112.28,2025-02-15,1855.0,2025-02-19,2025-02-18,2025-02-19,1,0
2029,2025-02-15,completed,1.0,Central,54.02,2025-02-15,1856.0,2025-02-18,2025-02-17,2025-02-19,1,0
2030,2025-02-15,processing,1.0,South,244.88,2025-02-15,1857.0,2025-02-17,2025-02-20,2025-02-22,1,1
2031,2025-02-15,completed,1.0,North,92.45,2025-02-15,1858.0,2025-02-18,2025-02-17,2025-02-19,1,0
2032,2025-02-15,completed,1.0,North,372.27,2025-02-15,1859.0,2025-02-19,2025-02-18,2025-02-21,1,0
2033,2025-02-15,processing,1.0,Central,27.79,2025-02-15,1860.0,2025-02-17,,,0,1
2034,2025-02-15,completed,1.0,East,27.79,2025-02-15,1861.0,2025-02-18,2025-02-22,2025-02-23,1,1
2035,2025-02-15,completed,1.0,Central,146.36,2025-02-15,1862.0,2025-02-19,2025-02-20,2025-02-24,1,1
2036,2025-02-15,refunded,1.0,South,91.37,2025-02-15,,,,,0,1
2037,2025-02-15,completed,1.0,South,261.66999999999996,2025-02-15,1863.0,2025-02-18,2025-02-16,2025-02-19,1,0
2038,2025-02-15,completed,1.0,Central,18.01,2025-02-15,1864.0,2025-02-18,2025-02-20,2025-02-24,1,1
2039,2025-02-15,completed,1.0,North,103.83,2025-02-15,1865.0,2025-02-18,2025-02-18,2025-02-21,1,0
2040,2025-02-15,completed,1.0,East,138.73,2025-02-15,1866.0,2025-02-19,2025-02-17,2025-02-20,1,0
2041,2025-02-15,completed,1.0,South,76.98,2025-02-15,1867.0,2025-02-18,2025-02-17,2025-02-18,1,0
2042,2025-02-15,completed,1.0,North,18.01,2025-02-15,1868.0,2025-02-19,2025-02-16,2025-02-19,1,0
2043,2025-02-15,completed,1.0,East,21.66,2025-02-15,1869.0,2025-02-17,2025-02-18,2025-02-21,1,1
2044,2025-02-15,completed,1.0,South,78.84,2025-02-15,1870.0,2025-02-18,2025-02-17,2025-02-20,1,0
2045,2025-02-15,completed,1.0,North,105.06,2025-02-15,1871.0,2025-02-19,2025-02-18,2025-02-20,1,0
2046,2025-02-15,cancelled,1.0,South,10.75,2025-02-15,,,,,0,1
2047,2025-02-15,completed,1.0,North,71.35,2025-02-15,1872.0,2025-02-17,2025-02-17,2025-02-21,1,0
2048,2025-02-15,completed,1.0,Central,121.09,2025-02-15,1873.0,2025-02-19,2025-02-18,2025-02-20,1,0
2049,2025-02-15,completed,1.0,Central,268.46,2025-02-15,1874.0,2025-02-17,2025-02-17,2025-02-18,1,0
2050,2025-02-15,completed,1.0,South,109.17,2025-02-15,1875.0,2025-02-18,2025-02-16,2025-02-18,1,0
2051,2025-02-15,completed,1.0,East,150.73,2025-02-15,1876.0,2025-02-18,2025-02-20,2025-02-24,1,1
2052,2025-02-15,completed,1.0,North,121.48,2025-02-15,1877.0,2025-02-18,2025-02-17,2025-02-19,1,0
2053,2025-02-15,processing,1.0,South,66.58,2025-02-15,1878.0,2025-02-18,2025-02-17,2025-02-21,1,0
2054,2025-02-15,completed,1.0,East,207.96,2025-02-15,1879.0,2025-02-19,2025-02-16,2025-02-17,1,0
2055,2025-02-15,processing,1.0,North,47.04,2025-02-15,1880.0,2025-02-19,2025-02-17,2025-02-19,1,0
2056,2025-02-15,unknown_status,1.0,East,18.78,2025-02-15,,,,,0,1
2057,2025-02-15,completed,1.0,Central,174.75,2025-02-15,1881.0,2025-02-18,2025-02-17,2025-02-18,1,0
2058,2025-02-15,processing,1.0,North,119.5,2025-02-15,1882.0,2025-02-18,2025-02-17,2025-02-19,1,0
2059,2025-02-15,completed,1.0,South,59.75,2025-02-15,1883.0,2025-02-18,2025-02-17,2025-02-21,1,0
2060,2025-02-15,completed,1.0,Central,27.79,2025-02-15,1884.0,2025-02-19,2025-02-20,2025-02-24,1,1
2061,2025-02-15,completed,1.0,East,10.75,2025-02-15,1885.0,2025-02-18,2025-02-16,2025-02-19,1,0
2062,2025-02-15,completed,1.0,North,218.7,2025-02-15,1886.0,2025-02-17,2025-02-20,2025-02-21,1,1
2063,2025-02-15,completed,1.0,North,47.04,2025-02-15,1887.0,2025-02-18,2025-02-17,2025-02-18,1,0
2064,2025-02-15,completed,1.0,East,60.83,2025-02-15,1888.0,2025-02-18,2025-02-16,2025-02-18,1,0
2065,2025-02-16,completed,1.0,Central,149.48,2025-02-16,1889.0,2025-02-19,2025-02-19,2025-02-23,1,0
2066,2025-02-16,completed,1.0,South,54.02,2025-02-16,1890.0,2025-02-20,2025-02-21,2025-02-25,1,1
2067,2025-02-16,completed,1.0,Central,121.48,2025-02-16,1891.0,2025-02-19,2025-02-17,2025-02-21,1,0
2068,2025-02-16,refunded,1.0,East,68.92,2025-02-16,,,,,0,1
2069,2025-02-16,completed,1.0,Central,10.75,2025-02-16,1892.0,2025-02-20,2025-02-19,2025-02-22,1,0
2070,2025-02-16,processing,1.0,East,43.32,2025-02-16,1893.0,2025-02-19,2025-02-21,2025-02-22,1,1
2071,2025-02-16,completed,1.0,South,150.73,2025-02-16,1894.0,2025-02-20,2025-02-19,2025-02-22,1,0
2072,2025-02-16,completed,1.0,Central,87.23,2025-02-16,1895.0,2025-02-19,2025-02-19,2025-02-20,1,0
2073,2025-02-16,completed,1.0,East,18.78,2025-02-16,1896.0,2025-02-20,2025-02-17,2025-02-20,1,0
2074,2025-02-16,completed,1.0,East,68.92,2025-02-16,1897.0,2025-02-19,2025-02-18,2025-02-22,1,0
2075,2025-02-16,completed,1.0,East,73.18,2025-02-16,1898.0,2025-02-19,2025-02-18,2025-02-20,1,0
2076,2025-02-16,completed,1.0,East,62.38,2025-02-16,1899.0,2025-02-20,2025-02-19,2025-02-20,1,0
2077,2025-02-16,refunded,1.0,North,10.75,2025-02-16,,,,,0,1
2078,2025-02-16,processing,1.0,North,52.53,2025-02-16,1900.0,2025-02-20,2025-02-19,2025-02-23,1,0
2079,2025-02-16,completed,1.0,East,293.97,2025-02-16,1901.0,2025-02-19,2025-02-18,2025-02-22,1,0
2080,2025-02-16,completed,1.0,East,68.92,2025-02-16,1902.0,2025-02-18,2025-02-23,2025-02-26,1,1
2081,2025-02-16,completed,1.0,Central,103.83,2025-02-16,1903.0,2025-02-19,2025-02-23,2025-02-27,1,1
2082,2025-02-16,completed,1.0,East,37.22,2025-02-16,1904.0,2025-02-18,2025-02-18,2025-02-21,1,0
2083,2025-02-16,completed,1.0,North,73.18,2025-02-16,1905.0,2025-02-20,2025-02-19,2025-02-23,1,0
2084,2025-02-16,completed,1.0,East,244.54,2025-02-16,1906.0,2025-02-20,2025-02-18,2025-02-22,1,0
2085,2025-02-16,completed,1.0,Central,37.22,2025-02-16,1907.0,2025-02-20,2025-02-17,2025-02-20,1,0
2086,2025-02-16,processing,1.0,South,18.01,2025-02-16,1908.0,2025-02-19,2025-02-19,2025-02-23,1,0
2087,2025-02-16,completed,1.0,East,251.36,2025-02-16,1909.0,2025-02-19,2025-02-23,2025-02-27,1,1
2088,2025-02-16,completed,1.0,Central,21.66,2025-02-16,1910.0,2025-02-20,2025-02-18,2025-02-20,1,0
2089,2025-02-16,completed,1.0,East,60.94,2025-02-16,1911.0,2025-02-19,2025-02-19,2025-02-22,1,0
2090,2025-02-16,completed,1.0,South,529.81,2025-02-16,1912.0,2025-02-19,2025-02-19,2025-02-23,1,0
2091,2025-02-16,completed,1.0,North,105.24000000000001,2025-02-16,1913.0,2025-02-19,2025-02-19,2025-02-20,1,0
2092,2025-02-16,completed,1.0,East,110.77,2025-02-16,1914.0,2025-02-19,2025-02-17,2025-02-20,1,0
2093,2025-02-16,completed,1.0,South,60.83,2025-02-16,1915.0,2025-02-20,2025-02-18,2025-02-22,1,0
2094,2025-02-16,completed,1.0,South,143.48,2025-02-16,1916.0,2025-02-19,2025-02-19,2025-02-23,1,0
2095,2025-02-16,completed,1.0,Central,197.5,2025-02-16,1917.0,2025-02-18,2025-02-19,2025-02-23,1,1
2096,2025-02-16,completed,1.0,Central,21.66,2025-02-16,1918.0,2025-02-19,,,0,1
2097,2025-02-16,completed,1.0,South,188.25,2025-02-16,1919.0,2025-02-19,2025-02-19,2025-02-23,1,0
2098,2025-02-16,completed,1.0,South,110.77,2025-02-16,1920.0,2025-02-18,2025-02-19,2025-02-21,1,1
2099,2025-02-16,completed,1.0,South,150.73,2025-02-16,1921.0,2025-02-18,2025-02-21,2025-02-22,1,1
2100,2025-02-16,completed,1.0,South,182.49,2025-02-16,1922.0,2025-02-18,2025-02-19,2025-02-21,1,1
2101,2025-02-16,completed,1.0,Central,68.92,2025-02-16,1923.0,2025-02-19,2025-02-17,2025-02-20,1,0
2102,2025-02-16,completed,1.0,Central,68.92,2025-02-16,1924.0,2025-02-20,2025-02-19,2025-02-22,1,0
2103,2025-02-16,processing,1.0,Central,197.84,2025-02-16,1925.0,2025-02-18,2025-02-18,2025-02-22,1,0
2104,2025-02-16,completed,1.0,South,114.55000000000001,2025-02-16,1926.0,2025-02-18,2025-02-18,2025-02-19,1,0
2105,2025-02-16,completed,1.0,Central,75.69999999999999,2025-02-16,1927.0,2025-02-20,2025-02-19,2025-02-22,1,0
2106,2025-02-16,completed,1.0,Central,68.92,2025-02-16,1928.0,2025-02-19,2025-02-19,2025-02-23,1,0
2107,2025-02-16,completed,1.0,North,75.74000000000001,2025-02-16,1929.0,2025-02-19,2025-02-18,2025-02-20,1,0
2108,2025-02-16,completed,1.0,South,101.4,2025-02-16,1930.0,2025-02-19,2025-02-18,2025-02-19,1,0
2109,2025-02-16,completed,1.0,East,21.66,2025-02-16,1931.0,2025-02-19,2025-02-19,2025-02-21,1,0
2110,2025-02-16,processing,1.0,Central,113.36,2025-02-16,1932.0,2025-02-18,2025-02-19,2025-02-23,1,1
2111,2025-02-16,completed,1.0,South,138.73,2025-02-16,1933.0,2025-02-18,2025-02-18,2025-02-22,1,0
2112,2025-02-16,completed,1.0,East,110.18,2025-02-16,1934.0,2025-02-19,2025-02-19,2025-02-20,1,0
2113,2025-02-16,completed,1.0,Central,47.04,2025-02-16,1935.0,2025-02-19,2025-02-21,2025-02-22,1,1
2114,2025-02-16,processing,1.0,South,103.38,2025-02-16,1936.0,2025-02-19,2025-02-18,2025-02-20,1,0
2115,2025-02-16,completed,1.0,South,235.67000000000002,2025-02-16,1937.0,2025-02-18,2025-02-23,2025-02-27,1,1
2116,2025-02-16,completed,1.0,South,265.7,2025-02-16,1938.0,2025-02-19,2025-02-18,2025-02-19,1,0
2117,2025-02-16,completed,1.0,South,148.1,2025-02-16,1939.0,2025-02-20,2025-02-19,2025-02-23,1,0
2118,2025-02-16,completed,1.0,South,18.01,2025-02-16,1940.0,2025-02-20,2025-02-19,2025-02-20,1,0
2119,2025-02-16,completed,1.0,South,54.02,2025-02-16,1941.0,2025-02-19,2025-02-18,2025-02-21,1,0
2120,2025-02-16,refunded,1.0,Central,73.18,2025-02-16,,,,,0,1
2121,2025-02-16,completed,1.0,East,121.48,2025-02-16,1942.0,2025-02-19,2025-02-18,2025-02-22,1,0
2122,2025-02-16,completed,1.0,North,110.77,2025-02-16,1943.0,2025-02-19,2025-02-18,2025-02-19,1,0
2123,2025-02-16,processing,1.0,North,302.99,2025-02-16,1944.0,2025-02-20,2025-02-18,2025-02-22,1,0
2124,2025-02-17,completed,1.0,South,359.9,2025-02-17,1945.0,2025-02-21,2025-02-20,2025-02-21,1,0
2125,2025-02-17,completed,1.0,East,109.35,2025-02-17,1946.0,2025-02-21,2025-02-19,2025-02-21,1,0
2126,2025-02-17,completed,1.0,Central,18.01,2025-02-17,1947.0,2025-02-20,2025-02-20,2025-02-24,1,0
2127,2025-02-17,completed,1.0,Central,239.29000000000002,2025-02-17,1948.0,2025-02-20,2025-02-19,2025-02-21,1,0
2128,2025-02-17,completed,1.0,South,138.73,2025-02-17,1949.0,2025-02-20,2025-02-22,2025-02-23,1,1
2129,2025-02-17,completed,1.0,South,301.46,2025-02-17,1950.0,2025-02-21,2025-02-19,2025-02-23,1,0
2130,2025-02-17,completed,1.0,South,103.83,2025-02-17,1951.0,2025-02-20,2025-02-20,2025-02-24,1,0
2131,2025-02-17,completed,1.0,North,407.01,2025-02-17,1952.0,2025-02-20,2025-02-18,2025-02-21,1,0
2132,2025-02-17,completed,1.0,Central,425.68999999999994,2025-02-17,1953.0,2025-02-21,2025-02-19,2025-02-23,1,0
2133,2025-02-17,completed,1.0,Central,74.05,2025-02-17,1954.0,2025-02-20,2025-02-20,2025-02-23,1,0
2134,2025-02-17,completed,1.0,Central,38.49,2025-02-17,1955.0,2025-02-20,2025-02-22,2025-02-24,1,1
2135,2025-02-17,processing,1.0,South,63.77,2025-02-17,1956.0,2025-02-20,2025-02-18,2025-02-20,1,0
2136,2025-02-17,completed,1.0,Central,54.02,2025-02-17,1957.0,2025-02-20,2025-02-19,2025-02-23,1,0
2137,2025-02-17,completed,1.0,East,103.83,2025-02-17,1958.0,2025-02-20,2025-02-20,2025-02-22,1,0
2138,2025-02-17,completed,1.0,Central,242.67,2025-02-17,1959.0,2025-02-20,2025-02-20,2025-02-22,1,0
2139,2025-02-17,completed,1.0,Central,178.18,2025-02-17,1960.0,2025-02-20,2025-02-19,2025-02-21,1,0
2140,2025-02-17,completed,1.0,East,143.48,2025-02-17,1961.0,2025-02-19,2025-02-22,2025-02-24,1,1
2141,2025-02-17,completed,1.0,North,59.75,2025-02-17,1962.0,2025-02-20,2025-02-20,2025-02-24,1,0
2142,2025-02-17,cancelled,1.0,South,188.79,2025-02-17,,,,,0,1
2143,2025-02-17,cancelled,1.0,Central,18.78,2025-02-17,,,,,0,1
2144,2025-02-17,completed,1.0,East,88.23,2025-02-17,1963.0,2025-02-20,2025-02-19,2025-02-20,1,0
2145,2025-02-17,completed,1.0,East,134.23,2025-02-17,1964.0,2025-02-21,2025-02-22,2025-02-24,1,1
2146,2025-02-17,completed,1.0,North,254.25,2025-02-17,1965.0,2025-02-20,2025-02-19,2025-02-21,1,0
2147,2025-02-17,completed,1.0,North,104.80000000000001,2025-02-17,1966.0,2025-02-21,2025-02-20,2025-02-24,1,0
2148,2025-02-17,completed,1.0,Central,110.77,2025-02-17,1967.0,2025-02-19,2025-02-22,2025-02-25,1,1
2149,2025-02-17,processing,1.0,East,168.07,2025-02-17,1968.0,2025-02-20,2025-02-19,2025-02-21,1,0
2150,2025-02-17,cancelled,1.0,East,232.81,2025-02-17,,,,,0,1
2151,2025-02-17,processing,1.0,Central,47.04,2025-02-17,1969.0,2025-02-19,2025-02-18,2025-02-21,1,0
2152,2025-02-17,completed,1.0,East,50.78,2025-02-17,1970.0,2025-02-19,2025-02-19,2025-02-23,1,0
2153,2025-02-17,completed,1.0,East,191.31,2025-02-17,1971.0,2025-02-20,2025-02-19,2025-02-23,1,0
2154,2025-02-17,completed,1.0,South,156.73999999999998,2025-02-17,1972.0,2025-02-21,2025-02-19,2025-02-22,1,0
2155,2025-02-17,completed,1.0,North,121.48,2025-02-17,1973.0,2025-02-20,2025-02-19,2025-02-21,1,0
2156,2025-02-17,completed,1.0,East,50.78,2025-02-17,1974.0,2025-02-20,2025-02-20,2025-02-24,1,0
2157,2025-02-17,completed,1.0,North,134.23,2025-02-17,1975.0,2025-02-20,2025-02-20,2025-02-24,1,0
2158,2025-02-17,completed,1.0,Central,152.02,2025-02-17,1976.0,2025-02-20,2025-02-20,2025-02-22,1,0
2159,2025-02-17,completed,1.0,East,33.21,2025-02-17,1977.0,2025-02-21,2025-02-18,2025-02-19,1,0
2160,2025-02-17,completed,1.0,Central,211.91,2025-02-17,1978.0,2025-02-21,2025-02-20,2025-02-22,1,0
2161,2025-02-17,completed,1.0,Central,18.01,2025-02-17,1979.0,2025-02-20,2025-02-18,2025-02-22,1,0
2162,2025-02-17,completed,1.0,Central,72.03,2025-02-17,1980.0,2025-02-19,2025-02-19,2025-02-21,1,0
2163,2025-02-17,completed,1.0,East,47.04,2025-02-17,1981.0,2025-02-20,2025-02-19,2025-02-23,1,0
2164,2025-02-17,completed,1.0,East,73.18,2025-02-17,1982.0,2025-02-19,2025-02-19,2025-02-20,1,0
2165,2025-02-17,completed,1.0,South,534.54,2025-02-17,1983.0,2025-02-19,2025-02-19,2025-02-21,1,0
2166,2025-02-17,completed,1.0,South,88.91,2025-02-17,1984.0,2025-02-20,2025-02-20,2025-02-22,1,0
2167,2025-02-17,completed,1.0,North,10.75,2025-02-17,1985.0,2025-02-20,2025-02-24,2025-02-28,1,1
2168,2025-02-17,completed,1.0,Central,18.78,2025-02-17,1986.0,2025-02-20,2025-02-22,2025-02-26,1,1
2169,2025-02-17,completed,1.0,Central,153.03,2025-02-17,1987.0,2025-02-20,,,0,1
2170,2025-02-17,completed,1.0,East,301.46,2025-02-17,1988.0,2025-02-21,2025-02-20,2025-02-23,1,0
2171,2025-02-17,completed,1.0,North,218.7,2025-02-17,1989.0,2025-02-20,2025-02-22,2025-02-25,1,1
2172,2025-02-17,completed,1.0,North,18.01,2025-02-17,1990.0,2025-02-19,2025-02-20,2025-02-22,1,1
2173,2025-02-17,completed,1.0,East,103.83,2025-02-17,1991.0,2025-02-20,2025-02-20,2025-02-24,1,0
2174,2025-02-17,completed,1.0,South,73.18,2025-02-17,1992.0,2025-02-20,2025-02-19,2025-02-20,1,0
2175,2025-02-17,completed,1.0,East,188.25,2025-02-17,1993.0,2025-02-20,2025-02-19,2025-02-20,1,0
2176,2025-02-17,completed,1.0,East,50.78,2025-02-17,1994.0,2025-02-20,2025-02-19,2025-02-21,1,0
2177,2025-02-17,completed,1.0,South,143.48,2025-02-17,1995.0,2025-02-19,2025-02-22,2025-02-23,1,1
2178,2025-02-17,completed,1.0,South,150.73,2025-02-17,1996.0,2025-02-20,2025-02-20,2025-02-21,1,0
2179,2025-02-17,completed,1.0,South,77.02,2025-02-17,1997.0,2025-02-20,2025-02-22,2025-02-24,1,1
2180,2025-02-17,completed,1.0,South,178.18,2025-02-17,1998.0,2025-02-20,2025-02-22,2025-02-26,1,1
2181,2025-02-17,completed,1.0,North,73.18,2025-02-17,1999.0,2025-02-19,2025-02-22,2025-02-26,1,1
2182,2025-02-17,completed,1.0,North,194.12,2025-02-17,2000.0,2025-02-21,2025-02-18,2025-02-22,1,0
2183,2025-02-17,completed,1.0,North,18.78,2025-02-17,2001.0,2025-02-20,2025-02-18,2025-02-21,1,0
2184,2025-02-17,completed,1.0,South,103.19,2025-02-17,2002.0,2025-02-20,,,0,1
2185,2025-02-17,completed,1.0,East,45.8,2025-02-17,2003.0,2025-02-19,2025-02-19,2025-02-21,1,0
2186,2025-02-17,completed,1.0,South,321.22,2025-02-17,2004.0,2025-02-20,2025-02-19,2025-02-23,1,0
2187,2025-02-17,completed,1.0,North,178.18,2025-02-17,2005.0,2025-02-20,2025-02-20,2025-02-21,1,0
2188,2025-02-18,completed,1.0,North,50.78,2025-02-18,2006.0,2025-02-21,2025-02-20,2025-02-24,1,0
2189,2025-02-18,cancelled,1.0,South,324.84000000000003,2025-02-18,,,,,0,1
2190,2025-02-18,unknown_status,1.0,Central,18.78,2025-02-18,,,,,0,1
2191,2025-02-18,completed,1.0,Central,73.18,2025-02-18,2007.0,2025-02-20,2025-02-21,2025-02-22,1,1
2192,2025-02-18,completed,1.0,Central,37.22,2025-02-18,2008.0,2025-02-21,2025-02-20,2025-02-23,1,0
2193,2025-02-18,completed,1.0,South,588.42,2025-02-18,2009.0,2025-02-20,2025-02-21,2025-02-22,1,1
2194,2025-02-18,completed,1.0,South,308.46,2025-02-18,2010.0,2025-02-21,2025-02-23,2025-02-25,1,1
2195,2025-02-18,processing,1.0,South,187.07999999999998,2025-02-18,2011.0,2025-02-22,2025-02-20,2025-02-24,1,0
2196,2025-02-18,completed,1.0,North,188.39,2025-02-18,2012.0,2025-02-22,2025-02-23,2025-02-26,1,1
2197,2025-02-18,completed,1.0,East,10.75,2025-02-18,2013.0,2025-02-22,2025-02-20,2025-02-22,1,0
2198,2025-02-18,cancelled,1.0,South,18.01,2025-02-18,,,,,0,1
2199,2025-02-18,completed,1.0,East,150.73,2025-02-18,2014.0,2025-02-22,2025-02-25,2025-02-26,1,1
2200,2025-02-18,cancelled,1.0,East,150.73,2025-02-18,,,,,0,1
2201,2025-02-18,unknown_status,1.0,Central,282.22,2025-02-18,,,,,0,1
2202,2025-02-18,cancelled,1.0,South,74.05,2025-02-18,,,,,0,1
2203,2025-02-18,processing,1.0,North,268.02,2025-02-18,2015.0,2025-02-21,,,0,1
2204,2025-02-18,completed,1.0,South,107.69,2025-02-18,2016.0,2025-02-21,2025-02-21,2025-02-23,1,0
2205,2025-02-18,completed,1.0,South,162.06,2025-02-18,2017.0,2025-02-22,2025-02-20,2025-02-23,1,0
2206,2025-02-18,completed,1.0,North,190.59,2025-02-18,2018.0,2025-02-22,2025-02-20,2025-02-22,1,0
2207,2025-02-18,completed,1.0,North,478.02,2025-02-18,2019.0,2025-02-21,2025-02-19,2025-02-22,1,0
2208,2025-02-18,completed,1.0,Central,88.91,2025-02-18,2020.0,2025-02-22,2025-02-20,2025-02-23,1,0
2209,2025-02-18,cancelled,1.0,East,158.82,2025-02-18,,,,,0,1
2210,2025-02-18,completed,1.0,Central,55.870000000000005,2025-02-18,2021.0,2025-02-21,2025-02-25,2025-02-27,1,1
2211,2025-02-18,completed,1.0,Central,134.23,2025-02-18,2022.0,2025-02-21,2025-02-21,2025-02-25,1,0
2212,2025-02-18,completed,1.0,Central,60.83,2025-02-18,2023.0,2025-02-20,2025-02-23,2025-02-25,1,1
2213,2025-02-18,completed,1.0,North,218.7,2025-02-18,2024.0,2025-02-21,2025-02-19,2025-02-21,1,0
2214,2025-02-18,completed,1.0,North,60.83,2025-02-18,2025.0,2025-02-21,2025-02-19,2025-02-21,1,0
2215,2025-02-18,completed,1.0,South,54.02,2025-02-18,2026.0,2025-02-20,2025-02-23,2025-02-27,1,1
2216,2025-02-18,processing,1.0,East,192.75,2025-02-18,2027.0,2025-02-21,2025-02-25,2025-02-28,1,1
2217,2025-02-18,completed,1.0,Central,36.02,2025-02-18,2028.0,2025-02-22,2025-02-23,2025-02-26,1,1
2218,2025-02-18,completed,1.0,South,18.01,2025-02-18,2029.0,2025-02-21,2025-02-19,2025-02-22,1,0
2219,2025-02-18,cancelled,1.0,South,77.62,2025-02-18,,,,,0,1
2220,2025-02-18,completed,1.0,South,54.02,2025-02-18,2030.0,2025-02-20,2025-02-20,2025-02-23,1,0
2221,2025-02-18,completed,1.0,North,108.04,2025-02-18,2031.0,2025-02-21,2025-02-25,2025-02-27,1,1
2222,2025-02-18,completed,1.0,Central,18.78,2025-02-18,2032.0,2025-02-21,2025-02-21,2025-02-22,1,0
2223,2025-02-18,completed,1.0,North,37.22,2025-02-18,2033.0,2025-02-20,,,0,1
2224,2025-02-18,completed,1.0,Central,60.83,2025-02-18,2034.0,2025-02-20,2025-02-20,2025-02-22,1,0
2225,2025-02-18,completed,1.0,North,48.55,2025-02-18,2035.0,2025-02-21,2025-02-21,2025-02-22,1,0
2226,2025-02-18,unknown_status,1.0,South,50.78,2025-02-18,,,,,0,1
2227,2025-02-18,completed,1.0,Central,77.62,2025-02-18,2036.0,2025-02-22,2025-02-20,2025-02-24,1,0
2228,2025-02-18,completed,1.0,South,65.05,2025-02-18,2037.0,2025-02-22,2025-02-20,2025-02-22,1,0
2229,2025-02-18,completed,1.0,South,270.96,2025-02-18,2038.0,2025-02-21,2025-02-20,2025-02-21,1,0
2230,2025-02-18,completed,1.0,East,103.72,2025-02-18,2039.0,2025-02-21,2025-02-25,2025-02-26,1,1
2231,2025-02-18,completed,1.0,Central,38.49,2025-02-18,2040.0,2025-02-21,2025-02-23,2025-02-27,1,1
2232,2025-02-18,completed,1.0,North,21.66,2025-02-18,2041.0,2025-02-20,2025-02-23,2025-02-25,1,1
2233,2025-02-18,completed,1.0,South,215.69,2025-02-18,2042.0,2025-02-22,2025-02-20,2025-02-24,1,0
2234,2025-02-18,completed,1.0,East,143.48,2025-02-18,2043.0,2025-02-21,2025-02-20,2025-02-22,1,0
2235,2025-02-18,completed,1.0,South,195.48000000000002,2025-02-18,2044.0,2025-02-20,2025-02-20,2025-02-21,1,0
2236,2025-02-18,completed,1.0,East,146.36,2025-02-18,2045.0,2025-02-21,2025-02-21,2025-02-23,1,0
2237,2025-02-18,completed,1.0,Central,356.36,2025-02-18,2046.0,2025-02-21,2025-02-21,2025-02-22,1,0
2238,2025-02-18,completed,1.0,South,76.96,2025-02-18,2047.0,2025-02-22,2025-02-21,2025-02-24,1,0
2239,2025-02-18,completed,1.0,South,178.66,2025-02-18,2048.0,2025-02-21,,,0,1
2240,2025-02-18,completed,1.0,East,73.18,2025-02-18,2049.0,2025-02-21,2025-02-19,2025-02-20,1,0
2241,2025-02-18,completed,1.0,North,73.18,2025-02-18,2050.0,2025-02-21,2025-02-19,2025-02-22,1,0
2242,2025-02-18,processing,1.0,North,202.28,2025-02-18,2051.0,2025-02-21,2025-02-20,2025-02-24,1,0
2243,2025-02-18,completed,1.0,North,360.14,2025-02-18,2052.0,2025-02-21,2025-02-20,2025-02-22,1,0
2244,2025-02-18,completed,1.0,Central,415.40999999999997,2025-02-18,2053.0,2025-02-21,2025-02-19,2025-02-23,1,0
2245,2025-02-18,completed,1.0,Central,200.74,2025-02-18,2054.0,2025-02-21,2025-02-19,2025-02-20,1,0
2246,2025-02-18,completed,1.0,East,108.04,2025-02-18,2055.0,2025-02-21,2025-02-21,2025-02-25,1,0
2247,2025-02-18,completed,1.0,South,255.70999999999998,2025-02-18,2056.0,2025-02-21,2025-02-20,2025-02-22,1,0
2248,2025-02-19,processing,,North,24.61,2025-02-19,2057.0,2025-02-21,2025-02-24,2025-02-25,1,1
2249,2025-02-19,completed,,Central,684.37,2025-02-19,2058.0,2025-02-22,2025-02-22,2025-02-24,1,0
2250,2025-02-19,completed,,East,43.74,2025-02-19,2059.0,2025-02-23,2025-02-21,2025-02-24,1,0
2251,2025-02-19,processing,,Central,147.45,2025-02-19,2060.0,2025-02-23,2025-02-21,2025-02-23,1,0
2252,2025-02-19,completed,,East,438.46,2025-02-19,2061.0,2025-02-23,2025-02-22,2025-02-26,1,0
2253,2025-02-19,processing,,North,202.48,2025-02-19,2062.0,2025-02-22,2025-02-20,2025-02-22,1,0
2254,2025-02-19,completed,,South,98.78999999999999,2025-02-19,2063.0,2025-02-21,2025-02-20,2025-02-22,1,0
2255,2025-02-19,completed,,South,473.68,2025-02-19,2064.0,2025-02-23,2025-02-22,2025-02-24,1,0
2256,2025-02-19,completed,,Central,95.38,2025-02-19,2065.0,2025-02-22,2025-02-24,2025-02-26,1,1
2257,2025-02-19,completed,,Central,61.39,2025-02-19,2066.0,2025-02-22,2025-02-21,2025-02-24,1,0
2258,2025-02-19,completed,,Central,69.13,2025-02-19,2067.0,2025-02-23,2025-02-20,2025-02-23,1,0
2259,2025-02-19,completed,,North,141.93,2025-02-19,2068.0,2025-02-22,2025-02-21,2025-02-23,1,0
2260,2025-02-19,cancelled,,South,69.13,2025-02-19,,,,,0,1
2261,2025-02-19,completed,,North,210.04999999999998,2025-02-19,2069.0,2025-02-22,2025-02-20,2025-02-23,1,0
2262,2025-02-19,completed,,North,83.16,2025-02-19,2070.0,2025-02-23,2025-02-21,2025-02-23,1,0
2263,2025-02-19,completed,,Central,37.74,2025-02-19,2071.0,2025-02-21,2025-02-20,2025-02-24,1,0
2264,2025-02-19,completed,,East,69.13,2025-02-19,2072.0,2025-02-22,2025-02-21,2025-02-25,1,0
2265,2025-02-19,cancelled,,East,163.05,2025-02-19,,,,,0,1
2266,2025-02-19,completed,,South,12.22,2025-02-19,2073.0,2025-02-23,2025-02-22,2025-02-23,1,0
2267,2025-02-19,completed,,North,12.22,2025-02-19,2074.0,2025-02-23,2025-02-21,2025-02-24,1,0
2268,2025-02-19,completed,,East,61.39,2025-02-19,2075.0,2025-02-21,,,0,1
2269,2025-02-19,completed,,South,173.9,2025-02-19,2076.0,2025-02-21,2025-02-22,2025-02-23,1,1
2270,2025-02-19,completed,,East,114.06,2025-02-19,2077.0,2025-02-23,2025-02-24,2025-02-26,1,1
2271,2025-02-19,completed,,North,43.73,2025-02-19,2078.0,2025-02-23,2025-02-22,2025-02-25,1,0
2272,2025-02-19,cancelled,,North,83.16,2025-02-19,,,,,0,1
2273,2025-02-19,completed,,East,37.74,2025-02-19,2079.0,2025-02-22,2025-02-21,2025-02-24,1,0
2274,2025-02-19,completed,,South,159.39999999999998,2025-02-19,2080.0,2025-02-21,2025-02-22,2025-02-24,1,1
2275,2025-02-19,completed,,North,200.79000000000002,2025-02-19,2081.0,2025-02-21,2025-02-22,2025-02-25,1,1
2276,2025-02-19,completed,,Central,24.68,2025-02-19,2082.0,2025-02-23,2025-02-20,2025-02-24,1,0
2277,2025-02-19,completed,,North,173.9,2025-02-19,2083.0,2025-02-22,2025-02-22,2025-02-24,1,0
2278,2025-02-19,completed,,Central,205.35000000000002,2025-02-19,2084.0,2025-02-22,2025-02-21,2025-02-22,1,0
2279,2025-02-19,completed,,Central,87.48,2025-02-19,2085.0,2025-02-22,2025-02-22,2025-02-25,1,0
2280,2025-02-19,cancelled,,South,323.81,2025-02-19,,,,,0,1
2281,2025-02-19,completed,,Central,83.16,2025-02-19,2086.0,2025-02-21,2025-02-21,2025-02-24,1,0
2282,2025-02-19,completed,,Central,53.45,2025-02-19,2087.0,2025-02-22,2025-02-26,2025-03-01,1,1
2283,2025-02-19,completed,,North,62.769999999999996,2025-02-19,2088.0,2025-02-22,2025-02-20,2025-02-22,1,0
2284,2025-02-19,completed,,East,157.65,2025-02-19,2089.0,2025-02-22,2025-02-22,2025-02-24,1,0
2285,2025-02-19,processing,,North,43.73,2025-02-19,2090.0,2025-02-22,2025-02-24,2025-02-26,1,1
2286,2025-02-19,completed,,East,224.89,2025-02-19,2091.0,2025-02-22,2025-02-22,2025-02-23,1,0
2287,2025-02-20,processing,,North,432.58,2025-02-20,2092.0,2025-02-23,2025-02-23,2025-02-24,1,0
2288,2025-02-20,completed,,East,135.0,2025-02-20,2093.0,2025-02-24,2025-02-22,2025-02-23,1,0
2289,2025-02-20,unknown_status,,South,315.3,2025-02-20,,,,,0,1
2290,2025-02-20,completed,,East,53.45,2025-02-20,2094.0,2025-02-24,2025-02-21,2025-02-24,1,0
2291,2025-02-20,completed,,North,49.55,2025-02-20,2095.0,2025-02-24,2025-02-25,2025-02-27,1,1
2292,2025-02-20,processing,,East,259.56,2025-02-20,2096.0,2025-02-22,2025-02-21,2025-02-22,1,0
2293,2025-02-20,completed,,East,12.22,2025-02-20,2097.0,2025-02-23,2025-02-23,2025-02-26,1,0
2294,2025-02-20,completed,,Central,78.32,2025-02-20,2098.0,2025-02-22,2025-02-22,2025-02-25,1,0
2295,2025-02-20,completed,,North,83.16,2025-02-20,2099.0,2025-02-23,2025-02-25,2025-03-01,1,1
2296,2025-02-20,completed,,Central,192.36,2025-02-20,2100.0,2025-02-23,2025-02-23,2025-02-25,1,0
2297,2025-02-20,completed,,Central,192.62,2025-02-20,2101.0,2025-02-23,2025-02-22,2025-02-23,1,0
2298,2025-02-20,completed,,South,61.39,2025-02-20,2102.0,2025-02-23,2025-02-23,2025-02-27,1,0
2299,2025-02-20,processing,,East,20.47,2025-02-20,2103.0,2025-02-24,,,0,1
2300,2025-02-20,completed,,North,363.06,2025-02-20,2104.0,2025-02-23,2025-02-25,2025-03-01,1,1
2301,2025-02-20,cancelled,,East,87.46,2025-02-20,,,,,0,1
2302,2025-02-20,refunded,,South,81.08,2025-02-20,,,,,0,1
2303,2025-02-20,completed,,North,163.05,2025-02-20,2105.0,2025-02-23,2025-02-22,2025-02-26,1,0
2304,2025-02-20,completed,,South,99.13,2025-02-20,2106.0,2025-02-23,2025-02-23,2025-02-25,1,0
2305,2025-02-20,processing,,South,262.23,2025-02-20,2107.0,2025-02-22,2025-02-22,2025-02-23,1,0
2306,2025-02-20,completed,,South,12.22,2025-02-20,2108.0,2025-02-23,2025-02-23,2025-02-27,1,0
2307,2025-02-20,completed,,East,366.99,2025-02-20,2109.0,2025-02-22,2025-02-23,2025-02-25,1,1
2308,2025-02-20,completed,,South,283.09,2025-02-20,2110.0,2025-02-23,2025-02-21,2025-02-24,1,0
2309,2025-02-20,completed,,Central,49.22,2025-02-20,2111.0,2025-02-24,2025-02-22,2025-02-23,1,0
2310,2025-02-20,completed,,North,49.55,2025-02-20,2112.0,2025-02-23,2025-02-21,2025-02-23,1,0
2311,2025-02-20,completed,,South,83.16,2025-02-20,2113.0,2025-02-22,2025-02-22,2025-02-24,1,0
2312,2025-02-20,completed,,East,221.67000000000002,2025-02-20,2114.0,2025-02-22,2025-02-25,2025-02-28,1,1
2313,2025-02-20,completed,,South,124.26,2025-02-20,2115.0,2025-02-24,2025-02-22,2025-02-25,1,0
2314,2025-02-20,completed,,East,182.16,2025-02-20,2116.0,2025-02-23,,,0,1
2315,2025-02-20,completed,,Central,24.44,2025-02-20,2117.0,2025-02-23,2025-02-25,2025-02-27,1,1
2316,2025-02-20,completed,,South,157.45999999999998,2025-02-20,2118.0,2025-02-24,2025-02-22,2025-02-23,1,0
2317,2025-02-20,completed,,Central,67.9,2025-02-20,2119.0,2025-02-24,2025-02-22,2025-02-24,1,0
2318,2025-02-20,completed,,North,276.1,2025-02-20,2120.0,2025-02-23,2025-02-22,2025-02-26,1,0
2319,2025-02-21,processing,,North,61.39,2025-02-21,2121.0,2025-02-25,2025-02-22,2025-02-24,1,0
2320,2025-02-21,completed,,South,139.70999999999998,2025-02-21,2122.0,2025-02-24,2025-02-26,2025-03-01,1,1
2321,2025-02-21,completed,,North,83.16,2025-02-21,2123.0,2025-02-24,2025-02-26,2025-02-27,1,1
2322,2025-02-21,completed,,East,20.47,2025-02-21,2124.0,2025-02-23,2025-02-23,2025-02-27,1,0
2323,2025-02-21,completed,,Central,138.05,2025-02-21,2125.0,2025-02-25,2025-02-23,2025-02-24,1,0
2324,2025-02-21,completed,,South,24.61,2025-02-21,2126.0,2025-02-23,2025-02-23,2025-02-24,1,0
2325,2025-02-21,completed,,South,117.99,2025-02-21,2127.0,2025-02-23,2025-02-24,2025-02-26,1,1
2326,2025-02-21,completed,,South,253.25,2025-02-21,2128.0,2025-02-23,2025-02-22,2025-02-23,1,0
2327,2025-02-21,completed,,South,117.99,2025-02-21,2129.0,2025-02-24,2025-02-26,2025-02-27,1,1
2328,2025-02-21,completed,,North,202.48,2025-02-21,2130.0,2025-02-24,2025-02-22,2025-02-25,1,0
2329,2025-02-21,completed,,North,124.94,2025-02-21,2131.0,2025-02-25,2025-02-23,2025-02-26,1,0
2330,2025-02-21,completed,,Central,260.87,2025-02-21,2132.0,2025-02-24,2025-02-23,2025-02-26,1,0
2331,2025-02-21,completed,,North,125.88,2025-02-21,2133.0,2025-02-24,2025-02-23,2025-02-25,1,0
2332,2025-02-21,completed,,East,305.1,2025-02-21,2134.0,2025-02-23,2025-02-23,2025-02-26,1,0
2333,2025-02-21,completed,,North,69.13,2025-02-21,2135.0,2025-02-25,2025-02-24,2025-02-28,1,0
2334,2025-02-21,completed,,Central,122.78,2025-02-21,2136.0,2025-02-23,2025-02-23,2025-02-27,1,0
2335,2025-02-21,completed,,Central,232.76,2025-02-21,2137.0,2025-02-25,,,0,1
2336,2025-02-21,cancelled,,South,156.64,2025-02-21,,,,,0,1
2337,2025-02-21,completed,,East,197.04000000000002,2025-02-21,2138.0,2025-02-23,2025-02-23,2025-02-26,1,0
2338,2025-02-21,completed,,Central,100.26,2025-02-21,2139.0,2025-02-25,2025-02-23,2025-02-25,1,0
2339,2025-02-21,completed,,North,267.18,2025-02-21,2140.0,2025-02-24,2025-02-23,2025-02-24,1,0
2340,2025-02-21,completed,,East,157.65,2025-02-21,2141.0,2025-02-23,2025-02-23,2025-02-27,1,0
2341,2025-02-21,completed,,East,138.26,2025-02-21,2142.0,2025-02-24,2025-02-24,2025-02-26,1,0
2342,2025-02-21,processing,,North,69.42,2025-02-21,2143.0,2025-02-24,2025-02-24,2025-02-25,1,0
2343,2025-02-21,completed,,South,126.84,2025-02-21,2144.0,2025-02-25,2025-02-23,2025-02-24,1,0
2344,2025-02-21,processing,,North,63.16,2025-02-21,2145.0,2025-02-23,2025-02-26,2025-02-27,1,1
2345,2025-02-21,completed,,North,57.71,2025-02-21,2146.0,2025-02-23,2025-02-23,2025-02-24,1,0
2346,2025-02-21,completed,,Central,173.9,2025-02-21,2147.0,2025-02-24,2025-02-26,2025-03-01,1,1
2347,2025-02-21,completed,,South,83.16,2025-02-21,2148.0,2025-02-24,2025-02-23,2025-02-24,1,0
2348,2025-02-21,completed,,South,171.28,2025-02-21,2149.0,2025-02-24,2025-02-24,2025-02-28,1,0
2349,2025-02-21,processing,,North,96.1,2025-02-21,2150.0,2025-02-25,2025-02-23,2025-02-24,1,0
2350,2025-02-21,completed,,South,163.05,2025-02-21,2151.0,2025-02-25,2025-02-23,2025-02-25,1,0
2351,2025-02-21,completed,,East,24.61,2025-02-21,2152.0,2025-02-24,2025-02-24,2025-02-26,1,0
2352,2025-02-21,completed,,East,31.58,2025-02-21,2153.0,2025-02-23,2025-02-26,2025-02-28,1,1
2353,2025-02-21,completed,,Central,527.25,2025-02-21,2154.0,2025-02-23,2025-02-24,2025-02-25,1,1
2354,2025-02-21,completed,,South,117.99,2025-02-21,2155.0,2025-02-25,2025-02-24,2025-02-26,1,0
2355,2025-02-21,completed,,East,401.06,2025-02-21,2156.0,2025-02-24,2025-02-28,2025-03-02,1,1
2356,2025-02-21,completed,,Central,61.15,2025-02-21,2157.0,2025-02-24,2025-02-23,2025-02-24,1,0
2357,2025-02-21,completed,,North,53.45,2025-02-21,2158.0,2025-02-23,2025-02-23,2025-02-24,1,0
2358,2025-02-22,completed,,East,141.93,2025-02-22,2159.0,2025-02-25,2025-02-27,2025-03-02,1,1
2359,2025-02-22,completed,,East,609.86,2025-02-22,2160.0,2025-02-25,2025-02-25,2025-02-28,1,0
2360,2025-02-22,completed,,Central,115.42,2025-02-22,2161.0,2025-02-25,2025-02-23,2025-02-24,1,0
2361,2025-02-22,completed,,South,93.3,2025-02-22,2162.0,2025-02-25,2025-02-24,2025-02-26,1,0
2362,2025-02-22,completed,,North,125.44,2025-02-22,2163.0,2025-02-26,2025-02-24,2025-02-26,1,0
2363,2025-02-22,completed,,East,124.26,2025-02-22,2164.0,2025-02-26,2025-02-27,2025-03-03,1,1
2364,2025-02-22,completed,,North,24.44,2025-02-22,2165.0,2025-02-26,2025-02-23,2025-02-27,1,0
2365,2025-02-22,cancelled,,North,32.69,2025-02-22,,,,,0,1
2366,2025-02-22,completed,,East,320.46999999999997,2025-02-22,2166.0,2025-02-25,2025-02-27,2025-02-28,1,1
2367,2025-02-22,completed,,Central,122.19,2025-02-22,2167.0,2025-02-24,2025-02-23,2025-02-26,1,0
2368,2025-02-22,completed,,East,387.5,2025-02-22,2168.0,2025-02-24,2025-02-27,2025-03-02,1,1
2369,2025-02-22,refunded,,East,248.12,2025-02-22,,,,,0,1
2370,2025-02-22,completed,,South,24.61,2025-02-22,2169.0,2025-02-25,2025-02-23,2025-02-24,1,0
2371,2025-02-22,completed,,South,251.76,2025-02-22,2170.0,2025-02-25,2025-02-24,2025-02-26,1,0
2372,2025-02-22,completed,,North,74.04,2025-02-22,2171.0,2025-02-25,,,0,1
2373,2025-02-22,completed,,South,237.62,2025-02-22,2172.0,2025-02-25,2025-02-25,2025-02-28,1,0
2374,2025-02-22,processing,,South,380.19,2025-02-22,2173.0,2025-02-26,2025-02-25,2025-03-01,1,0
2375,2025-02-22,completed,,North,73.61,2025-02-22,2174.0,2025-02-24,2025-02-24,2025-02-25,1,0
2376,2025-02-22,completed,,North,229.27,2025-02-22,2175.0,2025-02-25,2025-02-23,2025-02-26,1,0
2377,2025-02-22,processing,,East,20.47,2025-02-22,2176.0,2025-02-25,2025-02-24,2025-02-26,1,0
2378,2025-02-22,completed,,North,124.26,2025-02-22,2177.0,2025-02-26,2025-02-25,2025-03-01,1,0
2379,2025-02-22,completed,,South,260.19,2025-02-22,2178.0,2025-02-25,2025-02-25,2025-02-26,1,0
2380,2025-02-22,completed,,South,160.35,2025-02-22,2179.0,2025-02-26,2025-02-25,2025-03-01,1,0
2381,2025-02-22,completed,,Central,157.65,2025-02-22,2180.0,2025-02-25,2025-02-24,2025-02-25,1,0
2382,2025-02-22,completed,,Central,34.71,2025-02-22,2181.0,2025-02-25,2025-02-27,2025-02-28,1,1
2383,2025-02-22,completed,,East,61.39,2025-02-22,2182.0,2025-02-24,2025-02-27,2025-02-28,1,1
2384,2025-02-22,completed,,Central,45.95,2025-02-22,2183.0,2025-02-25,2025-03-01,2025-03-03,1,1
2385,2025-02-22,completed,,South,70.59,2025-02-22,2184.0,2025-02-25,2025-02-24,2025-02-28,1,0
2386,2025-02-22,completed,,Central,53.16,2025-02-22,2185.0,2025-02-25,2025-02-25,2025-02-27,1,0
2387,2025-02-22,completed,,Central,42.3,2025-02-22,2186.0,2025-02-25,2025-02-24,2025-02-28,1,0
2388,2025-02-22,completed,,North,287.14,2025-02-22,2187.0,2025-02-25,2025-02-24,2025-02-27,1,0
2389,2025-02-22,completed,,East,20.47,2025-02-22,2188.0,2025-02-24,,,0,1
2390,2025-02-22,completed,,South,31.58,2025-02-22,2189.0,2025-02-25,2025-02-24,2025-02-27,1,0
2391,2025-02-22,completed,,Central,19.71,2025-02-22,2190.0,2025-02-25,2025-02-25,2025-03-01,1,0
2392,2025-02-22,completed,,Central,53.45,2025-02-22,2191.0,2025-02-26,2025-02-24,2025-02-28,1,0
2393,2025-02-23,completed,,East,213.89,2025-02-23,2192.0,2025-02-26,2025-02-26,2025-02-27,1,0
2394,2025-02-23,completed,,East,157.65,2025-02-23,2193.0,2025-02-26,2025-03-02,2025-03-05,1,1
2395,2025-02-23,processing,,South,122.78,2025-02-23,2194.0,2025-02-25,2025-02-26,2025-03-02,1,1
2396,2025-02-23,completed,,East,53.45,2025-02-23,2195.0,2025-02-26,2025-02-25,2025-02-26,1,0
2397,2025-02-23,completed,,East,21.34,2025-02-23,2196.0,2025-02-27,2025-02-24,2025-02-27,1,0
2398,2025-02-23,processing,,Central,399.45000000000005,2025-02-23,2197.0,2025-02-26,2025-03-02,2025-03-04,1,1
2399,2025-02-23,completed,,South,176.4,2025-02-23,2198.0,2025-02-25,2025-02-26,2025-03-01,1,1
2400,2025-02-23,completed,,South,87.48,2025-02-23,2199.0,2025-02-27,2025-02-26,2025-02-28,1,0
2401,2025-02-23,completed,,East,61.39,2025-02-23,2200.0,2025-02-26,2025-02-26,2025-02-28,1,0
2402,2025-02-23,completed,,Central,252.19,2025-02-23,2201.0,2025-02-25,2025-02-25,2025-02-28,1,0
2403,2025-02-23,completed,,South,88.2,2025-02-23,2202.0,2025-02-26,2025-02-26,2025-02-28,1,0
2404,2025-02-23,completed,,East,138.05,2025-02-23,2203.0,2025-02-27,2025-02-25,2025-02-28,1,0
2405,2025-02-23,completed,,East,53.45,2025-02-23,2204.0,2025-02-26,2025-02-26,2025-03-01,1,0
2406,2025-02-23,completed,,North,69.13,2025-02-23,2205.0,2025-02-26,2025-02-25,2025-02-26,1,0
2407,2025-02-23,completed,,East,488.12,2025-02-23,2206.0,2025-02-25,2025-02-24,2025-02-27,1,0
2408,2025-02-23,completed,,South,12.22,2025-02-23,2207.0,2025-02-25,2025-02-25,2025-02-26,1,0
2409,2025-02-23,processing,,North,83.16,2025-02-23,2208.0,2025-02-26,2025-02-26,2025-03-01,1,0
2410,2025-02-23,completed,,Central,267.76,2025-02-23,2209.0,2025-02-26,2025-02-25,2025-02-26,1,0
2411,2025-02-23,completed,,South,291.12,2025-02-23,2210.0,2025-02-27,,,0,1
2412,2025-02-23,completed,,East,110.19,2025-02-23,2211.0,2025-02-25,2025-02-25,2025-02-28,1,0
2413,2025-02-23,refunded,,East,78.32,2025-02-23,,,,,0,1
2414,2025-02-23,completed,,South,365.55,2025-02-23,2212.0,2025-02-25,2025-02-26,2025-02-27,1,1
2415,2025-02-23,processing,,Central,61.39,2025-02-23,2213.0,2025-02-25,2025-02-25,2025-03-01,1,0
2416,2025-02-23,completed,,Central,450.36,2025-02-23,2214.0,2025-02-27,2025-02-25,2025-02-27,1,0
2417,2025-02-23,processing,,North,117.99,2025-02-23,2215.0,2025-02-26,2025-02-28,2025-03-01,1,1
2418,2025-02-23,completed,,North,141.93,2025-02-23,2216.0,2025-02-26,2025-02-25,2025-03-01,1,0
2419,2025-02-23,completed,,South,59.69,2025-02-23,2217.0,2025-02-26,2025-02-26,2025-03-01,1,0
2420,2025-02-23,completed,,Central,163.05,2025-02-23,2218.0,2025-02-26,2025-02-25,2025-02-27,1,0
2421,2025-02-23,completed,,North,61.39,2025-02-23,2219.0,2025-02-25,2025-02-25,2025-03-01,1,0
2422,2025-02-23,completed,,Central,342.21,2025-02-23,2220.0,2025-02-26,2025-02-24,2025-02-26,1,0
2423,2025-02-23,processing,,North,20.47,2025-02-23,2221.0,2025-02-26,2025-02-25,2025-03-01,1,0
2424,2025-02-23,completed,,South,99.1,2025-02-23,2222.0,2025-02-27,2025-02-25,2025-03-01,1,0
2425,2025-02-23,completed,,East,42.3,2025-02-23,2223.0,2025-02-25,2025-02-25,2025-02-27,1,0
2426,2025-02-23,completed,,South,31.58,2025-02-23,2224.0,2025-02-26,2025-02-28,2025-03-03,1,1
2427,2025-02-23,completed,,Central,310.93,2025-02-23,2225.0,2025-02-26,2025-02-26,2025-03-01,1,0
2428,2025-02-23,processing,,Central,61.39,2025-02-23,2226.0,2025-02-26,2025-02-26,2025-02-27,1,0
2429,2025-02-23,completed,,North,167.31,2025-02-23,2227.0,2025-02-26,2025-02-26,2025-03-01,1,0
2430,2025-02-23,completed,,East,115.42,2025-02-23,2228.0,2025-02-25,2025-02-25,2025-02-26,1,0
2431,2025-02-23,completed,,Central,31.58,2025-02-23,2229.0,2025-02-27,2025-02-25,2025-02-27,1,0
2432,2025-02-23,completed,,North,124.06,2025-02-23,2230.0,2025-02-26,2025-02-25,2025-02-28,1,0
2433,2025-02-23,completed,,East,12.22,2025-02-23,2231.0,2025-02-26,2025-02-24,2025-02-28,1,0
2434,2025-02-23,processing,,South,264.6,2025-02-23,2232.0,2025-02-27,2025-02-26,2025-02-28,1,0
2435,2025-02-23,cancelled,,Central,164.65,2025-02-23,,,,,0,1
2436,2025-02-23,completed,,East,34.71,2025-02-23,2233.0,2025-02-26,2025-02-26,2025-03-02,1,0
2437,2025-02-23,completed,,East,157.65,2025-02-23,2234.0,2025-02-27,2025-03-02,2025-03-04,1,1
2438,2025-02-23,completed,,Central,186.39,2025-02-23,2235.0,2025-02-27,2025-02-24,2025-02-28,1,0
2439,2025-02-23,completed,,Central,125.88,2025-02-23,2236.0,2025-02-26,2025-02-24,2025-02-28,1,0
2440,2025-02-23,completed,,East,117.99,2025-02-23,2237.0,2025-02-26,2025-02-25,2025-02-26,1,0
2441,2025-02-24,completed,,East,217.59,2025-02-24,2238.0,2025-02-28,2025-02-25,2025-02-27,1,0
2442,2025-02-24,processing,,South,192.36,2025-02-24,2239.0,2025-02-27,2025-02-27,2025-02-28,1,0
2443,2025-02-24,completed,,Central,53.45,2025-02-24,2240.0,2025-02-27,2025-03-01,2025-03-05,1,1
2444,2025-02-24,completed,,South,59.69,2025-02-24,2241.0,2025-02-27,2025-02-26,2025-03-01,1,0
2445,2025-02-24,completed,,Central,21.34,2025-02-24,2242.0,2025-02-27,2025-03-01,2025-03-02,1,1
2446,2025-02-24,completed,,East,57.71,2025-02-24,2243.0,2025-02-28,2025-02-25,2025-02-28,1,0
2447,2025-02-24,completed,,North,69.13,2025-02-24,2244.0,2025-02-26,2025-03-01,2025-03-02,1,1
2448,2025-02-24,completed,,South,144.31,2025-02-24,2245.0,2025-02-27,2025-02-25,2025-02-26,1,0
2449,2025-02-24,completed,,East,78.32,2025-02-24,2246.0,2025-02-26,2025-03-03,2025-03-06,1,1
2450,2025-02-24,cancelled,,South,253.77999999999997,2025-02-24,,,,,0,1
2451,2025-02-24,completed,,Central,152.53,2025-02-24,2247.0,2025-02-28,2025-03-03,2025-03-04,1,1
2452,2025-02-24,completed,,Central,78.06,2025-02-24,2248.0,2025-02-26,2025-03-01,2025-03-02,1,1
2453,2025-02-24,completed,,South,57.71,2025-02-24,2249.0,2025-02-28,2025-02-26,2025-03-01,1,0
2454,2025-02-24,completed,,South,264.71000000000004,2025-02-24,2250.0,2025-02-27,2025-02-26,2025-03-01,1,0
2455,2025-02-24,completed,,Central,42.68,2025-02-24,2251.0,2025-02-26,2025-02-26,2025-02-27,1,0
2456,2025-02-24,completed,,North,31.58,2025-02-24,2252.0,2025-02-27,2025-02-27,2025-02-28,1,0
2457,2025-02-24,completed,,Central,61.39,2025-02-24,2253.0,2025-02-27,2025-02-26,2025-03-01,1,0
2458,2025-02-24,cancelled,,Central,230.46,2025-02-24,,,,,0,1
2459,2025-02-24,processing,,North,9.2,2025-02-24,2254.0,2025-02-27,2025-02-25,2025-02-28,1,0
2460,2025-02-24,completed,,South,24.61,2025-02-24,2255.0,2025-02-27,2025-02-26,2025-02-27,1,0
2461,2025-02-24,completed,,Central,354.78000000000003,2025-02-24,2256.0,2025-02-27,2025-02-26,2025-03-01,1,0
2462,2025-02-24,completed,,North,24.61,2025-02-24,2257.0,2025-02-27,2025-02-26,2025-03-02,1,0
2463,2025-02-24,completed,,Central,20.47,2025-02-24,2258.0,2025-02-28,2025-02-25,2025-02-27,1,0
2464,2025-02-24,completed,,North,62.35,2025-02-24,2259.0,2025-02-27,2025-02-27,2025-03-01,1,0
2465,2025-02-24,completed,,South,157.65,2025-02-24,2260.0,2025-02-27,2025-02-27,2025-02-28,1,0
2466,2025-02-24,completed,,South,24.61,2025-02-24,2261.0,2025-02-28,2025-02-27,2025-02-28,1,0
2467,2025-02-24,completed,,South,122.78,2025-02-24,2262.0,2025-02-26,2025-02-25,2025-02-27,1,0
2468,2025-02-24,completed,,North,203.66,2025-02-24,2263.0,2025-02-26,2025-02-26,2025-02-28,1,0
2469,2025-02-24,processing,,Central,313.64,2025-02-24,2264.0,2025-02-26,2025-02-26,2025-02-28,1,0
2470,2025-02-24,completed,,North,186.64000000000001,2025-02-24,2265.0,2025-02-27,2025-02-27,2025-03-02,1,0
2471,2025-02-24,completed,,South,82.15,2025-02-24,2266.0,2025-02-27,2025-03-01,2025-03-05,1,1
2472,2025-02-24,completed,,North,49.29,2025-02-24,2267.0,2025-02-27,2025-02-27,2025-03-03,1,0
2473,2025-02-24,completed,,East,156.58999999999997,2025-02-24,2268.0,2025-02-26,2025-03-03,2025-03-04,1,1
2474,2025-02-24,completed,,North,12.22,2025-02-24,2269.0,2025-02-27,2025-02-27,2025-02-28,1,0
2475,2025-02-24,processing,,South,78.32,2025-02-24,2270.0,2025-02-26,2025-02-27,2025-03-01,1,1
2476,2025-02-24,completed,,North,249.48,2025-02-24,2271.0,2025-02-26,2025-03-01,2025-03-04,1,1
2477,2025-02-24,completed,,South,425.79,2025-02-24,2272.0,2025-02-27,2025-03-03,2025-03-05,1,1
2478,2025-02-24,processing,,East,274.58,2025-02-24,2273.0,2025-02-26,2025-02-25,2025-02-26,1,0
2479,2025-02-24,processing,,South,202.48,2025-02-24,2274.0,2025-02-27,2025-02-26,2025-03-02,1,0
2480,2025-02-24,completed,,North,59.69,2025-02-24,2275.0,2025-02-27,2025-02-25,2025-03-01,1,0
2481,2025-02-24,unknown_status,,North,12.22,2025-02-24,,,,,0,1
2482,2025-02-24,completed,,East,153.28,2025-02-24,2276.0,2025-02-27,,,0,1
2483,2025-02-24,completed,,East,75.48,2025-02-24,2277.0,2025-02-27,2025-02-26,2025-03-02,1,0
2484,2025-02-24,completed,,North,72.47,2025-02-24,2278.0,2025-02-27,2025-02-25,2025-03-01,1,0
2485,2025-02-24,completed,,North,61.15,2025-02-24,2279.0,2025-02-26,2025-02-26,2025-03-01,1,0
2486,2025-02-24,completed,,Central,72.47,2025-02-24,2280.0,2025-02-27,2025-02-27,2025-03-03,1,0
2487,2025-02-24,completed,,East,72.47,2025-02-24,2281.0,2025-02-28,2025-02-27,2025-03-03,1,0
2488,2025-02-24,completed,,North,83.16,2025-02-24,2282.0,2025-02-27,2025-03-03,2025-03-07,1,1
2489,2025-02-24,completed,,North,219.04000000000002,2025-02-24,2283.0,2025-02-27,2025-02-27,2025-03-03,1,0
2490,2025-02-25,completed,,Central,287.08,2025-02-25,2284.0,2025-02-27,2025-02-26,2025-02-28,1,0
2491,2025-02-25,completed,,North,24.68,2025-02-25,2285.0,2025-02-27,2025-03-02,2025-03-04,1,1
2492,2025-02-25,completed,,North,53.45,2025-02-25,2286.0,2025-02-28,2025-02-27,2025-03-03,1,0
2493,2025-02-25,completed,,East,24.61,2025-02-25,2287.0,2025-02-27,2025-02-27,2025-03-01,1,0
2494,2025-02-25,completed,,North,53.45,2025-02-25,2288.0,2025-03-01,2025-02-28,2025-03-02,1,0
2495,2025-02-25,completed,,East,127.88,2025-02-25,2289.0,2025-02-28,2025-02-26,2025-03-02,1,0
2496,2025-02-25,completed,,South,388.22,2025-02-25,2290.0,2025-03-01,2025-02-28,2025-03-01,1,0
2497,2025-02-25,completed,,Central,130.01,2025-02-25,2291.0,2025-02-28,2025-03-02,2025-03-04,1,1
2498,2025-02-25,processing,,East,75.66,2025-02-25,2292.0,2025-02-27,2025-02-28,2025-03-01,1,1
2499,2025-02-25,completed,,North,138.05,2025-02-25,2293.0,2025-02-28,2025-02-28,2025-03-01,1,0
2500,2025-02-25,completed,,Central,141.93,2025-02-25,2294.0,2025-02-27,2025-02-26,2025-02-27,1,0
2501,2025-02-25,completed,,North,53.45,2025-02-25,2295.0,2025-02-28,2025-02-27,2025-03-03,1,0
2502,2025-02-25,completed,,South,248.52,2025-02-25,2296.0,2025-03-01,2025-02-28,2025-03-03,1,0
2503,2025-02-25,completed,,East,144.79,2025-02-25,2297.0,2025-03-01,2025-02-27,2025-03-02,1,0
2504,2025-02-25,completed,,Central,34.71,2025-02-25,2298.0,2025-02-27,2025-02-28,2025-03-01,1,1
2505,2025-02-25,completed,,East,20.47,2025-02-25,2299.0,2025-02-28,2025-02-27,2025-03-01,1,0
2506,2025-02-25,completed,,East,315.3,2025-02-25,2300.0,2025-02-28,2025-02-26,2025-02-27,1,0
2507,2025-02-25,completed,,South,78.32,2025-02-25,2301.0,2025-02-28,2025-02-26,2025-03-01,1,0
2508,2025-02-25,completed,,North,57.71,2025-02-25,2302.0,2025-03-01,2025-02-26,2025-03-02,1,0
2509,2025-02-25,completed,,South,53.45,2025-02-25,2303.0,2025-02-28,2025-02-28,2025-03-01,1,0
2510,2025-02-25,completed,,North,339.74,2025-02-25,2304.0,2025-03-01,2025-02-27,2025-03-03,1,0
2511,2025-02-25,completed,,South,88.2,2025-02-25,2305.0,2025-02-28,2025-02-27,2025-03-02,1,0
2512,2025-02-25,cancelled,,East,377.90999999999997,2025-02-25,,,,,0,1
2513,2025-02-25,completed,,East,219.33999999999997,2025-02-25,2306.0,2025-02-27,2025-02-27,2025-03-02,1,0
2514,2025-02-25,completed,,North,157.65,2025-02-25,2307.0,2025-02-28,2025-02-27,2025-03-02,1,0
2515,2025-02-25,completed,,South,20.47,2025-02-25,2308.0,2025-03-01,2025-02-27,2025-03-01,1,0
2516,2025-02-25,completed,,North,260.19,2025-02-25,2309.0,2025-02-28,2025-02-27,2025-03-02,1,0
2517,2025-02-25,completed,,South,213.95000000000002,2025-02-25,2310.0,2025-02-27,2025-02-28,2025-03-01,1,1
2518,2025-02-25,processing,,South,286.63,2025-02-25,2311.0,2025-02-28,2025-02-27,2025-03-02,1,0
2519,2025-02-25,completed,,North,72.47,2025-02-25,2312.0,2025-02-28,2025-02-28,2025-03-03,1,0
2520,2025-02-25,completed,,North,114.74,2025-02-25,2313.0,2025-02-27,2025-02-28,2025-03-02,1,1
2521,2025-02-25,cancelled,,East,57.71,2025-02-25,,,,,0,1
2522,2025-02-25,completed,,South,326.16,2025-02-25,2314.0,2025-03-01,2025-02-27,2025-03-02,1,0
2523,2025-02-25,completed,,Central,40.94,2025-02-25,2315.0,2025-02-27,,,0,1
2524,2025-02-25,processing,,Central,163.05,2025-02-25,2316.0,2025-02-28,2025-02-27,2025-03-03,1,0
2525,2025-02-25,completed,,Central,20.47,2025-02-25,2317.0,2025-03-01,2025-02-28,2025-03-03,1,0
2526,2025-02-25,completed,,South,90.11,2025-02-25,2318.0,2025-02-27,2025-02-27,2025-02-28,1,0
2527,2025-02-26,completed,,East,283.86,2025-02-26,2319.0,2025-03-01,2025-03-01,2025-03-03,1,0
2528,2025-02-26,completed,,South,49.55,2025-02-26,2320.0,2025-03-01,2025-02-28,2025-03-04,1,0
2529,2025-02-26,processing,,Central,141.65,2025-02-26,2321.0,2025-03-01,2025-02-27,2025-02-28,1,0
2530,2025-02-26,completed,,Central,31.58,2025-02-26,2322.0,2025-03-01,2025-02-28,2025-03-02,1,0
2531,2025-02-26,processing,,Central,40.94,2025-02-26,2323.0,2025-02-28,2025-03-05,2025-03-06,1,1
2532,2025-02-26,completed,,Central,117.99,2025-02-26,2324.0,2025-02-28,2025-02-28,2025-03-01,1,0
2533,2025-02-26,completed,,North,138.26,2025-02-26,2325.0,2025-03-01,2025-02-28,2025-03-01,1,0
2534,2025-02-26,completed,,Central,61.39,2025-02-26,2326.0,2025-02-28,2025-03-01,2025-03-02,1,1
2535,2025-02-26,cancelled,,North,57.71,2025-02-26,,,,,0,1
2536,2025-02-26,completed,,North,39.42,2025-02-26,2327.0,2025-03-01,2025-03-03,2025-03-05,1,1
2537,2025-02-26,completed,,North,149.35,2025-02-26,2328.0,2025-03-01,2025-03-03,2025-03-07,1,1
2538,2025-02-26,completed,,South,53.45,2025-02-26,2329.0,2025-03-02,2025-02-28,2025-03-04,1,0
2539,2025-02-26,completed,,Central,66.28999999999999,2025-02-26,2330.0,2025-03-01,2025-02-28,2025-03-04,1,0
2540,2025-02-26,completed,,North,125.88,2025-02-26,2331.0,2025-03-01,2025-03-01,2025-03-03,1,0
2541,2025-02-26,completed,,North,168.3,2025-02-26,2332.0,2025-03-01,2025-03-01,2025-03-03,1,0
2542,2025-02-26,completed,,South,142.16,2025-02-26,2333.0,2025-03-01,2025-02-28,2025-03-03,1,0
2543,2025-02-26,completed,,South,315.3,2025-02-26,2334.0,2025-03-01,2025-03-01,2025-03-04,1,0
2544,2025-02-26,completed,,North,144.94,2025-02-26,2335.0,2025-03-01,2025-03-03,2025-03-07,1,1
2545,2025-02-26,completed,,Central,124.26,2025-02-26,2336.0,2025-03-02,2025-03-01,2025-03-02,1,0
2546,2025-02-26,completed,,North,31.58,2025-02-26,2337.0,2025-03-01,2025-03-01,2025-03-03,1,0
2547,2025-02-26,processing,,Central,114.06,2025-02-26,2338.0,2025-03-02,2025-02-27,2025-03-02,1,0
2548,2025-02-26,completed,,North,63.16,2025-02-26,2339.0,2025-03-01,2025-02-27,2025-03-03,1,0
2549,2025-02-26,cancelled,,East,101.03,2025-02-26,,,,,0,1
2550,2025-02-26,completed,,Central,9.2,2025-02-26,2340.0,2025-03-01,2025-03-01,2025-03-03,1,0
2551,2025-02-26,completed,,South,122.78,2025-02-26,2341.0,2025-03-01,2025-02-28,2025-03-02,1,0
2552,2025-02-26,completed,,East,43.73,2025-02-26,2342.0,2025-03-01,2025-02-28,2025-03-01,1,0
2553,2025-02-26,completed,,Central,202.48,2025-02-26,2343.0,2025-03-02,2025-03-03,2025-03-07,1,1
2554,2025-02-26,completed,,Central,29.56,2025-02-26,2344.0,2025-03-01,2025-02-28,2025-03-01,1,0
2555,2025-02-26,refunded,,Central,57.71,2025-02-26,,,,,0,1
2556,2025-02-26,processing,,East,202.48,2025-02-26,2345.0,2025-02-28,2025-02-28,2025-03-02,1,0
2557,2025-02-26,completed,,East,69.13,2025-02-26,2346.0,2025-03-02,2025-03-01,2025-03-03,1,0
2558,2025-02-26,completed,,East,81.08,2025-02-26,2347.0,2025-03-02,2025-03-01,2025-03-04,1,0
2559,2025-02-26,completed,,Central,83.16,2025-02-26,2348.0,2025-03-01,2025-02-28,2025-03-01,1,0
2560,2025-02-26,completed,,Central,57.71,2025-02-26,2349.0,2025-03-01,2025-02-28,2025-03-02,1,0
2561,2025-02-26,completed,,East,24.61,2025-02-26,2350.0,2025-03-01,2025-03-01,2025-03-05,1,0
2562,2025-02-26,completed,,North,514.5,2025-02-26,2351.0,2025-03-02,2025-03-01,2025-03-04,1,0
2563,2025-02-26,completed,,Central,24.61,2025-02-26,2352.0,2025-03-01,2025-03-03,2025-03-05,1,1
2564,2025-02-26,completed,,East,315.3,2025-02-26,2353.0,2025-03-02,2025-02-27,2025-03-03,1,0
2565,2025-02-26,completed,,North,147.37,2025-02-26,2354.0,2025-03-02,2025-03-03,2025-03-06,1,1
2566,2025-02-26,completed,,North,188.2,2025-02-26,2355.0,2025-03-01,2025-02-28,2025-03-03,1,0
2567,2025-02-26,completed,,North,81.03,2025-02-26,2356.0,2025-02-28,2025-02-28,2025-03-04,1,0
2568,2025-02-26,completed,,Central,21.34,2025-02-26,2357.0,2025-03-01,2025-02-27,2025-03-01,1,0
2569,2025-02-27,completed,,East,83.16,2025-02-27,2358.0,2025-03-01,2025-03-04,2025-03-07,1,1
2570,2025-02-27,completed,,North,114.06,2025-02-27,2359.0,2025-03-02,2025-03-02,2025-03-04,1,0
2571,2025-02-27,unknown_status,,South,84.15,2025-02-27,,,,,0,1
2572,2025-02-27,completed,,Central,285.64,2025-02-27,2360.0,2025-03-02,2025-03-02,2025-03-03,1,0
2573,2025-02-27,completed,,North,138.05,2025-02-27,2361.0,2025-03-02,,,0,1
2574,2025-02-27,completed,,South,249.48,2025-02-27,2362.0,2025-03-02,2025-03-01,2025-03-05,1,0
2575,2025-02-27,completed,,South,69.93,2025-02-27,2363.0,2025-03-02,2025-03-01,2025-03-04,1,0
2576,2025-02-27,processing,,East,21.34,2025-02-27,2364.0,2025-03-02,2025-03-02,2025-03-03,1,0
2577,2025-02-27,completed,,South,21.34,2025-02-27,2365.0,2025-03-02,2025-03-01,2025-03-03,1,0
2578,2025-02-27,completed,,Central,216.5,2025-02-27,2366.0,2025-03-01,,,0,1
2579,2025-02-27,completed,,South,157.65,2025-02-27,2367.0,2025-03-02,2025-03-02,2025-03-03,1,0
2580,2025-02-27,completed,,South,84.15,2025-02-27,2368.0,2025-03-02,2025-02-28,2025-03-01,1,0
2581,2025-02-27,completed,,Central,244.64999999999998,2025-02-27,2369.0,2025-03-03,2025-03-01,2025-03-03,1,0
2582,2025-02-27,completed,,North,163.05,2025-02-27,2370.0,2025-03-02,2025-03-01,2025-03-05,1,0
2583,2025-02-27,completed,,East,99.1,2025-02-27,2371.0,2025-03-02,2025-03-02,2025-03-04,1,0
2584,2025-02-27,completed,,Central,220.96,2025-02-27,2372.0,2025-03-03,2025-03-01,2025-03-05,1,0
2585,2025-02-27,completed,,Central,34.71,2025-02-27,2373.0,2025-03-02,2025-03-01,2025-03-05,1,0
2586,2025-02-27,completed,,East,163.05,2025-02-27,2374.0,2025-03-01,,,0,1
2587,2025-02-27,processing,,East,232.18,2025-02-27,2375.0,2025-03-01,2025-03-01,2025-03-05,1,0
2588,2025-02-27,completed,,North,396.85,2025-02-27,2376.0,2025-03-02,2025-03-01,2025-03-05,1,0
2589,2025-02-27,cancelled,,Central,286.63,2025-02-27,,,,,0,1
2590,2025-02-27,completed,,North,157.65,2025-02-27,2377.0,2025-03-02,2025-03-02,2025-03-06,1,0
2591,2025-02-27,processing,,South,256.45,2025-02-27,2378.0,2025-03-02,2025-03-01,2025-03-05,1,0
2592,2025-02-27,completed,,East,12.22,2025-02-27,2379.0,2025-03-01,2025-03-01,2025-03-05,1,0
2593,2025-02-27,completed,,Central,187.26999999999998,2025-02-27,2380.0,2025-03-02,2025-03-01,2025-03-02,1,0
2594,2025-02-27,completed,,North,161.65,2025-02-27,2381.0,2025-03-01,2025-03-01,2025-03-04,1,0
2595,2025-02-27,completed,,North,125.88,2025-02-27,2382.0,2025-03-02,2025-03-01,2025-03-04,1,0
2596,2025-02-27,completed,,North,125.88,2025-02-27,2383.0,2025-03-03,2025-03-02,2025-03-04,1,0
2597,2025-02-27,completed,,North,504.96999999999997,2025-02-27,2384.0,2025-03-01,2025-03-02,2025-03-06,1,1
2598,2025-02-27,completed,,North,233.07,2025-02-27,2385.0,2025-03-02,2025-03-01,2025-03-02,1,0
2599,2025-02-27,processing,,South,61.39,2025-02-27,2386.0,2025-03-01,2025-03-02,2025-03-03,1,1
2600,2025-02-27,completed,,East,141.93,2025-02-27,2387.0,2025-03-02,2025-03-01,2025-03-02,1,0
2601,2025-02-27,completed,,East,81.08,2025-02-27,2388.0,2025-03-03,2025-03-02,2025-03-04,1,0
2602,2025-02-27,completed,,East,173.9,2025-02-27,2389.0,2025-03-02,2025-03-01,2025-03-05,1,0
2603,2025-02-27,completed,,Central,83.16,2025-02-27,2390.0,2025-03-01,2025-03-02,2025-03-03,1,1
2604,2025-02-27,completed,,North,171.28,2025-02-27,2391.0,2025-03-02,,,0,1
2605,2025-02-27,completed,,East,53.45,2025-02-27,2392.0,2025-03-01,2025-03-01,2025-03-03,1,0
2606,2025-02-28,unknown_status,,Central,20.47,2025-02-28,,,,,0,1
2607,2025-02-28,completed,,North,122.78,2025-02-28,2393.0,2025-03-04,2025-03-03,2025-03-06,1,0
2608,2025-02-28,processing,,East,122.78,2025-02-28,2394.0,2025-03-03,2025-03-02,2025-03-04,1,0
2609,2025-02-28,completed,,North,251.76,2025-02-28,2395.0,2025-03-03,2025-03-02,2025-03-04,1,0
2610,2025-02-28,completed,,Central,141.93,2025-02-28,2396.0,2025-03-03,2025-03-01,2025-03-04,1,0
2611,2025-02-28,completed,,South,157.65,2025-02-28,2397.0,2025-03-03,,,0,1
2612,2025-02-28,completed,,South,43.73,2025-02-28,2398.0,2025-03-03,2025-03-03,2025-03-06,1,0
2613,2025-02-28,completed,,North,72.47,2025-02-28,2399.0,2025-03-04,2025-03-03,2025-03-06,1,0
2614,2025-02-28,completed,,Central,144.0,2025-02-28,2400.0,2025-03-03,2025-03-05,2025-03-06,1,1
2615,2025-02-28,completed,,South,124.06,2025-02-28,2401.0,2025-03-04,2025-03-03,2025-03-04,1,0
2616,2025-02-28,completed,,East,163.05,2025-02-28,2402.0,2025-03-03,2025-03-03,2025-03-06,1,0
2617,2025-02-28,completed,,South,61.39,2025-02-28,2403.0,2025-03-04,2025-03-02,2025-03-04,1,0
2618,2025-02-28,completed,,South,24.44,2025-02-28,2404.0,2025-03-04,2025-03-01,2025-03-02,1,0
2619,2025-02-28,completed,,East,125.88,2025-02-28,2405.0,2025-03-03,2025-03-02,2025-03-05,1,0
2620,2025-02-28,completed,,Central,124.06,2025-02-28,2406.0,2025-03-02,2025-03-03,2025-03-07,1,1
2621,2025-02-28,completed,,North,115.23,2025-02-28,2407.0,2025-03-03,2025-03-05,2025-03-08,1,1
2622,2025-02-28,completed,,South,69.13,2025-02-28,2408.0,2025-03-04,2025-03-02,2025-03-03,1,0
2623,2025-02-28,processing,,South,20.47,2025-02-28,2409.0,2025-03-04,2025-03-05,2025-03-09,1,1
2624,2025-02-28,completed,,Central,83.16,2025-02-28,2410.0,2025-03-03,2025-03-03,2025-03-05,1,0
2625,2025-02-28,completed,,Central,271.61,2025-02-28,2411.0,2025-03-03,2025-03-05,2025-03-07,1,1
2626,2025-02-28,completed,,South,24.68,2025-02-28,2412.0,2025-03-03,2025-03-02,2025-03-04,1,0
2627,2025-02-28,completed,,South,43.73,2025-02-28,2413.0,2025-03-04,2025-03-07,2025-03-08,1,1
2628,2025-02-28,completed,,East,162.16,2025-02-28,2414.0,2025-03-02,2025-03-05,2025-03-09,1,1
2629,2025-02-28,completed,,South,219.85000000000002,2025-02-28,2415.0,2025-03-03,2025-03-02,2025-03-05,1,0
2630,2025-02-28,completed,,Central,83.16,2025-02-28,2416.0,2025-03-03,2025-03-02,2025-03-04,1,0
2631,2025-02-28,completed,,South,80.56,2025-02-28,2417.0,2025-03-02,2025-03-02,2025-03-04,1,0
2632,2025-02-28,completed,,East,12.22,2025-02-28,2418.0,2025-03-03,2025-03-05,2025-03-09,1,1
2633,2025-02-28,completed,,Central,252.45,2025-02-28,2419.0,2025-03-03,2025-03-03,2025-03-07,1,0
2634,2025-02-28,completed,,South,124.26,2025-02-28,2420.0,2025-03-03,2025-03-02,2025-03-03,1,0
2635,2025-02-28,unknown_status,,North,212.03,2025-02-28,,,,,0,1
2636,2025-02-28,cancelled,,South,573.65,2025-02-28,,,,,0,1
2637,2025-02-28,completed,,North,163.05,2025-02-28,2421.0,2025-03-03,2025-03-02,2025-03-06,1,0
2638,2025-02-28,completed,,South,57.3,2025-02-28,2422.0,2025-03-03,2025-03-07,2025-03-10,1,1
2639,2025-02-28,completed,,North,147.45,2025-02-28,2423.0,2025-03-03,2025-03-01,2025-03-05,1,0
2640,2025-02-28,completed,,South,290.88,2025-02-28,2424.0,2025-03-04,2025-03-02,2025-03-05,1,0
2641,2025-02-28,completed,,North,84.15,2025-02-28,2425.0,2025-03-03,2025-03-02,2025-03-03,1,0
2642,2025-02-28,completed,,North,57.71,2025-02-28,2426.0,2025-03-03,2025-03-05,2025-03-08,1,1
2643,2025-02-28,completed,,Central,141.93,2025-02-28,2427.0,2025-03-04,2025-03-03,2025-03-07,1,0
2644,2025-02-28,completed,,South,753.02,2025-02-28,2428.0,2025-03-02,2025-03-02,2025-03-05,1,0
2645,2025-02-28,completed,,Central,61.39,2025-02-28,2429.0,2025-03-03,2025-03-02,2025-03-06,1,0
2646,2025-02-28,completed,,Central,210.08999999999997,2025-02-28,2430.0,2025-03-04,2025-03-02,2025-03-05,1,0
2647,2025-02-28,completed,,Central,125.92,2025-02-28,2431.0,2025-03-02,2025-03-01,2025-03-05,1,0
2648,2025-02-28,completed,,North,57.71,2025-02-28,2432.0,2025-03-03,2025-03-05,2025-03-07,1,1
2649,2025-02-28,completed,,South,183.52,2025-02-28,2433.0,2025-03-04,2025-03-03,2025-03-04,1,0
2650,2025-03-01,completed,,South,37.74,2025-03-01,2434.0,2025-03-04,2025-03-04,2025-03-08,1,0
2651,2025-03-01,processing,,East,63.16,2025-03-01,2435.0,2025-03-04,2025-03-02,2025-03-06,1,0
2652,2025-03-01,completed,,Central,224.44,2025-03-01,2436.0,2025-03-03,2025-03-06,2025-03-10,1,1
2653,2025-03-01,processing,,South,53.45,2025-03-01,2437.0,2025-03-04,2025-03-08,2025-03-11,1,1
2654,2025-03-01,completed,,East,347.8,2025-03-01,2438.0,2025-03-04,2025-03-03,2025-03-05,1,0
2655,2025-03-01,completed,,North,117.99,2025-03-01,2439.0,2025-03-04,2025-03-03,2025-03-05,1,0
2656,2025-03-01,completed,,South,235.97,2025-03-01,2440.0,2025-03-04,2025-03-02,2025-03-06,1,0
2657,2025-03-01,completed,,East,225.0,2025-03-01,2441.0,2025-03-04,2025-03-03,2025-03-07,1,0
2658,2025-03-01,completed,,South,138.05,2025-03-01,2442.0,2025-03-03,2025-03-06,2025-03-08,1,1
2659,2025-03-01,completed,,East,285.83000000000004,2025-03-01,2443.0,2025-03-04,2025-03-04,2025-03-06,1,0
2660,2025-03-01,completed,,East,21.34,2025-03-01,2444.0,2025-03-04,2025-03-08,2025-03-11,1,1
2661,2025-03-01,completed,,Central,29.669999999999998,2025-03-01,2445.0,2025-03-05,2025-03-04,2025-03-07,1,0
2662,2025-03-01,completed,,Central,490.63,2025-03-01,2446.0,2025-03-04,2025-03-03,2025-03-06,1,0
2663,2025-03-01,cancelled,,Central,83.16,2025-03-01,,,,,0,1
2664,2025-03-01,processing,,North,69.13,2025-03-01,2447.0,2025-03-04,2025-03-04,2025-03-08,1,0
2665,2025-03-01,completed,,North,19.71,2025-03-01,2448.0,2025-03-05,2025-03-04,2025-03-07,1,0
2666,2025-03-01,completed,,North,157.65,2025-03-01,2449.0,2025-03-03,2025-03-04,2025-03-07,1,1
2667,2025-03-01,completed,,South,224.44,2025-03-01,2450.0,2025-03-04,2025-03-04,2025-03-08,1,0
2668,2025-03-01,completed,,South,157.65,2025-03-01,2451.0,2025-03-04,2025-03-03,2025-03-06,1,0
2669,2025-03-01,completed,,East,72.47,2025-03-01,2452.0,2025-03-04,2025-03-03,2025-03-05,1,0
2670,2025-03-01,completed,,South,103.69,2025-03-01,2453.0,2025-03-04,2025-03-03,2025-03-06,1,0
2671,2025-03-01,completed,,Central,133.37,2025-03-01,2454.0,2025-03-05,2025-03-06,2025-03-07,1,1
2672,2025-03-01,completed,,Central,19.71,2025-03-01,2455.0,2025-03-03,,,0,1
2673,2025-03-01,completed,,Central,20.47,2025-03-01,2456.0,2025-03-04,2025-03-03,2025-03-05,1,0
2674,2025-03-01,completed,,South,486.06,2025-03-01,2457.0,2025-03-05,2025-03-03,2025-03-05,1,0
2675,2025-03-01,completed,,East,84.15,2025-03-01,2458.0,2025-03-05,2025-03-03,2025-03-06,1,0
2676,2025-03-01,completed,,Central,125.88,2025-03-01,2459.0,2025-03-03,2025-03-04,2025-03-06,1,1
2677,2025-03-01,cancelled,,North,110.61,2025-03-01,,,,,0,1
2678,2025-03-01,completed,,Central,205.47,2025-03-01,2460.0,2025-03-03,2025-03-03,2025-03-05,1,0
2679,2025-03-01,completed,,North,106.9,2025-03-01,2461.0,2025-03-04,2025-03-06,2025-03-10,1,1
2680,2025-03-01,completed,,Central,103.63,2025-03-01,2462.0,2025-03-05,2025-03-03,2025-03-06,1,0
2681,2025-03-01,completed,,East,138.05,2025-03-01,2463.0,2025-03-04,2025-03-04,2025-03-07,1,0
2682,2025-03-01,completed,,East,124.26,2025-03-01,2464.0,2025-03-04,2025-03-03,2025-03-05,1,0
2683,2025-03-01,completed,,South,65.07,2025-03-01,2465.0,2025-03-05,2025-03-04,2025-03-05,1,0
2684,2025-03-01,completed,,South,69.13,2025-03-01,2466.0,2025-03-03,2025-03-03,2025-03-05,1,0
2685,2025-03-01,completed,,North,31.58,2025-03-01,2467.0,2025-03-05,2025-03-03,2025-03-04,1,0
2686,2025-03-01,completed,,East,20.47,2025-03-01,2468.0,2025-03-03,2025-03-03,2025-03-06,1,0
2687,2025-03-01,completed,,North,42.3,2025-03-01,2469.0,2025-03-05,2025-03-08,2025-03-10,1,1
2688,2025-03-02,refunded,,South,152.53,2025-03-02,,,,,0,1
2689,2025-03-02,completed,,East,213.26,2025-03-02,2470.0,2025-03-05,2025-03-05,2025-03-09,1,0
2690,2025-03-02,completed,,South,69.42,2025-03-02,2471.0,2025-03-04,2025-03-07,2025-03-10,1,1
2691,2025-03-02,completed,,South,177.47000000000003,2025-03-02,2472.0,2025-03-04,2025-03-05,2025-03-08,1,1
2692,2025-03-02,completed,,North,146.22,2025-03-02,2473.0,2025-03-05,2025-03-07,2025-03-11,1,1
2693,2025-03-02,completed,,East,24.68,2025-03-02,2474.0,2025-03-04,2025-03-04,2025-03-07,1,0
2694,2025-03-02,completed,,North,43.74,2025-03-02,2475.0,2025-03-05,2025-03-07,2025-03-10,1,1
2695,2025-03-02,completed,,North,61.39,2025-03-02,2476.0,2025-03-06,2025-03-03,2025-03-06,1,0
2696,2025-03-02,completed,,Central,255.88,2025-03-02,2477.0,2025-03-06,2025-03-07,2025-03-08,1,1
2697,2025-03-02,completed,,East,43.74,2025-03-02,2478.0,2025-03-04,2025-03-04,2025-03-08,1,0
2698,2025-03-02,completed,,Central,184.17,2025-03-02,2479.0,2025-03-04,2025-03-05,2025-03-09,1,1
2699,2025-03-02,completed,,East,105.49000000000001,2025-03-02,2480.0,2025-03-05,2025-03-05,2025-03-09,1,0
2700,2025-03-02,completed,,Central,115.42,2025-03-02,2481.0,2025-03-05,2025-03-04,2025-03-08,1,0
2701,2025-03-02,completed,,East,95.38,2025-03-02,2482.0,2025-03-06,2025-03-04,2025-03-06,1,0
2702,2025-03-02,cancelled,,Central,287.31,2025-03-02,,,,,0,1
2703,2025-03-02,completed,,North,125.88,2025-03-02,2483.0,2025-03-05,2025-03-04,2025-03-06,1,0
2704,2025-03-02,completed,,South,86.07,2025-03-02,2484.0,2025-03-06,2025-03-05,2025-03-06,1,0
2705,2025-03-02,completed,,North,157.65,2025-03-02,2485.0,2025-03-05,2025-03-05,2025-03-08,1,0
2706,2025-03-02,completed,,North,254.51999999999998,2025-03-02,2486.0,2025-03-05,2025-03-05,2025-03-08,1,0
2707,2025-03-02,completed,,East,135.8,2025-03-02,2487.0,2025-03-06,2025-03-07,2025-03-09,1,1
2708,2025-03-02,completed,,North,122.78,2025-03-02,2488.0,2025-03-04,2025-03-03,2025-03-05,1,0
2709,2025-03-02,completed,,East,87.48,2025-03-02,2489.0,2025-03-04,2025-03-05,2025-03-06,1,1
2710,2025-03-02,completed,,North,163.57,2025-03-02,2490.0,2025-03-04,2025-03-04,2025-03-06,1,0
2711,2025-03-02,completed,,Central,171.28,2025-03-02,2491.0,2025-03-06,2025-03-04,2025-03-05,1,0
2712,2025-03-02,completed,,East,83.16,2025-03-02,2492.0,2025-03-06,2025-03-04,2025-03-06,1,0
2713,2025-03-02,cancelled,,East,283.53,2025-03-02,,,,,0,1
2714,2025-03-02,completed,,East,186.79,2025-03-02,2493.0,2025-03-04,2025-03-05,2025-03-07,1,1
2715,2025-03-02,completed,,South,126.45,2025-03-02,2494.0,2025-03-05,2025-03-05,2025-03-06,1,0
2716,2025-03-02,refunded,,South,115.23,2025-03-02,,,,,0,1
2717,2025-03-02,completed,,East,57.71,2025-03-02,2495.0,2025-03-05,2025-03-07,2025-03-09,1,1
2718,2025-03-02,completed,,North,328.36,2025-03-02,2496.0,2025-03-06,2025-03-07,2025-03-08,1,1
2719,2025-03-02,completed,,North,78.32,2025-03-02,2497.0,2025-03-05,2025-03-07,2025-03-08,1,1
2720,2025-03-02,completed,,East,241.37,2025-03-02,2498.0,2025-03-05,2025-03-05,2025-03-06,1,0
2721,2025-03-02,completed,,South,34.71,2025-03-02,2499.0,2025-03-05,2025-03-04,2025-03-06,1,0
2722,2025-03-02,completed,,Central,75.48,2025-03-02,2500.0,2025-03-05,2025-03-03,2025-03-04,1,0
2723,2025-03-02,completed,,Central,186.12,2025-03-02,2501.0,2025-03-05,2025-03-04,2025-03-08,1,0
2724,2025-03-02,completed,,East,529.22,2025-03-02,2502.0,2025-03-05,2025-03-04,2025-03-08,1,0
2725,2025-03-02,completed,,East,180.82,2025-03-02,2503.0,2025-03-05,2025-03-05,2025-03-06,1,0
2726,2025-03-02,completed,,Central,183.88,2025-03-02,2504.0,2025-03-06,2025-03-07,2025-03-08,1,1
2727,2025-03-02,cancelled,,North,157.87,2025-03-02,,,,,0,1
2728,2025-03-03,completed,,East,83.16,2025-03-03,2505.0,2025-03-06,2025-03-06,2025-03-07,1,0
2729,2025-03-03,completed,,North,88.2,2025-03-03,2506.0,2025-03-06,2025-03-05,2025-03-07,1,0
2730,2025-03-03,completed,,East,557.1,2025-03-03,2507.0,2025-03-06,2025-03-06,2025-03-09,1,0
2731,2025-03-03,completed,,North,29.56,2025-03-03,2508.0,2025-03-06,2025-03-05,2025-03-06,1,0
2732,2025-03-03,completed,,South,42.3,2025-03-03,2509.0,2025-03-06,2025-03-08,2025-03-12,1,1
2733,2025-03-03,completed,,South,261.28,2025-03-03,2510.0,2025-03-06,2025-03-04,2025-03-05,1,0
2734,2025-03-03,completed,,East,78.32,2025-03-03,2511.0,2025-03-06,2025-03-05,2025-03-08,1,0
2735,2025-03-03,completed,,Central,43.73,2025-03-03,2512.0,2025-03-06,2025-03-05,2025-03-08,1,0
2736,2025-03-03,cancelled,,East,224.44,2025-03-03,,,,,0,1
2737,2025-03-03,completed,,South,42.3,2025-03-03,2513.0,2025-03-06,2025-03-04,2025-03-07,1,0
2738,2025-03-03,completed,,North,163.05,2025-03-03,2514.0,2025-03-06,2025-03-05,2025-03-06,1,0
2739,2025-03-03,completed,,East,63.16,2025-03-03,2515.0,2025-03-05,2025-03-06,2025-03-09,1,1
2740,2025-03-03,completed,,East,42.3,2025-03-03,2516.0,2025-03-06,2025-03-04,2025-03-06,1,0
2741,2025-03-03,completed,,North,254.72,2025-03-03,2517.0,2025-03-07,,,0,1
2742,2025-03-03,cancelled,,North,194.37,2025-03-03,,,,,0,1
2743,2025-03-03,processing,,East,299.58000000000004,2025-03-03,2518.0,2025-03-05,2025-03-08,2025-03-10,1,1
2744,2025-03-03,processing,,North,256.4,2025-03-03,2519.0,2025-03-05,2025-03-04,2025-03-05,1,0
2745,2025-03-03,completed,,North,157.65,2025-03-03,2520.0,2025-03-07,2025-03-06,2025-03-10,1,0
2746,2025-03-03,completed,,East,20.47,2025-03-03,2521.0,2025-03-06,2025-03-05,2025-03-07,1,0
2747,2025-03-03,completed,,South,83.16,2025-03-03,2522.0,2025-03-05,2025-03-04,2025-03-07,1,0
2748,2025-03-03,completed,,East,84.15,2025-03-03,2523.0,2025-03-06,2025-03-08,2025-03-09,1,1
2749,2025-03-03,completed,,South,20.47,2025-03-03,2524.0,2025-03-07,2025-03-05,2025-03-09,1,0
2750,2025-03-03,completed,,South,168.3,2025-03-03,2525.0,2025-03-06,2025-03-05,2025-03-07,1,0
2751,2025-03-03,processing,,Central,210.60000000000002,2025-03-03,2526.0,2025-03-07,2025-03-08,2025-03-09,1,1
2752,2025-03-03,completed,,South,198.39,2025-03-03,2527.0,2025-03-06,2025-03-05,2025-03-09,1,0
2753,2025-03-03,completed,,Central,115.15,2025-03-03,2528.0,2025-03-06,2025-03-08,2025-03-10,1,1
2754,2025-03-03,refunded,,North,114.84,2025-03-03,,,,,0,1
2755,2025-03-03,completed,,East,191.70999999999998,2025-03-03,2529.0,2025-03-05,2025-03-06,2025-03-08,1,1
2756,2025-03-03,processing,,Central,73.83,2025-03-03,2530.0,2025-03-07,2025-03-10,2025-03-14,1,1
2757,2025-03-03,completed,,Central,112.87,2025-03-03,2531.0,2025-03-05,2025-03-06,2025-03-10,1,1
2758,2025-03-03,completed,,Central,83.16,2025-03-03,2532.0,2025-03-06,2025-03-05,2025-03-09,1,0
2759,2025-03-03,completed,,South,94.39,2025-03-03,2533.0,2025-03-06,2025-03-05,2025-03-09,1,0
2760,2025-03-03,completed,,East,61.39,2025-03-03,2534.0,2025-03-05,2025-03-08,2025-03-12,1,1
2761,2025-03-03,completed,,South,316.87,2025-03-03,2535.0,2025-03-05,2025-03-06,2025-03-08,1,1
2762,2025-03-03,completed,,North,226.98,2025-03-03,2536.0,2025-03-05,2025-03-05,2025-03-07,1,0
2763,2025-03-04,completed,,South,61.39,2025-03-04,2537.0,2025-03-07,2025-03-06,2025-03-08,1,0
2764,2025-03-04,completed,,Central,84.15,2025-03-04,2538.0,2025-03-08,2025-03-06,2025-03-09,1,0
2765,2025-03-04,completed,,North,177.49,2025-03-04,2539.0,2025-03-08,2025-03-06,2025-03-07,1,0
2766,2025-03-04,completed,,North,83.16,2025-03-04,2540.0,2025-03-06,2025-03-06,2025-03-10,1,0
2767,2025-03-04,completed,,Central,78.32,2025-03-04,2541.0,2025-03-06,,,0,1
2768,2025-03-04,completed,,North,283.86,2025-03-04,2542.0,2025-03-07,2025-03-09,2025-03-13,1,1
2769,2025-03-04,completed,,East,393.51,2025-03-04,2543.0,2025-03-07,,,0,1
2770,2025-03-04,completed,,South,152.53,2025-03-04,2544.0,2025-03-07,2025-03-07,2025-03-11,1,0
2771,2025-03-04,completed,,North,83.16,2025-03-04,2545.0,2025-03-07,2025-03-06,2025-03-09,1,0
2772,2025-03-04,completed,,East,115.23,2025-03-04,2546.0,2025-03-07,2025-03-07,2025-03-09,1,0
2773,2025-03-04,completed,,East,172.99,2025-03-04,2547.0,2025-03-08,2025-03-06,2025-03-10,1,0
2774,2025-03-04,completed,,East,163.05,2025-03-04,2548.0,2025-03-06,2025-03-09,2025-03-13,1,1
2775,2025-03-04,completed,,East,124.26,2025-03-04,2549.0,2025-03-06,2025-03-06,2025-03-07,1,0
2776,2025-03-04,completed,,Central,65.07,2025-03-04,2550.0,2025-03-07,2025-03-06,2025-03-10,1,0
2777,2025-03-04,cancelled,,East,326.1,2025-03-04,,,,,0,1
2778,2025-03-04,completed,,East,40.94,2025-03-04,2551.0,2025-03-06,2025-03-11,2025-03-14,1,1
2779,2025-03-04,cancelled,,North,297.19,2025-03-04,,,,,0,1
2780,2025-03-04,completed,,North,19.71,2025-03-04,2552.0,2025-03-07,2025-03-07,2025-03-09,1,0
2781,2025-03-04,completed,,South,472.95,2025-03-04,2553.0,2025-03-07,2025-03-07,2025-03-09,1,0
2782,2025-03-04,completed,,North,126.45,2025-03-04,2554.0,2025-03-06,2025-03-06,2025-03-07,1,0
2783,2025-03-04,completed,,South,24.44,2025-03-04,2555.0,2025-03-07,2025-03-07,2025-03-08,1,0
2784,2025-03-04,completed,,East,78.32,2025-03-04,2556.0,2025-03-06,2025-03-06,2025-03-08,1,0
2785,2025-03-04,cancelled,,North,72.47,2025-03-04,,,,,0,1
2786,2025-03-04,completed,,East,78.32,2025-03-04,2557.0,2025-03-07,2025-03-09,2025-03-11,1,1
2787,2025-03-04,cancelled,,East,12.22,2025-03-04,,,,,0,1
2788,2025-03-04,completed,,North,31.58,2025-03-04,2558.0,2025-03-07,2025-03-06,2025-03-08,1,0
2789,2025-03-04,completed,,Central,149.94,2025-03-04,2559.0,2025-03-07,2025-03-07,2025-03-09,1,0
2790,2025-03-04,processing,,South,163.05,2025-03-04,2560.0,2025-03-07,2025-03-11,2025-03-15,1,1
2791,2025-03-04,cancelled,,Central,360.13,2025-03-04,,,,,0,1
2792,2025-03-04,completed,,East,157.65,2025-03-04,2561.0,2025-03-07,2025-03-07,2025-03-10,1,0
2793,2025-03-04,completed,,Central,276.1,2025-03-04,2562.0,2025-03-07,2025-03-06,2025-03-08,1,0
2794,2025-03-04,refunded,,North,94.74,2025-03-04,,,,,0,1
2795,2025-03-04,completed,,North,106.9,2025-03-04,2563.0,2025-03-07,2025-03-06,2025-03-08,1,0
2796,2025-03-04,completed,,South,24.44,2025-03-04,2564.0,2025-03-06,2025-03-07,2025-03-10,1,1
2797,2025-03-04,cancelled,,North,67.9,2025-03-04,,,,,0,1
2798,2025-03-04,completed,,Central,353.97,2025-03-04,2565.0,2025-03-07,2025-03-11,2025-03-12,1,1
2799,2025-03-04,completed,,North,425.79,2025-03-04,2566.0,2025-03-07,2025-03-07,2025-03-08,1,0
2800,2025-03-04,completed,,North,318.57,2025-03-04,2567.0,2025-03-06,2025-03-06,2025-03-07,1,0
2801,2025-03-04,completed,,Central,347.8,2025-03-04,2568.0,2025-03-08,2025-03-07,2025-03-11,1,0
2802,2025-03-04,completed,,East,83.16,2025-03-04,2569.0,2025-03-06,2025-03-07,2025-03-08,1,1
2803,2025-03-04,completed,,North,111.63,2025-03-04,2570.0,2025-03-07,2025-03-06,2025-03-08,1,0
2804,2025-03-04,processing,,East,42.68,2025-03-04,2571.0,2025-03-06,2025-03-07,2025-03-08,1,1
2805,2025-03-04,processing,,North,67.9,2025-03-04,2572.0,2025-03-07,2025-03-06,2025-03-09,1,0
2806,2025-03-04,processing,,East,141.93,2025-03-04,2573.0,2025-03-07,,,0,1
2807,2025-03-04,completed,,South,167.51,2025-03-04,2574.0,2025-03-07,2025-03-05,2025-03-08,1,0
2808,2025-03-04,completed,,South,163.05,2025-03-04,2575.0,2025-03-06,2025-03-05,2025-03-06,1,0
2809,2025-03-04,processing,,Central,83.16,2025-03-04,2576.0,2025-03-07,2025-03-06,2025-03-07,1,0
2810,2025-03-04,completed,,South,61.39,2025-03-04,2577.0,2025-03-08,2025-03-06,2025-03-09,1,0
2811,2025-03-04,completed,,South,163.05,2025-03-04,2578.0,2025-03-07,2025-03-07,2025-03-11,1,0
2812,2025-03-04,completed,,Central,61.39,2025-03-04,2579.0,2025-03-08,2025-03-06,2025-03-09,1,0
2813,2025-03-04,processing,,Central,20.47,2025-03-04,2580.0,2025-03-08,2025-03-09,2025-03-10,1,1
2814,2025-03-04,completed,,Central,69.13,2025-03-04,2581.0,2025-03-06,2025-03-07,2025-03-11,1,1
2815,2025-03-04,cancelled,,Central,198.94,2025-03-04,,,,,0,1
2816,2025-03-04,completed,,North,84.15,2025-03-04,2582.0,2025-03-06,2025-03-06,2025-03-07,1,0
2817,2025-03-04,cancelled,,South,61.39,2025-03-04,,,,,0,1
2818,2025-03-04,completed,,Central,138.26,2025-03-04,2583.0,2025-03-07,2025-03-11,2025-03-13,1,1
2819,2025-03-04,completed,,Central,84.15,2025-03-04,2584.0,2025-03-07,2025-03-06,2025-03-09,1,0
2820,2025-03-04,completed,,Central,163.05,2025-03-04,2585.0,2025-03-06,,,0,1
2821,2025-03-04,completed,,East,61.39,2025-03-04,2586.0,2025-03-07,2025-03-07,2025-03-11,1,0
2822,2025-03-04,completed,,South,177.14,2025-03-04,2587.0,2025-03-07,2025-03-07,2025-03-10,1,0
2823,2025-03-05,completed,,Central,251.76,2025-03-05,2588.0,2025-03-07,2025-03-06,2025-03-10,1,0
2824,2025-03-05,cancelled,,Central,57.71,2025-03-05,,,,,0,1
2825,2025-03-05,completed,,South,305.2,2025-03-05,2589.0,2025-03-07,2025-03-07,2025-03-09,1,0
2826,2025-03-05,completed,,South,67.9,2025-03-05,2590.0,2025-03-08,2025-03-08,2025-03-09,1,0
2827,2025-03-05,completed,,South,83.16,2025-03-05,2591.0,2025-03-08,2025-03-12,2025-03-15,1,1
2828,2025-03-05,processing,,North,232.43,2025-03-05,2592.0,2025-03-07,2025-03-12,2025-03-14,1,1
2829,2025-03-05,completed,,South,359.1,2025-03-05,2593.0,2025-03-07,2025-03-08,2025-03-12,1,1
2830,2025-03-05,completed,,North,61.39,2025-03-05,2594.0,2025-03-09,2025-03-06,2025-03-07,1,0
2831,2025-03-05,completed,,East,390.16,2025-03-05,2595.0,2025-03-08,2025-03-10,2025-03-11,1,1
2832,2025-03-05,completed,,North,402.13,2025-03-05,2596.0,2025-03-09,2025-03-07,2025-03-08,1,0
2833,2025-03-05,completed,,East,203.32,2025-03-05,2597.0,2025-03-09,2025-03-08,2025-03-09,1,0
2834,2025-03-05,completed,,North,221.21,2025-03-05,2598.0,2025-03-08,2025-03-10,2025-03-13,1,1
2835,2025-03-05,cancelled,,North,20.47,2025-03-05,,,,,0,1
2836,2025-03-05,completed,,North,459.73,2025-03-05,2599.0,2025-03-08,2025-03-08,2025-03-12,1,0
2837,2025-03-05,completed,,South,64.19999999999999,2025-03-05,2600.0,2025-03-08,2025-03-07,2025-03-09,1,0
2838,2025-03-05,completed,,South,299.58000000000004,2025-03-05,2601.0,2025-03-07,2025-03-12,2025-03-13,1,1
2839,2025-03-05,completed,,North,163.05,2025-03-05,2602.0,2025-03-07,2025-03-07,2025-03-08,1,0
2840,2025-03-05,completed,,East,562.61,2025-03-05,2603.0,2025-03-08,2025-03-10,2025-03-13,1,1
2841,2025-03-05,completed,,Central,320.13,2025-03-05,2604.0,2025-03-09,2025-03-06,2025-03-09,1,0
2842,2025-03-05,completed,,East,61.15,2025-03-05,2605.0,2025-03-07,2025-03-06,2025-03-09,1,0
2843,2025-03-05,completed,,North,81.08,2025-03-05,2606.0,2025-03-08,2025-03-07,2025-03-09,1,0
2844,2025-03-05,completed,,Central,83.16,2025-03-05,2607.0,2025-03-07,2025-03-08,2025-03-10,1,1
2845,2025-03-05,completed,,East,12.22,2025-03-05,2608.0,2025-03-09,2025-03-10,2025-03-12,1,1
2846,2025-03-05,completed,,Central,72.47,2025-03-05,2609.0,2025-03-08,2025-03-07,2025-03-10,1,0
2847,2025-03-05,completed,,Central,34.71,2025-03-05,2610.0,2025-03-08,2025-03-08,2025-03-09,1,0
2848,2025-03-05,completed,,South,152.53,2025-03-05,2611.0,2025-03-07,2025-03-07,2025-03-10,1,0
2849,2025-03-05,completed,,North,53.45,2025-03-05,2612.0,2025-03-09,2025-03-07,2025-03-11,1,0
2850,2025-03-05,completed,,East,64.19999999999999,2025-03-05,2613.0,2025-03-08,2025-03-08,2025-03-09,1,0
2851,2025-03-05,completed,,Central,152.29,2025-03-05,2614.0,2025-03-09,2025-03-07,2025-03-10,1,0
2852,2025-03-05,completed,,South,59.69,2025-03-05,2615.0,2025-03-08,2025-03-07,2025-03-11,1,0
2853,2025-03-05,completed,,Central,78.32,2025-03-05,2616.0,2025-03-08,2025-03-07,2025-03-09,1,0
2854,2025-03-05,completed,,South,414.15,2025-03-05,2617.0,2025-03-08,2025-03-07,2025-03-10,1,0
2855,2025-03-06,completed,,East,125.88,2025-03-06,2618.0,2025-03-08,2025-03-07,2025-03-10,1,0
2856,2025-03-06,processing,,East,52.92,2025-03-06,2619.0,2025-03-09,2025-03-08,2025-03-12,1,0
2857,2025-03-06,completed,,Central,57.71,2025-03-06,2620.0,2025-03-10,2025-03-08,2025-03-11,1,0
2858,2025-03-06,completed,,North,173.9,2025-03-06,2621.0,2025-03-09,2025-03-09,2025-03-13,1,0
2859,2025-03-06,completed,,North,57.71,2025-03-06,2622.0,2025-03-09,2025-03-07,2025-03-09,1,0
2860,2025-03-06,completed,,Central,141.93,2025-03-06,2623.0,2025-03-08,2025-03-09,2025-03-13,1,1
2861,2025-03-06,completed,,East,53.45,2025-03-06,2624.0,2025-03-10,2025-03-11,2025-03-13,1,1
2862,2025-03-06,completed,,South,741.88,2025-03-06,2625.0,2025-03-08,2025-03-08,2025-03-12,1,0
2863,2025-03-06,completed,,South,163.05,2025-03-06,2626.0,2025-03-08,2025-03-09,2025-03-12,1,1
2864,2025-03-06,completed,,South,12.22,2025-03-06,2627.0,2025-03-09,2025-03-08,2025-03-11,1,0
2865,2025-03-06,completed,,East,157.65,2025-03-06,2628.0,2025-03-08,2025-03-11,2025-03-12,1,1
2866,2025-03-06,completed,,Central,24.68,2025-03-06,2629.0,2025-03-09,2025-03-08,2025-03-09,1,0
2867,2025-03-06,completed,,South,285.64,2025-03-06,2630.0,2025-03-09,2025-03-09,2025-03-13,1,0
2868,2025-03-06,completed,,North,12.22,2025-03-06,2631.0,2025-03-08,2025-03-08,2025-03-09,1,0
2869,2025-03-06,refunded,,Central,510.48999999999995,2025-03-06,,,,,0,1
2870,2025-03-06,completed,,Central,136.03,2025-03-06,2632.0,2025-03-08,2025-03-09,2025-03-12,1,1
2871,2025-03-06,completed,,South,131.22,2025-03-06,2633.0,2025-03-10,2025-03-11,2025-03-14,1,1
2872,2025-03-06,cancelled,,East,20.47,2025-03-06,,,,,0,1
2873,2025-03-06,completed,,Central,390.03,2025-03-06,2634.0,2025-03-09,2025-03-08,2025-03-10,1,0
2874,2025-03-06,completed,,South,12.22,2025-03-06,2635.0,2025-03-09,2025-03-11,2025-03-13,1,1
2875,2025-03-06,completed,,Central,88.2,2025-03-06,2636.0,2025-03-10,2025-03-09,2025-03-12,1,0
2876,2025-03-06,completed,,South,31.58,2025-03-06,2637.0,2025-03-09,2025-03-07,2025-03-09,1,0
2877,2025-03-06,completed,,North,42.3,2025-03-06,2638.0,2025-03-09,2025-03-08,2025-03-09,1,0
2878,2025-03-06,completed,,North,42.68,2025-03-06,2639.0,2025-03-09,2025-03-08,2025-03-12,1,0
2879,2025-03-06,completed,,Central,152.53,2025-03-06,2640.0,2025-03-09,2025-03-13,2025-03-14,1,1
2880,2025-03-06,processing,,East,78.32,2025-03-06,2641.0,2025-03-08,2025-03-08,2025-03-10,1,0
2881,2025-03-06,completed,,Central,21.34,2025-03-06,2642.0,2025-03-08,,,0,1
2882,2025-03-06,completed,,Central,261.28,2025-03-06,2643.0,2025-03-10,2025-03-08,2025-03-09,1,0
2883,2025-03-06,completed,,North,69.13,2025-03-06,2644.0,2025-03-09,2025-03-09,2025-03-13,1,0
2884,2025-03-06,completed,,North,12.22,2025-03-06,2645.0,2025-03-09,2025-03-11,2025-03-15,1,1
2885,2025-03-06,cancelled,,Central,152.29,2025-03-06,,,,,0,1
2886,2025-03-06,completed,,Central,166.32,2025-03-06,2646.0,2025-03-10,2025-03-09,2025-03-12,1,0
2887,2025-03-06,completed,,South,157.65,2025-03-06,2647.0,2025-03-09,2025-03-07,2025-03-11,1,0
2888,2025-03-06,completed,,Central,208.41000000000003,2025-03-06,2648.0,2025-03-10,2025-03-11,2025-03-14,1,1
2889,2025-03-06,completed,,Central,42.3,2025-03-06,2649.0,2025-03-08,2025-03-08,2025-03-10,1,0
2890,2025-03-06,completed,,North,20.47,2025-03-06,2650.0,2025-03-10,2025-03-08,2025-03-11,1,0
2891,2025-03-06,completed,,North,61.39,2025-03-06,2651.0,2025-03-09,2025-03-08,2025-03-12,1,0
2892,2025-03-06,completed,,South,53.45,2025-03-06,2652.0,2025-03-10,2025-03-11,2025-03-12,1,1
2893,2025-03-06,completed,,East,115.23,2025-03-06,2653.0,2025-03-09,2025-03-08,2025-03-12,1,0
2894,2025-03-06,completed,,Central,164.6,2025-03-06,2654.0,2025-03-08,2025-03-08,2025-03-12,1,0
2895,2025-03-06,completed,,North,202.48,2025-03-06,2655.0,2025-03-09,2025-03-08,2025-03-11,1,0
2896,2025-03-07,completed,,East,135.8,2025-03-07,2656.0,2025-03-10,2025-03-10,2025-03-13,1,0
2897,2025-03-07,completed,,Central,84.15,2025-03-07,2657.0,2025-03-11,2025-03-09,2025-03-12,1,0
2898,2025-03-07,completed,,Central,87.46,2025-03-07,2658.0,2025-03-11,2025-03-10,2025-03-14,1,0
2899,2025-03-07,completed,,East,246.21,2025-03-07,2659.0,2025-03-10,2025-03-08,2025-03-09,1,0
2900,2025-03-07,processing,,South,138.05,2025-03-07,2660.0,2025-03-11,2025-03-09,2025-03-10,1,0
2901,2025-03-07,processing,,North,141.93,2025-03-07,2661.0,2025-03-09,2025-03-12,2025-03-14,1,1
2902,2025-03-07,completed,,East,199.38,2025-03-07,2662.0,2025-03-09,2025-03-09,2025-03-10,1,0
2903,2025-03-07,cancelled,,Central,205.98000000000002,2025-03-07,,,,,0,1
2904,2025-03-07,completed,,South,235.97,2025-03-07,2663.0,2025-03-10,2025-03-09,2025-03-12,1,0
2905,2025-03-07,completed,,North,157.65,2025-03-07,2664.0,2025-03-09,2025-03-09,2025-03-10,1,0
2906,2025-03-07,completed,,North,152.53,2025-03-07,2665.0,2025-03-10,2025-03-09,2025-03-12,1,0
2907,2025-03-07,completed,,South,69.13,2025-03-07,2666.0,2025-03-10,2025-03-14,2025-03-16,1,1
2908,2025-03-07,completed,,North,334.25,2025-03-07,2667.0,2025-03-09,2025-03-10,2025-03-13,1,1
2909,2025-03-07,completed,,South,21.34,2025-03-07,2668.0,2025-03-11,2025-03-10,2025-03-12,1,0
2910,2025-03-07,completed,,North,105.13,2025-03-07,2669.0,2025-03-10,2025-03-10,2025-03-13,1,0
2911,2025-03-07,completed,,North,163.05,2025-03-07,2670.0,2025-03-10,2025-03-10,2025-03-13,1,0
2912,2025-03-07,completed,,South,114.06,2025-03-07,2671.0,2025-03-11,2025-03-09,2025-03-11,1,0
2913,2025-03-07,cancelled,,Central,156.62,2025-03-07,,,,,0,1
2914,2025-03-07,completed,,South,39.42,2025-03-07,2672.0,2025-03-10,,,0,1
2915,2025-03-07,completed,,North,230.43,2025-03-07,2673.0,2025-03-09,,,0,1
2916,2025-03-07,completed,,North,83.16,2025-03-07,2674.0,2025-03-10,2025-03-10,2025-03-14,1,0
2917,2025-03-07,completed,,East,31.58,2025-03-07,2675.0,2025-03-09,2025-03-10,2025-03-11,1,1
2918,2025-03-07,completed,,North,53.45,2025-03-07,2676.0,2025-03-11,2025-03-10,2025-03-14,1,0
2919,2025-03-07,completed,,North,49.22,2025-03-07,2677.0,2025-03-10,2025-03-12,2025-03-13,1,1
2920,2025-03-07,completed,,North,373.82,2025-03-07,2678.0,2025-03-10,2025-03-10,2025-03-11,1,0
2921,2025-03-07,completed,,South,248.12,2025-03-07,2679.0,2025-03-09,2025-03-12,2025-03-16,1,1
2922,2025-03-07,processing,,North,20.47,2025-03-07,2680.0,2025-03-09,2025-03-12,2025-03-13,1,1
2923,2025-03-07,completed,,North,34.71,2025-03-07,2681.0,2025-03-09,2025-03-08,2025-03-09,1,0
2924,2025-03-07,completed,,East,364.3,2025-03-07,2682.0,2025-03-09,2025-03-10,2025-03-11,1,1
2925,2025-03-07,completed,,East,125.61000000000001,2025-03-07,2683.0,2025-03-09,2025-03-09,2025-03-13,1,0
2926,2025-03-07,completed,,North,84.69,2025-03-07,2684.0,2025-03-09,2025-03-10,2025-03-13,1,1
2927,2025-03-08,completed,,Central,73.83,2025-03-08,2685.0,2025-03-11,2025-03-10,2025-03-14,1,0
2928,2025-03-08,completed,,East,201.19,2025-03-08,2686.0,2025-03-11,2025-03-10,2025-03-11,1,0
2929,2025-03-08,completed,,South,410.08000000000004,2025-03-08,2687.0,2025-03-10,,,0,1
2930,2025-03-08,cancelled,,Central,24.44,2025-03-08,,,,,0,1
2931,2025-03-08,completed,,Central,122.78,2025-03-08,2688.0,2025-03-11,2025-03-13,2025-03-17,1,1
2932,2025-03-08,completed,,South,141.93,2025-03-08,2689.0,2025-03-11,2025-03-10,2025-03-11,1,0
2933,2025-03-08,unknown_status,,South,117.99,2025-03-08,,,,,0,1
2934,2025-03-08,completed,,North,190.45999999999998,2025-03-08,2690.0,2025-03-11,2025-03-10,2025-03-12,1,0
2935,2025-03-08,completed,,Central,84.15,2025-03-08,2691.0,2025-03-11,2025-03-10,2025-03-11,1,0
2936,2025-03-08,completed,,South,43.74,2025-03-08,2692.0,2025-03-12,2025-03-11,2025-03-15,1,0
2937,2025-03-08,processing,,South,346.61,2025-03-08,2693.0,2025-03-11,2025-03-11,2025-03-15,1,0
2938,2025-03-08,completed,,East,83.16,2025-03-08,2694.0,2025-03-11,2025-03-11,2025-03-13,1,0
2939,2025-03-08,processing,,East,117.99,2025-03-08,2695.0,2025-03-11,2025-03-10,2025-03-13,1,0
2940,2025-03-08,completed,,North,42.3,2025-03-08,2696.0,2025-03-10,2025-03-13,2025-03-17,1,1
2941,2025-03-08,completed,,North,125.88,2025-03-08,2697.0,2025-03-12,2025-03-09,2025-03-13,1,0
2942,2025-03-08,cancelled,,North,53.45,2025-03-08,,,,,0,1
2943,2025-03-08,completed,,North,138.26,2025-03-08,2698.0,2025-03-11,2025-03-11,2025-03-14,1,0
2944,2025-03-08,completed,,East,226.78,2025-03-08,2699.0,2025-03-11,2025-03-10,2025-03-12,1,0
2945,2025-03-08,completed,,North,61.41,2025-03-08,2700.0,2025-03-11,2025-03-11,2025-03-15,1,0
2946,2025-03-08,completed,,Central,64.02,2025-03-08,2701.0,2025-03-11,2025-03-10,2025-03-11,1,0
2947,2025-03-08,completed,,East,125.88,2025-03-08,2702.0,2025-03-10,2025-03-09,2025-03-12,1,0
2948,2025-03-08,completed,,Central,238.01,2025-03-08,2703.0,2025-03-11,2025-03-11,2025-03-14,1,0
2949,2025-03-08,completed,,Central,69.13,2025-03-08,2704.0,2025-03-11,2025-03-09,2025-03-12,1,0
2950,2025-03-08,processing,,East,57.71,2025-03-08,2705.0,2025-03-11,2025-03-11,2025-03-14,1,0
2951,2025-03-08,completed,,East,513.76,2025-03-08,2706.0,2025-03-10,2025-03-11,2025-03-15,1,1
2952,2025-03-08,completed,,South,83.01,2025-03-08,2707.0,2025-03-10,2025-03-09,2025-03-11,1,0
2953,2025-03-08,completed,,Central,83.16,2025-03-08,2708.0,2025-03-10,2025-03-10,2025-03-13,1,0
2954,2025-03-08,completed,,Central,53.45,2025-03-08,2709.0,2025-03-10,2025-03-09,2025-03-12,1,0
2955,2025-03-08,completed,,South,114.84,2025-03-08,2710.0,2025-03-10,2025-03-10,2025-03-11,1,0
2956,2025-03-08,processing,,East,347.8,2025-03-08,2711.0,2025-03-11,2025-03-11,2025-03-13,1,0
2957,2025-03-08,completed,,Central,49.55,2025-03-08,2712.0,2025-03-11,2025-03-11,2025-03-14,1,0
2958,2025-03-08,cancelled,,North,291.02,2025-03-08,,,,,0,1
2959,2025-03-08,cancelled,,South,163.05,2025-03-08,,,,,0,1
2960,2025-03-08,completed,,East,43.74,2025-03-08,2713.0,2025-03-12,2025-03-11,2025-03-14,1,0
2961,2025-03-08,completed,,South,21.34,2025-03-08,2714.0,2025-03-10,2025-03-11,2025-03-12,1,1
2962,2025-03-08,completed,,East,141.93,2025-03-08,2715.0,2025-03-11,2025-03-10,2025-03-11,1,0
2963,2025-03-08,completed,,North,125.88,2025-03-08,2716.0,2025-03-12,2025-03-10,2025-03-12,1,0
2964,2025-03-08,completed,,East,181.82999999999998,2025-03-08,2717.0,2025-03-11,2025-03-10,2025-03-12,1,0
2965,2025-03-08,completed,,East,200.52,2025-03-08,2718.0,2025-03-12,2025-03-11,2025-03-15,1,0
2966,2025-03-08,completed,,South,276.1,2025-03-08,2719.0,2025-03-12,2025-03-10,2025-03-11,1,0
2967,2025-03-08,completed,,South,157.65,2025-03-08,2720.0,2025-03-11,2025-03-11,2025-03-14,1,0
2968,2025-03-08,completed,,Central,53.45,2025-03-08,2721.0,2025-03-10,2025-03-11,2025-03-12,1,1
2969,2025-03-08,completed,,East,124.06,2025-03-08,2722.0,2025-03-11,2025-03-13,2025-03-17,1,1
2970,2025-03-08,completed,,South,428.01,2025-03-08,2723.0,2025-03-11,2025-03-10,2025-03-13,1,0
2971,2025-03-08,completed,,South,53.45,2025-03-08,2724.0,2025-03-12,2025-03-11,2025-03-14,1,0
2972,2025-03-09,completed,,East,247.20000000000002,2025-03-09,2725.0,2025-03-11,2025-03-14,2025-03-17,1,1
2973,2025-03-09,completed,,East,20.47,2025-03-09,2726.0,2025-03-13,2025-03-10,2025-03-13,1,0
2974,2025-03-09,completed,,East,34.71,2025-03-09,2727.0,2025-03-11,2025-03-14,2025-03-15,1,1
2975,2025-03-09,completed,,North,84.15,2025-03-09,2728.0,2025-03-13,2025-03-12,2025-03-13,1,0
2976,2025-03-09,completed,,South,276.1,2025-03-09,2729.0,2025-03-12,2025-03-11,2025-03-12,1,0
2977,2025-03-09,completed,,East,135.8,2025-03-09,2730.0,2025-03-12,2025-03-14,2025-03-17,1,1
2978,2025-03-09,completed,,East,144.13,2025-03-09,2731.0,2025-03-12,2025-03-14,2025-03-18,1,1
2979,2025-03-09,completed,,Central,166.32,2025-03-09,2732.0,2025-03-11,2025-03-11,2025-03-14,1,0
2980,2025-03-09,completed,,North,130.5,2025-03-09,2733.0,2025-03-12,2025-03-12,2025-03-15,1,0
2981,2025-03-09,completed,,East,83.16,2025-03-09,2734.0,2025-03-12,2025-03-12,2025-03-13,1,0
2982,2025-03-09,completed,,South,96.37,2025-03-09,2735.0,2025-03-11,2025-03-14,2025-03-16,1,1
2983,2025-03-09,completed,,East,91.06,2025-03-09,2736.0,2025-03-12,2025-03-11,2025-03-12,1,0
2984,2025-03-09,cancelled,,South,53.45,2025-03-09,,,,,0,1
2985,2025-03-09,completed,,South,78.32,2025-03-09,2737.0,2025-03-12,2025-03-10,2025-03-13,1,0
2986,2025-03-09,completed,,South,215.07999999999998,2025-03-09,2738.0,2025-03-12,2025-03-11,2025-03-15,1,0
2987,2025-03-09,completed,,East,75.66,2025-03-09,2739.0,2025-03-12,2025-03-14,2025-03-15,1,1
2988,2025-03-09,completed,,Central,24.68,2025-03-09,2740.0,2025-03-12,2025-03-14,2025-03-17,1,1
2989,2025-03-09,completed,,East,83.16,2025-03-09,2741.0,2025-03-12,2025-03-11,2025-03-14,1,0
2990,2025-03-09,completed,,North,147.31,2025-03-09,2742.0,2025-03-12,2025-03-12,2025-03-16,1,0
2991,2025-03-09,completed,,South,347.8,2025-03-09,2743.0,2025-03-11,2025-03-12,2025-03-13,1,1
2992,2025-03-09,completed,,East,31.58,2025-03-09,2744.0,2025-03-12,2025-03-12,2025-03-13,1,0
2993,2025-03-09,completed,,North,78.32,2025-03-09,2745.0,2025-03-11,2025-03-11,2025-03-13,1,0
2994,2025-03-09,completed,,South,141.93,2025-03-09,2746.0,2025-03-11,2025-03-11,2025-03-13,1,0
2995,2025-03-09,completed,,Central,49.36,2025-03-09,2747.0,2025-03-13,2025-03-11,2025-03-12,1,0
2996,2025-03-09,completed,,South,84.15,2025-03-09,2748.0,2025-03-13,2025-03-11,2025-03-12,1,0
2997,2025-03-09,completed,,Central,285.64,2025-03-09,2749.0,2025-03-11,2025-03-12,2025-03-14,1,1
2998,2025-03-09,completed,,South,170.93,2025-03-09,2750.0,2025-03-12,2025-03-11,2025-03-13,1,0
2999,2025-03-09,completed,,South,404.96,2025-03-09,2751.0,2025-03-11,2025-03-11,2025-03-12,1,0
3000,2025-03-09,completed,,North,128.24,2025-03-09,2752.0,2025-03-11,2025-03-10,2025-03-12,1,0
3001,2025-03-09,completed,,South,366.19000000000005,2025-03-09,2753.0,2025-03-13,2025-03-12,2025-03-16,1,0
3002,2025-03-09,completed,,Central,173.0,2025-03-09,2754.0,2025-03-13,,,0,1
3003,2025-03-09,completed,,Central,264.3,2025-03-09,2755.0,2025-03-12,2025-03-11,2025-03-15,1,0
3004,2025-03-09,completed,,North,24.61,2025-03-09,2756.0,2025-03-13,2025-03-11,2025-03-12,1,0
3005,2025-03-09,processing,,North,61.39,2025-03-09,2757.0,2025-03-12,2025-03-12,2025-03-14,1,0
3006,2025-03-10,completed,,South,24.61,2025-03-10,2758.0,2025-03-13,2025-03-13,2025-03-15,1,0
3007,2025-03-10,completed,,Central,156.64,2025-03-10,2759.0,2025-03-13,2025-03-12,2025-03-14,1,0
3008,2025-03-10,completed,,East,541.28,2025-03-10,2760.0,2025-03-13,2025-03-12,2025-03-14,1,0
3009,2025-03-10,completed,,East,362.77,2025-03-10,2761.0,2025-03-13,2025-03-12,2025-03-15,1,0
3010,2025-03-10,completed,,Central,34.71,2025-03-10,2762.0,2025-03-13,2025-03-12,2025-03-16,1,0
3011,2025-03-10,cancelled,,South,157.65,2025-03-10,,,,,0,1
3012,2025-03-10,completed,,East,158.73,2025-03-10,2763.0,2025-03-14,2025-03-13,2025-03-14,1,0
3013,2025-03-10,completed,,Central,43.73,2025-03-10,2764.0,2025-03-13,2025-03-13,2025-03-17,1,0
3014,2025-03-10,processing,,South,24.68,2025-03-10,2765.0,2025-03-13,2025-03-15,2025-03-17,1,1
3015,2025-03-10,completed,,East,402.78000000000003,2025-03-10,2766.0,2025-03-14,2025-03-12,2025-03-14,1,0
3016,2025-03-10,unknown_status,,South,32.69,2025-03-10,,,,,0,1
3017,2025-03-10,completed,,East,20.47,2025-03-10,2767.0,2025-03-14,2025-03-15,2025-03-19,1,1
3018,2025-03-10,completed,,East,42.68,2025-03-10,2768.0,2025-03-12,2025-03-11,2025-03-12,1,0
3019,2025-03-10,completed,,Central,228.19,2025-03-10,2769.0,2025-03-13,2025-03-12,2025-03-16,1,0
3020,2025-03-10,completed,,South,162.47,2025-03-10,2770.0,2025-03-13,2025-03-15,2025-03-19,1,1
3021,2025-03-10,processing,,East,202.48,2025-03-10,2771.0,2025-03-13,,,0,1
3022,2025-03-10,completed,,South,368.28,2025-03-10,2772.0,2025-03-13,2025-03-12,2025-03-15,1,0
3023,2025-03-10,completed,,Central,248.52,2025-03-10,2773.0,2025-03-13,2025-03-12,2025-03-13,1,0
3024,2025-03-10,completed,,North,202.48,2025-03-10,2774.0,2025-03-12,2025-03-13,2025-03-17,1,1
3025,2025-03-10,completed,,South,84.68,2025-03-10,2775.0,2025-03-13,2025-03-12,2025-03-14,1,0
3026,2025-03-10,completed,,Central,262.1,2025-03-10,2776.0,2025-03-12,,,0,1
3027,2025-03-10,processing,,East,20.47,2025-03-10,2777.0,2025-03-13,2025-03-12,2025-03-15,1,0
3028,2025-03-10,processing,,East,371.23,2025-03-10,2778.0,2025-03-12,2025-03-11,2025-03-13,1,0
3029,2025-03-10,completed,,East,61.39,2025-03-10,2779.0,2025-03-13,2025-03-12,2025-03-15,1,0
3030,2025-03-10,completed,,South,31.58,2025-03-10,2780.0,2025-03-14,2025-03-13,2025-03-15,1,0
3031,2025-03-10,processing,,Central,53.45,2025-03-10,2781.0,2025-03-13,2025-03-13,2025-03-15,1,0
3032,2025-03-10,completed,,East,235.98,2025-03-10,2782.0,2025-03-14,2025-03-13,2025-03-15,1,0
3033,2025-03-10,completed,,South,228.12,2025-03-10,2783.0,2025-03-13,2025-03-12,2025-03-16,1,0
3034,2025-03-10,completed,,East,157.65,2025-03-10,2784.0,2025-03-12,2025-03-13,2025-03-15,1,1
3035,2025-03-10,completed,,East,183.5,2025-03-10,2785.0,2025-03-12,2025-03-13,2025-03-14,1,1
3036,2025-03-10,completed,,Central,230.85,2025-03-10,2786.0,2025-03-13,2025-03-13,2025-03-14,1,0
3037,2025-03-10,completed,,South,20.47,2025-03-10,2787.0,2025-03-12,2025-03-15,2025-03-19,1,1
3038,2025-03-10,unknown_status,,North,83.16,2025-03-10,,,,,0,1
3039,2025-03-10,completed,,East,83.16,2025-03-10,2788.0,2025-03-12,2025-03-12,2025-03-14,1,0
3040,2025-03-10,completed,,Central,72.47,2025-03-10,2789.0,2025-03-13,2025-03-13,2025-03-15,1,0
3041,2025-03-10,completed,,North,63.64,2025-03-10,2790.0,2025-03-13,2025-03-11,2025-03-12,1,0
3042,2025-03-10,completed,,South,489.15,2025-03-10,2791.0,2025-03-12,2025-03-13,2025-03-17,1,1
3043,2025-03-10,completed,,Central,31.58,2025-03-10,2792.0,2025-03-12,2025-03-12,2025-03-14,1,0
3044,2025-03-10,completed,,North,34.71,2025-03-10,2793.0,2025-03-12,2025-03-12,2025-03-16,1,0
3045,2025-03-10,completed,,Central,204.26,2025-03-10,2794.0,2025-03-13,2025-03-11,2025-03-14,1,0
3046,2025-03-10,completed,,East,434.62,2025-03-10,2795.0,2025-03-12,2025-03-11,2025-03-14,1,0
3047,2025-03-11,completed,,East,34.71,2025-03-11,2796.0,2025-03-13,2025-03-16,2025-03-17,1,1
3048,2025-03-11,completed,,North,61.39,2025-03-11,2797.0,2025-03-13,2025-03-16,2025-03-17,1,1
3049,2025-03-11,completed,,South,163.05,2025-03-11,2798.0,2025-03-15,2025-03-12,2025-03-13,1,0
3050,2025-03-11,completed,,East,53.45,2025-03-11,2799.0,2025-03-14,2025-03-16,2025-03-20,1,1
3051,2025-03-11,completed,,South,73.61,2025-03-11,2800.0,2025-03-14,2025-03-16,2025-03-19,1,1
3052,2025-03-11,completed,,North,414.15,2025-03-11,2801.0,2025-03-14,2025-03-13,2025-03-16,1,0
3053,2025-03-11,completed,,East,20.47,2025-03-11,2802.0,2025-03-14,2025-03-12,2025-03-16,1,0
3054,2025-03-11,completed,,East,163.05,2025-03-11,2803.0,2025-03-14,2025-03-12,2025-03-14,1,0
3055,2025-03-11,completed,,North,57.71,2025-03-11,2804.0,2025-03-14,2025-03-12,2025-03-15,1,0
3056,2025-03-11,processing,,South,61.39,2025-03-11,2805.0,2025-03-14,2025-03-14,2025-03-18,1,0
3057,2025-03-11,completed,,North,163.05,2025-03-11,2806.0,2025-03-14,2025-03-12,2025-03-16,1,0
3058,2025-03-11,completed,,Central,20.47,2025-03-11,2807.0,2025-03-14,2025-03-14,2025-03-15,1,0
3059,2025-03-11,completed,,East,84.15,2025-03-11,2808.0,2025-03-13,2025-03-13,2025-03-14,1,0
3060,2025-03-11,completed,,East,42.3,2025-03-11,2809.0,2025-03-14,2025-03-13,2025-03-14,1,0
3061,2025-03-11,completed,,South,43.73,2025-03-11,2810.0,2025-03-13,2025-03-12,2025-03-13,1,0
3062,2025-03-11,processing,,South,61.39,2025-03-11,2811.0,2025-03-15,2025-03-13,2025-03-17,1,0
3063,2025-03-11,cancelled,,Central,197.76000000000002,2025-03-11,,,,,0,1
3064,2025-03-11,completed,,South,152.53,2025-03-11,2812.0,2025-03-14,2025-03-13,2025-03-16,1,0
3065,2025-03-11,completed,,South,78.32,2025-03-11,2813.0,2025-03-14,2025-03-12,2025-03-15,1,0
3066,2025-03-11,completed,,North,206.16,2025-03-11,2814.0,2025-03-14,2025-03-14,2025-03-15,1,0
3067,2025-03-11,completed,,East,40.94,2025-03-11,2815.0,2025-03-13,2025-03-14,2025-03-17,1,1
3068,2025-03-11,completed,,South,37.74,2025-03-11,2816.0,2025-03-15,2025-03-14,2025-03-16,1,0
3069,2025-03-11,completed,,North,171.28,2025-03-11,2817.0,2025-03-14,2025-03-13,2025-03-14,1,0
3070,2025-03-11,completed,,South,125.88,2025-03-11,2818.0,2025-03-14,2025-03-14,2025-03-18,1,0
3071,2025-03-11,completed,,East,195.72,2025-03-11,2819.0,2025-03-14,2025-03-12,2025-03-13,1,0
3072,2025-03-11,completed,,North,57.71,2025-03-11,2820.0,2025-03-13,2025-03-12,2025-03-13,1,0
3073,2025-03-11,completed,,North,62.769999999999996,2025-03-11,2821.0,2025-03-13,2025-03-16,2025-03-19,1,1
3074,2025-03-11,completed,,Central,61.39,2025-03-11,2822.0,2025-03-15,2025-03-16,2025-03-20,1,1
3075,2025-03-11,processing,,Central,241.8,2025-03-11,2823.0,2025-03-14,2025-03-13,2025-03-14,1,0
3076,2025-03-11,completed,,Central,85.03,2025-03-11,2824.0,2025-03-13,2025-03-12,2025-03-14,1,0
3077,2025-03-11,completed,,North,20.47,2025-03-11,2825.0,2025-03-14,2025-03-13,2025-03-16,1,0
3078,2025-03-11,refunded,,Central,202.48,2025-03-11,,,,,0,1
3079,2025-03-11,completed,,North,75.48,2025-03-11,2826.0,2025-03-13,2025-03-12,2025-03-16,1,0
3080,2025-03-11,completed,,East,100.71,2025-03-11,2827.0,2025-03-14,2025-03-12,2025-03-15,1,0
3081,2025-03-11,cancelled,,Central,42.3,2025-03-11,,,,,0,1
3082,2025-03-11,completed,,East,61.39,2025-03-11,2828.0,2025-03-14,2025-03-13,2025-03-16,1,0
3083,2025-03-11,completed,,Central,242.25,2025-03-11,2829.0,2025-03-15,2025-03-14,2025-03-15,1,0
3084,2025-03-12,completed,,East,202.48,2025-03-12,2830.0,2025-03-14,,,0,1
3085,2025-03-12,completed,,Central,88.2,2025-03-12,2831.0,2025-03-15,2025-03-15,2025-03-19,1,0
3086,2025-03-12,completed,,South,20.47,2025-03-12,2832.0,2025-03-15,2025-03-14,2025-03-16,1,0
3087,2025-03-12,processing,,East,276.1,2025-03-12,2833.0,2025-03-15,2025-03-15,2025-03-18,1,0
3088,2025-03-12,unknown_status,,East,12.22,2025-03-12,,,,,0,1
3089,2025-03-12,completed,,East,37.74,2025-03-12,2834.0,2025-03-15,2025-03-17,2025-03-19,1,1
3090,2025-03-12,completed,,East,19.71,2025-03-12,2835.0,2025-03-14,2025-03-14,2025-03-16,1,0
3091,2025-03-12,completed,,South,521.7,2025-03-12,2836.0,2025-03-14,2025-03-15,2025-03-19,1,1
3092,2025-03-12,completed,,South,20.47,2025-03-12,2837.0,2025-03-16,2025-03-14,2025-03-16,1,0
3093,2025-03-12,completed,,Central,106.9,2025-03-12,2838.0,2025-03-15,2025-03-17,2025-03-18,1,1
3094,2025-03-12,cancelled,,East,141.93,2025-03-12,,,,,0,1
3095,2025-03-12,completed,,Central,239.49,2025-03-12,2839.0,2025-03-14,2025-03-13,2025-03-16,1,0
3096,2025-03-12,completed,,Central,83.16,2025-03-12,2840.0,2025-03-15,2025-03-14,2025-03-15,1,0
3097,2025-03-12,completed,,East,263.9,2025-03-12,2841.0,2025-03-15,,,0,1
3098,2025-03-12,completed,,East,67.9,2025-03-12,2842.0,2025-03-14,2025-03-17,2025-03-21,1,1
3099,2025-03-12,processing,,North,53.45,2025-03-12,2843.0,2025-03-15,2025-03-14,2025-03-18,1,0
3100,2025-03-12,completed,,Central,232.18,2025-03-12,2844.0,2025-03-15,2025-03-14,2025-03-16,1,0
3101,2025-03-12,completed,,East,157.65,2025-03-12,2845.0,2025-03-15,2025-03-14,2025-03-18,1,0
3102,2025-03-12,completed,,South,53.45,2025-03-12,2846.0,2025-03-15,2025-03-19,2025-03-22,1,1
3103,2025-03-12,completed,,Central,161.29,2025-03-12,2847.0,2025-03-15,2025-03-14,2025-03-15,1,0
3104,2025-03-12,refunded,,East,326.4,2025-03-12,,,,,0,1
3105,2025-03-12,completed,,North,12.22,2025-03-12,2848.0,2025-03-15,2025-03-17,2025-03-20,1,1
3106,2025-03-12,completed,,North,282.52,2025-03-12,2849.0,2025-03-14,2025-03-15,2025-03-19,1,1
3107,2025-03-12,completed,,North,255.43,2025-03-12,2850.0,2025-03-15,2025-03-14,2025-03-18,1,0
3108,2025-03-12,completed,,Central,111.16,2025-03-12,2851.0,2025-03-16,2025-03-14,2025-03-17,1,0
3109,2025-03-12,completed,,North,61.39,2025-03-12,2852.0,2025-03-15,2025-03-15,2025-03-18,1,0
3110,2025-03-12,completed,,East,75.66,2025-03-12,2853.0,2025-03-16,,,0,1
3111,2025-03-12,completed,,North,179.54000000000002,2025-03-12,2854.0,2025-03-14,2025-03-17,2025-03-21,1,1
3112,2025-03-12,completed,,South,157.65,2025-03-12,2855.0,2025-03-15,2025-03-17,2025-03-21,1,1
3113,2025-03-12,completed,,North,83.16,2025-03-12,2856.0,2025-03-15,2025-03-13,2025-03-16,1,0
3114,2025-03-12,completed,,East,137.03,2025-03-12,2857.0,2025-03-14,2025-03-15,2025-03-16,1,1
3115,2025-03-12,completed,,East,84.15,2025-03-12,2858.0,2025-03-15,2025-03-14,2025-03-17,1,0
3116,2025-03-12,completed,,North,138.05,2025-03-12,2859.0,2025-03-15,2025-03-14,2025-03-16,1,0
3117,2025-03-12,completed,,North,353.04,2025-03-12,2860.0,2025-03-15,2025-03-15,2025-03-19,1,0
3118,2025-03-12,completed,,South,124.26,2025-03-12,2861.0,2025-03-16,2025-03-19,2025-03-22,1,1
3119,2025-03-12,completed,,East,256.3,2025-03-12,2862.0,2025-03-15,2025-03-17,2025-03-21,1,1
3120,2025-03-12,completed,,Central,36.66,2025-03-12,2863.0,2025-03-15,2025-03-14,2025-03-15,1,0
3121,2025-03-12,completed,,North,642.16,2025-03-12,2864.0,2025-03-16,2025-03-15,2025-03-18,1,0
3122,2025-03-12,completed,,Central,42.68,2025-03-12,2865.0,2025-03-15,2025-03-17,2025-03-20,1,1
3123,2025-03-12,completed,,North,117.99,2025-03-12,2866.0,2025-03-15,2025-03-15,2025-03-17,1,0
3124,2025-03-12,completed,,North,313.62,2025-03-12,2867.0,2025-03-15,2025-03-17,2025-03-20,1,1
3125,2025-03-12,processing,,North,217.41,2025-03-12,2868.0,2025-03-16,2025-03-14,2025-03-16,1,0
3126,2025-03-12,completed,,North,53.45,2025-03-12,2869.0,2025-03-15,2025-03-15,2025-03-17,1,0
3127,2025-03-12,completed,,South,113.14,2025-03-12,2870.0,2025-03-15,2025-03-19,2025-03-23,1,1
3128,2025-03-12,processing,,South,104.13,2025-03-12,2871.0,2025-03-15,2025-03-15,2025-03-17,1,0
3129,2025-03-12,completed,,Central,42.3,2025-03-12,2872.0,2025-03-15,2025-03-19,2025-03-20,1,1
3130,2025-03-12,completed,,Central,90.53999999999999,2025-03-12,2873.0,2025-03-16,2025-03-13,2025-03-16,1,0
3131,2025-03-12,cancelled,,East,49.55,2025-03-12,,,,,0,1
3132,2025-03-12,completed,,Central,271.54,2025-03-12,2874.0,2025-03-15,2025-03-14,2025-03-18,1,0
3133,2025-03-12,completed,,North,12.22,2025-03-12,2875.0,2025-03-16,2025-03-14,2025-03-18,1,0
3134,2025-03-13,completed,,North,459.15,2025-03-13,2876.0,2025-03-16,2025-03-16,2025-03-20,1,0
3135,2025-03-13,completed,,South,125.53999999999999,2025-03-13,2877.0,2025-03-16,,,0,1
3136,2025-03-13,completed,,North,43.74,2025-03-13,2878.0,2025-03-17,2025-03-15,2025-03-19,1,0
3137,2025-03-13,completed,,Central,12.22,2025-03-13,2879.0,2025-03-15,2025-03-18,2025-03-19,1,1
3138,2025-03-13,completed,,Central,78.32,2025-03-13,2880.0,2025-03-16,2025-03-15,2025-03-17,1,0
3139,2025-03-13,completed,,North,117.99,2025-03-13,2881.0,2025-03-15,2025-03-16,2025-03-18,1,1
3140,2025-03-13,cancelled,,South,78.13,2025-03-13,,,,,0,1
3141,2025-03-13,completed,,South,53.45,2025-03-13,2882.0,2025-03-17,2025-03-20,2025-03-23,1,1
3142,2025-03-13,completed,,East,103.63,2025-03-13,2883.0,2025-03-16,2025-03-15,2025-03-16,1,0
3143,2025-03-13,completed,,East,166.56,2025-03-13,2884.0,2025-03-16,2025-03-14,2025-03-15,1,0
3144,2025-03-13,completed,,North,401.25,2025-03-13,2885.0,2025-03-17,2025-03-14,2025-03-18,1,0
3145,2025-03-13,completed,,North,12.22,2025-03-13,2886.0,2025-03-16,2025-03-15,2025-03-17,1,0
3146,2025-03-13,completed,,East,69.13,2025-03-13,2887.0,2025-03-16,2025-03-16,2025-03-17,1,0
3147,2025-03-13,completed,,East,9.2,2025-03-13,2888.0,2025-03-16,2025-03-14,2025-03-18,1,0
3148,2025-03-13,processing,,North,29.56,2025-03-13,2889.0,2025-03-16,2025-03-20,2025-03-24,1,1
3149,2025-03-13,cancelled,,North,302.2,2025-03-13,,,,,0,1
3150,2025-03-13,completed,,North,138.05,2025-03-13,2890.0,2025-03-15,2025-03-15,2025-03-16,1,0
3151,2025-03-13,completed,,East,53.45,2025-03-13,2891.0,2025-03-16,2025-03-15,2025-03-18,1,0
3152,2025-03-13,completed,,South,162.01999999999998,2025-03-13,2892.0,2025-03-16,2025-03-15,2025-03-19,1,0
3153,2025-03-13,completed,,Central,219.95000000000002,2025-03-13,2893.0,2025-03-15,2025-03-15,2025-03-19,1,0
3154,2025-03-13,completed,,South,117.99,2025-03-13,2894.0,2025-03-17,2025-03-18,2025-03-21,1,1
3155,2025-03-13,completed,,Central,53.45,2025-03-13,2895.0,2025-03-16,2025-03-18,2025-03-21,1,1
3156,2025-03-13,completed,,North,69.13,2025-03-13,2896.0,2025-03-15,,,0,1
3157,2025-03-13,refunded,,South,162.47,2025-03-13,,,,,0,1
3158,2025-03-13,processing,,North,152.53,2025-03-13,2897.0,2025-03-15,2025-03-15,2025-03-19,1,0
3159,2025-03-13,completed,,Central,171.28,2025-03-13,2898.0,2025-03-16,2025-03-20,2025-03-23,1,1
3160,2025-03-13,refunded,,North,84.15,2025-03-13,,,,,0,1
3161,2025-03-13,processing,,East,138.79,2025-03-13,2899.0,2025-03-15,2025-03-18,2025-03-22,1,1
3162,2025-03-13,completed,,East,173.9,2025-03-13,2900.0,2025-03-16,2025-03-16,2025-03-18,1,0
3163,2025-03-13,completed,,South,20.47,2025-03-13,2901.0,2025-03-16,2025-03-18,2025-03-19,1,1
3164,2025-03-13,completed,,East,166.32,2025-03-13,2902.0,2025-03-15,2025-03-15,2025-03-19,1,0
3165,2025-03-13,refunded,,North,315.83000000000004,2025-03-13,,,,,0,1
3166,2025-03-13,completed,,East,214.28,2025-03-13,2903.0,2025-03-17,2025-03-15,2025-03-17,1,0
3167,2025-03-13,completed,,North,138.26,2025-03-13,2904.0,2025-03-16,2025-03-14,2025-03-16,1,0
3168,2025-03-13,completed,,North,213.92000000000002,2025-03-13,2905.0,2025-03-15,2025-03-16,2025-03-19,1,1
3169,2025-03-13,completed,,North,83.16,2025-03-13,2906.0,2025-03-16,2025-03-16,2025-03-18,1,0
3170,2025-03-13,refunded,,East,20.47,2025-03-13,,,,,0,1
3171,2025-03-13,completed,,South,138.05,2025-03-13,2907.0,2025-03-15,2025-03-18,2025-03-22,1,1
3172,2025-03-13,cancelled,,North,21.34,2025-03-13,,,,,0,1
3173,2025-03-13,processing,,East,83.16,2025-03-13,2908.0,2025-03-16,2025-03-16,2025-03-20,1,0
3174,2025-03-13,completed,,Central,37.74,2025-03-13,2909.0,2025-03-15,2025-03-14,2025-03-18,1,0
3175,2025-03-13,completed,,South,195.01,2025-03-13,2910.0,2025-03-15,2025-03-15,2025-03-17,1,0
3176,2025-03-13,completed,,Central,552.46,2025-03-13,2911.0,2025-03-17,2025-03-16,2025-03-17,1,0
3177,2025-03-13,completed,,Central,202.48,2025-03-13,2912.0,2025-03-16,2025-03-14,2025-03-15,1,0
3178,2025-03-14,completed,,South,42.3,2025-03-14,2913.0,2025-03-18,2025-03-15,2025-03-17,1,0
3179,2025-03-14,completed,,Central,116.06,2025-03-14,2914.0,2025-03-16,2025-03-15,2025-03-16,1,0
3180,2025-03-14,completed,,East,207.39,2025-03-14,2915.0,2025-03-18,2025-03-16,2025-03-19,1,0
3181,2025-03-14,completed,,North,157.65,2025-03-14,2916.0,2025-03-18,2025-03-17,2025-03-20,1,0
3182,2025-03-14,completed,,North,57.71,2025-03-14,2917.0,2025-03-17,2025-03-17,2025-03-20,1,0
3183,2025-03-14,completed,,East,156.64,2025-03-14,2918.0,2025-03-17,2025-03-16,2025-03-17,1,0
3184,2025-03-14,completed,,Central,77.00999999999999,2025-03-14,2919.0,2025-03-17,2025-03-17,2025-03-20,1,0
3185,2025-03-14,completed,,East,316.42,2025-03-14,2920.0,2025-03-17,2025-03-16,2025-03-17,1,0
3186,2025-03-14,refunded,,East,122.78,2025-03-14,,,,,0,1
3187,2025-03-14,completed,,East,19.71,2025-03-14,2921.0,2025-03-17,2025-03-16,2025-03-18,1,0
3188,2025-03-14,completed,,North,163.05,2025-03-14,2922.0,2025-03-17,2025-03-16,2025-03-20,1,0
3189,2025-03-14,processing,,East,59.69,2025-03-14,2923.0,2025-03-17,2025-03-15,2025-03-18,1,0
3190,2025-03-14,completed,,North,43.74,2025-03-14,2924.0,2025-03-17,2025-03-17,2025-03-21,1,0
3191,2025-03-14,completed,,Central,106.9,2025-03-14,2925.0,2025-03-17,2025-03-16,2025-03-18,1,0
3192,2025-03-14,completed,,East,124.26,2025-03-14,2926.0,2025-03-17,2025-03-16,2025-03-18,1,0
3193,2025-03-14,completed,,East,57.71,2025-03-14,2927.0,2025-03-17,2025-03-17,2025-03-21,1,0
3194,2025-03-14,completed,,North,24.61,2025-03-14,2928.0,2025-03-17,2025-03-16,2025-03-19,1,0
3195,2025-03-14,processing,,Central,168.3,2025-03-14,2929.0,2025-03-17,2025-03-16,2025-03-17,1,0
3196,2025-03-14,completed,,East,276.1,2025-03-14,2930.0,2025-03-16,2025-03-19,2025-03-22,1,1
3197,2025-03-14,completed,,North,117.99,2025-03-14,2931.0,2025-03-16,2025-03-17,2025-03-19,1,1
3198,2025-03-14,completed,,East,407.43,2025-03-14,2932.0,2025-03-16,2025-03-17,2025-03-19,1,1
3199,2025-03-14,processing,,North,413.0,2025-03-14,2933.0,2025-03-17,2025-03-15,2025-03-19,1,0
3200,2025-03-14,completed,,Central,140.87,2025-03-14,2934.0,2025-03-17,2025-03-16,2025-03-18,1,0
3201,2025-03-14,cancelled,,South,119.6,2025-03-14,,,,,0,1
3202,2025-03-14,completed,,North,53.45,2025-03-14,2935.0,2025-03-17,2025-03-19,2025-03-21,1,1
3203,2025-03-14,completed,,East,83.16,2025-03-14,2936.0,2025-03-16,2025-03-16,2025-03-18,1,0
3204,2025-03-14,completed,,East,162.0,2025-03-14,2937.0,2025-03-17,2025-03-16,2025-03-17,1,0
3205,2025-03-14,completed,,North,326.1,2025-03-14,2938.0,2025-03-18,2025-03-17,2025-03-20,1,0
3206,2025-03-14,completed,,Central,67.9,2025-03-14,2939.0,2025-03-17,2025-03-17,2025-03-21,1,0
3207,2025-03-14,completed,,North,57.71,2025-03-14,2940.0,2025-03-17,2025-03-19,2025-03-23,1,1
3208,2025-03-14,completed,,South,12.22,2025-03-14,2941.0,2025-03-17,2025-03-19,2025-03-22,1,1
3209,2025-03-14,unknown_status,,North,61.39,2025-03-14,,,,,0,1
3210,2025-03-14,completed,,Central,163.05,2025-03-14,2942.0,2025-03-17,2025-03-16,2025-03-20,1,0
3211,2025-03-14,completed,,East,42.3,2025-03-14,2943.0,2025-03-17,2025-03-16,2025-03-18,1,0
3212,2025-03-14,completed,,South,61.39,2025-03-14,2944.0,2025-03-17,2025-03-19,2025-03-21,1,1
3213,2025-03-14,completed,,Central,72.47,2025-03-14,2945.0,2025-03-17,2025-03-16,2025-03-19,1,0
3214,2025-03-14,completed,,South,31.58,2025-03-14,2946.0,2025-03-16,2025-03-19,2025-03-21,1,1
3215,2025-03-14,completed,,South,235.20000000000002,2025-03-14,2947.0,2025-03-17,,,0,1
3216,2025-03-14,completed,,Central,42.3,2025-03-14,2948.0,2025-03-17,2025-03-19,2025-03-22,1,1
3217,2025-03-14,completed,,South,315.3,2025-03-14,2949.0,2025-03-17,2025-03-17,2025-03-18,1,0
3218,2025-03-14,completed,,Central,252.45,2025-03-14,2950.0,2025-03-17,2025-03-16,2025-03-20,1,0
3219,2025-03-14,completed,,East,156.64,2025-03-14,2951.0,2025-03-16,2025-03-19,2025-03-21,1,1
3220,2025-03-14,unknown_status,,South,84.15,2025-03-14,,,,,0,1
3221,2025-03-15,cancelled,,Central,176.4,2025-03-15,,,,,0,1
3222,2025-03-15,completed,,East,212.45,2025-03-15,2952.0,2025-03-18,2025-03-17,2025-03-19,1,0
3223,2025-03-15,completed,,East,148.13,2025-03-15,2953.0,2025-03-19,2025-03-18,2025-03-21,1,0
3224,2025-03-15,completed,,North,106.9,2025-03-15,2954.0,2025-03-19,2025-03-17,2025-03-19,1,0
3225,2025-03-15,completed,,East,61.39,2025-03-15,2955.0,2025-03-18,2025-03-20,2025-03-24,1,1
3226,2025-03-15,processing,,North,115.23,2025-03-15,2956.0,2025-03-18,2025-03-17,2025-03-21,1,0
3227,2025-03-15,completed,,South,83.16,2025-03-15,2957.0,2025-03-18,2025-03-17,2025-03-18,1,0
3228,2025-03-15,completed,,Central,75.66,2025-03-15,2958.0,2025-03-18,2025-03-18,2025-03-22,1,0
3229,2025-03-15,completed,,North,101.25,2025-03-15,2959.0,2025-03-17,2025-03-20,2025-03-22,1,1
3230,2025-03-15,completed,,Central,101.25,2025-03-15,2960.0,2025-03-18,2025-03-17,2025-03-18,1,0
3231,2025-03-15,completed,,North,99.48,2025-03-15,2961.0,2025-03-17,2025-03-20,2025-03-24,1,1
3232,2025-03-15,completed,,North,157.65,2025-03-15,2962.0,2025-03-17,2025-03-17,2025-03-18,1,0
3233,2025-03-15,completed,,North,20.47,2025-03-15,2963.0,2025-03-18,,,0,1
3234,2025-03-15,processing,,North,72.47,2025-03-15,2964.0,2025-03-18,2025-03-17,2025-03-20,1,0
3235,2025-03-15,processing,,South,156.36,2025-03-15,2965.0,2025-03-17,2025-03-17,2025-03-20,1,0
3236,2025-03-15,completed,,South,117.99,2025-03-15,2966.0,2025-03-19,,,0,1
3237,2025-03-15,completed,,South,138.05,2025-03-15,2967.0,2025-03-18,2025-03-18,2025-03-21,1,0
3238,2025-03-15,completed,,Central,118.35,2025-03-15,2968.0,2025-03-18,,,0,1
3239,2025-03-15,completed,,North,212.41000000000003,2025-03-15,2969.0,2025-03-19,2025-03-18,2025-03-22,1,0
3240,2025-03-15,processing,,South,101.55,2025-03-15,2970.0,2025-03-17,2025-03-16,2025-03-20,1,0
3241,2025-03-15,completed,,North,52.92,2025-03-15,2971.0,2025-03-18,2025-03-16,2025-03-19,1,0
3242,2025-03-15,cancelled,,North,185.65,2025-03-15,,,,,0,1
3243,2025-03-15,processing,,East,19.71,2025-03-15,2972.0,2025-03-18,2025-03-18,2025-03-20,1,0
3244,2025-03-15,completed,,East,12.22,2025-03-15,2973.0,2025-03-18,2025-03-20,2025-03-21,1,1
3245,2025-03-15,completed,,South,78.32,2025-03-15,2974.0,2025-03-18,2025-03-20,2025-03-24,1,1
3246,2025-03-15,processing,,Central,208.41000000000003,2025-03-15,2975.0,2025-03-19,2025-03-16,2025-03-18,1,0
3247,2025-03-15,completed,,Central,189.23000000000002,2025-03-15,2976.0,2025-03-18,2025-03-17,2025-03-19,1,0
3248,2025-03-15,completed,,Central,83.16,2025-03-15,2977.0,2025-03-17,2025-03-20,2025-03-23,1,1
3249,2025-03-15,completed,,East,21.34,2025-03-15,2978.0,2025-03-18,2025-03-16,2025-03-20,1,0
3250,2025-03-15,completed,,Central,241.8,2025-03-15,2979.0,2025-03-17,2025-03-18,2025-03-22,1,1
3251,2025-03-16,completed,,Central,283.86,2025-03-16,2980.0,2025-03-19,2025-03-18,2025-03-21,1,0
3252,2025-03-16,completed,,East,163.05,2025-03-16,2981.0,2025-03-20,2025-03-18,2025-03-20,1,0
3253,2025-03-16,completed,,Central,69.42,2025-03-16,2982.0,2025-03-18,2025-03-19,2025-03-22,1,1
3254,2025-03-16,completed,,South,53.45,2025-03-16,2983.0,2025-03-18,2025-03-19,2025-03-23,1,1
3255,2025-03-16,completed,,South,43.74,2025-03-16,2984.0,2025-03-18,2025-03-21,2025-03-23,1,1
3256,2025-03-16,completed,,Central,229.48000000000002,2025-03-16,2985.0,2025-03-20,2025-03-18,2025-03-21,1,0
3257,2025-03-16,completed,,North,43.73,2025-03-16,2986.0,2025-03-20,2025-03-18,2025-03-20,1,0
3258,2025-03-16,completed,,North,67.9,2025-03-16,2987.0,2025-03-18,2025-03-18,2025-03-19,1,0
3259,2025-03-16,completed,,Central,45.15,2025-03-16,2988.0,2025-03-19,2025-03-18,2025-03-19,1,0
3260,2025-03-16,completed,,South,64.02,2025-03-16,2989.0,2025-03-19,2025-03-23,2025-03-26,1,1
3261,2025-03-16,completed,,North,12.22,2025-03-16,2990.0,2025-03-20,2025-03-17,2025-03-18,1,0
3262,2025-03-16,completed,,South,69.13,2025-03-16,2991.0,2025-03-20,2025-03-19,2025-03-23,1,0
3263,2025-03-16,completed,,North,83.16,2025-03-16,2992.0,2025-03-20,2025-03-19,2025-03-20,1,0
3264,2025-03-16,completed,,East,150.13,2025-03-16,2993.0,2025-03-20,2025-03-17,2025-03-20,1,0
3265,2025-03-16,completed,,North,237.72000000000003,2025-03-16,2994.0,2025-03-19,2025-03-19,2025-03-23,1,0
3266,2025-03-16,completed,,East,75.38,2025-03-16,2995.0,2025-03-18,2025-03-18,2025-03-19,1,0
3267,2025-03-16,completed,,South,21.34,2025-03-16,2996.0,2025-03-19,,,0,1
3268,2025-03-16,completed,,Central,151.32,2025-03-16,2997.0,2025-03-18,2025-03-18,2025-03-19,1,0
3269,2025-03-16,completed,,Central,69.13,2025-03-16,2998.0,2025-03-19,2025-03-18,2025-03-22,1,0
3270,2025-03-16,completed,,North,56.019999999999996,2025-03-16,2999.0,2025-03-19,2025-03-19,2025-03-20,1,0
3271,2025-03-16,completed,,North,178.57999999999998,2025-03-16,3000.0,2025-03-19,2025-03-18,2025-03-21,1,0
3272,2025-03-16,completed,,Central,124.26,2025-03-16,3001.0,2025-03-19,2025-03-18,2025-03-21,1,0
3273,2025-03-16,completed,,East,88.2,2025-03-16,3002.0,2025-03-19,2025-03-17,2025-03-21,1,0
3274,2025-03-16,completed,,North,309.74,2025-03-16,3003.0,2025-03-19,,,0,1
3275,2025-03-16,completed,,South,239.79999999999998,2025-03-16,3004.0,2025-03-19,2025-03-18,2025-03-22,1,0
3276,2025-03-16,completed,,East,318.85,2025-03-16,3005.0,2025-03-20,2025-03-18,2025-03-22,1,0
3277,2025-03-16,completed,,Central,209.04,2025-03-16,3006.0,2025-03-20,2025-03-19,2025-03-22,1,0
3278,2025-03-16,completed,,North,236.68,2025-03-16,3007.0,2025-03-19,2025-03-21,2025-03-24,1,1
3279,2025-03-16,processing,,South,103.41999999999999,2025-03-16,3008.0,2025-03-19,,,0,1
3280,2025-03-16,completed,,South,53.45,2025-03-16,3009.0,2025-03-18,2025-03-21,2025-03-22,1,1
3281,2025-03-16,processing,,North,78.32,2025-03-16,3010.0,2025-03-19,2025-03-19,2025-03-21,1,0
3282,2025-03-16,completed,,East,152.53,2025-03-16,3011.0,2025-03-18,2025-03-19,2025-03-21,1,1
3283,2025-03-16,completed,,East,43.74,2025-03-16,3012.0,2025-03-20,2025-03-18,2025-03-22,1,0
3284,2025-03-16,completed,,North,138.05,2025-03-16,3013.0,2025-03-20,2025-03-18,2025-03-19,1,0
3285,2025-03-16,completed,,East,69.13,2025-03-16,3014.0,2025-03-18,2025-03-18,2025-03-20,1,0
3286,2025-03-16,completed,,Central,117.99,2025-03-16,3015.0,2025-03-19,2025-03-18,2025-03-20,1,0
3287,2025-03-16,completed,,South,155.73,2025-03-16,3016.0,2025-03-20,2025-03-23,2025-03-24,1,1
3288,2025-03-17,processing,,South,83.16,2025-03-17,3017.0,2025-03-20,2025-03-19,2025-03-21,1,0
3289,2025-03-17,completed,,South,214.07999999999998,2025-03-17,3018.0,2025-03-21,2025-03-20,2025-03-23,1,0
3290,2025-03-17,completed,,North,139.70999999999998,2025-03-17,3019.0,2025-03-21,2025-03-19,2025-03-23,1,0
3291,2025-03-17,completed,,Central,21.34,2025-03-17,3020.0,2025-03-19,2025-03-20,2025-03-22,1,1
3292,2025-03-17,completed,,North,173.9,2025-03-17,3021.0,2025-03-20,2025-03-24,2025-03-25,1,1
3293,2025-03-17,completed,,Central,351.76,2025-03-17,3022.0,2025-03-21,2025-03-19,2025-03-23,1,0
3294,2025-03-17,completed,,Central,34.71,2025-03-17,3023.0,2025-03-20,2025-03-20,2025-03-23,1,0
3295,2025-03-17,completed,,South,12.22,2025-03-17,3024.0,2025-03-20,2025-03-18,2025-03-22,1,0
3296,2025-03-17,completed,,North,281.04,2025-03-17,3025.0,2025-03-20,2025-03-20,2025-03-23,1,0
3297,2025-03-17,processing,,Central,61.39,2025-03-17,3026.0,2025-03-20,2025-03-19,2025-03-22,1,0
3298,2025-03-17,completed,,South,72.47,2025-03-17,3027.0,2025-03-19,2025-03-19,2025-03-22,1,0
3299,2025-03-17,completed,,East,83.16,2025-03-17,3028.0,2025-03-21,2025-03-18,2025-03-20,1,0
3300,2025-03-17,completed,,Central,37.74,2025-03-17,3029.0,2025-03-19,2025-03-19,2025-03-20,1,0
3301,2025-03-17,completed,,Central,43.73,2025-03-17,3030.0,2025-03-21,2025-03-20,2025-03-24,1,0
3302,2025-03-17,completed,,East,196.31,2025-03-17,3031.0,2025-03-21,2025-03-20,2025-03-23,1,0
3303,2025-03-17,completed,,North,477.42999999999995,2025-03-17,3032.0,2025-03-20,2025-03-19,2025-03-20,1,0
3304,2025-03-17,completed,,Central,156.64,2025-03-17,3033.0,2025-03-20,2025-03-20,2025-03-24,1,0
3305,2025-03-17,completed,,East,21.34,2025-03-17,3034.0,2025-03-21,2025-03-24,2025-03-27,1,1
3306,2025-03-17,completed,,South,163.05,2025-03-17,3035.0,2025-03-20,2025-03-19,2025-03-20,1,0
3307,2025-03-17,completed,,South,163.05,2025-03-17,3036.0,2025-03-20,2025-03-19,2025-03-20,1,0
3308,2025-03-17,completed,,South,34.71,2025-03-17,3037.0,2025-03-19,2025-03-22,2025-03-24,1,1
3309,2025-03-17,completed,,Central,100.71,2025-03-17,3038.0,2025-03-20,2025-03-20,2025-03-21,1,0
3310,2025-03-17,completed,,South,83.16,2025-03-17,3039.0,2025-03-20,2025-03-20,2025-03-23,1,0
3311,2025-03-17,processing,,South,24.44,2025-03-17,3040.0,2025-03-20,2025-03-19,2025-03-22,1,0
3312,2025-03-17,processing,,North,101.03,2025-03-17,3041.0,2025-03-20,,,0,1
3313,2025-03-17,completed,,North,24.61,2025-03-17,3042.0,2025-03-19,2025-03-19,2025-03-23,1,0
3314,2025-03-17,completed,,Central,157.65,2025-03-17,3043.0,2025-03-19,2025-03-19,2025-03-20,1,0
3315,2025-03-17,completed,,Central,157.65,2025-03-17,3044.0,2025-03-19,2025-03-20,2025-03-23,1,1
3316,2025-03-17,cancelled,,East,286.63,2025-03-17,,,,,0,1
3317,2025-03-17,completed,,North,276.1,2025-03-17,3045.0,2025-03-20,2025-03-20,2025-03-23,1,0
3318,2025-03-17,completed,,East,168.87,2025-03-17,3046.0,2025-03-20,2025-03-18,2025-03-22,1,0
3319,2025-03-17,completed,,South,87.46,2025-03-17,3047.0,2025-03-21,2025-03-19,2025-03-20,1,0
3320,2025-03-17,completed,,North,141.93,2025-03-17,3048.0,2025-03-19,2025-03-19,2025-03-21,1,0
3321,2025-03-17,processing,,North,171.28,2025-03-17,3049.0,2025-03-20,2025-03-20,2025-03-23,1,0
3322,2025-03-17,processing,,North,12.22,2025-03-17,3050.0,2025-03-20,2025-03-19,2025-03-23,1,0
3323,2025-03-17,completed,,East,125.88,2025-03-17,3051.0,2025-03-21,2025-03-18,2025-03-22,1,0
3324,2025-03-17,completed,,South,353.97,2025-03-17,3052.0,2025-03-19,2025-03-24,2025-03-27,1,1
3325,2025-03-18,completed,,North,24.68,2025-03-18,3053.0,2025-03-21,2025-03-21,2025-03-25,1,0
3326,2025-03-18,completed,,Central,157.65,2025-03-18,3054.0,2025-03-21,2025-03-21,2025-03-24,1,0
3327,2025-03-18,completed,,East,84.6,2025-03-18,3055.0,2025-03-20,2025-03-25,2025-03-28,1,1
3328,2025-03-18,completed,,East,83.16,2025-03-18,3056.0,2025-03-21,2025-03-20,2025-03-24,1,0
3329,2025-03-18,completed,,North,20.47,2025-03-18,3057.0,2025-03-21,2025-03-19,2025-03-22,1,0
3330,2025-03-18,completed,,East,61.39,2025-03-18,3058.0,2025-03-21,2025-03-21,2025-03-22,1,0
3331,2025-03-18,processing,,North,202.48,2025-03-18,3059.0,2025-03-20,2025-03-19,2025-03-21,1,0
3332,2025-03-18,completed,,Central,326.1,2025-03-18,3060.0,2025-03-22,2025-03-20,2025-03-23,1,0
3333,2025-03-18,completed,,East,124.26,2025-03-18,3061.0,2025-03-20,2025-03-21,2025-03-24,1,1
3334,2025-03-18,completed,,South,336.95000000000005,2025-03-18,3062.0,2025-03-21,2025-03-21,2025-03-22,1,0
3335,2025-03-18,completed,,Central,163.05,2025-03-18,3063.0,2025-03-21,2025-03-21,2025-03-23,1,0
3336,2025-03-18,processing,,Central,167.31,2025-03-18,3064.0,2025-03-21,2025-03-21,2025-03-23,1,0
3337,2025-03-18,completed,,South,53.45,2025-03-18,3065.0,2025-03-21,2025-03-20,2025-03-21,1,0
3338,2025-03-18,completed,,Central,173.13,2025-03-18,3066.0,2025-03-21,2025-03-20,2025-03-22,1,0
3339,2025-03-18,refunded,,South,21.34,2025-03-18,,,,,0,1
3340,2025-03-18,processing,,South,311.54,2025-03-18,3067.0,2025-03-21,2025-03-20,2025-03-24,1,0
3341,2025-03-18,completed,,Central,182.33,2025-03-18,3068.0,2025-03-22,2025-03-21,2025-03-25,1,0
3342,2025-03-18,processing,,North,51.5,2025-03-18,3069.0,2025-03-21,,,0,1
3343,2025-03-18,processing,,North,171.28,2025-03-18,3070.0,2025-03-20,2025-03-21,2025-03-25,1,1
3344,2025-03-18,completed,,Central,246.21,2025-03-18,3071.0,2025-03-20,2025-03-21,2025-03-22,1,1
3345,2025-03-18,completed,,South,187.73000000000002,2025-03-18,3072.0,2025-03-20,2025-03-19,2025-03-23,1,0
3346,2025-03-18,completed,,South,173.9,2025-03-18,3073.0,2025-03-20,2025-03-21,2025-03-23,1,1
3347,2025-03-18,completed,,Central,124.26,2025-03-18,3074.0,2025-03-21,2025-03-19,2025-03-21,1,0
3348,2025-03-18,completed,,North,162.73000000000002,2025-03-18,3075.0,2025-03-20,2025-03-21,2025-03-23,1,1
3349,2025-03-18,completed,,South,235.87,2025-03-18,3076.0,2025-03-22,2025-03-23,2025-03-26,1,1
3350,2025-03-18,completed,,Central,203.99,2025-03-18,3077.0,2025-03-22,2025-03-20,2025-03-21,1,0
3351,2025-03-18,completed,,Central,241.8,2025-03-18,3078.0,2025-03-20,2025-03-21,2025-03-24,1,1
3352,2025-03-18,completed,,South,69.13,2025-03-18,3079.0,2025-03-22,2025-03-20,2025-03-21,1,0
3353,2025-03-18,completed,,North,20.47,2025-03-18,3080.0,2025-03-21,2025-03-20,2025-03-22,1,0
3354,2025-03-18,completed,,North,84.15,2025-03-18,3081.0,2025-03-21,2025-03-20,2025-03-21,1,0
3355,2025-03-18,completed,,South,336.72,2025-03-18,3082.0,2025-03-21,2025-03-20,2025-03-22,1,0
3356,2025-03-18,completed,,South,111.81,2025-03-18,3083.0,2025-03-21,2025-03-20,2025-03-23,1,0
3357,2025-03-18,completed,,Central,57.71,2025-03-18,3084.0,2025-03-21,2025-03-20,2025-03-21,1,0
3358,2025-03-19,completed,,East,303.09,2025-03-19,3085.0,2025-03-21,2025-03-21,2025-03-23,1,0
3359,2025-03-19,completed,,North,292.56,2025-03-19,3086.0,2025-03-22,2025-03-22,2025-03-26,1,0
3360,2025-03-19,completed,,East,21.34,2025-03-19,3087.0,2025-03-22,2025-03-21,2025-03-25,1,0
3361,2025-03-19,completed,,Central,125.31,2025-03-19,3088.0,2025-03-22,2025-03-21,2025-03-22,1,0
3362,2025-03-19,completed,,North,57.71,2025-03-19,3089.0,2025-03-22,2025-03-20,2025-03-24,1,0
3363,2025-03-19,processing,,North,83.16,2025-03-19,3090.0,2025-03-23,2025-03-21,2025-03-22,1,0
3364,2025-03-19,completed,,South,141.93,2025-03-19,3091.0,2025-03-23,2025-03-24,2025-03-25,1,1
3365,2025-03-19,processing,,South,192.38,2025-03-19,3092.0,2025-03-22,2025-03-20,2025-03-22,1,0
3366,2025-03-19,completed,,Central,120.9,2025-03-19,3093.0,2025-03-22,2025-03-22,2025-03-23,1,0
3367,2025-03-19,completed,,Central,57.71,2025-03-19,3094.0,2025-03-21,2025-03-20,2025-03-23,1,0
3368,2025-03-19,completed,,North,221.77,2025-03-19,3095.0,2025-03-22,2025-03-21,2025-03-23,1,0
3369,2025-03-19,completed,,East,472.95,2025-03-19,3096.0,2025-03-22,2025-03-21,2025-03-25,1,0
3370,2025-03-19,completed,,Central,43.73,2025-03-19,3097.0,2025-03-22,2025-03-21,2025-03-22,1,0
3371,2025-03-19,completed,,North,37.74,2025-03-19,3098.0,2025-03-23,2025-03-22,2025-03-25,1,0
3372,2025-03-19,completed,,South,380.87,2025-03-19,3099.0,2025-03-22,2025-03-21,2025-03-25,1,0
3373,2025-03-19,cancelled,,South,20.47,2025-03-19,,,,,0,1
3374,2025-03-19,completed,,South,177.12,2025-03-19,3100.0,2025-03-22,2025-03-20,2025-03-23,1,0
3375,2025-03-19,completed,,East,166.32,2025-03-19,3101.0,2025-03-22,2025-03-21,2025-03-24,1,0
3376,2025-03-19,completed,,East,83.16,2025-03-19,3102.0,2025-03-21,2025-03-21,2025-03-25,1,0
3377,2025-03-19,processing,,East,94.95,2025-03-19,3103.0,2025-03-22,2025-03-24,2025-03-25,1,1
3378,2025-03-19,completed,,East,21.34,2025-03-19,3104.0,2025-03-22,2025-03-24,2025-03-26,1,1
3379,2025-03-19,completed,,Central,114.84,2025-03-19,3105.0,2025-03-22,2025-03-22,2025-03-24,1,0
3380,2025-03-19,completed,,East,302.12,2025-03-19,3106.0,2025-03-21,2025-03-26,2025-03-29,1,1
3381,2025-03-19,completed,,East,34.71,2025-03-19,3107.0,2025-03-21,,,0,1
3382,2025-03-19,completed,,Central,221.21,2025-03-19,3108.0,2025-03-22,2025-03-21,2025-03-24,1,0
3383,2025-03-19,completed,,East,53.45,2025-03-19,3109.0,2025-03-22,2025-03-24,2025-03-28,1,1
3384,2025-03-19,completed,,East,24.61,2025-03-19,3110.0,2025-03-21,2025-03-24,2025-03-26,1,1
3385,2025-03-19,processing,,Central,69.13,2025-03-19,3111.0,2025-03-22,2025-03-22,2025-03-25,1,0
3386,2025-03-19,completed,,South,37.74,2025-03-19,3112.0,2025-03-22,2025-03-21,2025-03-22,1,0
3387,2025-03-19,processing,,North,166.32,2025-03-19,3113.0,2025-03-21,2025-03-21,2025-03-25,1,0
3388,2025-03-19,completed,,Central,59.12,2025-03-19,3114.0,2025-03-21,2025-03-20,2025-03-21,1,0
3389,2025-03-19,completed,,South,49.36,2025-03-19,3115.0,2025-03-21,2025-03-22,2025-03-25,1,1
3390,2025-03-19,completed,,Central,244.09999999999997,2025-03-19,3116.0,2025-03-22,2025-03-21,2025-03-25,1,0
3391,2025-03-19,completed,,Central,204.2,2025-03-19,3117.0,2025-03-22,,,0,1
3392,2025-03-19,completed,,North,249.48,2025-03-19,3118.0,2025-03-22,2025-03-22,2025-03-26,1,0
3393,2025-03-19,completed,,South,20.47,2025-03-19,3119.0,2025-03-22,2025-03-22,2025-03-26,1,0
3394,2025-03-19,refunded,,East,20.47,2025-03-19,,,,,0,1
3395,2025-03-19,completed,,South,69.13,2025-03-19,3120.0,2025-03-23,2025-03-22,2025-03-26,1,0
3396,2025-03-19,completed,,East,61.39,2025-03-19,3121.0,2025-03-22,2025-03-20,2025-03-24,1,0
3397,2025-03-19,completed,,Central,193.47,2025-03-19,3122.0,2025-03-21,2025-03-21,2025-03-25,1,0
3398,2025-03-19,completed,,East,100.26,2025-03-19,3123.0,2025-03-23,2025-03-21,2025-03-22,1,0
3399,2025-03-19,completed,,East,202.48,2025-03-19,3124.0,2025-03-23,2025-03-21,2025-03-23,1,0
3400,2025-03-19,completed,,North,294.76,2025-03-19,3125.0,2025-03-22,2025-03-24,2025-03-27,1,1
3401,2025-03-19,completed,,East,101.25,2025-03-19,3126.0,2025-03-22,2025-03-22,2025-03-26,1,0
3402,2025-03-19,cancelled,,North,57.71,2025-03-19,,,,,0,1
3403,2025-03-20,completed,,East,235.98,2025-03-20,3127.0,2025-03-22,2025-03-25,2025-03-28,1,1
3404,2025-03-20,completed,,Central,37.74,2025-03-20,3128.0,2025-03-22,2025-03-22,2025-03-26,1,0
3405,2025-03-20,completed,,Central,42.3,2025-03-20,3129.0,2025-03-22,2025-03-22,2025-03-25,1,0
3406,2025-03-20,completed,,North,20.47,2025-03-20,3130.0,2025-03-24,2025-03-22,2025-03-26,1,0
3407,2025-03-20,completed,,East,78.32,2025-03-20,3131.0,2025-03-23,2025-03-21,2025-03-24,1,0
3408,2025-03-20,completed,,Central,409.26,2025-03-20,3132.0,2025-03-22,2025-03-25,2025-03-28,1,1
3409,2025-03-20,completed,,Central,141.93,2025-03-20,3133.0,2025-03-24,2025-03-22,2025-03-23,1,0
3410,2025-03-20,completed,,North,31.58,2025-03-20,3134.0,2025-03-23,2025-03-21,2025-03-24,1,0
3411,2025-03-20,completed,,North,279.98,2025-03-20,3135.0,2025-03-22,2025-03-22,2025-03-24,1,0
3412,2025-03-20,completed,,Central,115.23,2025-03-20,3136.0,2025-03-23,2025-03-22,2025-03-26,1,0
3413,2025-03-20,completed,,Central,20.47,2025-03-20,3137.0,2025-03-24,2025-03-23,2025-03-27,1,0
3414,2025-03-20,completed,,North,154.15,2025-03-20,3138.0,2025-03-22,,,0,1
3415,2025-03-20,completed,,South,84.15,2025-03-20,3139.0,2025-03-22,2025-03-25,2025-03-29,1,1
3416,2025-03-20,completed,,North,204.06,2025-03-20,3140.0,2025-03-24,2025-03-23,2025-03-27,1,0
3417,2025-03-20,processing,,Central,166.32,2025-03-20,3141.0,2025-03-22,2025-03-22,2025-03-26,1,0
3418,2025-03-20,completed,,South,153.28,2025-03-20,3142.0,2025-03-22,2025-03-22,2025-03-25,1,0
3419,2025-03-20,completed,,Central,91.19,2025-03-20,3143.0,2025-03-23,2025-03-22,2025-03-23,1,0
3420,2025-03-20,completed,,Central,157.65,2025-03-20,3144.0,2025-03-23,2025-03-22,2025-03-25,1,0
3421,2025-03-20,completed,,North,101.45,2025-03-20,3145.0,2025-03-23,2025-03-22,2025-03-25,1,0
3422,2025-03-20,completed,,North,119.12,2025-03-20,3146.0,2025-03-22,2025-03-21,2025-03-24,1,0
3423,2025-03-20,completed,,South,124.26,2025-03-20,3147.0,2025-03-23,2025-03-23,2025-03-26,1,0
3424,2025-03-20,completed,,North,174.26,2025-03-20,3148.0,2025-03-23,2025-03-23,2025-03-27,1,0
3425,2025-03-20,completed,,East,57.71,2025-03-20,3149.0,2025-03-23,2025-03-21,2025-03-25,1,0
3426,2025-03-20,completed,,North,216.5,2025-03-20,3150.0,2025-03-23,2025-03-21,2025-03-25,1,0
3427,2025-03-20,completed,,North,138.45999999999998,2025-03-20,3151.0,2025-03-22,2025-03-25,2025-03-28,1,1
3428,2025-03-20,completed,,South,78.32,2025-03-20,3152.0,2025-03-22,2025-03-23,2025-03-24,1,1
3429,2025-03-20,completed,,South,113.15,2025-03-20,3153.0,2025-03-24,,,0,1
3430,2025-03-20,completed,,Central,403.0,2025-03-20,3154.0,2025-03-23,2025-03-23,2025-03-24,1,0
3431,2025-03-20,completed,,East,567.62,2025-03-20,3155.0,2025-03-23,2025-03-22,2025-03-23,1,0
3432,2025-03-20,completed,,East,24.68,2025-03-20,3156.0,2025-03-24,2025-03-23,2025-03-26,1,0
3433,2025-03-21,completed,,North,98.03,2025-03-21,3157.0,2025-03-24,,,0,1
3434,2025-03-21,completed,,Central,53.45,2025-03-21,3158.0,2025-03-25,2025-03-23,2025-03-24,1,0
3435,2025-03-21,cancelled,,South,20.47,2025-03-21,,,,,0,1
3436,2025-03-21,completed,,North,313.15,2025-03-21,3159.0,2025-03-24,2025-03-23,2025-03-26,1,0
3437,2025-03-21,completed,,South,351.04,2025-03-21,3160.0,2025-03-23,2025-03-24,2025-03-28,1,1
3438,2025-03-21,completed,,South,42.3,2025-03-21,3161.0,2025-03-23,2025-03-24,2025-03-26,1,1
3439,2025-03-21,completed,,South,240.72000000000003,2025-03-21,3162.0,2025-03-24,2025-03-23,2025-03-27,1,0
3440,2025-03-21,refunded,,South,43.74,2025-03-21,,,,,0,1
3441,2025-03-21,completed,,East,69.13,2025-03-21,3163.0,2025-03-25,2025-03-26,2025-03-30,1,1
3442,2025-03-21,completed,,Central,83.16,2025-03-21,3164.0,2025-03-25,2025-03-23,2025-03-24,1,0
3443,2025-03-21,completed,,South,305.06,2025-03-21,3165.0,2025-03-24,2025-03-23,2025-03-24,1,0
3444,2025-03-21,completed,,East,21.34,2025-03-21,3166.0,2025-03-23,2025-03-24,2025-03-27,1,1
3445,2025-03-21,completed,,East,259.56,2025-03-21,3167.0,2025-03-24,2025-03-24,2025-03-25,1,0
3446,2025-03-21,processing,,East,171.28,2025-03-21,3168.0,2025-03-25,2025-03-23,2025-03-25,1,0
3447,2025-03-21,completed,,North,112.1,2025-03-21,3169.0,2025-03-24,2025-03-23,2025-03-25,1,0
3448,2025-03-21,processing,,East,202.48,2025-03-21,3170.0,2025-03-24,2025-03-24,2025-03-28,1,0
3449,2025-03-21,completed,,Central,347.8,2025-03-21,3171.0,2025-03-24,2025-03-26,2025-03-27,1,1
3450,2025-03-21,processing,,East,57.71,2025-03-21,3172.0,2025-03-25,2025-03-23,2025-03-26,1,0
3451,2025-03-21,completed,,East,20.47,2025-03-21,3173.0,2025-03-24,2025-03-24,2025-03-28,1,0
3452,2025-03-21,completed,,Central,12.22,2025-03-21,3174.0,2025-03-24,2025-03-24,2025-03-25,1,0
3453,2025-03-21,completed,,North,262.49,2025-03-21,3175.0,2025-03-23,2025-03-23,2025-03-25,1,0
3454,2025-03-21,completed,,Central,163.05,2025-03-21,3176.0,2025-03-23,2025-03-26,2025-03-28,1,1
3455,2025-03-21,completed,,East,434.62,2025-03-21,3177.0,2025-03-25,2025-03-23,2025-03-27,1,0
3456,2025-03-21,completed,,East,168.3,2025-03-21,3178.0,2025-03-25,2025-03-26,2025-03-27,1,1
3457,2025-03-21,completed,,North,83.16,2025-03-21,3179.0,2025-03-23,2025-03-24,2025-03-28,1,1
3458,2025-03-21,completed,,North,78.32,2025-03-21,3180.0,2025-03-23,2025-03-24,2025-03-28,1,1
3459,2025-03-21,completed,,East,242.67000000000002,2025-03-21,3181.0,2025-03-24,2025-03-24,2025-03-25,1,0
3460,2025-03-21,completed,,South,360.38,2025-03-21,3182.0,2025-03-24,2025-03-22,2025-03-23,1,0
3461,2025-03-21,completed,,North,20.47,2025-03-21,3183.0,2025-03-25,2025-03-26,2025-03-27,1,1
3462,2025-03-21,processing,,Central,198.51,2025-03-21,3184.0,2025-03-24,2025-03-22,2025-03-26,1,0
3463,2025-03-21,completed,,North,157.65,2025-03-21,3185.0,2025-03-24,2025-03-22,2025-03-24,1,0
3464,2025-03-21,completed,,South,188.62,2025-03-21,3186.0,2025-03-23,2025-03-26,2025-03-27,1,1
3465,2025-03-21,completed,,East,20.47,2025-03-21,3187.0,2025-03-24,2025-03-26,2025-03-28,1,1
3466,2025-03-21,completed,,South,315.3,2025-03-21,3188.0,2025-03-24,2025-03-23,2025-03-26,1,0
3467,2025-03-21,completed,,East,57.71,2025-03-21,3189.0,2025-03-24,2025-03-24,2025-03-26,1,0
3468,2025-03-22,completed,,South,100.26,2025-03-22,3190.0,2025-03-25,2025-03-27,2025-03-29,1,1
3469,2025-03-22,completed,,North,57.71,2025-03-22,3191.0,2025-03-25,2025-03-25,2025-03-29,1,0
3470,2025-03-22,completed,,East,119.1,2025-03-22,3192.0,2025-03-25,,,0,1
3471,2025-03-22,completed,,Central,135.8,2025-03-22,3193.0,2025-03-25,2025-03-29,2025-04-02,1,1
3472,2025-03-22,completed,,North,83.16,2025-03-22,3194.0,2025-03-25,2025-03-24,2025-03-26,1,0
3473,2025-03-22,completed,,South,158.93,2025-03-22,3195.0,2025-03-26,2025-03-29,2025-03-30,1,1
3474,2025-03-22,completed,,South,171.28,2025-03-22,3196.0,2025-03-25,2025-03-24,2025-03-28,1,0
3475,2025-03-22,completed,,East,78.32,2025-03-22,3197.0,2025-03-25,2025-03-23,2025-03-24,1,0
3476,2025-03-22,completed,,East,59.69,2025-03-22,3198.0,2025-03-26,2025-03-29,2025-04-02,1,1
3477,2025-03-22,completed,,East,81.1,2025-03-22,3199.0,2025-03-25,2025-03-23,2025-03-25,1,0
3478,2025-03-22,completed,,East,53.45,2025-03-22,3200.0,2025-03-25,2025-03-29,2025-04-02,1,1
3479,2025-03-22,completed,,Central,57.71,2025-03-22,3201.0,2025-03-26,2025-03-29,2025-03-31,1,1
3480,2025-03-22,completed,,North,43.74,2025-03-22,3202.0,2025-03-25,2025-03-24,2025-03-28,1,0
3481,2025-03-22,completed,,East,61.15,2025-03-22,3203.0,2025-03-25,,,0,1
3482,2025-03-22,completed,,Central,326.43,2025-03-22,3204.0,2025-03-25,2025-03-23,2025-03-25,1,0
3483,2025-03-22,completed,,South,100.71,2025-03-22,3205.0,2025-03-25,2025-03-25,2025-03-27,1,0
3484,2025-03-22,completed,,South,31.58,2025-03-22,3206.0,2025-03-26,2025-03-23,2025-03-25,1,0
3485,2025-03-22,completed,,North,173.9,2025-03-22,3207.0,2025-03-25,2025-03-27,2025-03-30,1,1
3486,2025-03-22,completed,,Central,287.96000000000004,2025-03-22,3208.0,2025-03-24,2025-03-25,2025-03-29,1,1
3487,2025-03-22,completed,,Central,43.74,2025-03-22,3209.0,2025-03-25,2025-03-24,2025-03-28,1,0
3488,2025-03-22,completed,,East,404.96,2025-03-22,3210.0,2025-03-25,2025-03-24,2025-03-27,1,0
3489,2025-03-22,completed,,South,157.65,2025-03-22,3211.0,2025-03-24,2025-03-25,2025-03-29,1,1
3490,2025-03-22,completed,,East,56.05,2025-03-22,3212.0,2025-03-26,2025-03-24,2025-03-26,1,0
3491,2025-03-22,completed,,North,166.32,2025-03-22,3213.0,2025-03-25,,,0,1
3492,2025-03-22,completed,,South,192.62,2025-03-22,3214.0,2025-03-25,2025-03-25,2025-03-28,1,0
3493,2025-03-22,completed,,East,138.05,2025-03-22,3215.0,2025-03-25,2025-03-27,2025-03-29,1,1
3494,2025-03-22,completed,,North,64.02,2025-03-22,3216.0,2025-03-25,2025-03-29,2025-03-31,1,1
3495,2025-03-22,completed,,Central,84.15,2025-03-22,3217.0,2025-03-24,2025-03-23,2025-03-26,1,0
3496,2025-03-22,completed,,Central,34.71,2025-03-22,3218.0,2025-03-25,2025-03-27,2025-03-28,1,1
3497,2025-03-22,completed,,South,31.58,2025-03-22,3219.0,2025-03-25,2025-03-23,2025-03-27,1,0
3498,2025-03-22,completed,,South,131.19,2025-03-22,3220.0,2025-03-25,2025-03-23,2025-03-27,1,0
3499,2025-03-22,completed,,East,263.14,2025-03-22,3221.0,2025-03-24,2025-03-24,2025-03-26,1,0
3500,2025-03-22,completed,,South,536.15,2025-03-22,3222.0,2025-03-24,2025-03-29,2025-04-02,1,1
3501,2025-03-22,completed,,South,152.53,2025-03-22,3223.0,2025-03-25,2025-03-23,2025-03-24,1,0
3502,2025-03-22,completed,,North,103.63,2025-03-22,3224.0,2025-03-25,2025-03-24,2025-03-25,1,0
3503,2025-03-22,completed,,North,120.61999999999999,2025-03-22,3225.0,2025-03-25,2025-03-24,2025-03-26,1,0
3504,2025-03-22,refunded,,South,187.26999999999998,2025-03-22,,,,,0,1
3505,2025-03-23,completed,,East,392.67,2025-03-23,3226.0,2025-03-25,2025-03-28,2025-04-01,1,1
3506,2025-03-23,processing,,East,34.71,2025-03-23,3227.0,2025-03-26,2025-03-25,2025-03-26,1,0
3507,2025-03-23,processing,,East,281.91,2025-03-23,3228.0,2025-03-25,2025-03-26,2025-03-27,1,1
3508,2025-03-23,completed,,North,20.47,2025-03-23,3229.0,2025-03-26,2025-03-24,2025-03-28,1,0
3509,2025-03-23,cancelled,,South,69.13,2025-03-23,,,,,0,1
3510,2025-03-23,processing,,East,167.31,2025-03-23,3230.0,2025-03-26,2025-03-26,2025-03-28,1,0
3511,2025-03-23,processing,,Central,20.47,2025-03-23,3231.0,2025-03-26,2025-03-25,2025-03-28,1,0
3512,2025-03-23,completed,,South,252.45,2025-03-23,3232.0,2025-03-26,2025-03-26,2025-03-27,1,0
3513,2025-03-23,completed,,Central,69.13,2025-03-23,3233.0,2025-03-26,2025-03-26,2025-03-30,1,0
3514,2025-03-23,completed,,South,117.99,2025-03-23,3234.0,2025-03-26,2025-03-25,2025-03-27,1,0
3515,2025-03-23,completed,,Central,19.71,2025-03-23,3235.0,2025-03-27,2025-03-26,2025-03-28,1,0
3516,2025-03-23,completed,,North,61.15,2025-03-23,3236.0,2025-03-26,2025-03-25,2025-03-28,1,0
3517,2025-03-23,completed,,North,144.94,2025-03-23,3237.0,2025-03-26,2025-03-24,2025-03-26,1,0
3518,2025-03-23,completed,,Central,31.58,2025-03-23,3238.0,2025-03-25,2025-03-26,2025-03-27,1,1
3519,2025-03-23,refunded,,East,321.92,2025-03-23,,,,,0,1
3520,2025-03-23,completed,,East,283.11,2025-03-23,3239.0,2025-03-25,2025-03-25,2025-03-29,1,0
3521,2025-03-23,completed,,Central,115.23,2025-03-23,3240.0,2025-03-26,2025-03-25,2025-03-27,1,0
3522,2025-03-23,cancelled,,East,216.48000000000002,2025-03-23,,,,,0,1
3523,2025-03-23,completed,,North,105.46,2025-03-23,3241.0,2025-03-27,2025-03-26,2025-03-27,1,0
3524,2025-03-23,completed,,Central,218.96,2025-03-23,3242.0,2025-03-27,2025-03-28,2025-04-01,1,1
3525,2025-03-23,completed,,Central,72.47,2025-03-23,3243.0,2025-03-27,2025-03-25,2025-03-26,1,0
3526,2025-03-23,completed,,East,419.05999999999995,2025-03-23,3244.0,2025-03-26,2025-03-25,2025-03-27,1,0
3527,2025-03-23,completed,,North,20.47,2025-03-23,3245.0,2025-03-25,2025-03-25,2025-03-28,1,0
3528,2025-03-23,completed,,South,84.6,2025-03-23,3246.0,2025-03-26,2025-03-25,2025-03-29,1,0
3529,2025-03-23,completed,,Central,562.0899999999999,2025-03-23,3247.0,2025-03-26,2025-03-26,2025-03-29,1,0
3530,2025-03-23,completed,,North,34.71,2025-03-23,3248.0,2025-03-26,2025-03-25,2025-03-27,1,0
3531,2025-03-23,completed,,Central,126.9,2025-03-23,3249.0,2025-03-26,2025-03-24,2025-03-27,1,0
3532,2025-03-23,processing,,East,156.64,2025-03-23,3250.0,2025-03-27,2025-03-24,2025-03-25,1,0
3533,2025-03-23,processing,,North,210.33,2025-03-23,3251.0,2025-03-26,2025-03-28,2025-03-31,1,1
3534,2025-03-23,completed,,East,83.16,2025-03-23,3252.0,2025-03-25,2025-03-26,2025-03-28,1,1
3535,2025-03-23,completed,,North,169.32,2025-03-23,3253.0,2025-03-26,2025-03-26,2025-03-29,1,0
3536,2025-03-23,completed,,South,81.62,2025-03-23,3254.0,2025-03-25,2025-03-26,2025-03-30,1,1
3537,2025-03-23,completed,,Central,69.13,2025-03-23,3255.0,2025-03-26,2025-03-25,2025-03-29,1,0
3538,2025-03-23,completed,,Central,61.15,2025-03-23,3256.0,2025-03-25,2025-03-24,2025-03-27,1,0
3539,2025-03-23,completed,,East,227.65,2025-03-23,3257.0,2025-03-27,2025-03-24,2025-03-28,1,0
3540,2025-03-23,processing,,North,24.68,2025-03-23,3258.0,2025-03-27,2025-03-25,2025-03-28,1,0
3541,2025-03-24,completed,,East,152.53,2025-03-24,3259.0,2025-03-28,2025-03-29,2025-04-02,1,1
3542,2025-03-24,completed,,East,163.54,2025-03-24,3260.0,2025-03-28,2025-03-27,2025-03-30,1,0
3543,2025-03-24,completed,,North,24.61,2025-03-24,3261.0,2025-03-27,2025-03-27,2025-03-30,1,0
3544,2025-03-24,processing,,East,84.6,2025-03-24,3262.0,2025-03-26,2025-03-29,2025-04-01,1,1
3545,2025-03-24,completed,,South,24.61,2025-03-24,3263.0,2025-03-27,2025-03-25,2025-03-26,1,0
3546,2025-03-24,completed,,Central,84.15,2025-03-24,3264.0,2025-03-26,,,0,1
3547,2025-03-24,cancelled,,South,34.71,2025-03-24,,,,,0,1
3548,2025-03-24,completed,,Central,163.05,2025-03-24,3265.0,2025-03-26,2025-03-26,2025-03-27,1,0
3549,2025-03-24,completed,,East,20.47,2025-03-24,3266.0,2025-03-27,2025-03-27,2025-03-30,1,0
3550,2025-03-24,completed,,South,140.87,2025-03-24,3267.0,2025-03-26,2025-03-31,2025-04-03,1,1
3551,2025-03-24,completed,,North,364.3,2025-03-24,3268.0,2025-03-27,2025-03-29,2025-03-31,1,1
3552,2025-03-24,refunded,,South,21.34,2025-03-24,,,,,0,1
3553,2025-03-24,completed,,Central,53.45,2025-03-24,3269.0,2025-03-26,2025-03-26,2025-03-29,1,0
3554,2025-03-24,completed,,North,87.46,2025-03-24,3270.0,2025-03-26,,,0,1
3555,2025-03-24,completed,,Central,59.69,2025-03-24,3271.0,2025-03-27,2025-03-25,2025-03-26,1,0
3556,2025-03-24,cancelled,,South,107.77,2025-03-24,,,,,0,1
3557,2025-03-24,completed,,South,511.02,2025-03-24,3272.0,2025-03-27,2025-03-25,2025-03-26,1,0
3558,2025-03-24,completed,,South,83.16,2025-03-24,3273.0,2025-03-26,2025-03-26,2025-03-27,1,0
3559,2025-03-24,completed,,South,173.9,2025-03-24,3274.0,2025-03-28,2025-03-27,2025-03-29,1,0
3560,2025-03-24,completed,,North,92.94,2025-03-24,3275.0,2025-03-26,2025-03-27,2025-03-31,1,1
3561,2025-03-24,cancelled,,East,138.67000000000002,2025-03-24,,,,,0,1
3562,2025-03-24,completed,,Central,163.05,2025-03-24,3276.0,2025-03-27,2025-03-29,2025-04-01,1,1
3563,2025-03-24,completed,,Central,31.58,2025-03-24,3277.0,2025-03-28,2025-03-27,2025-03-30,1,0
3564,2025-03-24,completed,,East,83.16,2025-03-24,3278.0,2025-03-27,2025-03-26,2025-03-29,1,0
3565,2025-03-24,completed,,East,123.78,2025-03-24,3279.0,2025-03-27,2025-03-25,2025-03-26,1,0
3566,2025-03-24,cancelled,,North,174.07,2025-03-24,,,,,0,1
3567,2025-03-24,completed,,East,122.3,2025-03-24,3280.0,2025-03-27,2025-03-26,2025-03-28,1,0
3568,2025-03-24,completed,,South,67.9,2025-03-24,3281.0,2025-03-27,2025-03-26,2025-03-30,1,0
3569,2025-03-24,completed,,Central,12.22,2025-03-24,3282.0,2025-03-26,2025-03-27,2025-03-31,1,1
3570,2025-03-24,completed,,North,43.73,2025-03-24,3283.0,2025-03-27,2025-03-27,2025-03-31,1,0
3571,2025-03-24,processing,,South,12.22,2025-03-24,3284.0,2025-03-27,2025-03-26,2025-03-28,1,0
3572,2025-03-24,completed,,North,21.34,2025-03-24,3285.0,2025-03-26,2025-03-27,2025-03-28,1,1
3573,2025-03-24,completed,,South,84.6,2025-03-24,3286.0,2025-03-27,2025-03-26,2025-03-30,1,0
3574,2025-03-25,completed,2.0,East,129.76,2025-03-25,3287.0,2025-03-29,2025-03-26,2025-03-27,1,0
3575,2025-03-25,completed,2.0,South,60.83,2025-03-25,3288.0,2025-03-28,2025-03-27,2025-03-28,1,0
3576,2025-03-25,completed,2.0,Central,109.35,2025-03-25,3289.0,2025-03-29,2025-03-28,2025-04-01,1,0
3577,2025-03-25,completed,2.0,Central,21.72,2025-03-25,3290.0,2025-03-28,2025-04-01,2025-04-05,1,1
3578,2025-03-25,completed,2.0,North,87.7,2025-03-25,3291.0,2025-03-28,2025-03-27,2025-03-29,1,0
3579,2025-03-25,completed,2.0,East,38.49,2025-03-25,3292.0,2025-03-29,2025-03-27,2025-03-28,1,0
3580,2025-03-25,refunded,2.0,South,21.72,2025-03-25,,,,,0,1
3581,2025-03-25,processing,2.0,North,207.66,2025-03-25,3293.0,2025-03-28,2025-03-28,2025-03-29,1,0
3582,2025-03-25,completed,2.0,North,135.05,2025-03-25,3294.0,2025-03-27,2025-03-28,2025-03-30,1,1
3583,2025-03-25,completed,2.0,North,134.23,2025-03-25,3295.0,2025-03-28,2025-03-28,2025-03-30,1,0
3584,2025-03-25,completed,2.0,South,248.17000000000002,2025-03-25,3296.0,2025-03-27,2025-04-01,2025-04-03,1,1
3585,2025-03-25,completed,2.0,North,74.05,2025-03-25,3297.0,2025-03-28,2025-03-27,2025-03-28,1,0
3586,2025-03-25,completed,2.0,Central,119.5,2025-03-25,3298.0,2025-03-29,2025-03-26,2025-03-30,1,0
3587,2025-03-25,completed,2.0,South,137.84,2025-03-25,3299.0,2025-03-28,2025-03-26,2025-03-29,1,0
3588,2025-03-25,completed,2.0,Central,10.75,2025-03-25,3300.0,2025-03-28,2025-03-28,2025-04-01,1,0
3589,2025-03-25,completed,2.0,South,60.83,2025-03-25,3301.0,2025-03-28,2025-03-28,2025-03-29,1,0
3590,2025-03-25,completed,2.0,South,395.99,2025-03-25,3302.0,2025-03-28,2025-03-28,2025-04-01,1,0
3591,2025-03-25,completed,2.0,East,392.65,2025-03-25,3303.0,2025-03-27,2025-03-30,2025-04-03,1,1
3592,2025-03-25,completed,2.0,East,200.69,2025-03-25,3304.0,2025-03-28,2025-03-27,2025-03-29,1,0
3593,2025-03-25,completed,2.0,South,138.73,2025-03-25,3305.0,2025-03-28,2025-03-27,2025-03-29,1,0
3594,2025-03-25,completed,2.0,Central,60.83,2025-03-25,3306.0,2025-03-27,2025-03-28,2025-03-31,1,1
3595,2025-03-25,completed,2.0,East,132.23000000000002,2025-03-25,3307.0,2025-03-28,2025-03-27,2025-03-30,1,0
3596,2025-03-25,completed,2.0,Central,21.5,2025-03-25,3308.0,2025-03-29,2025-03-30,2025-04-02,1,1
3597,2025-03-25,processing,2.0,North,94.03999999999999,2025-03-25,3309.0,2025-03-27,2025-03-28,2025-03-31,1,1
3598,2025-03-25,completed,2.0,Central,134.23,2025-03-25,3310.0,2025-03-27,2025-03-26,2025-03-30,1,0
3599,2025-03-25,processing,2.0,North,54.07,2025-03-25,3311.0,2025-03-29,2025-04-01,2025-04-02,1,1
3600,2025-03-25,completed,2.0,East,121.48,2025-03-25,3312.0,2025-03-27,2025-03-28,2025-04-01,1,1
3601,2025-03-25,completed,2.0,Central,252.64999999999998,2025-03-25,3313.0,2025-03-28,2025-03-28,2025-03-30,1,0
3602,2025-03-25,completed,2.0,Central,63.77,2025-03-25,3314.0,2025-03-28,2025-03-26,2025-03-30,1,0
3603,2025-03-25,completed,2.0,Central,550.38,2025-03-25,3315.0,2025-03-28,2025-03-27,2025-03-31,1,0
3604,2025-03-25,completed,2.0,East,246.56,2025-03-25,3316.0,2025-03-29,2025-03-28,2025-03-29,1,0
3605,2025-03-25,cancelled,2.0,Central,188.93,2025-03-25,,,,,0,1
3606,2025-03-25,completed,2.0,East,450.62,2025-03-25,3317.0,2025-03-27,2025-03-28,2025-04-01,1,1
3607,2025-03-25,completed,2.0,North,114.85,2025-03-25,3318.0,2025-03-27,2025-03-28,2025-04-01,1,1
3608,2025-03-25,cancelled,2.0,Central,68.92,2025-03-25,,,,,0,1
3609,2025-03-25,completed,2.0,Central,66.58,2025-03-25,3319.0,2025-03-29,2025-03-26,2025-03-29,1,0
3610,2025-03-25,completed,2.0,North,178.18,2025-03-25,3320.0,2025-03-27,2025-03-27,2025-03-30,1,0
3611,2025-03-25,completed,2.0,North,55.230000000000004,2025-03-25,3321.0,2025-03-29,2025-03-30,2025-04-02,1,1
3612,2025-03-25,completed,2.0,North,160.13,2025-03-25,3322.0,2025-03-28,2025-03-28,2025-03-29,1,0
3613,2025-03-25,completed,2.0,East,138.73,2025-03-25,3323.0,2025-03-29,2025-03-30,2025-03-31,1,1
3614,2025-03-25,completed,2.0,South,104.94,2025-03-25,3324.0,2025-03-28,2025-03-28,2025-03-30,1,0
3615,2025-03-25,unknown_status,2.0,Central,154.91,2025-03-25,,,,,0,1
3616,2025-03-25,completed,2.0,North,18.78,2025-03-25,3325.0,2025-03-27,2025-04-01,2025-04-04,1,1
3617,2025-03-25,completed,2.0,North,73.18,2025-03-25,3326.0,2025-03-27,2025-03-28,2025-03-30,1,1
3618,2025-03-26,completed,2.0,East,119.0,2025-03-26,3327.0,2025-03-29,2025-03-28,2025-03-31,1,0
3619,2025-03-26,completed,2.0,North,143.48,2025-03-26,3328.0,2025-03-29,2025-03-31,2025-04-01,1,1
3620,2025-03-26,processing,2.0,North,121.48,2025-03-26,3329.0,2025-03-29,2025-03-29,2025-03-30,1,0
3621,2025-03-26,completed,2.0,East,178.18,2025-03-26,3330.0,2025-03-29,2025-03-27,2025-03-30,1,0
3622,2025-03-26,completed,2.0,Central,138.73,2025-03-26,3331.0,2025-03-29,2025-03-28,2025-03-29,1,0
3623,2025-03-26,completed,2.0,East,93.53,2025-03-26,3332.0,2025-03-30,,,0,1
3624,2025-03-26,completed,2.0,Central,177.01,2025-03-26,3333.0,2025-03-28,2025-03-28,2025-03-31,1,0
3625,2025-03-26,completed,2.0,Central,291.16,2025-03-26,3334.0,2025-03-29,2025-04-02,2025-04-05,1,1
3626,2025-03-26,completed,2.0,East,200.74,2025-03-26,3335.0,2025-03-29,2025-03-29,2025-03-30,1,0
3627,2025-03-26,completed,2.0,Central,74.05,2025-03-26,3336.0,2025-03-30,2025-03-27,2025-03-28,1,0
3628,2025-03-26,completed,2.0,Central,21.72,2025-03-26,3337.0,2025-03-29,2025-03-28,2025-03-31,1,0
3629,2025-03-26,completed,2.0,East,138.73,2025-03-26,3338.0,2025-03-29,2025-03-28,2025-04-01,1,0
3630,2025-03-26,completed,2.0,Central,202.8,2025-03-26,3339.0,2025-03-29,2025-03-31,2025-04-01,1,1
3631,2025-03-26,completed,2.0,East,138.73,2025-03-26,3340.0,2025-03-29,2025-03-29,2025-03-31,1,0
3632,2025-03-26,refunded,2.0,North,88.23,2025-03-26,,,,,0,1
3633,2025-03-26,completed,2.0,East,275.13,2025-03-26,3341.0,2025-03-29,2025-03-29,2025-04-02,1,0
3634,2025-03-26,completed,2.0,North,134.23,2025-03-26,3342.0,2025-03-30,2025-03-28,2025-03-31,1,0
3635,2025-03-26,completed,2.0,East,121.66,2025-03-26,3343.0,2025-03-29,2025-04-02,2025-04-06,1,1
3636,2025-03-26,completed,2.0,East,101.4,2025-03-26,3344.0,2025-03-29,2025-03-28,2025-03-30,1,0
3637,2025-03-26,cancelled,2.0,North,285.63,2025-03-26,,,,,0,1
3638,2025-03-26,completed,2.0,Central,241.52999999999997,2025-03-26,3345.0,2025-03-29,2025-03-27,2025-03-31,1,0
3639,2025-03-26,completed,2.0,South,38.48,2025-03-26,3346.0,2025-03-29,2025-03-28,2025-03-31,1,0
3640,2025-03-26,completed,2.0,East,420.93999999999994,2025-03-26,3347.0,2025-03-29,2025-03-28,2025-04-01,1,0
3641,2025-03-26,completed,2.0,South,143.48,2025-03-26,3348.0,2025-03-29,2025-03-29,2025-03-30,1,0
3642,2025-03-26,completed,2.0,Central,59.75,2025-03-26,3349.0,2025-03-28,2025-03-31,2025-04-03,1,1
3643,2025-03-26,completed,2.0,North,178.18,2025-03-26,3350.0,2025-03-28,2025-03-31,2025-04-02,1,1
3644,2025-03-26,completed,2.0,North,37.22,2025-03-26,3351.0,2025-03-28,2025-03-29,2025-04-02,1,1
3645,2025-03-26,completed,2.0,North,263.46000000000004,2025-03-26,3352.0,2025-03-29,2025-03-29,2025-03-30,1,0
3646,2025-03-26,refunded,2.0,East,226.13,2025-03-26,,,,,0,1
3647,2025-03-26,cancelled,2.0,Central,115.47,2025-03-26,,,,,0,1
3648,2025-03-26,completed,2.0,South,282.01,2025-03-26,3353.0,2025-03-30,2025-03-28,2025-03-31,1,0
3649,2025-03-26,cancelled,2.0,North,124.9,2025-03-26,,,,,0,1
3650,2025-03-26,completed,2.0,North,351.13,2025-03-26,3354.0,2025-03-30,2025-03-29,2025-03-30,1,0
3651,2025-03-26,cancelled,2.0,South,54.02,2025-03-26,,,,,0,1
3652,2025-03-26,completed,2.0,East,177.01,2025-03-26,3355.0,2025-03-29,2025-03-27,2025-03-28,1,0
3653,2025-03-26,completed,2.0,East,241.7,2025-03-26,3356.0,2025-03-28,2025-03-29,2025-04-01,1,1
3654,2025-03-26,completed,2.0,North,104.43,2025-03-26,3357.0,2025-03-29,2025-03-29,2025-03-31,1,0
3655,2025-03-26,completed,2.0,North,459.09,2025-03-26,3358.0,2025-03-29,2025-03-27,2025-03-30,1,0
3656,2025-03-26,completed,2.0,East,135.65,2025-03-26,3359.0,2025-03-30,2025-03-28,2025-03-30,1,0
3657,2025-03-26,completed,2.0,Central,178.18,2025-03-26,3360.0,2025-03-29,2025-03-29,2025-03-31,1,0
3658,2025-03-26,cancelled,2.0,North,157.64,2025-03-26,,,,,0,1
3659,2025-03-26,completed,2.0,Central,47.04,2025-03-26,3361.0,2025-03-29,2025-03-29,2025-04-02,1,0
3660,2025-03-26,processing,2.0,Central,123.96000000000001,2025-03-26,3362.0,2025-03-28,2025-03-31,2025-04-03,1,1
3661,2025-03-26,completed,2.0,East,10.75,2025-03-26,3363.0,2025-03-29,2025-03-29,2025-03-31,1,0
3662,2025-03-26,completed,2.0,South,138.73,2025-03-26,3364.0,2025-03-30,2025-03-29,2025-04-01,1,0
3663,2025-03-26,refunded,2.0,Central,43.6,2025-03-26,,,,,0,1
3664,2025-03-26,completed,2.0,Central,21.5,2025-03-26,3365.0,2025-03-28,2025-03-28,2025-04-01,1,0
3665,2025-03-26,completed,2.0,East,101.56,2025-03-26,3366.0,2025-03-29,2025-03-29,2025-03-31,1,0
3666,2025-03-26,unknown_status,2.0,Central,190.51999999999998,2025-03-26,,,,,0,1
3667,2025-03-26,completed,2.0,East,251.36,2025-03-26,3367.0,2025-03-28,2025-03-28,2025-03-29,1,0
3668,2025-03-26,completed,2.0,North,218.7,2025-03-26,3368.0,2025-03-29,2025-03-28,2025-03-31,1,0
3669,2025-03-26,completed,2.0,North,52.02,2025-03-26,3369.0,2025-03-29,2025-03-28,2025-03-31,1,0
3670,2025-03-26,completed,2.0,North,227.11,2025-03-26,3370.0,2025-03-29,2025-03-28,2025-04-01,1,0
3671,2025-03-26,completed,2.0,South,369.15999999999997,2025-03-26,3371.0,2025-03-29,2025-04-02,2025-04-03,1,1
3672,2025-03-26,completed,2.0,East,149.27,2025-03-26,3372.0,2025-03-30,2025-03-29,2025-04-02,1,0
3673,2025-03-26,completed,2.0,North,74.05,2025-03-26,3373.0,2025-03-28,2025-03-29,2025-03-31,1,1
3674,2025-03-27,completed,2.0,Central,153.03,2025-03-27,3374.0,2025-03-30,2025-04-03,2025-04-04,1,1
3675,2025-03-27,completed,2.0,East,362.28999999999996,2025-03-27,3375.0,2025-03-29,,,0,1
3676,2025-03-27,completed,2.0,Central,63.77,2025-03-27,3376.0,2025-03-29,2025-04-03,2025-04-06,1,1
3677,2025-03-27,completed,2.0,South,143.14000000000001,2025-03-27,3377.0,2025-03-30,2025-03-29,2025-03-30,1,0
3678,2025-03-27,completed,2.0,North,60.83,2025-03-27,3378.0,2025-03-29,2025-03-29,2025-04-01,1,0
3679,2025-03-27,completed,2.0,South,30.54,2025-03-27,3379.0,2025-03-30,2025-04-03,2025-04-07,1,1
3680,2025-03-27,completed,2.0,Central,76.96,2025-03-27,3380.0,2025-03-30,2025-03-29,2025-03-30,1,0
3681,2025-03-27,completed,2.0,Central,197.5,2025-03-27,3381.0,2025-03-30,2025-03-30,2025-04-01,1,0
3682,2025-03-27,completed,2.0,South,68.92,2025-03-27,3382.0,2025-03-30,2025-04-01,2025-04-02,1,1
3683,2025-03-27,completed,2.0,North,107.87,2025-03-27,3383.0,2025-03-29,2025-03-29,2025-04-01,1,0
3684,2025-03-27,completed,2.0,North,47.04,2025-03-27,3384.0,2025-03-29,2025-04-01,2025-04-04,1,1
3685,2025-03-27,completed,2.0,Central,16.2,2025-03-27,3385.0,2025-03-30,2025-03-28,2025-04-01,1,0
3686,2025-03-27,completed,2.0,South,124.9,2025-03-27,3386.0,2025-03-30,2025-03-29,2025-03-30,1,0
3687,2025-03-27,completed,2.0,North,411.93999999999994,2025-03-27,3387.0,2025-03-29,2025-03-30,2025-04-01,1,1
3688,2025-03-27,completed,2.0,South,43.6,2025-03-27,3388.0,2025-03-30,2025-04-01,2025-04-03,1,1
3689,2025-03-27,completed,2.0,North,73.18,2025-03-27,3389.0,2025-03-31,2025-04-01,2025-04-02,1,1
3690,2025-03-27,completed,2.0,South,133.16,2025-03-27,3390.0,2025-03-30,2025-03-29,2025-03-30,1,0
3691,2025-03-27,processing,2.0,North,28.76,2025-03-27,3391.0,2025-03-30,2025-03-28,2025-03-29,1,0
3692,2025-03-27,processing,2.0,North,37.22,2025-03-27,3392.0,2025-03-30,2025-04-01,2025-04-03,1,1
3693,2025-03-27,completed,2.0,North,18.01,2025-03-27,3393.0,2025-03-30,2025-04-03,2025-04-07,1,1
3694,2025-03-27,completed,2.0,Central,33.21,2025-03-27,3394.0,2025-03-31,2025-04-03,2025-04-06,1,1
3695,2025-03-27,cancelled,2.0,Central,155.24,2025-03-27,,,,,0,1
3696,2025-03-27,completed,2.0,North,171.04,2025-03-27,3395.0,2025-03-31,2025-04-01,2025-04-02,1,1
3697,2025-03-27,completed,2.0,Central,38.48,2025-03-27,3396.0,2025-03-29,2025-03-29,2025-04-02,1,0
3698,2025-03-27,completed,2.0,East,60.83,2025-03-27,3397.0,2025-03-31,2025-03-30,2025-04-03,1,0
3699,2025-03-27,completed,2.0,South,164.55,2025-03-27,3398.0,2025-03-30,2025-03-30,2025-04-02,1,0
3700,2025-03-27,completed,2.0,North,127.20000000000002,2025-03-27,3399.0,2025-03-31,2025-03-30,2025-04-01,1,0
3701,2025-03-27,completed,2.0,North,402.69,2025-03-27,3400.0,2025-03-30,2025-03-30,2025-04-03,1,0
3702,2025-03-27,processing,2.0,North,68.92,2025-03-27,3401.0,2025-03-31,2025-03-29,2025-04-02,1,0
3703,2025-03-27,completed,2.0,Central,18.01,2025-03-27,3402.0,2025-03-29,2025-03-29,2025-04-01,1,0
3704,2025-03-27,completed,2.0,North,379.24,2025-03-27,3403.0,2025-03-30,2025-03-29,2025-03-31,1,0
3705,2025-03-27,completed,2.0,East,143.48,2025-03-27,3404.0,2025-03-29,2025-03-29,2025-03-30,1,0
3706,2025-03-27,completed,2.0,Central,146.36,2025-03-27,3405.0,2025-03-30,2025-03-30,2025-04-02,1,0
3707,2025-03-27,completed,2.0,North,43.32,2025-03-27,3406.0,2025-03-29,2025-03-30,2025-03-31,1,1
3708,2025-03-27,completed,2.0,North,10.75,2025-03-27,3407.0,2025-03-30,2025-03-29,2025-04-01,1,0
3709,2025-03-27,completed,2.0,Central,18.78,2025-03-27,3408.0,2025-03-30,2025-03-28,2025-03-31,1,0
3710,2025-03-27,unknown_status,2.0,North,50.55,2025-03-27,,,,,0,1
3711,2025-03-27,completed,2.0,South,21.5,2025-03-27,3409.0,2025-03-29,2025-03-29,2025-03-30,1,0
3712,2025-03-27,completed,2.0,Central,91.19000000000001,2025-03-27,3410.0,2025-03-30,2025-03-30,2025-03-31,1,0
3713,2025-03-27,completed,2.0,South,219.54,2025-03-27,3411.0,2025-03-30,,,0,1
3714,2025-03-27,completed,2.0,North,178.18,2025-03-27,3412.0,2025-03-30,2025-04-03,2025-04-05,1,1
3715,2025-03-27,processing,2.0,North,47.04,2025-03-27,3413.0,2025-03-29,2025-04-01,2025-04-02,1,1
3716,2025-03-27,completed,2.0,North,305.43,2025-03-27,3414.0,2025-03-31,2025-04-03,2025-04-05,1,1
3717,2025-03-27,processing,2.0,East,36.02,2025-03-27,3415.0,2025-03-30,2025-03-29,2025-03-30,1,0
3718,2025-03-27,completed,2.0,South,38.49,2025-03-27,3416.0,2025-03-30,2025-03-29,2025-04-02,1,0
3719,2025-03-27,completed,2.0,East,138.45,2025-03-27,3417.0,2025-03-30,2025-04-01,2025-04-02,1,1
3720,2025-03-27,completed,2.0,East,97.82,2025-03-27,3418.0,2025-03-30,2025-03-29,2025-03-31,1,0
3721,2025-03-27,completed,2.0,Central,128.67000000000002,2025-03-27,3419.0,2025-03-29,2025-03-30,2025-04-02,1,1
3722,2025-03-27,completed,2.0,Central,333.8,2025-03-27,3420.0,2025-03-30,2025-03-30,2025-03-31,1,0
3723,2025-03-27,completed,2.0,Central,143.48,2025-03-27,3421.0,2025-03-30,2025-03-30,2025-04-02,1,0
3724,2025-03-27,completed,2.0,East,73.18,2025-03-27,3422.0,2025-03-30,2025-03-30,2025-03-31,1,0
3725,2025-03-27,completed,2.0,North,60.83,2025-03-27,3423.0,2025-03-30,2025-03-30,2025-03-31,1,0
3726,2025-03-27,completed,2.0,South,134.23,2025-03-27,3424.0,2025-03-30,2025-03-28,2025-04-01,1,0
3727,2025-03-27,completed,2.0,South,60.83,2025-03-27,3425.0,2025-03-30,2025-03-29,2025-03-31,1,0
3728,2025-03-27,completed,2.0,North,74.05,2025-03-27,3426.0,2025-03-30,2025-03-28,2025-03-30,1,0
3729,2025-03-27,completed,2.0,South,101.56,2025-03-27,3427.0,2025-03-30,2025-03-30,2025-04-02,1,0
3730,2025-03-27,completed,2.0,North,306.06,2025-03-27,3428.0,2025-03-30,2025-03-30,2025-03-31,1,0
3731,2025-03-27,completed,2.0,Central,186.79999999999998,2025-03-27,3429.0,2025-03-29,2025-03-30,2025-04-01,1,1
3732,2025-03-27,completed,2.0,North,47.04,2025-03-27,3430.0,2025-03-31,2025-03-28,2025-03-29,1,0
3733,2025-03-27,completed,2.0,East,268.46,2025-03-27,3431.0,2025-03-30,2025-03-28,2025-03-29,1,0
3734,2025-03-27,completed,2.0,North,18.78,2025-03-27,3432.0,2025-03-30,2025-04-01,2025-04-03,1,1
3735,2025-03-28,completed,2.0,East,129.65,2025-03-28,3433.0,2025-03-30,2025-03-30,2025-04-01,1,0
3736,2025-03-28,completed,2.0,South,179.25,2025-03-28,3434.0,2025-03-30,2025-04-04,2025-04-08,1,1
3737,2025-03-28,completed,2.0,North,72.80000000000001,2025-03-28,3435.0,2025-04-01,2025-03-31,2025-04-04,1,0
3738,2025-03-28,completed,2.0,North,37.56,2025-03-28,3436.0,2025-03-31,2025-03-29,2025-04-02,1,0
3739,2025-03-28,completed,2.0,East,178.54000000000002,2025-03-28,3437.0,2025-03-31,,,0,1
3740,2025-03-28,completed,2.0,Central,8.1,2025-03-28,3438.0,2025-03-31,2025-03-31,2025-04-03,1,0
3741,2025-03-28,completed,2.0,North,79.67,2025-03-28,3439.0,2025-04-01,2025-03-29,2025-03-31,1,0
3742,2025-03-28,completed,2.0,East,162.01999999999998,2025-03-28,3440.0,2025-03-31,2025-03-29,2025-04-01,1,0
3743,2025-03-28,completed,2.0,Central,211.91,2025-03-28,3441.0,2025-03-31,2025-03-31,2025-04-03,1,0
3744,2025-03-28,completed,2.0,East,127.54,2025-03-28,3442.0,2025-03-30,2025-03-30,2025-04-03,1,0
3745,2025-03-28,completed,2.0,Central,127.54,2025-03-28,3443.0,2025-03-31,2025-03-31,2025-04-04,1,0
3746,2025-03-28,completed,2.0,East,39.730000000000004,2025-03-28,3444.0,2025-03-31,2025-03-30,2025-04-02,1,0
3747,2025-03-28,processing,2.0,South,21.66,2025-03-28,3445.0,2025-04-01,2025-03-31,2025-04-01,1,0
3748,2025-03-28,completed,2.0,Central,94.08,2025-03-28,3446.0,2025-03-31,2025-03-29,2025-03-31,1,0
3749,2025-03-28,completed,2.0,South,119.5,2025-03-28,3447.0,2025-03-30,2025-04-02,2025-04-06,1,1
3750,2025-03-28,completed,2.0,South,17.34,2025-03-28,3448.0,2025-03-30,2025-03-30,2025-03-31,1,0
3751,2025-03-28,completed,2.0,East,356.36,2025-03-28,3449.0,2025-03-31,2025-03-30,2025-03-31,1,0
3752,2025-03-28,completed,2.0,Central,147.89,2025-03-28,3450.0,2025-03-31,2025-03-31,2025-04-01,1,0
3753,2025-03-28,completed,2.0,South,94.08,2025-03-28,3451.0,2025-03-31,2025-04-02,2025-04-04,1,1
3754,2025-03-28,completed,2.0,North,84.8,2025-03-28,3452.0,2025-04-01,2025-04-02,2025-04-06,1,1
3755,2025-03-28,completed,2.0,East,135.5,2025-03-28,3453.0,2025-03-30,2025-03-30,2025-04-02,1,0
3756,2025-03-28,completed,2.0,South,178.18,2025-03-28,3454.0,2025-03-31,2025-03-30,2025-03-31,1,0
3757,2025-03-28,completed,2.0,Central,77.62,2025-03-28,3455.0,2025-03-31,2025-03-31,2025-04-03,1,0
3758,2025-03-28,completed,2.0,North,27.79,2025-03-28,3456.0,2025-03-30,2025-03-30,2025-04-01,1,0
3759,2025-03-28,completed,2.0,North,52.53,2025-03-28,3457.0,2025-03-31,2025-03-31,2025-04-03,1,0
3760,2025-03-28,completed,2.0,East,10.75,2025-03-28,3458.0,2025-04-01,2025-04-02,2025-04-05,1,1
3761,2025-03-28,completed,2.0,North,200.74,2025-03-28,3459.0,2025-03-31,2025-03-30,2025-04-02,1,0
3762,2025-03-28,completed,2.0,East,165.14000000000001,2025-03-28,3460.0,2025-03-31,2025-03-30,2025-03-31,1,0
3763,2025-03-28,completed,2.0,North,47.04,2025-03-28,3461.0,2025-03-30,,,0,1
3764,2025-03-28,completed,2.0,East,66.58,2025-03-28,3462.0,2025-04-01,2025-03-30,2025-04-01,1,0
3765,2025-03-28,completed,2.0,South,121.48,2025-03-28,3463.0,2025-04-01,2025-03-30,2025-04-01,1,0
3766,2025-03-28,refunded,2.0,East,114.58,2025-03-28,,,,,0,1
3767,2025-03-28,processing,2.0,Central,68.92,2025-03-28,3464.0,2025-04-01,,,0,1
3768,2025-03-28,completed,2.0,North,355.2,2025-03-28,3465.0,2025-03-31,2025-03-30,2025-03-31,1,0
3769,2025-03-28,completed,2.0,East,60.83,2025-03-28,3466.0,2025-03-30,2025-03-29,2025-03-31,1,0
3770,2025-03-28,processing,2.0,Central,54.02,2025-03-28,3467.0,2025-03-31,2025-04-02,2025-04-03,1,1
3771,2025-03-28,completed,2.0,North,143.48,2025-03-28,3468.0,2025-03-31,2025-03-30,2025-03-31,1,0
3772,2025-03-28,completed,2.0,Central,73.18,2025-03-28,3469.0,2025-04-01,2025-04-02,2025-04-05,1,1
3773,2025-03-28,completed,2.0,Central,56.0,2025-03-28,3470.0,2025-03-31,2025-03-30,2025-04-03,1,0
3774,2025-03-28,completed,2.0,Central,121.84,2025-03-28,3471.0,2025-03-30,2025-03-30,2025-04-01,1,0
3775,2025-03-28,completed,2.0,Central,268.46,2025-03-28,3472.0,2025-03-31,2025-04-02,2025-04-05,1,1
3776,2025-03-28,processing,2.0,Central,199.56,2025-03-28,3473.0,2025-03-31,2025-03-29,2025-04-01,1,0
3777,2025-03-28,processing,2.0,Central,75.71000000000001,2025-03-28,3474.0,2025-03-31,2025-03-30,2025-04-03,1,0
3778,2025-03-28,completed,2.0,South,8.1,2025-03-28,3475.0,2025-03-31,2025-03-30,2025-04-01,1,0
3779,2025-03-29,completed,2.0,East,109.35,2025-03-29,3476.0,2025-04-01,2025-03-31,2025-04-02,1,0
3780,2025-03-29,completed,2.0,Central,372.74,2025-03-29,3477.0,2025-04-02,2025-03-31,2025-04-02,1,0
3781,2025-03-29,completed,2.0,North,59.75,2025-03-29,3478.0,2025-04-01,2025-03-31,2025-04-03,1,0
3782,2025-03-29,completed,2.0,North,88.23,2025-03-29,3479.0,2025-04-02,2025-04-01,2025-04-02,1,0
3783,2025-03-29,completed,2.0,North,285.35,2025-03-29,3480.0,2025-03-31,2025-03-31,2025-04-01,1,0
3784,2025-03-29,completed,2.0,East,115.96000000000001,2025-03-29,3481.0,2025-04-01,2025-04-03,2025-04-06,1,1
3785,2025-03-29,completed,2.0,South,73.18,2025-03-29,3482.0,2025-04-01,2025-03-31,2025-04-02,1,0
3786,2025-03-29,completed,2.0,South,74.05,2025-03-29,3483.0,2025-04-01,2025-04-01,2025-04-05,1,0
3787,2025-03-29,completed,2.0,East,137.04,2025-03-29,3484.0,2025-04-01,2025-04-01,2025-04-02,1,0
3788,2025-03-29,completed,2.0,Central,18.78,2025-03-29,3485.0,2025-03-31,2025-04-03,2025-04-04,1,1
3789,2025-03-29,cancelled,2.0,South,152.23999999999998,2025-03-29,,,,,0,1
3790,2025-03-29,completed,2.0,North,10.75,2025-03-29,3486.0,2025-04-01,2025-04-01,2025-04-04,1,0
3791,2025-03-29,completed,2.0,South,38.49,2025-03-29,3487.0,2025-03-31,2025-03-30,2025-04-03,1,0
3792,2025-03-29,completed,2.0,Central,123.96000000000001,2025-03-29,3488.0,2025-04-01,,,0,1
3793,2025-03-29,processing,2.0,East,656.51,2025-03-29,3489.0,2025-03-31,2025-04-01,2025-04-05,1,1
3794,2025-03-29,processing,2.0,South,109.35,2025-03-29,3490.0,2025-04-01,2025-03-31,2025-04-02,1,0
3795,2025-03-29,completed,2.0,East,109.17,2025-03-29,3491.0,2025-03-31,2025-03-31,2025-04-03,1,0
3796,2025-03-29,completed,2.0,Central,73.18,2025-03-29,3492.0,2025-04-01,2025-04-03,2025-04-06,1,1
3797,2025-03-29,processing,2.0,North,51.99,2025-03-29,3493.0,2025-04-01,2025-03-30,2025-04-01,1,0
3798,2025-03-29,completed,2.0,North,73.18,2025-03-29,3494.0,2025-04-01,2025-03-30,2025-04-03,1,0
3799,2025-03-29,completed,2.0,South,77.62,2025-03-29,3495.0,2025-04-01,2025-04-03,2025-04-06,1,1
3800,2025-03-29,completed,2.0,Central,190.36,2025-03-29,3496.0,2025-04-01,,,0,1
3801,2025-03-29,cancelled,2.0,South,138.73,2025-03-29,,,,,0,1
3802,2025-03-29,completed,2.0,North,134.23,2025-03-29,3497.0,2025-04-01,2025-03-31,2025-04-02,1,0
3803,2025-03-29,completed,2.0,South,268.46,2025-03-29,3498.0,2025-04-02,2025-03-31,2025-04-01,1,0
3804,2025-03-29,completed,2.0,Central,32.25,2025-03-29,3499.0,2025-04-01,2025-03-30,2025-04-02,1,0
3805,2025-03-29,completed,2.0,South,207.64999999999998,2025-03-29,3500.0,2025-03-31,2025-03-31,2025-04-04,1,0
3806,2025-03-29,processing,2.0,South,115.47,2025-03-29,3501.0,2025-04-02,2025-04-01,2025-04-03,1,0
3807,2025-03-29,completed,2.0,South,134.01,2025-03-29,3502.0,2025-04-01,2025-04-01,2025-04-03,1,0
3808,2025-03-29,completed,2.0,South,225.49,2025-03-29,3503.0,2025-04-01,2025-03-31,2025-04-04,1,0
3809,2025-03-29,completed,2.0,East,185.76999999999998,2025-03-29,3504.0,2025-03-31,2025-03-31,2025-04-01,1,0
3810,2025-03-29,completed,2.0,East,110.77,2025-03-29,3505.0,2025-03-31,2025-03-31,2025-04-01,1,0
3811,2025-03-29,completed,2.0,South,21.5,2025-03-29,3506.0,2025-04-01,2025-04-05,2025-04-08,1,1
3812,2025-03-29,completed,2.0,South,138.73,2025-03-29,3507.0,2025-03-31,2025-03-31,2025-04-04,1,0
3813,2025-03-29,completed,2.0,North,50.78,2025-03-29,3508.0,2025-04-01,2025-03-31,2025-04-03,1,0
3814,2025-03-29,completed,2.0,Central,74.05,2025-03-29,3509.0,2025-04-01,2025-04-03,2025-04-05,1,1
3815,2025-03-29,completed,2.0,East,143.48,2025-03-29,3510.0,2025-03-31,2025-03-31,2025-04-01,1,0
3816,2025-03-29,unknown_status,2.0,East,138.73,2025-03-29,,,,,0,1
3817,2025-03-29,completed,2.0,South,211.91,2025-03-29,3511.0,2025-03-31,2025-03-31,2025-04-03,1,0
3818,2025-03-29,completed,2.0,North,50.78,2025-03-29,3512.0,2025-04-02,2025-03-31,2025-04-04,1,0
3819,2025-03-29,completed,2.0,East,141.12,2025-03-29,3513.0,2025-04-01,2025-03-30,2025-04-01,1,0
3820,2025-03-29,completed,2.0,North,94.84,2025-03-29,3514.0,2025-04-01,2025-04-01,2025-04-02,1,0
3821,2025-03-29,completed,2.0,East,138.73,2025-03-29,3515.0,2025-03-31,2025-04-01,2025-04-03,1,1
3822,2025-03-29,completed,2.0,Central,134.23,2025-03-29,3516.0,2025-04-01,2025-03-31,2025-04-03,1,0
3823,2025-03-29,completed,2.0,Central,52.53,2025-03-29,3517.0,2025-03-31,2025-04-05,2025-04-06,1,1
3824,2025-03-29,completed,2.0,South,356.36,2025-03-29,3518.0,2025-04-02,2025-03-31,2025-04-03,1,0
3825,2025-03-29,completed,2.0,North,280.47999999999996,2025-03-29,3519.0,2025-03-31,2025-03-31,2025-04-04,1,0
3826,2025-03-29,completed,2.0,North,192.75,2025-03-29,3520.0,2025-03-31,2025-04-03,2025-04-07,1,1
3827,2025-03-29,completed,2.0,Central,103.83,2025-03-29,3521.0,2025-04-02,2025-04-01,2025-04-05,1,0
3828,2025-03-29,processing,2.0,South,109.35,2025-03-29,3522.0,2025-04-01,2025-04-01,2025-04-02,1,0
3829,2025-03-29,completed,2.0,South,43.6,2025-03-29,3523.0,2025-04-01,2025-03-31,2025-04-04,1,0
3830,2025-03-29,completed,2.0,South,73.18,2025-03-29,3524.0,2025-04-01,2025-04-01,2025-04-02,1,0
3831,2025-03-30,completed,2.0,North,210.76,2025-03-30,3525.0,2025-04-03,2025-04-04,2025-04-06,1,1
3832,2025-03-30,completed,2.0,South,161.55,2025-03-30,3526.0,2025-04-02,2025-04-02,2025-04-04,1,0
3833,2025-03-30,completed,2.0,North,38.49,2025-03-30,3527.0,2025-04-02,2025-04-01,2025-04-05,1,0
3834,2025-03-30,refunded,2.0,Central,209.5,2025-03-30,,,,,0,1
3835,2025-03-30,completed,2.0,South,202.8,2025-03-30,3528.0,2025-04-02,2025-04-04,2025-04-08,1,1
3836,2025-03-30,completed,2.0,East,216.9,2025-03-30,3529.0,2025-04-01,2025-04-02,2025-04-05,1,1
3837,2025-03-30,completed,2.0,North,183.39999999999998,2025-03-30,3530.0,2025-04-02,2025-04-01,2025-04-03,1,0
3838,2025-03-30,completed,2.0,East,188.38,2025-03-30,3531.0,2025-04-02,2025-04-01,2025-04-03,1,0
3839,2025-03-30,completed,2.0,South,74.05,2025-03-30,3532.0,2025-04-02,2025-04-01,2025-04-04,1,0
3840,2025-03-30,completed,2.0,South,109.35,2025-03-30,3533.0,2025-04-03,2025-04-06,2025-04-09,1,1
3841,2025-03-30,completed,2.0,South,459.09,2025-03-30,3534.0,2025-04-01,2025-04-01,2025-04-05,1,0
3842,2025-03-30,completed,2.0,South,249.8,2025-03-30,3535.0,2025-04-02,2025-04-02,2025-04-05,1,0
3843,2025-03-30,cancelled,2.0,North,94.08,2025-03-30,,,,,0,1
3844,2025-03-30,completed,2.0,Central,166.48,2025-03-30,3536.0,2025-04-02,2025-03-31,2025-04-04,1,0
3845,2025-03-30,completed,2.0,South,284.96,2025-03-30,3537.0,2025-04-02,2025-04-01,2025-04-03,1,0
3846,2025-03-30,completed,2.0,North,134.23,2025-03-30,3538.0,2025-04-03,2025-04-01,2025-04-03,1,0
3847,2025-03-30,completed,2.0,Central,248.12,2025-03-30,3539.0,2025-04-02,2025-03-31,2025-04-02,1,0
3848,2025-03-30,completed,2.0,Central,120.82000000000001,2025-03-30,3540.0,2025-04-02,2025-03-31,2025-04-03,1,0
3849,2025-03-30,completed,2.0,South,131.64,2025-03-30,3541.0,2025-04-03,2025-04-02,2025-04-04,1,0
3850,2025-03-30,processing,2.0,North,43.35,2025-03-30,3542.0,2025-04-03,2025-04-06,2025-04-08,1,1
3851,2025-03-30,completed,2.0,Central,18.01,2025-03-30,3543.0,2025-04-02,2025-04-02,2025-04-03,1,0
3852,2025-03-30,completed,2.0,South,36.02,2025-03-30,3544.0,2025-04-02,,,0,1
3853,2025-03-30,completed,2.0,North,124.9,2025-03-30,3545.0,2025-04-02,2025-03-31,2025-04-01,1,0
3854,2025-03-30,processing,2.0,North,88.91,2025-03-30,3546.0,2025-04-03,2025-04-02,2025-04-03,1,0
3855,2025-03-30,completed,2.0,South,158.7,2025-03-30,3547.0,2025-04-01,2025-03-31,2025-04-03,1,0
3856,2025-03-30,completed,2.0,East,27.79,2025-03-30,3548.0,2025-04-02,2025-04-04,2025-04-08,1,1
3857,2025-03-30,completed,2.0,East,10.75,2025-03-30,3549.0,2025-04-01,2025-04-02,2025-04-03,1,1
3858,2025-03-30,completed,2.0,East,100.97,2025-03-30,3550.0,2025-04-01,2025-04-02,2025-04-05,1,1
3859,2025-03-30,completed,2.0,East,109.17,2025-03-30,3551.0,2025-04-02,2025-04-02,2025-04-04,1,0
3860,2025-03-30,completed,2.0,South,134.23,2025-03-30,3552.0,2025-04-01,2025-04-01,2025-04-03,1,0
3861,2025-03-30,refunded,2.0,Central,73.18,2025-03-30,,,,,0,1
3862,2025-03-30,completed,2.0,East,161.48,2025-03-30,3553.0,2025-04-01,2025-04-01,2025-04-05,1,0
3863,2025-03-30,completed,2.0,South,134.23,2025-03-30,3554.0,2025-04-02,,,0,1
3864,2025-03-30,completed,2.0,North,109.17,2025-03-30,3555.0,2025-04-01,2025-04-01,2025-04-02,1,0
3865,2025-03-30,completed,2.0,South,66.58,2025-03-30,3556.0,2025-04-02,2025-04-01,2025-04-03,1,0
3866,2025-03-30,completed,2.0,Central,63.77,2025-03-30,3557.0,2025-04-03,2025-03-31,2025-04-04,1,0
3867,2025-03-30,completed,2.0,East,18.01,2025-03-30,3558.0,2025-04-03,2025-04-01,2025-04-02,1,0
3868,2025-03-30,completed,2.0,South,136.73000000000002,2025-03-30,3559.0,2025-04-02,2025-04-04,2025-04-06,1,1
3869,2025-03-30,completed,2.0,East,330.3,2025-03-30,3560.0,2025-04-02,2025-04-01,2025-04-05,1,0
3870,2025-03-30,completed,2.0,South,63.77,2025-03-30,3561.0,2025-04-02,2025-04-01,2025-04-04,1,0
3871,2025-03-30,completed,2.0,North,49.23,2025-03-30,3562.0,2025-04-03,2025-03-31,2025-04-03,1,0
3872,2025-03-30,completed,2.0,South,21.66,2025-03-30,3563.0,2025-04-02,,,0,1
3873,2025-03-30,completed,2.0,East,416.19,2025-03-30,3564.0,2025-04-01,2025-04-04,2025-04-08,1,1
3874,2025-03-30,processing,2.0,South,38.48,2025-03-30,3565.0,2025-04-02,2025-03-31,2025-04-03,1,0
3875,2025-03-30,completed,2.0,South,83.93,2025-03-30,3566.0,2025-04-01,2025-04-01,2025-04-04,1,0
3876,2025-03-30,completed,2.0,East,127.54,2025-03-30,3567.0,2025-04-02,2025-04-01,2025-04-03,1,0
3877,2025-03-30,completed,2.0,North,148.1,2025-03-30,3568.0,2025-04-02,2025-04-01,2025-04-02,1,0
3878,2025-03-30,completed,2.0,South,354.13,2025-03-30,3569.0,2025-04-02,2025-04-02,2025-04-05,1,0
3879,2025-03-31,completed,2.0,East,163.19,2025-03-31,3570.0,2025-04-04,2025-04-01,2025-04-04,1,0
3880,2025-03-31,completed,2.0,South,342.24,2025-03-31,3571.0,2025-04-02,2025-04-02,2025-04-03,1,0
3881,2025-03-31,completed,2.0,North,124.9,2025-03-31,3572.0,2025-04-03,2025-04-01,2025-04-05,1,0
3882,2025-03-31,completed,2.0,Central,71.35,2025-03-31,3573.0,2025-04-04,2025-04-03,2025-04-05,1,0
3883,2025-03-31,completed,2.0,Central,124.9,2025-03-31,3574.0,2025-04-03,2025-04-01,2025-04-05,1,0
3884,2025-03-31,completed,2.0,South,261.5,2025-03-31,3575.0,2025-04-04,2025-04-02,2025-04-06,1,0
3885,2025-03-31,completed,2.0,South,134.88,2025-03-31,3576.0,2025-04-04,2025-04-01,2025-04-03,1,0
3886,2025-03-31,completed,2.0,South,10.75,2025-03-31,3577.0,2025-04-04,,,0,1
3887,2025-03-31,completed,2.0,East,53.81,2025-03-31,3578.0,2025-04-02,2025-04-02,2025-04-04,1,0
3888,2025-03-31,completed,2.0,South,207.66,2025-03-31,3579.0,2025-04-03,2025-04-03,2025-04-05,1,0
3889,2025-03-31,completed,2.0,East,59.75,2025-03-31,3580.0,2025-04-02,2025-04-03,2025-04-06,1,1
3890,2025-03-31,completed,2.0,North,73.18,2025-03-31,3581.0,2025-04-02,2025-04-03,2025-04-05,1,1
3891,2025-03-31,completed,2.0,Central,18.01,2025-03-31,3582.0,2025-04-03,2025-04-03,2025-04-04,1,0
3892,2025-03-31,completed,2.0,East,200.5,2025-03-31,3583.0,2025-04-03,2025-04-03,2025-04-05,1,0
3893,2025-03-31,processing,2.0,North,38.48,2025-03-31,3584.0,2025-04-04,2025-04-02,2025-04-03,1,0
3894,2025-03-31,completed,2.0,North,150.73,2025-03-31,3585.0,2025-04-03,2025-04-02,2025-04-04,1,0
3895,2025-03-31,completed,2.0,North,138.73,2025-03-31,3586.0,2025-04-03,2025-04-02,2025-04-06,1,0
3896,2025-03-31,completed,2.0,North,171.94,2025-03-31,3587.0,2025-04-03,2025-04-05,2025-04-08,1,1
3897,2025-03-31,completed,2.0,Central,66.58,2025-03-31,3588.0,2025-04-03,2025-04-02,2025-04-05,1,0
3898,2025-03-31,completed,2.0,East,53.81,2025-03-31,3589.0,2025-04-03,2025-04-01,2025-04-03,1,0
3899,2025-03-31,completed,2.0,South,272.71999999999997,2025-03-31,3590.0,2025-04-03,2025-04-05,2025-04-09,1,1
3900,2025-03-31,completed,2.0,East,156.39,2025-03-31,3591.0,2025-04-03,2025-04-02,2025-04-04,1,0
3901,2025-03-31,completed,2.0,East,10.75,2025-03-31,3592.0,2025-04-02,2025-04-02,2025-04-04,1,0
3902,2025-03-31,completed,2.0,North,73.18,2025-03-31,3593.0,2025-04-02,2025-04-05,2025-04-07,1,1
3903,2025-03-31,completed,2.0,South,74.05,2025-03-31,3594.0,2025-04-04,2025-04-02,2025-04-05,1,0
3904,2025-03-31,refunded,2.0,South,50.78,2025-03-31,,,,,0,1
3905,2025-03-31,completed,2.0,North,356.36,2025-03-31,3595.0,2025-04-02,2025-04-01,2025-04-04,1,0
3906,2025-03-31,completed,2.0,North,62.120000000000005,2025-03-31,3596.0,2025-04-03,2025-04-02,2025-04-05,1,0
3907,2025-03-31,completed,2.0,South,18.78,2025-03-31,3597.0,2025-04-04,2025-04-03,2025-04-05,1,0
3908,2025-03-31,completed,2.0,North,138.73,2025-03-31,3598.0,2025-04-02,2025-04-03,2025-04-06,1,1
3909,2025-03-31,processing,2.0,Central,10.75,2025-03-31,3599.0,2025-04-02,2025-04-02,2025-04-05,1,0
3910,2025-03-31,completed,2.0,North,242.96,2025-03-31,3600.0,2025-04-03,2025-04-03,2025-04-04,1,0
3911,2025-03-31,completed,2.0,East,103.83,2025-03-31,3601.0,2025-04-03,2025-04-03,2025-04-07,1,0
3912,2025-03-31,processing,2.0,East,138.73,2025-03-31,3602.0,2025-04-03,2025-04-02,2025-04-06,1,0
3913,2025-03-31,completed,2.0,South,121.52,2025-03-31,3603.0,2025-04-02,2025-04-03,2025-04-04,1,1
3914,2025-03-31,completed,2.0,Central,212.39999999999998,2025-03-31,3604.0,2025-04-03,2025-04-02,2025-04-06,1,0
3915,2025-03-31,processing,2.0,North,59.75,2025-03-31,3605.0,2025-04-03,2025-04-03,2025-04-06,1,0
3916,2025-03-31,completed,2.0,North,18.01,2025-03-31,3606.0,2025-04-03,2025-04-02,2025-04-05,1,0
3917,2025-03-31,completed,2.0,South,121.48,2025-03-31,3607.0,2025-04-03,2025-04-01,2025-04-02,1,0
3918,2025-03-31,refunded,2.0,North,54.02,2025-03-31,,,,,0,1
3919,2025-03-31,completed,2.0,North,166.98000000000002,2025-03-31,3608.0,2025-04-04,2025-04-02,2025-04-06,1,0
3920,2025-03-31,completed,2.0,South,134.88,2025-03-31,3609.0,2025-04-03,2025-04-03,2025-04-04,1,0
3921,2025-03-31,completed,2.0,East,18.78,2025-03-31,3610.0,2025-04-03,,,0,1
3922,2025-03-31,completed,2.0,East,109.35,2025-03-31,3611.0,2025-04-03,2025-04-03,2025-04-04,1,0
3923,2025-03-31,completed,2.0,Central,153.03,2025-03-31,3612.0,2025-04-02,2025-04-02,2025-04-06,1,0
3924,2025-03-31,completed,2.0,South,356.36,2025-03-31,3613.0,2025-04-03,2025-04-02,2025-04-06,1,0
3925,2025-03-31,completed,2.0,South,148.1,2025-03-31,3614.0,2025-04-03,2025-04-03,2025-04-05,1,0
3926,2025-03-31,unknown_status,2.0,North,162.39,2025-03-31,,,,,0,1
3927,2025-03-31,completed,2.0,East,107.62,2025-03-31,3615.0,2025-04-03,2025-04-02,2025-04-05,1,0
3928,2025-03-31,completed,2.0,Central,73.18,2025-03-31,3616.0,2025-04-03,2025-04-01,2025-04-04,1,0
3929,2025-03-31,processing,2.0,North,143.48,2025-03-31,3617.0,2025-04-03,2025-04-02,2025-04-03,1,0
3930,2025-03-31,completed,2.0,East,60.83,2025-03-31,3618.0,2025-04-04,2025-04-02,2025-04-05,1,0
3931,2025-03-31,completed,2.0,South,68.92,2025-03-31,3619.0,2025-04-03,2025-04-02,2025-04-05,1,0
3932,2025-03-31,completed,2.0,East,54.02,2025-03-31,3620.0,2025-04-02,2025-04-02,2025-04-05,1,0
3933,2025-03-31,cancelled,2.0,North,138.73,2025-03-31,,,,,0,1
3934,2025-03-31,unknown_status,2.0,South,134.23,2025-03-31,,,,,0,1
3935,2025-03-31,processing,2.0,North,129.70000000000002,2025-03-31,3621.0,2025-04-04,2025-04-03,2025-04-04,1,0
3936,2025-03-31,refunded,2.0,Central,277.46,2025-03-31,,,,,0,1
