shipment_id,order_id,promised_ship_date,shipped_date,delivered_date
1,1,2025-01-04 00:00:00,2025-01-03 00:00:00,2025-01-07 00:00:00
2,2,2025-01-05 00:00:00,,
3,3,2025-01-04 00:00:00,2025-01-06 00:00:00,2025-01-10 00:00:00
4,4,2025-01-04 00:00:00,2025-01-04 00:00:00,2025-01-08 00:00:00
5,5,2025-01-04 00:00:00,2025-01-02 00:00:00,2025-01-04 00:00:00
6,6,2025-01-04 00:00:00,2025-01-04 00:00:00,2025-01-05 00:00:00
7,7,2025-01-03 00:00:00,2025-01-03 00:00:00,2025-01-05 00:00:00
8,8,2025-01-05 00:00:00,,
9,9,2025-01-05 00:00:00,2025-01-03 00:00:00,2025-01-07 00:00:00
10,10,2025-01-03 00:00:00,2025-01-03 00:00:00,2025-01-07 00:00:00
11,11,2025-01-04 00:00:00,2025-01-08 00:00:00,2025-01-09 00:00:00
12,12,2025-01-04 00:00:00,2025-01-04 00:00:00,2025-01-05 00:00:00
13,13,2025-01-05 00:00:00,2025-01-04 00:00:00,2025-01-05 00:00:00
14,14,2025-01-03 00:00:00,,
15,15,2025-01-05 00:00:00,2025-01-06 00:00:00,2025-01-09 00:00:00
16,16,2025-01-03 00:00:00,2025-01-04 00:00:00,2025-01-05 00:00:00
17,17,2025-01-04 00:00:00,2025-01-03 00:00:00,2025-01-05 00:00:00
18,18,2025-01-05 00:00:00,2025-01-06 00:00:00,2025-01-10 00:00:00
19,19,2025-01-04 00:00:00,2025-01-06 00:00:00,2025-01-08 00:00:00
20,20,2025-01-05 00:00:00,2025-01-06 00:00:00,2025-01-10 00:00:00
21,21,2025-01-04 00:00:00,2025-01-02 00:00:00,2025-01-06 00:00:00
22,22,2025-01-04 00:00:00,2025-01-06 00:00:00,2025-01-08 00:00:00
23,23,2025-01-03 00:00:00,2025-01-04 00:00:00,2025-01-06 00:00:00
24,24,2025-01-04 00:00:00,2025-01-03 00:00:00,2025-01-06 00:00:00
25,25,2025-01-05 00:00:00,2025-01-02 00:00:00,2025-01-05 00:00:00
26,26,2025-01-04 00:00:00,2025-01-04 00:00:00,2025-01-06 00:00:00
27,27,2025-01-03 00:00:00,2025-01-02 00:00:00,2025-01-03 00:00:00
28,28,2025-01-04 00:00:00,2025-01-04 00:00:00,2025-01-05 00:00:00
29,29,2025-01-04 00:00:00,2025-01-04 00:00:00,2025-01-05 00:00:00
30,30,2025-01-04 00:00:00,2025-01-03 00:00:00,2025-01-07 00:00:00
31,31,2025-01-05 00:00:00,2025-01-03 00:00:00,2025-01-07 00:00:00
32,32,2025-01-03 00:00:00,2025-01-04 00:00:00,2025-01-07 00:00:00
33,33,2025-01-03 00:00:00,2025-01-02 00:00:00,2025-01-06 00:00:00
34,35,2025-01-05 00:00:00,2025-01-03 00:00:00,2025-01-04 00:00:00
35,37,2025-01-04 00:00:00,2025-01-04 00:00:00,2025-01-05 00:00:00
36,38,2025-01-05 00:00:00,2025-01-02 00:00:00,2025-01-04 00:00:00
37,39,2025-01-04 00:00:00,2025-01-06 00:00:00,2025-01-07 00:00:00
38,40,2025-01-04 00:00:00,2025-01-08 00:00:00,2025-01-10 00:00:00
39,41,2025-01-03 00:00:00,2025-01-03 00:00:00,2025-01-06 00:00:00
40,42,2025-01-04 00:00:00,2025-01-04 00:00:00,2025-01-07 00:00:00
41,43,2025-01-05 00:00:00,2025-01-04 00:00:00,2025-01-06 00:00:00
42,44,2025-01-03 00:00:00,2025-01-03 00:00:00,2025-01-04 00:00:00
43,45,2025-01-04 00:00:00,2025-01-06 00:00:00,2025-01-07 00:00:00
44,46,2025-01-03 00:00:00,2025-01-03 00:00:00,2025-01-05 00:00:00
45,47,2025-01-04 00:00:00,2025-01-03 00:00:00,2025-01-05 00:00:00
46,48,2025-01-04 00:00:00,2025-01-02 00:00:00,2025-01-04 00:00:00
47,49,2025-01-04 00:00:00,2025-01-04 00:00:00,2025-01-06 00:00:00
48,50,2025-01-04 00:00:00,2025-01-04 00:00:00,2025-01-08 00:00:00
49,51,2025-01-05 00:00:00,2025-01-04 00:00:00,2025-01-08 00:00:00
50,52,2025-01-06 00:00:00,2025-01-04 00:00:00,2025-01-08 00:00:00
51,53,2025-01-05 00:00:00,2025-01-03 00:00:00,2025-01-05 00:00:00
52,55,2025-01-04 00:00:00,2025-01-03 00:00:00,2025-01-06 00:00:00
53,56,2025-01-04 00:00:00,2025-01-07 00:00:00,2025-01-11 00:00:00
54,57,2025-01-05 00:00:00,2025-01-03 00:00:00,2025-01-06 00:00:00
55,58,2025-01-06 00:00:00,2025-01-05 00:00:00,2025-01-09 00:00:00
56,59,2025-01-05 00:00:00,2025-01-04 00:00:00,2025-01-05 00:00:00
57,60,2025-01-04 00:00:00,2025-01-05 00:00:00,2025-01-08 00:00:00
58,62,2025-01-05 00:00:00,2025-01-05 00:00:00,2025-01-07 00:00:00
59,63,2025-01-05 00:00:00,2025-01-05 00:00:00,2025-01-08 00:00:00
60,64,2025-01-05 00:00:00,2025-01-04 00:00:00,2025-01-08 00:00:00
61,65,2025-01-05 00:00:00,2025-01-05 00:00:00,2025-01-06 00:00:00
62,66,2025-01-05 00:00:00,2025-01-03 00:00:00,2025-01-05 00:00:00
63,67,2025-01-05 00:00:00,2025-01-05 00:00:00,2025-01-09 00:00:00
64,68,2025-01-05 00:00:00,2025-01-04 00:00:00,2025-01-08 00:00:00
65,69,2025-01-06 00:00:00,2025-01-07 00:00:00,2025-01-09 00:00:00
66,70,2025-01-06 00:00:00,2025-01-05 00:00:00,2025-01-08 00:00:00
67,71,2025-01-05 00:00:00,2025-01-04 00:00:00,2025-01-07 00:00:00
68,72,2025-01-04 00:00:00,2025-01-05 00:00:00,2025-01-09 00:00:00
69,73,2025-01-05 00:00:00,2025-01-04 00:00:00,2025-01-06 00:00:00
70,74,2025-01-05 00:00:00,2025-01-04 00:00:00,2025-01-08 00:00:00
71,75,2025-01-05 00:00:00,2025-01-05 00:00:00,2025-01-07 00:00:00
72,76,2025-01-05 00:00:00,2025-01-03 00:00:00,2025-01-04 00:00:00
73,77,2025-01-04 00:00:00,2025-01-04 00:00:00,2025-01-05 00:00:00
74,78,2025-01-05 00:00:00,2025-01-07 00:00:00,2025-01-10 00:00:00
75,79,2025-01-05 00:00:00,2025-01-04 00:00:00,2025-01-05 00:00:00
76,80,2025-01-04 00:00:00,2025-01-04 00:00:00,2025-01-06 00:00:00
77,82,2025-01-05 00:00:00,2025-01-04 00:00:00,2025-01-06 00:00:00
78,83,2025-01-06 00:00:00,2025-01-05 00:00:00,2025-01-08 00:00:00
79,84,2025-01-07 00:00:00,2025-01-08 00:00:00,2025-01-09 00:00:00
80,85,2025-01-06 00:00:00,2025-01-04 00:00:00,2025-01-06 00:00:00
81,86,2025-01-07 00:00:00,2025-01-04 00:00:00,2025-01-05 00:00:00
82,87,2025-01-07 00:00:00,2025-01-06 00:00:00,2025-01-10 00:00:00
83,88,2025-01-06 00:00:00,2025-01-05 00:00:00,2025-01-08 00:00:00
84,89,2025-01-06 00:00:00,2025-01-05 00:00:00,2025-01-08 00:00:00
85,90,2025-01-07 00:00:00,2025-01-06 00:00:00,2025-01-09 00:00:00
86,91,2025-01-07 00:00:00,2025-01-05 00:00:00,2025-01-07 00:00:00
87,92,2025-01-07 00:00:00,2025-01-10 00:00:00,2025-01-13 00:00:00
88,93,2025-01-05 00:00:00,2025-01-05 00:00:00,2025-01-08 00:00:00
89,94,2025-01-06 00:00:00,2025-01-05 00:00:00,2025-01-06 00:00:00
90,95,2025-01-06 00:00:00,2025-01-05 00:00:00,2025-01-08 00:00:00
91,96,2025-01-05 00:00:00,2025-01-10 00:00:00,2025-01-14 00:00:00
92,97,2025-01-06 00:00:00,2025-01-08 00:00:00,2025-01-12 00:00:00
93,98,2025-01-06 00:00:00,2025-01-06 00:00:00,2025-01-09 00:00:00
94,99,2025-01-05 00:00:00,2025-01-04 00:00:00,2025-01-07 00:00:00
95,100,2025-01-06 00:00:00,2025-01-06 00:00:00,2025-01-10 00:00:00
96,101,2025-01-06 00:00:00,2025-01-05 00:00:00,2025-01-09 00:00:00
97,102,2025-01-05 00:00:00,2025-01-06 00:00:00,2025-01-07 00:00:00
98,103,2025-01-06 00:00:00,2025-01-05 00:00:00,2025-01-06 00:00:00
99,104,2025-01-06 00:00:00,2025-01-05 00:00:00,2025-01-06 00:00:00
100,105,2025-01-05 00:00:00,2025-01-05 00:00:00,2025-01-07 00:00:00
101,106,2025-01-06 00:00:00,2025-01-06 00:00:00,2025-01-09 00:00:00
102,107,2025-01-06 00:00:00,,
103,108,2025-01-06 00:00:00,2025-01-06 00:00:00,2025-01-10 00:00:00
104,109,2025-01-06 00:00:00,2025-01-06 00:00:00,2025-01-10 00:00:00
105,110,2025-01-05 00:00:00,2025-01-05 00:00:00,2025-01-09 00:00:00
106,111,2025-01-06 00:00:00,2025-01-05 00:00:00,2025-01-08 00:00:00
107,112,2025-01-06 00:00:00,2025-01-04 00:00:00,2025-01-08 00:00:00
108,113,2025-01-05 00:00:00,2025-01-04 00:00:00,2025-01-08 00:00:00
109,114,2025-01-06 00:00:00,2025-01-05 00:00:00,2025-01-06 00:00:00
110,115,2025-01-05 00:00:00,,
111,116,2025-01-06 00:00:00,2025-01-05 00:00:00,2025-01-07 00:00:00
112,118,2025-01-05 00:00:00,2025-01-08 00:00:00,2025-01-12 00:00:00
113,119,2025-01-05 00:00:00,2025-01-10 00:00:00,2025-01-13 00:00:00
114,120,2025-01-07 00:00:00,2025-01-08 00:00:00,2025-01-11 00:00:00
115,121,2025-01-06 00:00:00,2025-01-09 00:00:00,2025-01-12 00:00:00
116,122,2025-01-08 00:00:00,2025-01-11 00:00:00,2025-01-13 00:00:00
117,123,2025-01-06 00:00:00,2025-01-06 00:00:00,2025-01-10 00:00:00
118,124,2025-01-07 00:00:00,2025-01-05 00:00:00,2025-01-08 00:00:00
119,125,2025-01-08 00:00:00,2025-01-07 00:00:00,2025-01-10 00:00:00
120,126,2025-01-07 00:00:00,2025-01-11 00:00:00,2025-01-13 00:00:00
121,127,2025-01-07 00:00:00,2025-01-06 00:00:00,2025-01-09 00:00:00
122,128,2025-01-07 00:00:00,2025-01-09 00:00:00,2025-01-10 00:00:00
123,129,2025-01-07 00:00:00,2025-01-06 00:00:00,2025-01-08 00:00:00
124,130,2025-01-06 00:00:00,2025-01-07 00:00:00,2025-01-11 00:00:00
125,131,2025-01-07 00:00:00,2025-01-09 00:00:00,2025-01-10 00:00:00
126,132,2025-01-07 00:00:00,2025-01-07 00:00:00,2025-01-08 00:00:00
127,133,2025-01-08 00:00:00,2025-01-05 00:00:00,2025-01-09 00:00:00
128,134,2025-01-07 00:00:00,2025-01-07 00:00:00,2025-01-09 00:00:00
129,135,2025-01-07 00:00:00,2025-01-07 00:00:00,2025-01-11 00:00:00
130,136,2025-01-06 00:00:00,2025-01-11 00:00:00,2025-01-12 00:00:00
131,137,2025-01-07 00:00:00,2025-01-06 00:00:00,2025-01-08 00:00:00
132,138,2025-01-07 00:00:00,2025-01-06 00:00:00,2025-01-08 00:00:00
133,139,2025-01-07 00:00:00,2025-01-05 00:00:00,2025-01-09 00:00:00
134,140,2025-01-06 00:00:00,2025-01-07 00:00:00,2025-01-09 00:00:00
135,141,2025-01-06 00:00:00,2025-01-09 00:00:00,2025-01-12 00:00:00
136,142,2025-01-08 00:00:00,2025-01-07 00:00:00,2025-01-08 00:00:00
137,143,2025-01-08 00:00:00,2025-01-06 00:00:00,2025-01-10 00:00:00
138,144,2025-01-06 00:00:00,2025-01-05 00:00:00,2025-01-07 00:00:00
139,145,2025-01-07 00:00:00,2025-01-07 00:00:00,2025-01-10 00:00:00
140,146,2025-01-06 00:00:00,2025-01-06 00:00:00,2025-01-08 00:00:00
141,147,2025-01-07 00:00:00,,
142,148,2025-01-08 00:00:00,2025-01-06 00:00:00,2025-01-08 00:00:00
143,149,2025-01-07 00:00:00,2025-01-07 00:00:00,2025-01-11 00:00:00
144,150,2025-01-07 00:00:00,2025-01-05 00:00:00,2025-01-06 00:00:00
145,151,2025-01-06 00:00:00,2025-01-06 00:00:00,2025-01-07 00:00:00
146,152,2025-01-07 00:00:00,2025-01-05 00:00:00,2025-01-08 00:00:00
147,153,2025-01-08 00:00:00,2025-01-07 00:00:00,2025-01-10 00:00:00
148,154,2025-01-08 00:00:00,,
149,155,2025-01-07 00:00:00,2025-01-09 00:00:00,2025-01-10 00:00:00
150,156,2025-01-06 00:00:00,2025-01-05 00:00:00,2025-01-06 00:00:00
151,157,2025-01-08 00:00:00,2025-01-05 00:00:00,2025-01-06 00:00:00
152,158,2025-01-07 00:00:00,2025-01-07 00:00:00,2025-01-09 00:00:00
153,159,2025-01-08 00:00:00,2025-01-06 00:00:00,2025-01-09 00:00:00
154,160,2025-01-07 00:00:00,2025-01-11 00:00:00,2025-01-13 00:00:00
155,161,2025-01-07 00:00:00,2025-01-06 00:00:00,2025-01-10 00:00:00
156,162,2025-01-07 00:00:00,2025-01-05 00:00:00,2025-01-06 00:00:00
157,163,2025-01-06 00:00:00,2025-01-05 00:00:00,2025-01-08 00:00:00
158,164,2025-01-07 00:00:00,2025-01-07 00:00:00,2025-01-08 00:00:00
159,166,2025-01-08 00:00:00,2025-01-07 00:00:00,2025-01-08 00:00:00
160,167,2025-01-07 00:00:00,2025-01-12 00:00:00,2025-01-15 00:00:00
161,168,2025-01-07 00:00:00,2025-01-07 00:00:00,2025-01-11 00:00:00
162,169,2025-01-08 00:00:00,2025-01-08 00:00:00,2025-01-09 00:00:00
163,171,2025-01-08 00:00:00,2025-01-08 00:00:00,2025-01-11 00:00:00
164,174,2025-01-08 00:00:00,2025-01-07 00:00:00,2025-01-10 00:00:00
165,175,2025-01-08 00:00:00,2025-01-08 00:00:00,2025-01-12 00:00:00
166,176,2025-01-08 00:00:00,2025-01-08 00:00:00,2025-01-10 00:00:00
167,177,2025-01-08 00:00:00,2025-01-07 00:00:00,2025-01-08 00:00:00
168,178,2025-01-09 00:00:00,2025-01-06 00:00:00,2025-01-07 00:00:00
169,179,2025-01-07 00:00:00,2025-01-07 00:00:00,2025-01-09 00:00:00
170,180,2025-01-07 00:00:00,2025-01-10 00:00:00,2025-01-11 00:00:00
171,181,2025-01-08 00:00:00,2025-01-06 00:00:00,2025-01-07 00:00:00
172,182,2025-01-09 00:00:00,2025-01-10 00:00:00,2025-01-13 00:00:00
173,183,2025-01-09 00:00:00,2025-01-10 00:00:00,2025-01-13 00:00:00
174,184,2025-01-09 00:00:00,2025-01-10 00:00:00,2025-01-14 00:00:00
175,185,2025-01-08 00:00:00,2025-01-08 00:00:00,2025-01-09 00:00:00
176,186,2025-01-07 00:00:00,2025-01-08 00:00:00,2025-01-12 00:00:00
177,187,2025-01-07 00:00:00,2025-01-07 00:00:00,2025-01-08 00:00:00
178,188,2025-01-08 00:00:00,2025-01-08 00:00:00,2025-01-12 00:00:00
179,189,2025-01-09 00:00:00,2025-01-08 00:00:00,2025-01-12 00:00:00
180,190,2025-01-07 00:00:00,2025-01-08 00:00:00,2025-01-10 00:00:00
181,191,2025-01-08 00:00:00,2025-01-07 00:00:00,2025-01-08 00:00:00
182,192,2025-01-08 00:00:00,2025-01-07 00:00:00,2025-01-11 00:00:00
183,194,2025-01-08 00:00:00,2025-01-07 00:00:00,2025-01-10 00:00:00
184,195,2025-01-08 00:00:00,2025-01-07 00:00:00,2025-01-08 00:00:00
185,196,2025-01-09 00:00:00,2025-01-07 00:00:00,2025-01-11 00:00:00
186,197,2025-01-08 00:00:00,2025-01-08 00:00:00,2025-01-09 00:00:00
187,198,2025-01-09 00:00:00,2025-01-07 00:00:00,2025-01-10 00:00:00
188,200,2025-01-08 00:00:00,2025-01-07 00:00:00,2025-01-11 00:00:00
189,201,2025-01-09 00:00:00,2025-01-08 00:00:00,2025-01-09 00:00:00
190,202,2025-01-09 00:00:00,2025-01-10 00:00:00,2025-01-12 00:00:00
191,203,2025-01-09 00:00:00,2025-01-08 00:00:00,2025-01-09 00:00:00
192,204,2025-01-08 00:00:00,2025-01-10 00:00:00,2025-01-11 00:00:00
193,205,2025-01-08 00:00:00,2025-01-08 00:00:00,2025-01-10 00:00:00
194,206,2025-01-07 00:00:00,2025-01-08 00:00:00,2025-01-12 00:00:00
195,207,2025-01-09 00:00:00,,
196,208,2025-01-08 00:00:00,2025-01-10 00:00:00,2025-01-12 00:00:00
197,209,2025-01-08 00:00:00,2025-01-07 00:00:00,2025-01-10 00:00:00
198,210,2025-01-08 00:00:00,2025-01-08 00:00:00,2025-01-11 00:00:00
199,211,2025-01-08 00:00:00,2025-01-06 00:00:00,2025-01-09 00:00:00
200,213,2025-01-07 00:00:00,2025-01-07 00:00:00,2025-01-10 00:00:00
201,214,2025-01-07 00:00:00,2025-01-10 00:00:00,2025-01-11 00:00:00
202,215,2025-01-09 00:00:00,2025-01-08 00:00:00,2025-01-11 00:00:00
203,216,2025-01-10 00:00:00,2025-01-08 00:00:00,2025-01-12 00:00:00
204,217,2025-01-08 00:00:00,2025-01-09 00:00:00,2025-01-12 00:00:00
205,218,2025-01-10 00:00:00,2025-01-08 00:00:00,2025-01-10 00:00:00
206,219,2025-01-08 00:00:00,2025-01-09 00:00:00,2025-01-12 00:00:00
207,220,2025-01-09 00:00:00,,
208,221,2025-01-09 00:00:00,2025-01-09 00:00:00,2025-01-10 00:00:00
209,222,2025-01-09 00:00:00,2025-01-09 00:00:00,2025-01-11 00:00:00
210,223,2025-01-09 00:00:00,2025-01-09 00:00:00,2025-01-10 00:00:00
211,224,2025-01-09 00:00:00,2025-01-08 00:00:00,2025-01-10 00:00:00
212,225,2025-01-08 00:00:00,2025-01-08 00:00:00,2025-01-11 00:00:00
213,226,2025-01-09 00:00:00,2025-01-09 00:00:00,2025-01-10 00:00:00
214,227,2025-01-09 00:00:00,2025-01-07 00:00:00,2025-01-11 00:00:00
215,228,2025-01-08 00:00:00,2025-01-11 00:00:00,2025-01-13 00:00:00
216,229,2025-01-08 00:00:00,2025-01-08 00:00:00,2025-01-10 00:00:00
217,230,2025-01-09 00:00:00,2025-01-09 00:00:00,2025-01-13 00:00:00
218,231,2025-01-08 00:00:00,2025-01-09 00:00:00,2025-01-11 00:00:00
219,232,2025-01-09 00:00:00,2025-01-08 00:00:00,2025-01-12 00:00:00
220,234,2025-01-08 00:00:00,2025-01-08 00:00:00,2025-01-09 00:00:00
221,235,2025-01-10 00:00:00,2025-01-11 00:00:00,2025-01-12 00:00:00
222,236,2025-01-08 00:00:00,2025-01-09 00:00:00,2025-01-13 00:00:00
223,237,2025-01-09 00:00:00,2025-01-09 00:00:00,2025-01-11 00:00:00
224,238,2025-01-09 00:00:00,2025-01-08 00:00:00,2025-01-11 00:00:00
225,240,2025-01-09 00:00:00,2025-01-11 00:00:00,2025-01-14 00:00:00
226,241,2025-01-10 00:00:00,2025-01-09 00:00:00,2025-01-10 00:00:00
227,242,2025-01-08 00:00:00,2025-01-08 00:00:00,2025-01-11 00:00:00
228,243,2025-01-08 00:00:00,2025-01-11 00:00:00,2025-01-14 00:00:00
229,244,2025-01-09 00:00:00,2025-01-08 00:00:00,2025-01-10 00:00:00
230,245,2025-01-09 00:00:00,2025-01-07 00:00:00,2025-01-11 00:00:00
231,246,2025-01-08 00:00:00,2025-01-08 00:00:00,2025-01-11 00:00:00
232,247,2025-01-09 00:00:00,2025-01-07 00:00:00,2025-01-11 00:00:00
233,248,2025-01-09 00:00:00,2025-01-08 00:00:00,2025-01-11 00:00:00
234,249,2025-01-08 00:00:00,2025-01-11 00:00:00,2025-01-12 00:00:00
235,250,2025-01-08 00:00:00,2025-01-08 00:00:00,2025-01-09 00:00:00
236,251,2025-01-09 00:00:00,2025-01-08 00:00:00,2025-01-10 00:00:00
237,252,2025-01-09 00:00:00,2025-01-08 00:00:00,2025-01-09 00:00:00
238,253,2025-01-09 00:00:00,2025-01-08 00:00:00,2025-01-10 00:00:00
239,254,2025-01-09 00:00:00,2025-01-09 00:00:00,2025-01-11 00:00:00
240,255,2025-01-10 00:00:00,2025-01-09 00:00:00,2025-01-12 00:00:00
241,256,2025-01-10 00:00:00,2025-01-10 00:00:00,2025-01-12 00:00:00
242,257,2025-01-09 00:00:00,2025-01-09 00:00:00,2025-01-12 00:00:00
243,258,2025-01-10 00:00:00,2025-01-08 00:00:00,2025-01-09 00:00:00
244,259,2025-01-10 00:00:00,2025-01-12 00:00:00,2025-01-16 00:00:00
245,260,2025-01-10 00:00:00,2025-01-10 00:00:00,2025-01-11 00:00:00
246,261,2025-01-10 00:00:00,2025-01-08 00:00:00,2025-01-10 00:00:00
247,262,2025-01-09 00:00:00,2025-01-12 00:00:00,2025-01-14 00:00:00
248,263,2025-01-10 00:00:00,2025-01-09 00:00:00,2025-01-13 00:00:00
249,264,2025-01-10 00:00:00,2025-01-08 00:00:00,2025-01-11 00:00:00
250,265,2025-01-09 00:00:00,2025-01-10 00:00:00,2025-01-13 00:00:00
251,266,2025-01-10 00:00:00,2025-01-10 00:00:00,2025-01-13 00:00:00
252,267,2025-01-10 00:00:00,2025-01-10 00:00:00,2025-01-12 00:00:00
253,268,2025-01-11 00:00:00,,
254,269,2025-01-11 00:00:00,2025-01-09 00:00:00,2025-01-13 00:00:00
255,270,2025-01-10 00:00:00,2025-01-08 00:00:00,2025-01-09 00:00:00
256,272,2025-01-11 00:00:00,2025-01-10 00:00:00,2025-01-11 00:00:00
257,273,2025-01-09 00:00:00,,
258,274,2025-01-10 00:00:00,2025-01-08 00:00:00,2025-01-09 00:00:00
259,275,2025-01-09 00:00:00,2025-01-09 00:00:00,2025-01-12 00:00:00
260,276,2025-01-10 00:00:00,2025-01-10 00:00:00,2025-01-12 00:00:00
261,277,2025-01-10 00:00:00,2025-01-09 00:00:00,2025-01-11 00:00:00
262,278,2025-01-11 00:00:00,,
263,279,2025-01-11 00:00:00,2025-01-10 00:00:00,2025-01-12 00:00:00
264,280,2025-01-09 00:00:00,2025-01-09 00:00:00,2025-01-12 00:00:00
265,282,2025-01-09 00:00:00,2025-01-09 00:00:00,2025-01-13 00:00:00
266,283,2025-01-10 00:00:00,,
267,285,2025-01-10 00:00:00,2025-01-09 00:00:00,2025-01-10 00:00:00
268,287,2025-01-09 00:00:00,2025-01-10 00:00:00,2025-01-11 00:00:00
269,288,2025-01-09 00:00:00,2025-01-10 00:00:00,2025-01-14 00:00:00
270,289,2025-01-10 00:00:00,2025-01-12 00:00:00,2025-01-16 00:00:00
271,290,2025-01-12 00:00:00,2025-01-09 00:00:00,2025-01-10 00:00:00
272,291,2025-01-10 00:00:00,,
273,292,2025-01-12 00:00:00,2025-01-10 00:00:00,2025-01-13 00:00:00
274,293,2025-01-12 00:00:00,2025-01-11 00:00:00,2025-01-15 00:00:00
275,294,2025-01-11 00:00:00,2025-01-10 00:00:00,2025-01-12 00:00:00
276,295,2025-01-11 00:00:00,2025-01-10 00:00:00,2025-01-13 00:00:00
277,296,2025-01-10 00:00:00,2025-01-10 00:00:00,2025-01-11 00:00:00
278,297,2025-01-10 00:00:00,2025-01-11 00:00:00,2025-01-13 00:00:00
279,298,2025-01-12 00:00:00,2025-01-11 00:00:00,2025-01-12 00:00:00
280,299,2025-01-10 00:00:00,2025-01-10 00:00:00,2025-01-13 00:00:00
281,300,2025-01-12 00:00:00,2025-01-11 00:00:00,2025-01-13 00:00:00
282,301,2025-01-12 00:00:00,2025-01-13 00:00:00,2025-01-16 00:00:00
283,302,2025-01-10 00:00:00,2025-01-15 00:00:00,2025-01-19 00:00:00
284,303,2025-01-10 00:00:00,2025-01-10 00:00:00,2025-01-13 00:00:00
285,304,2025-01-11 00:00:00,2025-01-09 00:00:00,2025-01-10 00:00:00
286,305,2025-01-11 00:00:00,2025-01-13 00:00:00,2025-01-16 00:00:00
287,306,2025-01-10 00:00:00,2025-01-10 00:00:00,2025-01-11 00:00:00
288,307,2025-01-10 00:00:00,2025-01-13 00:00:00,2025-01-15 00:00:00
289,308,2025-01-10 00:00:00,2025-01-10 00:00:00,2025-01-11 00:00:00
290,309,2025-01-11 00:00:00,2025-01-13 00:00:00,2025-01-14 00:00:00
291,310,2025-01-10 00:00:00,2025-01-10 00:00:00,2025-01-13 00:00:00
292,311,2025-01-11 00:00:00,2025-01-10 00:00:00,2025-01-11 00:00:00
293,312,2025-01-10 00:00:00,2025-01-10 00:00:00,2025-01-13 00:00:00
294,313,2025-01-11 00:00:00,2025-01-10 00:00:00,2025-01-14 00:00:00
295,314,2025-01-11 00:00:00,2025-01-13 00:00:00,2025-01-16 00:00:00
296,315,2025-01-12 00:00:00,2025-01-11 00:00:00,2025-01-12 00:00:00
297,316,2025-01-12 00:00:00,2025-01-11 00:00:00,2025-01-14 00:00:00
298,317,2025-01-11 00:00:00,2025-01-09 00:00:00,2025-01-13 00:00:00
299,319,2025-01-11 00:00:00,2025-01-10 00:00:00,2025-01-12 00:00:00
300,320,2025-01-10 00:00:00,2025-01-10 00:00:00,2025-01-13 00:00:00
301,321,2025-01-11 00:00:00,2025-01-11 00:00:00,2025-01-12 00:00:00
302,322,2025-01-12 00:00:00,2025-01-10 00:00:00,2025-01-11 00:00:00
303,323,2025-01-11 00:00:00,2025-01-10 00:00:00,2025-01-13 00:00:00
304,324,2025-01-12 00:00:00,2025-01-11 00:00:00,2025-01-12 00:00:00
305,325,2025-01-11 00:00:00,2025-01-15 00:00:00,2025-01-19 00:00:00
306,326,2025-01-10 00:00:00,2025-01-11 00:00:00,2025-01-15 00:00:00
307,327,2025-01-11 00:00:00,2025-01-11 00:00:00,2025-01-15 00:00:00
308,328,2025-01-12 00:00:00,2025-01-13 00:00:00,2025-01-15 00:00:00
309,329,2025-01-11 00:00:00,2025-01-11 00:00:00,2025-01-14 00:00:00
310,330,2025-01-11 00:00:00,2025-01-10 00:00:00,2025-01-12 00:00:00
311,331,2025-01-11 00:00:00,2025-01-09 00:00:00,2025-01-10 00:00:00
312,332,2025-01-11 00:00:00,2025-01-16 00:00:00,2025-01-17 00:00:00
313,333,2025-01-13 00:00:00,2025-01-16 00:00:00,2025-01-17 00:00:00
314,334,2025-01-11 00:00:00,2025-01-11 00:00:00,2025-01-14 00:00:00
315,335,2025-01-12 00:00:00,2025-01-11 00:00:00,2025-01-15 00:00:00
316,336,2025-01-11 00:00:00,2025-01-12 00:00:00,2025-01-16 00:00:00
317,337,2025-01-12 00:00:00,2025-01-12 00:00:00,2025-01-16 00:00:00
318,338,2025-01-12 00:00:00,2025-01-14 00:00:00,2025-01-17 00:00:00
319,339,2025-01-11 00:00:00,2025-01-11 00:00:00,2025-01-13 00:00:00
320,340,2025-01-12 00:00:00,2025-01-14 00:00:00,2025-01-18 00:00:00
321,341,2025-01-12 00:00:00,2025-01-14 00:00:00,2025-01-17 00:00:00
322,342,2025-01-13 00:00:00,2025-01-11 00:00:00,2025-01-15 00:00:00
323,343,2025-01-12 00:00:00,2025-01-14 00:00:00,2025-01-17 00:00:00
324,344,2025-01-12 00:00:00,2025-01-11 00:00:00,2025-01-13 00:00:00
325,345,2025-01-12 00:00:00,2025-01-11 00:00:00,2025-01-13 00:00:00
326,346,2025-01-12 00:00:00,2025-01-14 00:00:00,2025-01-17 00:00:00
327,347,2025-01-12 00:00:00,2025-01-12 00:00:00,2025-01-15 00:00:00
328,348,2025-01-12 00:00:00,2025-01-11 00:00:00,2025-01-15 00:00:00
329,349,2025-01-12 00:00:00,2025-01-16 00:00:00,2025-01-19 00:00:00
330,350,2025-01-13 00:00:00,2025-01-12 00:00:00,2025-01-13 00:00:00
331,351,2025-01-11 00:00:00,2025-01-12 00:00:00,2025-01-15 00:00:00
332,352,2025-01-11 00:00:00,2025-01-16 00:00:00,2025-01-20 00:00:00
333,354,2025-01-12 00:00:00,2025-01-12 00:00:00,2025-01-14 00:00:00
334,355,2025-01-12 00:00:00,2025-01-14 00:00:00,2025-01-17 00:00:00
335,356,2025-01-11 00:00:00,2025-01-11 00:00:00,2025-01-15 00:00:00
336,357,2025-01-11 00:00:00,,
337,358,2025-01-12 00:00:00,2025-01-14 00:00:00,2025-01-18 00:00:00
338,359,2025-01-12 00:00:00,2025-01-11 00:00:00,2025-01-12 00:00:00
339,360,2025-01-12 00:00:00,2025-01-11 00:00:00,2025-01-12 00:00:00
340,361,2025-01-13 00:00:00,2025-01-11 00:00:00,2025-01-13 00:00:00
341,362,2025-01-12 00:00:00,2025-01-12 00:00:00,2025-01-14 00:00:00
342,363,2025-01-12 00:00:00,2025-01-14 00:00:00,2025-01-16 00:00:00
343,365,2025-01-11 00:00:00,2025-01-12 00:00:00,2025-01-13 00:00:00
344,366,2025-01-12 00:00:00,2025-01-11 00:00:00,2025-01-12 00:00:00
345,367,2025-01-12 00:00:00,2025-01-11 00:00:00,2025-01-12 00:00:00
346,368,2025-01-12 00:00:00,2025-01-12 00:00:00,2025-01-15 00:00:00
347,369,2025-01-12 00:00:00,2025-01-11 00:00:00,2025-01-14 00:00:00
348,370,2025-01-12 00:00:00,2025-01-11 00:00:00,2025-01-15 00:00:00
349,371,2025-01-13 00:00:00,2025-01-13 00:00:00,2025-01-17 00:00:00
350,372,2025-01-13 00:00:00,2025-01-17 00:00:00,2025-01-21 00:00:00
351,374,2025-01-13 00:00:00,2025-01-12 00:00:00,2025-01-14 00:00:00
352,375,2025-01-14 00:00:00,2025-01-13 00:00:00,2025-01-15 00:00:00
353,376,2025-01-14 00:00:00,2025-01-13 00:00:00,2025-01-14 00:00:00
354,377,2025-01-14 00:00:00,2025-01-13 00:00:00,2025-01-16 00:00:00
355,378,2025-01-12 00:00:00,2025-01-11 00:00:00,2025-01-13 00:00:00
356,379,2025-01-12 00:00:00,2025-01-15 00:00:00,2025-01-18 00:00:00
357,380,2025-01-14 00:00:00,2025-01-13 00:00:00,2025-01-16 00:00:00
358,381,2025-01-14 00:00:00,2025-01-17 00:00:00,2025-01-19 00:00:00
359,382,2025-01-12 00:00:00,2025-01-15 00:00:00,2025-01-16 00:00:00
360,384,2025-01-14 00:00:00,2025-01-13 00:00:00,2025-01-14 00:00:00
361,386,2025-01-12 00:00:00,2025-01-15 00:00:00,2025-01-19 00:00:00
362,387,2025-01-12 00:00:00,2025-01-12 00:00:00,2025-01-14 00:00:00
363,388,2025-01-13 00:00:00,2025-01-17 00:00:00,2025-01-18 00:00:00
364,389,2025-01-14 00:00:00,2025-01-12 00:00:00,2025-01-15 00:00:00
365,390,2025-01-13 00:00:00,2025-01-12 00:00:00,2025-01-15 00:00:00
366,391,2025-01-13 00:00:00,2025-01-11 00:00:00,2025-01-15 00:00:00
367,392,2025-01-12 00:00:00,2025-01-13 00:00:00,2025-01-15 00:00:00
368,393,2025-01-13 00:00:00,2025-01-13 00:00:00,2025-01-16 00:00:00
369,395,2025-01-13 00:00:00,2025-01-13 00:00:00,2025-01-17 00:00:00
370,396,2025-01-13 00:00:00,2025-01-12 00:00:00,2025-01-15 00:00:00
371,397,2025-01-13 00:00:00,2025-01-15 00:00:00,2025-01-17 00:00:00
372,398,2025-01-12 00:00:00,2025-01-13 00:00:00,2025-01-17 00:00:00
373,399,2025-01-13 00:00:00,2025-01-13 00:00:00,2025-01-15 00:00:00
374,400,2025-01-13 00:00:00,2025-01-12 00:00:00,2025-01-13 00:00:00
375,401,2025-01-13 00:00:00,2025-01-12 00:00:00,2025-01-16 00:00:00
376,402,2025-01-12 00:00:00,2025-01-12 00:00:00,2025-01-13 00:00:00
377,403,2025-01-13 00:00:00,2025-01-15 00:00:00,2025-01-19 00:00:00
378,404,2025-01-15 00:00:00,2025-01-16 00:00:00,2025-01-18 00:00:00
379,406,2025-01-14 00:00:00,2025-01-12 00:00:00,2025-01-15 00:00:00
380,407,2025-01-14 00:00:00,2025-01-13 00:00:00,2025-01-17 00:00:00
381,408,2025-01-14 00:00:00,2025-01-13 00:00:00,2025-01-15 00:00:00
382,409,2025-01-15 00:00:00,2025-01-12 00:00:00,2025-01-15 00:00:00
383,410,2025-01-14 00:00:00,2025-01-13 00:00:00,2025-01-14 00:00:00
384,411,2025-01-14 00:00:00,2025-01-12 00:00:00,2025-01-13 00:00:00
385,412,2025-01-13 00:00:00,2025-01-13 00:00:00,2025-01-16 00:00:00
386,413,2025-01-13 00:00:00,2025-01-12 00:00:00,2025-01-13 00:00:00
387,414,2025-01-14 00:00:00,2025-01-12 00:00:00,2025-01-15 00:00:00
388,415,2025-01-14 00:00:00,2025-01-16 00:00:00,2025-01-20 00:00:00
389,416,2025-01-14 00:00:00,2025-01-14 00:00:00,2025-01-16 00:00:00
390,417,2025-01-14 00:00:00,2025-01-18 00:00:00,2025-01-21 00:00:00
391,418,2025-01-14 00:00:00,2025-01-12 00:00:00,2025-01-16 00:00:00
392,419,2025-01-15 00:00:00,2025-01-14 00:00:00,2025-01-17 00:00:00
393,421,2025-01-14 00:00:00,2025-01-13 00:00:00,2025-01-14 00:00:00
394,422,2025-01-15 00:00:00,2025-01-14 00:00:00,2025-01-16 00:00:00
395,423,2025-01-13 00:00:00,2025-01-12 00:00:00,2025-01-13 00:00:00
396,424,2025-01-14 00:00:00,2025-01-12 00:00:00,2025-01-16 00:00:00
397,425,2025-01-14 00:00:00,2025-01-13 00:00:00,2025-01-14 00:00:00
398,426,2025-01-14 00:00:00,2025-01-14 00:00:00,2025-01-16 00:00:00
399,427,2025-01-14 00:00:00,2025-01-13 00:00:00,2025-01-16 00:00:00
400,428,2025-01-13 00:00:00,2025-01-12 00:00:00,2025-01-15 00:00:00
401,429,2025-01-14 00:00:00,2025-01-13 00:00:00,2025-01-15 00:00:00
402,431,2025-01-14 00:00:00,2025-01-12 00:00:00,2025-01-15 00:00:00
403,432,2025-01-15 00:00:00,2025-01-13 00:00:00,2025-01-15 00:00:00
404,433,2025-01-14 00:00:00,2025-01-14 00:00:00,2025-01-16 00:00:00
405,434,2025-01-13 00:00:00,2025-01-13 00:00:00,2025-01-14 00:00:00
406,435,2025-01-15 00:00:00,2025-01-12 00:00:00,2025-01-16 00:00:00
407,436,2025-01-15 00:00:00,2025-01-16 00:00:00,2025-01-17 00:00:00
408,437,2025-01-14 00:00:00,2025-01-13 00:00:00,2025-01-15 00:00:00
409,438,2025-01-15 00:00:00,2025-01-13 00:00:00,2025-01-16 00:00:00
410,439,2025-01-15 00:00:00,2025-01-12 00:00:00,2025-01-14 00:00:00
411,440,2025-01-15 00:00:00,2025-01-14 00:00:00,2025-01-15 00:00:00
412,441,2025-01-15 00:00:00,2025-01-14 00:00:00,2025-01-17 00:00:00
413,443,2025-01-15 00:00:00,2025-01-17 00:00:00,2025-01-21 00:00:00
414,444,2025-01-15 00:00:00,2025-01-19 00:00:00,2025-01-23 00:00:00
415,445,2025-01-15 00:00:00,2025-01-15 00:00:00,2025-01-17 00:00:00
416,446,2025-01-15 00:00:00,2025-01-15 00:00:00,2025-01-18 00:00:00
417,447,2025-01-16 00:00:00,2025-01-15 00:00:00,2025-01-18 00:00:00
418,448,2025-01-15 00:00:00,2025-01-15 00:00:00,2025-01-18 00:00:00
419,449,2025-01-15 00:00:00,2025-01-14 00:00:00,2025-01-15 00:00:00
420,450,2025-01-15 00:00:00,2025-01-14 00:00:00,2025-01-15 00:00:00
421,451,2025-01-14 00:00:00,2025-01-15 00:00:00,2025-01-19 00:00:00
422,452,2025-01-15 00:00:00,2025-01-19 00:00:00,2025-01-20 00:00:00
423,453,2025-01-15 00:00:00,2025-01-14 00:00:00,2025-01-15 00:00:00
424,454,2025-01-16 00:00:00,2025-01-15 00:00:00,2025-01-17 00:00:00
425,455,2025-01-15 00:00:00,2025-01-14 00:00:00,2025-01-18 00:00:00
426,456,2025-01-15 00:00:00,2025-01-14 00:00:00,2025-01-15 00:00:00
427,457,2025-01-14 00:00:00,2025-01-14 00:00:00,2025-01-15 00:00:00
428,458,2025-01-15 00:00:00,2025-01-13 00:00:00,2025-01-15 00:00:00
429,459,2025-01-15 00:00:00,2025-01-14 00:00:00,2025-01-15 00:00:00
430,460,2025-01-14 00:00:00,2025-01-14 00:00:00,2025-01-18 00:00:00
431,461,2025-01-15 00:00:00,2025-01-14 00:00:00,2025-01-15 00:00:00
432,462,2025-01-16 00:00:00,2025-01-14 00:00:00,2025-01-15 00:00:00
433,463,2025-01-15 00:00:00,2025-01-14 00:00:00,2025-01-16 00:00:00
434,464,2025-01-14 00:00:00,2025-01-17 00:00:00,2025-01-20 00:00:00
435,465,2025-01-15 00:00:00,,
436,466,2025-01-15 00:00:00,2025-01-14 00:00:00,2025-01-18 00:00:00
437,467,2025-01-14 00:00:00,2025-01-15 00:00:00,2025-01-19 00:00:00
438,468,2025-01-16 00:00:00,2025-01-14 00:00:00,2025-01-18 00:00:00
439,469,2025-01-15 00:00:00,2025-01-15 00:00:00,2025-01-16 00:00:00
440,470,2025-01-14 00:00:00,,
441,471,2025-01-15 00:00:00,,
442,472,2025-01-16 00:00:00,2025-01-14 00:00:00,2025-01-15 00:00:00
443,473,2025-01-15 00:00:00,2025-01-17 00:00:00,2025-01-18 00:00:00
444,474,2025-01-15 00:00:00,2025-01-13 00:00:00,2025-01-15 00:00:00
445,475,2025-01-15 00:00:00,2025-01-15 00:00:00,2025-01-16 00:00:00
446,476,2025-01-15 00:00:00,2025-01-15 00:00:00,2025-01-17 00:00:00
447,477,2025-01-15 00:00:00,,
448,478,2025-01-16 00:00:00,2025-01-14 00:00:00,2025-01-16 00:00:00
449,479,2025-01-14 00:00:00,2025-01-15 00:00:00,2025-01-17 00:00:00
450,481,2025-01-14 00:00:00,2025-01-14 00:00:00,2025-01-18 00:00:00
451,482,2025-01-15 00:00:00,2025-01-13 00:00:00,2025-01-14 00:00:00
452,483,2025-01-14 00:00:00,2025-01-14 00:00:00,2025-01-15 00:00:00
453,484,2025-01-15 00:00:00,2025-01-19 00:00:00,2025-01-21 00:00:00
454,485,2025-01-15 00:00:00,2025-01-14 00:00:00,2025-01-18 00:00:00
455,486,2025-01-15 00:00:00,2025-01-14 00:00:00,2025-01-16 00:00:00
456,488,2025-01-16 00:00:00,2025-01-14 00:00:00,2025-01-17 00:00:00
457,489,2025-01-17 00:00:00,2025-01-16 00:00:00,2025-01-19 00:00:00
458,490,2025-01-15 00:00:00,2025-01-16 00:00:00,2025-01-19 00:00:00
459,491,2025-01-17 00:00:00,2025-01-20 00:00:00,2025-01-22 00:00:00
460,492,2025-01-16 00:00:00,2025-01-16 00:00:00,2025-01-18 00:00:00
461,493,2025-01-16 00:00:00,2025-01-15 00:00:00,2025-01-16 00:00:00
462,495,2025-01-16 00:00:00,2025-01-14 00:00:00,2025-01-17 00:00:00
463,496,2025-01-15 00:00:00,2025-01-18 00:00:00,2025-01-20 00:00:00
464,497,2025-01-15 00:00:00,2025-01-18 00:00:00,2025-01-21 00:00:00
465,498,2025-01-16 00:00:00,2025-01-16 00:00:00,2025-01-20 00:00:00
466,501,2025-01-16 00:00:00,2025-01-15 00:00:00,2025-01-19 00:00:00
467,502,2025-01-16 00:00:00,2025-01-18 00:00:00,2025-01-20 00:00:00
468,503,2025-01-16 00:00:00,2025-01-15 00:00:00,2025-01-18 00:00:00
469,504,2025-01-16 00:00:00,2025-01-14 00:00:00,2025-01-15 00:00:00
470,505,2025-01-17 00:00:00,2025-01-15 00:00:00,2025-01-16 00:00:00
471,506,2025-01-16 00:00:00,2025-01-14 00:00:00,2025-01-15 00:00:00
472,507,2025-01-17 00:00:00,2025-01-14 00:00:00,2025-01-15 00:00:00
473,508,2025-01-16 00:00:00,2025-01-15 00:00:00,2025-01-19 00:00:00
474,509,2025-01-15 00:00:00,2025-01-15 00:00:00,2025-01-16 00:00:00
475,510,2025-01-15 00:00:00,2025-01-18 00:00:00,2025-01-19 00:00:00
476,511,2025-01-15 00:00:00,2025-01-14 00:00:00,2025-01-18 00:00:00
477,512,2025-01-17 00:00:00,2025-01-15 00:00:00,2025-01-18 00:00:00
478,513,2025-01-16 00:00:00,2025-01-16 00:00:00,2025-01-20 00:00:00
479,514,2025-01-15 00:00:00,2025-01-18 00:00:00,2025-01-22 00:00:00
480,515,2025-01-16 00:00:00,2025-01-14 00:00:00,2025-01-16 00:00:00
481,516,2025-01-15 00:00:00,2025-01-16 00:00:00,2025-01-20 00:00:00
482,517,2025-01-15 00:00:00,2025-01-16 00:00:00,2025-01-20 00:00:00
483,518,2025-01-17 00:00:00,2025-01-15 00:00:00,2025-01-17 00:00:00
484,519,2025-01-16 00:00:00,,
485,520,2025-01-17 00:00:00,2025-01-16 00:00:00,2025-01-19 00:00:00
486,521,2025-01-16 00:00:00,2025-01-16 00:00:00,2025-01-20 00:00:00
487,522,2025-01-16 00:00:00,2025-01-15 00:00:00,2025-01-17 00:00:00
488,523,2025-01-15 00:00:00,2025-01-18 00:00:00,2025-01-20 00:00:00
489,524,2025-01-15 00:00:00,2025-01-20 00:00:00,2025-01-23 00:00:00
490,525,2025-01-16 00:00:00,2025-01-14 00:00:00,2025-01-18 00:00:00
491,526,2025-01-15 00:00:00,2025-01-14 00:00:00,2025-01-18 00:00:00
492,527,2025-01-16 00:00:00,2025-01-14 00:00:00,2025-01-18 00:00:00
493,529,2025-01-16 00:00:00,2025-01-15 00:00:00,2025-01-19 00:00:00
494,530,2025-01-16 00:00:00,2025-01-18 00:00:00,2025-01-22 00:00:00
495,531,2025-01-16 00:00:00,2025-01-15 00:00:00,2025-01-18 00:00:00
496,532,2025-01-17 00:00:00,2025-01-17 00:00:00,2025-01-21 00:00:00
497,533,2025-01-16 00:00:00,2025-01-16 00:00:00,2025-01-18 00:00:00
498,534,2025-01-18 00:00:00,2025-01-17 00:00:00,2025-01-18 00:00:00
499,536,2025-01-17 00:00:00,2025-01-16 00:00:00,2025-01-20 00:00:00
500,537,2025-01-17 00:00:00,2025-01-16 00:00:00,2025-01-18 00:00:00
501,539,2025-01-17 00:00:00,2025-01-16 00:00:00,2025-01-18 00:00:00
502,540,2025-01-17 00:00:00,2025-01-19 00:00:00,2025-01-22 00:00:00
503,541,2025-01-16 00:00:00,2025-01-16 00:00:00,2025-01-17 00:00:00
504,543,2025-01-16 00:00:00,2025-01-16 00:00:00,2025-01-19 00:00:00
505,544,2025-01-17 00:00:00,2025-01-16 00:00:00,2025-01-20 00:00:00
506,545,2025-01-17 00:00:00,2025-01-15 00:00:00,2025-01-18 00:00:00
507,546,2025-01-17 00:00:00,2025-01-16 00:00:00,2025-01-17 00:00:00
508,548,2025-01-17 00:00:00,2025-01-16 00:00:00,2025-01-17 00:00:00
509,549,2025-01-17 00:00:00,2025-01-15 00:00:00,2025-01-18 00:00:00
510,550,2025-01-16 00:00:00,2025-01-16 00:00:00,2025-01-20 00:00:00
511,551,2025-01-17 00:00:00,2025-01-21 00:00:00,2025-01-24 00:00:00
512,552,2025-01-17 00:00:00,2025-01-16 00:00:00,2025-01-19 00:00:00
513,553,2025-01-17 00:00:00,2025-01-17 00:00:00,2025-01-21 00:00:00
514,554,2025-01-17 00:00:00,2025-01-21 00:00:00,2025-01-22 00:00:00
515,555,2025-01-17 00:00:00,2025-01-16 00:00:00,2025-01-18 00:00:00
516,556,2025-01-17 00:00:00,2025-01-17 00:00:00,2025-01-18 00:00:00
517,557,2025-01-16 00:00:00,2025-01-15 00:00:00,2025-01-17 00:00:00
518,558,2025-01-16 00:00:00,2025-01-16 00:00:00,2025-01-17 00:00:00
519,559,2025-01-17 00:00:00,2025-01-16 00:00:00,2025-01-18 00:00:00
520,560,2025-01-17 00:00:00,2025-01-15 00:00:00,2025-01-16 00:00:00
521,561,2025-01-17 00:00:00,2025-01-16 00:00:00,2025-01-19 00:00:00
522,562,2025-01-17 00:00:00,2025-01-17 00:00:00,2025-01-19 00:00:00
523,563,2025-01-16 00:00:00,2025-01-19 00:00:00,2025-01-22 00:00:00
524,564,2025-01-17 00:00:00,2025-01-19 00:00:00,2025-01-20 00:00:00
525,565,2025-01-16 00:00:00,2025-01-15 00:00:00,2025-01-18 00:00:00
526,566,2025-01-16 00:00:00,2025-01-19 00:00:00,2025-01-20 00:00:00
527,567,2025-01-18 00:00:00,2025-01-21 00:00:00,2025-01-23 00:00:00
528,568,2025-01-17 00:00:00,2025-01-17 00:00:00,2025-01-19 00:00:00
529,569,2025-01-17 00:00:00,2025-01-17 00:00:00,2025-01-19 00:00:00
530,570,2025-01-17 00:00:00,2025-01-16 00:00:00,2025-01-20 00:00:00
531,571,2025-01-17 00:00:00,2025-01-16 00:00:00,2025-01-18 00:00:00
532,572,2025-01-17 00:00:00,2025-01-21 00:00:00,2025-01-25 00:00:00
533,573,2025-01-17 00:00:00,2025-01-17 00:00:00,2025-01-19 00:00:00
534,574,2025-01-17 00:00:00,2025-01-17 00:00:00,2025-01-19 00:00:00
535,575,2025-01-19 00:00:00,2025-01-16 00:00:00,2025-01-18 00:00:00
536,576,2025-01-18 00:00:00,2025-01-18 00:00:00,2025-01-19 00:00:00
537,577,2025-01-19 00:00:00,2025-01-17 00:00:00,2025-01-20 00:00:00
538,578,2025-01-17 00:00:00,2025-01-17 00:00:00,2025-01-18 00:00:00
539,579,2025-01-17 00:00:00,2025-01-17 00:00:00,2025-01-18 00:00:00
540,580,2025-01-18 00:00:00,2025-01-20 00:00:00,2025-01-24 00:00:00
541,581,2025-01-19 00:00:00,2025-01-16 00:00:00,2025-01-18 00:00:00
542,582,2025-01-18 00:00:00,2025-01-17 00:00:00,2025-01-19 00:00:00
543,584,2025-01-19 00:00:00,2025-01-20 00:00:00,2025-01-23 00:00:00
544,585,2025-01-18 00:00:00,2025-01-17 00:00:00,2025-01-19 00:00:00
545,586,2025-01-18 00:00:00,2025-01-17 00:00:00,2025-01-20 00:00:00
546,587,2025-01-18 00:00:00,2025-01-17 00:00:00,2025-01-19 00:00:00
547,588,2025-01-18 00:00:00,2025-01-16 00:00:00,2025-01-17 00:00:00
548,589,2025-01-17 00:00:00,2025-01-17 00:00:00,2025-01-20 00:00:00
549,590,2025-01-19 00:00:00,2025-01-17 00:00:00,2025-01-21 00:00:00
550,591,2025-01-17 00:00:00,2025-01-17 00:00:00,2025-01-19 00:00:00
551,592,2025-01-18 00:00:00,2025-01-20 00:00:00,2025-01-24 00:00:00
552,593,2025-01-19 00:00:00,2025-01-17 00:00:00,2025-01-18 00:00:00
553,594,2025-01-19 00:00:00,2025-01-20 00:00:00,2025-01-22 00:00:00
554,595,2025-01-18 00:00:00,2025-01-17 00:00:00,2025-01-19 00:00:00
555,596,2025-01-18 00:00:00,2025-01-18 00:00:00,2025-01-19 00:00:00
556,597,2025-01-18 00:00:00,2025-01-18 00:00:00,2025-01-20 00:00:00
557,598,2025-01-18 00:00:00,2025-01-16 00:00:00,2025-01-19 00:00:00
558,601,2025-01-18 00:00:00,2025-01-17 00:00:00,2025-01-19 00:00:00
559,602,2025-01-19 00:00:00,2025-01-20 00:00:00,2025-01-21 00:00:00
560,603,2025-01-19 00:00:00,2025-01-18 00:00:00,2025-01-21 00:00:00
561,604,2025-01-18 00:00:00,2025-01-20 00:00:00,2025-01-24 00:00:00
562,605,2025-01-18 00:00:00,2025-01-16 00:00:00,2025-01-17 00:00:00
563,606,2025-01-19 00:00:00,2025-01-17 00:00:00,2025-01-21 00:00:00
564,607,2025-01-17 00:00:00,2025-01-17 00:00:00,2025-01-19 00:00:00
565,608,2025-01-18 00:00:00,2025-01-17 00:00:00,2025-01-20 00:00:00
566,609,2025-01-17 00:00:00,2025-01-17 00:00:00,2025-01-21 00:00:00
567,610,2025-01-17 00:00:00,2025-01-18 00:00:00,2025-01-20 00:00:00
568,611,2025-01-19 00:00:00,2025-01-18 00:00:00,2025-01-19 00:00:00
569,612,2025-01-18 00:00:00,2025-01-17 00:00:00,2025-01-21 00:00:00
570,613,2025-01-18 00:00:00,2025-01-17 00:00:00,2025-01-19 00:00:00
571,614,2025-01-17 00:00:00,2025-01-18 00:00:00,2025-01-22 00:00:00
572,615,2025-01-18 00:00:00,2025-01-18 00:00:00,2025-01-20 00:00:00
573,616,2025-01-18 00:00:00,2025-01-18 00:00:00,2025-01-22 00:00:00
574,617,2025-01-18 00:00:00,2025-01-17 00:00:00,2025-01-18 00:00:00
575,618,2025-01-17 00:00:00,2025-01-22 00:00:00,2025-01-24 00:00:00
576,619,2025-01-17 00:00:00,2025-01-17 00:00:00,2025-01-21 00:00:00
577,620,2025-01-19 00:00:00,2025-01-21 00:00:00,2025-01-25 00:00:00
578,621,2025-01-19 00:00:00,,
579,622,2025-01-18 00:00:00,2025-01-19 00:00:00,2025-01-22 00:00:00
580,623,2025-01-18 00:00:00,2025-01-19 00:00:00,2025-01-21 00:00:00
581,624,2025-01-19 00:00:00,2025-01-19 00:00:00,2025-01-21 00:00:00
582,625,2025-01-18 00:00:00,2025-01-17 00:00:00,2025-01-19 00:00:00
583,626,2025-01-19 00:00:00,2025-01-23 00:00:00,2025-01-24 00:00:00
584,627,2025-01-20 00:00:00,2025-01-21 00:00:00,2025-01-24 00:00:00
585,628,2025-01-20 00:00:00,2025-01-18 00:00:00,2025-01-22 00:00:00
586,629,2025-01-18 00:00:00,2025-01-19 00:00:00,2025-01-20 00:00:00
587,632,2025-01-19 00:00:00,2025-01-21 00:00:00,2025-01-24 00:00:00
588,633,2025-01-19 00:00:00,2025-01-17 00:00:00,2025-01-20 00:00:00
589,634,2025-01-19 00:00:00,2025-01-17 00:00:00,2025-01-21 00:00:00
590,635,2025-01-19 00:00:00,2025-01-18 00:00:00,2025-01-19 00:00:00
591,636,2025-01-18 00:00:00,2025-01-19 00:00:00,2025-01-23 00:00:00
592,637,2025-01-18 00:00:00,2025-01-18 00:00:00,2025-01-22 00:00:00
593,638,2025-01-18 00:00:00,2025-01-19 00:00:00,2025-01-20 00:00:00
594,639,2025-01-19 00:00:00,2025-01-19 00:00:00,2025-01-21 00:00:00
595,640,2025-01-19 00:00:00,2025-01-19 00:00:00,2025-01-23 00:00:00
596,641,2025-01-19 00:00:00,2025-01-18 00:00:00,2025-01-20 00:00:00
597,642,2025-01-19 00:00:00,2025-01-18 00:00:00,2025-01-20 00:00:00
598,643,2025-01-19 00:00:00,2025-01-23 00:00:00,2025-01-27 00:00:00
599,644,2025-01-19 00:00:00,2025-01-18 00:00:00,2025-01-19 00:00:00
600,645,2025-01-19 00:00:00,2025-01-19 00:00:00,2025-01-20 00:00:00
601,647,2025-01-18 00:00:00,2025-01-18 00:00:00,2025-01-22 00:00:00
602,648,2025-01-19 00:00:00,2025-01-18 00:00:00,2025-01-22 00:00:00
603,649,2025-01-20 00:00:00,2025-01-19 00:00:00,2025-01-20 00:00:00
604,650,2025-01-18 00:00:00,2025-01-18 00:00:00,2025-01-19 00:00:00
605,651,2025-01-19 00:00:00,2025-01-18 00:00:00,2025-01-22 00:00:00
606,652,2025-01-18 00:00:00,2025-01-21 00:00:00,2025-01-22 00:00:00
607,653,2025-01-18 00:00:00,2025-01-18 00:00:00,2025-01-21 00:00:00
608,654,2025-01-20 00:00:00,2025-01-18 00:00:00,2025-01-20 00:00:00
609,655,2025-01-20 00:00:00,2025-01-19 00:00:00,2025-01-22 00:00:00
610,656,2025-01-18 00:00:00,2025-01-17 00:00:00,2025-01-20 00:00:00
611,657,2025-01-19 00:00:00,2025-01-18 00:00:00,2025-01-22 00:00:00
612,658,2025-01-19 00:00:00,2025-01-18 00:00:00,2025-01-20 00:00:00
613,659,2025-01-20 00:00:00,2025-01-22 00:00:00,2025-01-26 00:00:00
614,660,2025-01-20 00:00:00,2025-01-20 00:00:00,2025-01-22 00:00:00
615,661,2025-01-19 00:00:00,2025-01-19 00:00:00,2025-01-20 00:00:00
616,662,2025-01-21 00:00:00,2025-01-19 00:00:00,2025-01-23 00:00:00
617,663,2025-01-20 00:00:00,2025-01-18 00:00:00,2025-01-21 00:00:00
618,664,2025-01-21 00:00:00,2025-01-19 00:00:00,2025-01-21 00:00:00
619,665,2025-01-21 00:00:00,2025-01-19 00:00:00,2025-01-22 00:00:00
620,666,2025-01-20 00:00:00,2025-01-18 00:00:00,2025-01-20 00:00:00
621,667,2025-01-20 00:00:00,2025-01-22 00:00:00,2025-01-25 00:00:00
622,668,2025-01-20 00:00:00,,
623,669,2025-01-19 00:00:00,2025-01-19 00:00:00,2025-01-23 00:00:00
624,670,2025-01-20 00:00:00,2025-01-18 00:00:00,2025-01-22 00:00:00
625,672,2025-01-20 00:00:00,2025-01-19 00:00:00,2025-01-21 00:00:00
626,673,2025-01-19 00:00:00,2025-01-20 00:00:00,2025-01-21 00:00:00
627,674,2025-01-20 00:00:00,2025-01-20 00:00:00,2025-01-21 00:00:00
628,676,2025-01-19 00:00:00,2025-01-20 00:00:00,2025-01-22 00:00:00
629,677,2025-01-20 00:00:00,2025-01-20 00:00:00,2025-01-23 00:00:00
630,678,2025-01-19 00:00:00,2025-01-19 00:00:00,2025-01-20 00:00:00
631,679,2025-01-20 00:00:00,2025-01-19 00:00:00,2025-01-21 00:00:00
632,680,2025-01-21 00:00:00,2025-01-22 00:00:00,2025-01-24 00:00:00
633,681,2025-01-21 00:00:00,2025-01-19 00:00:00,2025-01-21 00:00:00
634,682,2025-01-20 00:00:00,2025-01-19 00:00:00,2025-01-23 00:00:00
635,683,2025-01-20 00:00:00,2025-01-19 00:00:00,2025-01-23 00:00:00
636,684,2025-01-20 00:00:00,2025-01-19 00:00:00,2025-01-20 00:00:00
637,685,2025-01-19 00:00:00,2025-01-24 00:00:00,2025-01-25 00:00:00
638,686,2025-01-19 00:00:00,,
639,687,2025-01-20 00:00:00,2025-01-22 00:00:00,2025-01-26 00:00:00
640,688,2025-01-20 00:00:00,2025-01-19 00:00:00,2025-01-23 00:00:00
641,689,2025-01-19 00:00:00,2025-01-20 00:00:00,2025-01-23 00:00:00
642,690,2025-01-19 00:00:00,2025-01-20 00:00:00,2025-01-24 00:00:00
643,691,2025-01-20 00:00:00,2025-01-20 00:00:00,2025-01-24 00:00:00
644,692,2025-01-19 00:00:00,2025-01-19 00:00:00,2025-01-23 00:00:00
645,693,2025-01-19 00:00:00,2025-01-22 00:00:00,2025-01-24 00:00:00
646,694,2025-01-20 00:00:00,2025-01-18 00:00:00,2025-01-20 00:00:00
647,695,2025-01-20 00:00:00,2025-01-18 00:00:00,2025-01-20 00:00:00
648,696,2025-01-20 00:00:00,2025-01-18 00:00:00,2025-01-21 00:00:00
649,697,2025-01-20 00:00:00,2025-01-19 00:00:00,2025-01-23 00:00:00
650,698,2025-01-19 00:00:00,2025-01-19 00:00:00,2025-01-21 00:00:00
651,699,2025-01-20 00:00:00,2025-01-20 00:00:00,2025-01-23 00:00:00
652,700,2025-01-20 00:00:00,,
653,701,2025-01-20 00:00:00,2025-01-19 00:00:00,2025-01-20 00:00:00
654,702,2025-01-22 00:00:00,2025-01-21 00:00:00,2025-01-23 00:00:00
655,703,2025-01-21 00:00:00,2025-01-25 00:00:00,2025-01-29 00:00:00
656,705,2025-01-22 00:00:00,,
657,706,2025-01-21 00:00:00,2025-01-20 00:00:00,2025-01-22 00:00:00
658,707,2025-01-20 00:00:00,2025-01-20 00:00:00,2025-01-24 00:00:00
659,708,2025-01-21 00:00:00,2025-01-20 00:00:00,2025-01-23 00:00:00
660,709,2025-01-21 00:00:00,2025-01-21 00:00:00,2025-01-24 00:00:00
661,710,2025-01-21 00:00:00,,
662,711,2025-01-20 00:00:00,2025-01-21 00:00:00,2025-01-24 00:00:00
663,712,2025-01-20 00:00:00,2025-01-21 00:00:00,2025-01-25 00:00:00
664,713,2025-01-20 00:00:00,2025-01-21 00:00:00,2025-01-25 00:00:00
665,715,2025-01-21 00:00:00,2025-01-20 00:00:00,2025-01-21 00:00:00
666,716,2025-01-21 00:00:00,2025-01-19 00:00:00,2025-01-21 00:00:00
667,717,2025-01-22 00:00:00,2025-01-20 00:00:00,2025-01-21 00:00:00
668,718,2025-01-21 00:00:00,2025-01-23 00:00:00,2025-01-27 00:00:00
669,719,2025-01-21 00:00:00,2025-01-19 00:00:00,2025-01-23 00:00:00
670,720,2025-01-21 00:00:00,2025-01-20 00:00:00,2025-01-21 00:00:00
671,722,2025-01-22 00:00:00,2025-01-25 00:00:00,2025-01-27 00:00:00
672,723,2025-01-21 00:00:00,2025-01-21 00:00:00,2025-01-24 00:00:00
673,724,2025-01-21 00:00:00,2025-01-19 00:00:00,2025-01-20 00:00:00
674,725,2025-01-21 00:00:00,2025-01-21 00:00:00,2025-01-23 00:00:00
675,726,2025-01-22 00:00:00,2025-01-21 00:00:00,2025-01-25 00:00:00
676,727,2025-01-21 00:00:00,2025-01-19 00:00:00,2025-01-20 00:00:00
677,728,2025-01-21 00:00:00,2025-01-19 00:00:00,2025-01-22 00:00:00
678,729,2025-01-22 00:00:00,2025-01-25 00:00:00,2025-01-29 00:00:00
679,730,2025-01-21 00:00:00,2025-01-21 00:00:00,2025-01-22 00:00:00
680,732,2025-01-20 00:00:00,,
681,733,2025-01-21 00:00:00,2025-01-21 00:00:00,2025-01-24 00:00:00
682,734,2025-01-20 00:00:00,2025-01-20 00:00:00,2025-01-23 00:00:00
683,735,2025-01-22 00:00:00,2025-01-22 00:00:00,2025-01-23 00:00:00
684,736,2025-01-21 00:00:00,2025-01-21 00:00:00,2025-01-23 00:00:00
685,738,2025-01-22 00:00:00,2025-01-21 00:00:00,2025-01-25 00:00:00
686,739,2025-01-23 00:00:00,2025-01-26 00:00:00,2025-01-28 00:00:00
687,741,2025-01-22 00:00:00,2025-01-21 00:00:00,2025-01-23 00:00:00
688,742,2025-01-21 00:00:00,2025-01-22 00:00:00,2025-01-24 00:00:00
689,743,2025-01-22 00:00:00,2025-01-20 00:00:00,2025-01-23 00:00:00
690,744,2025-01-23 00:00:00,2025-01-22 00:00:00,2025-01-23 00:00:00
691,745,2025-01-22 00:00:00,2025-01-26 00:00:00,2025-01-29 00:00:00
692,746,2025-01-23 00:00:00,2025-01-22 00:00:00,2025-01-24 00:00:00
693,747,2025-01-22 00:00:00,2025-01-24 00:00:00,2025-01-26 00:00:00
694,748,2025-01-22 00:00:00,2025-01-21 00:00:00,2025-01-25 00:00:00
695,749,2025-01-22 00:00:00,2025-01-20 00:00:00,2025-01-23 00:00:00
696,750,2025-01-22 00:00:00,2025-01-22 00:00:00,2025-01-23 00:00:00
697,752,2025-01-22 00:00:00,2025-01-21 00:00:00,2025-01-24 00:00:00
698,753,2025-01-23 00:00:00,2025-01-21 00:00:00,2025-01-24 00:00:00
699,755,2025-01-21 00:00:00,2025-01-21 00:00:00,2025-01-25 00:00:00
700,757,2025-01-22 00:00:00,2025-01-20 00:00:00,2025-01-22 00:00:00
701,758,2025-01-22 00:00:00,2025-01-22 00:00:00,2025-01-24 00:00:00
702,759,2025-01-21 00:00:00,2025-01-22 00:00:00,2025-01-26 00:00:00
703,760,2025-01-22 00:00:00,2025-01-21 00:00:00,2025-01-24 00:00:00
704,761,2025-01-22 00:00:00,2025-01-20 00:00:00,2025-01-22 00:00:00
705,762,2025-01-22 00:00:00,2025-01-21 00:00:00,2025-01-25 00:00:00
706,763,2025-01-23 00:00:00,2025-01-22 00:00:00,2025-01-26 00:00:00
707,764,2025-01-22 00:00:00,2025-01-26 00:00:00,2025-01-27 00:00:00
708,765,2025-01-22 00:00:00,2025-01-22 00:00:00,2025-01-24 00:00:00
709,766,2025-01-22 00:00:00,2025-01-20 00:00:00,2025-01-23 00:00:00
710,767,2025-01-22 00:00:00,2025-01-24 00:00:00,2025-01-26 00:00:00
711,768,2025-01-21 00:00:00,2025-01-24 00:00:00,2025-01-27 00:00:00
712,769,2025-01-22 00:00:00,2025-01-21 00:00:00,2025-01-23 00:00:00
713,770,2025-01-22 00:00:00,2025-01-21 00:00:00,2025-01-25 00:00:00
714,771,2025-01-22 00:00:00,2025-01-21 00:00:00,2025-01-25 00:00:00
715,772,2025-01-21 00:00:00,2025-01-22 00:00:00,2025-01-23 00:00:00
716,773,2025-01-23 00:00:00,2025-01-21 00:00:00,2025-01-25 00:00:00
717,774,2025-01-22 00:00:00,2025-01-21 00:00:00,2025-01-22 00:00:00
718,775,2025-01-23 00:00:00,2025-01-21 00:00:00,2025-01-22 00:00:00
719,776,2025-01-23 00:00:00,2025-01-21 00:00:00,2025-01-24 00:00:00
720,777,2025-01-21 00:00:00,2025-01-21 00:00:00,2025-01-25 00:00:00
721,778,2025-01-22 00:00:00,2025-01-20 00:00:00,2025-01-24 00:00:00
722,779,2025-01-23 00:00:00,2025-01-24 00:00:00,2025-01-25 00:00:00
723,780,2025-01-22 00:00:00,2025-01-21 00:00:00,2025-01-23 00:00:00
724,781,2025-01-23 00:00:00,2025-01-22 00:00:00,2025-01-23 00:00:00
725,782,2025-01-23 00:00:00,2025-01-22 00:00:00,2025-01-23 00:00:00
726,783,2025-01-23 00:00:00,2025-01-23 00:00:00,2025-01-24 00:00:00
727,785,2025-01-24 00:00:00,2025-01-22 00:00:00,2025-01-23 00:00:00
728,786,2025-01-24 00:00:00,2025-01-22 00:00:00,2025-01-24 00:00:00
729,787,2025-01-24 00:00:00,2025-01-25 00:00:00,2025-01-29 00:00:00
730,788,2025-01-23 00:00:00,2025-01-22 00:00:00,2025-01-25 00:00:00
731,789,2025-01-24 00:00:00,2025-01-23 00:00:00,2025-01-26 00:00:00
732,790,2025-01-23 00:00:00,2025-01-22 00:00:00,2025-01-24 00:00:00
733,791,2025-01-24 00:00:00,2025-01-23 00:00:00,2025-01-25 00:00:00
734,792,2025-01-23 00:00:00,2025-01-25 00:00:00,2025-01-26 00:00:00
735,793,2025-01-23 00:00:00,,
736,794,2025-01-24 00:00:00,,
737,796,2025-01-23 00:00:00,2025-01-21 00:00:00,2025-01-22 00:00:00
738,797,2025-01-22 00:00:00,2025-01-23 00:00:00,2025-01-25 00:00:00
739,798,2025-01-24 00:00:00,2025-01-22 00:00:00,2025-01-23 00:00:00
740,799,2025-01-22 00:00:00,2025-01-23 00:00:00,2025-01-25 00:00:00
741,800,2025-01-24 00:00:00,2025-01-23 00:00:00,2025-01-27 00:00:00
742,801,2025-01-24 00:00:00,2025-01-22 00:00:00,2025-01-23 00:00:00
743,802,2025-01-23 00:00:00,2025-01-25 00:00:00,2025-01-29 00:00:00
744,803,2025-01-24 00:00:00,2025-01-23 00:00:00,2025-01-24 00:00:00
745,804,2025-01-24 00:00:00,2025-01-22 00:00:00,2025-01-24 00:00:00
746,805,2025-01-23 00:00:00,2025-01-23 00:00:00,2025-01-25 00:00:00
747,806,2025-01-22 00:00:00,2025-01-22 00:00:00,2025-01-25 00:00:00
748,807,2025-01-23 00:00:00,2025-01-23 00:00:00,2025-01-24 00:00:00
749,808,2025-01-23 00:00:00,2025-01-22 00:00:00,2025-01-23 00:00:00
750,809,2025-01-23 00:00:00,2025-01-22 00:00:00,2025-01-26 00:00:00
751,810,2025-01-23 00:00:00,2025-01-25 00:00:00,2025-01-29 00:00:00
752,811,2025-01-23 00:00:00,2025-01-22 00:00:00,2025-01-24 00:00:00
753,813,2025-01-23 00:00:00,2025-01-22 00:00:00,2025-01-26 00:00:00
754,814,2025-01-23 00:00:00,2025-01-22 00:00:00,2025-01-23 00:00:00
755,815,2025-01-22 00:00:00,2025-01-25 00:00:00,2025-01-28 00:00:00
756,816,2025-01-22 00:00:00,2025-01-22 00:00:00,2025-01-24 00:00:00
757,817,2025-01-22 00:00:00,2025-01-22 00:00:00,2025-01-24 00:00:00
758,818,2025-01-23 00:00:00,2025-01-23 00:00:00,2025-01-24 00:00:00
759,819,2025-01-23 00:00:00,2025-01-22 00:00:00,2025-01-24 00:00:00
760,820,2025-01-23 00:00:00,2025-01-21 00:00:00,2025-01-25 00:00:00
761,821,2025-01-23 00:00:00,2025-01-22 00:00:00,2025-01-23 00:00:00
762,823,2025-01-22 00:00:00,2025-01-22 00:00:00,2025-01-25 00:00:00
763,824,2025-01-23 00:00:00,2025-01-28 00:00:00,2025-02-01 00:00:00
764,825,2025-01-24 00:00:00,2025-01-23 00:00:00,2025-01-27 00:00:00
765,826,2025-01-23 00:00:00,2025-01-24 00:00:00,2025-01-25 00:00:00
766,827,2025-01-24 00:00:00,2025-01-23 00:00:00,2025-01-24 00:00:00
767,828,2025-01-24 00:00:00,2025-01-24 00:00:00,2025-01-28 00:00:00
768,829,2025-01-25 00:00:00,2025-01-24 00:00:00,2025-01-27 00:00:00
769,830,2025-01-23 00:00:00,2025-01-28 00:00:00,2025-01-30 00:00:00
770,831,2025-01-23 00:00:00,,
771,832,2025-01-24 00:00:00,2025-01-22 00:00:00,2025-01-23 00:00:00
772,833,2025-01-23 00:00:00,2025-01-26 00:00:00,2025-01-30 00:00:00
773,834,2025-01-23 00:00:00,2025-01-22 00:00:00,2025-01-24 00:00:00
774,835,2025-01-24 00:00:00,2025-01-22 00:00:00,2025-01-23 00:00:00
775,836,2025-01-23 00:00:00,2025-01-24 00:00:00,2025-01-26 00:00:00
776,837,2025-01-24 00:00:00,2025-01-24 00:00:00,2025-01-26 00:00:00
777,839,2025-01-25 00:00:00,2025-01-24 00:00:00,2025-01-25 00:00:00
778,840,2025-01-23 00:00:00,2025-01-23 00:00:00,2025-01-27 00:00:00
779,841,2025-01-24 00:00:00,2025-01-23 00:00:00,2025-01-27 00:00:00
780,842,2025-01-24 00:00:00,2025-01-23 00:00:00,2025-01-27 00:00:00
781,843,2025-01-25 00:00:00,2025-01-26 00:00:00,2025-01-29 00:00:00
782,844,2025-01-23 00:00:00,2025-01-23 00:00:00,2025-01-26 00:00:00
783,845,2025-01-24 00:00:00,2025-01-22 00:00:00,2025-01-24 00:00:00
784,846,2025-01-24 00:00:00,2025-01-23 00:00:00,2025-01-26 00:00:00
785,848,2025-01-24 00:00:00,2025-01-24 00:00:00,2025-01-25 00:00:00
786,849,2025-01-23 00:00:00,2025-01-23 00:00:00,2025-01-27 00:00:00
787,850,2025-01-23 00:00:00,2025-01-22 00:00:00,2025-01-23 00:00:00
788,851,2025-01-24 00:00:00,2025-01-24 00:00:00,2025-01-27 00:00:00
789,852,2025-01-25 00:00:00,2025-01-22 00:00:00,2025-01-25 00:00:00
790,854,2025-01-24 00:00:00,2025-01-24 00:00:00,2025-01-28 00:00:00
791,855,2025-01-24 00:00:00,2025-01-24 00:00:00,2025-01-27 00:00:00
792,856,2025-01-24 00:00:00,2025-01-22 00:00:00,2025-01-23 00:00:00
793,857,2025-01-25 00:00:00,2025-01-23 00:00:00,2025-01-27 00:00:00
794,858,2025-01-25 00:00:00,,
795,859,2025-01-24 00:00:00,2025-01-24 00:00:00,2025-01-27 00:00:00
796,861,2025-01-24 00:00:00,2025-01-23 00:00:00,2025-01-26 00:00:00
797,862,2025-01-24 00:00:00,,
798,863,2025-01-24 00:00:00,,
799,864,2025-01-25 00:00:00,2025-01-24 00:00:00,2025-01-28 00:00:00
800,865,2025-01-25 00:00:00,2025-01-25 00:00:00,2025-01-28 00:00:00
801,867,2025-01-26 00:00:00,2025-01-24 00:00:00,2025-01-26 00:00:00
802,868,2025-01-25 00:00:00,2025-01-29 00:00:00,2025-02-02 00:00:00
803,869,2025-01-24 00:00:00,2025-01-25 00:00:00,2025-01-27 00:00:00
804,870,2025-01-26 00:00:00,2025-01-24 00:00:00,2025-01-27 00:00:00
805,871,2025-01-25 00:00:00,2025-01-23 00:00:00,2025-01-27 00:00:00
806,872,2025-01-25 00:00:00,2025-01-25 00:00:00,2025-01-27 00:00:00
807,873,2025-01-25 00:00:00,2025-01-25 00:00:00,2025-01-26 00:00:00
808,874,2025-01-25 00:00:00,2025-01-25 00:00:00,2025-01-26 00:00:00
809,875,2025-01-25 00:00:00,2025-01-25 00:00:00,2025-01-27 00:00:00
810,876,2025-01-25 00:00:00,2025-01-24 00:00:00,2025-01-27 00:00:00
811,877,2025-01-25 00:00:00,2025-01-23 00:00:00,2025-01-24 00:00:00
812,878,2025-01-25 00:00:00,2025-01-24 00:00:00,2025-01-27 00:00:00
813,879,2025-01-25 00:00:00,2025-01-25 00:00:00,2025-01-27 00:00:00
814,880,2025-01-25 00:00:00,2025-01-25 00:00:00,2025-01-26 00:00:00
815,881,2025-01-25 00:00:00,2025-01-27 00:00:00,2025-01-28 00:00:00
816,882,2025-01-24 00:00:00,2025-01-25 00:00:00,2025-01-29 00:00:00
817,883,2025-01-26 00:00:00,2025-01-25 00:00:00,2025-01-26 00:00:00
818,884,2025-01-25 00:00:00,2025-01-27 00:00:00,2025-01-28 00:00:00
819,885,2025-01-25 00:00:00,2025-01-24 00:00:00,2025-01-27 00:00:00
820,886,2025-01-24 00:00:00,2025-01-24 00:00:00,2025-01-27 00:00:00
821,887,2025-01-25 00:00:00,2025-01-27 00:00:00,2025-01-30 00:00:00
822,888,2025-01-26 00:00:00,2025-01-24 00:00:00,2025-01-26 00:00:00
823,889,2025-01-25 00:00:00,2025-01-24 00:00:00,2025-01-28 00:00:00
824,890,2025-01-25 00:00:00,2025-01-23 00:00:00,2025-01-24 00:00:00
825,891,2025-01-24 00:00:00,2025-01-24 00:00:00,2025-01-28 00:00:00
826,892,2025-01-25 00:00:00,2025-01-25 00:00:00,2025-01-27 00:00:00
827,893,2025-01-25 00:00:00,2025-01-24 00:00:00,2025-01-27 00:00:00
828,894,2025-01-26 00:00:00,2025-01-25 00:00:00,2025-01-27 00:00:00
829,895,2025-01-26 00:00:00,2025-01-25 00:00:00,2025-01-29 00:00:00
830,897,2025-01-25 00:00:00,2025-01-24 00:00:00,2025-01-25 00:00:00
831,898,2025-01-26 00:00:00,2025-01-26 00:00:00,2025-01-28 00:00:00
832,899,2025-01-27 00:00:00,2025-01-25 00:00:00,2025-01-26 00:00:00
833,900,2025-01-25 00:00:00,2025-01-28 00:00:00,2025-01-29 00:00:00
834,901,2025-01-26 00:00:00,2025-01-26 00:00:00,2025-01-29 00:00:00
835,902,2025-01-26 00:00:00,2025-01-28 00:00:00,2025-01-29 00:00:00
836,903,2025-01-27 00:00:00,2025-01-24 00:00:00,2025-01-26 00:00:00
837,904,2025-01-26 00:00:00,2025-01-26 00:00:00,2025-01-29 00:00:00
838,905,2025-01-27 00:00:00,2025-01-26 00:00:00,2025-01-27 00:00:00
839,906,2025-01-26 00:00:00,,
840,907,2025-01-25 00:00:00,2025-01-26 00:00:00,2025-01-29 00:00:00
841,908,2025-01-27 00:00:00,2025-01-26 00:00:00,2025-01-30 00:00:00
842,909,2025-01-26 00:00:00,2025-01-28 00:00:00,2025-01-30 00:00:00
843,910,2025-01-27 00:00:00,2025-01-24 00:00:00,2025-01-27 00:00:00
844,911,2025-01-27 00:00:00,2025-01-24 00:00:00,2025-01-25 00:00:00
845,913,2025-01-26 00:00:00,2025-01-24 00:00:00,2025-01-26 00:00:00
846,914,2025-01-26 00:00:00,2025-01-26 00:00:00,2025-01-27 00:00:00
847,915,2025-01-27 00:00:00,2025-01-25 00:00:00,2025-01-28 00:00:00
848,916,2025-01-25 00:00:00,2025-01-24 00:00:00,2025-01-28 00:00:00
849,917,2025-01-26 00:00:00,2025-01-26 00:00:00,2025-01-28 00:00:00
850,918,2025-01-27 00:00:00,2025-01-24 00:00:00,2025-01-28 00:00:00
851,920,2025-01-26 00:00:00,2025-01-26 00:00:00,2025-01-28 00:00:00
852,921,2025-01-26 00:00:00,2025-01-30 00:00:00,2025-02-02 00:00:00
853,922,2025-01-26 00:00:00,2025-01-28 00:00:00,2025-02-01 00:00:00
854,923,2025-01-27 00:00:00,2025-01-28 00:00:00,2025-02-01 00:00:00
855,924,2025-01-27 00:00:00,2025-01-26 00:00:00,2025-01-30 00:00:00
856,925,2025-01-25 00:00:00,2025-01-30 00:00:00,2025-02-02 00:00:00
857,926,2025-01-26 00:00:00,2025-01-30 00:00:00,2025-02-03 00:00:00
858,927,2025-01-26 00:00:00,2025-01-28 00:00:00,2025-02-01 00:00:00
859,928,2025-01-26 00:00:00,2025-01-24 00:00:00,2025-01-25 00:00:00
860,929,2025-01-25 00:00:00,2025-01-28 00:00:00,2025-01-30 00:00:00
861,930,2025-01-25 00:00:00,2025-01-26 00:00:00,2025-01-28 00:00:00
862,931,2025-01-26 00:00:00,2025-01-26 00:00:00,2025-01-29 00:00:00
863,932,2025-01-26 00:00:00,2025-01-25 00:00:00,2025-01-28 00:00:00
864,933,2025-01-26 00:00:00,2025-01-26 00:00:00,2025-01-27 00:00:00
865,935,2025-01-27 00:00:00,2025-01-28 00:00:00,2025-01-29 00:00:00
866,936,2025-01-26 00:00:00,2025-01-26 00:00:00,2025-01-28 00:00:00
867,937,2025-01-25 00:00:00,2025-01-26 00:00:00,2025-01-28 00:00:00
868,938,2025-01-25 00:00:00,2025-01-25 00:00:00,2025-01-29 00:00:00
869,939,2025-01-25 00:00:00,2025-01-25 00:00:00,2025-01-29 00:00:00
870,940,2025-01-26 00:00:00,2025-01-25 00:00:00,2025-01-26 00:00:00
871,941,2025-01-28 00:00:00,2025-01-26 00:00:00,2025-01-28 00:00:00
872,942,2025-01-27 00:00:00,2025-01-26 00:00:00,2025-01-27 00:00:00
873,943,2025-01-27 00:00:00,2025-01-27 00:00:00,2025-01-30 00:00:00
874,944,2025-01-28 00:00:00,2025-01-26 00:00:00,2025-01-29 00:00:00
875,945,2025-01-26 00:00:00,2025-01-29 00:00:00,2025-02-01 00:00:00
876,946,2025-01-28 00:00:00,2025-01-26 00:00:00,2025-01-29 00:00:00
877,948,2025-01-26 00:00:00,,
878,949,2025-01-27 00:00:00,2025-01-26 00:00:00,2025-01-27 00:00:00
879,950,2025-01-27 00:00:00,2025-01-26 00:00:00,2025-01-27 00:00:00
880,951,2025-01-28 00:00:00,2025-01-27 00:00:00,2025-01-30 00:00:00
881,952,2025-01-27 00:00:00,2025-01-27 00:00:00,2025-01-29 00:00:00
882,953,2025-01-27 00:00:00,2025-01-26 00:00:00,2025-01-29 00:00:00
883,954,2025-01-27 00:00:00,2025-01-25 00:00:00,2025-01-27 00:00:00
884,955,2025-01-27 00:00:00,2025-01-27 00:00:00,2025-01-28 00:00:00
885,956,2025-01-28 00:00:00,2025-01-26 00:00:00,2025-01-30 00:00:00
886,957,2025-01-26 00:00:00,2025-01-26 00:00:00,2025-01-30 00:00:00
887,958,2025-01-28 00:00:00,2025-01-29 00:00:00,2025-02-02 00:00:00
888,960,2025-01-27 00:00:00,2025-01-27 00:00:00,2025-01-29 00:00:00
889,961,2025-01-27 00:00:00,2025-01-26 00:00:00,2025-01-30 00:00:00
890,962,2025-01-26 00:00:00,2025-01-27 00:00:00,2025-01-30 00:00:00
891,963,2025-01-28 00:00:00,2025-01-27 00:00:00,2025-01-31 00:00:00
892,964,2025-01-27 00:00:00,2025-01-27 00:00:00,2025-01-31 00:00:00
893,965,2025-01-28 00:00:00,2025-01-27 00:00:00,2025-01-31 00:00:00
894,966,2025-01-26 00:00:00,2025-01-27 00:00:00,2025-01-31 00:00:00
895,967,2025-01-27 00:00:00,2025-01-27 00:00:00,2025-01-28 00:00:00
896,968,2025-01-27 00:00:00,2025-01-26 00:00:00,2025-01-29 00:00:00
897,969,2025-01-27 00:00:00,2025-01-31 00:00:00,2025-02-01 00:00:00
898,970,2025-01-27 00:00:00,2025-01-27 00:00:00,2025-01-29 00:00:00
899,972,2025-01-27 00:00:00,2025-01-27 00:00:00,2025-01-28 00:00:00
900,973,2025-01-27 00:00:00,2025-01-26 00:00:00,2025-01-28 00:00:00
901,975,2025-01-26 00:00:00,2025-01-25 00:00:00,2025-01-26 00:00:00
902,976,2025-01-27 00:00:00,2025-01-26 00:00:00,2025-01-28 00:00:00
903,978,2025-01-26 00:00:00,2025-01-27 00:00:00,2025-01-29 00:00:00
904,979,2025-01-27 00:00:00,2025-01-31 00:00:00,2025-02-02 00:00:00
905,980,2025-01-27 00:00:00,2025-01-25 00:00:00,2025-01-26 00:00:00
906,981,2025-01-28 00:00:00,2025-01-27 00:00:00,2025-01-28 00:00:00
907,982,2025-01-26 00:00:00,2025-01-27 00:00:00,2025-01-31 00:00:00
908,984,2025-01-28 00:00:00,2025-01-28 00:00:00,2025-01-30 00:00:00
909,985,2025-01-27 00:00:00,2025-01-27 00:00:00,2025-01-29 00:00:00
910,987,2025-01-27 00:00:00,2025-02-01 00:00:00,2025-02-03 00:00:00
911,988,2025-01-29 00:00:00,2025-01-28 00:00:00,2025-01-31 00:00:00
912,989,2025-01-28 00:00:00,,
913,991,2025-01-28 00:00:00,2025-01-30 00:00:00,2025-02-02 00:00:00
914,992,2025-01-28 00:00:00,2025-01-27 00:00:00,2025-01-31 00:00:00
915,994,2025-01-28 00:00:00,2025-01-27 00:00:00,2025-01-28 00:00:00
916,995,2025-01-28 00:00:00,2025-01-28 00:00:00,2025-01-30 00:00:00
917,996,2025-01-27 00:00:00,2025-01-27 00:00:00,2025-01-31 00:00:00
918,999,2025-01-27 00:00:00,2025-01-28 00:00:00,2025-01-30 00:00:00
919,1000,2025-01-27 00:00:00,2025-01-30 00:00:00,2025-01-31 00:00:00
920,1001,2025-01-28 00:00:00,2025-01-26 00:00:00,2025-01-27 00:00:00
921,1002,2025-01-29 00:00:00,2025-01-28 00:00:00,2025-02-01 00:00:00
922,1003,2025-01-28 00:00:00,2025-01-27 00:00:00,2025-01-30 00:00:00
923,1004,2025-01-27 00:00:00,2025-01-28 00:00:00,2025-01-30 00:00:00
924,1005,2025-01-28 00:00:00,2025-01-26 00:00:00,2025-01-30 00:00:00
925,1007,2025-01-28 00:00:00,2025-01-27 00:00:00,2025-01-28 00:00:00
926,1008,2025-01-28 00:00:00,2025-01-27 00:00:00,2025-01-31 00:00:00
927,1009,2025-01-28 00:00:00,2025-01-28 00:00:00,2025-01-30 00:00:00
928,1010,2025-01-28 00:00:00,2025-01-28 00:00:00,2025-02-01 00:00:00
929,1011,2025-01-27 00:00:00,2025-01-28 00:00:00,2025-01-29 00:00:00
930,1012,2025-01-28 00:00:00,2025-01-27 00:00:00,2025-01-29 00:00:00
931,1013,2025-01-28 00:00:00,2025-01-27 00:00:00,2025-01-29 00:00:00
932,1014,2025-01-28 00:00:00,2025-01-26 00:00:00,2025-01-27 00:00:00
933,1015,2025-01-27 00:00:00,2025-01-27 00:00:00,2025-01-28 00:00:00
934,1016,2025-01-28 00:00:00,2025-01-28 00:00:00,2025-01-31 00:00:00
935,1017,2025-01-28 00:00:00,2025-01-28 00:00:00,2025-01-31 00:00:00
936,1018,2025-01-28 00:00:00,2025-01-30 00:00:00,2025-02-02 00:00:00
937,1019,2025-01-28 00:00:00,2025-01-28 00:00:00,2025-01-31 00:00:00
938,1020,2025-01-29 00:00:00,2025-01-27 00:00:00,2025-01-31 00:00:00
939,1021,2025-01-28 00:00:00,2025-01-27 00:00:00,2025-01-31 00:00:00
940,1022,2025-01-29 00:00:00,2025-01-27 00:00:00,2025-01-31 00:00:00
941,1023,2025-01-28 00:00:00,2025-01-30 00:00:00,2025-01-31 00:00:00
942,1024,2025-01-28 00:00:00,2025-01-28 00:00:00,2025-01-30 00:00:00
943,1025,2025-01-28 00:00:00,2025-01-27 00:00:00,2025-01-30 00:00:00
944,1026,2025-01-28 00:00:00,2025-01-27 00:00:00,2025-01-30 00:00:00
945,1027,2025-01-29 00:00:00,2025-01-28 00:00:00,2025-01-31 00:00:00
946,1029,2025-01-29 00:00:00,2025-01-27 00:00:00,2025-01-28 00:00:00
947,1030,2025-01-28 00:00:00,2025-01-30 00:00:00,2025-02-02 00:00:00
948,1031,2025-01-28 00:00:00,2025-01-27 00:00:00,2025-01-30 00:00:00
949,1032,2025-01-28 00:00:00,2025-01-27 00:00:00,2025-01-30 00:00:00
950,1033,2025-01-28 00:00:00,2025-01-30 00:00:00,2025-01-31 00:00:00
951,1034,2025-01-27 00:00:00,2025-01-26 00:00:00,2025-01-28 00:00:00
952,1035,2025-01-28 00:00:00,2025-01-28 00:00:00,2025-01-29 00:00:00
953,1036,2025-01-28 00:00:00,2025-01-28 00:00:00,2025-01-30 00:00:00
954,1037,2025-01-28 00:00:00,2025-01-30 00:00:00,2025-02-02 00:00:00
955,1038,2025-01-28 00:00:00,2025-01-27 00:00:00,2025-01-30 00:00:00
956,1039,2025-01-28 00:00:00,2025-01-28 00:00:00,2025-02-01 00:00:00
957,1040,2025-01-29 00:00:00,2025-01-30 00:00:00,2025-02-01 00:00:00
958,1042,2025-01-29 00:00:00,2025-01-27 00:00:00,2025-01-31 00:00:00
959,1043,2025-01-29 00:00:00,2025-01-28 00:00:00,2025-01-31 00:00:00
960,1044,2025-01-29 00:00:00,2025-01-27 00:00:00,2025-01-28 00:00:00
961,1045,2025-01-28 00:00:00,2025-01-27 00:00:00,2025-01-30 00:00:00
962,1046,2025-01-29 00:00:00,2025-01-28 00:00:00,2025-01-31 00:00:00
963,1047,2025-01-28 00:00:00,2025-01-27 00:00:00,2025-01-29 00:00:00
964,1048,2025-01-28 00:00:00,2025-01-28 00:00:00,2025-01-31 00:00:00
965,1049,2025-01-28 00:00:00,2025-01-28 00:00:00,2025-02-01 00:00:00
966,1050,2025-01-29 00:00:00,2025-01-28 00:00:00,2025-02-01 00:00:00
967,1051,2025-01-29 00:00:00,2025-01-27 00:00:00,2025-01-29 00:00:00
968,1052,2025-01-28 00:00:00,2025-01-28 00:00:00,2025-02-01 00:00:00
969,1053,2025-01-30 00:00:00,2025-01-28 00:00:00,2025-01-29 00:00:00
970,1054,2025-01-29 00:00:00,2025-01-27 00:00:00,2025-01-28 00:00:00
971,1056,2025-01-29 00:00:00,2025-01-28 00:00:00,2025-01-30 00:00:00
972,1057,2025-01-29 00:00:00,2025-01-31 00:00:00,2025-02-02 00:00:00
973,1058,2025-01-29 00:00:00,2025-01-27 00:00:00,2025-01-30 00:00:00
974,1059,2025-01-29 00:00:00,2025-01-29 00:00:00,2025-02-02 00:00:00
975,1060,2025-01-29 00:00:00,2025-01-27 00:00:00,2025-01-29 00:00:00
976,1061,2025-01-29 00:00:00,2025-01-28 00:00:00,2025-01-30 00:00:00
977,1062,2025-01-30 00:00:00,2025-01-28 00:00:00,2025-01-31 00:00:00
978,1063,2025-01-28 00:00:00,2025-01-28 00:00:00,2025-01-30 00:00:00
979,1064,2025-01-28 00:00:00,2025-01-28 00:00:00,2025-02-01 00:00:00
980,1065,2025-01-28 00:00:00,2025-01-27 00:00:00,2025-01-31 00:00:00
981,1066,2025-01-28 00:00:00,2025-01-28 00:00:00,2025-02-01 00:00:00
982,1068,2025-01-29 00:00:00,2025-01-28 00:00:00,2025-01-30 00:00:00
983,1069,2025-01-28 00:00:00,2025-01-27 00:00:00,2025-01-28 00:00:00
984,1070,2025-01-29 00:00:00,2025-01-27 00:00:00,2025-01-28 00:00:00
985,1071,2025-01-28 00:00:00,2025-01-27 00:00:00,2025-01-29 00:00:00
986,1072,2025-01-29 00:00:00,2025-01-27 00:00:00,2025-01-29 00:00:00
987,1073,2025-01-30 00:00:00,2025-01-28 00:00:00,2025-01-30 00:00:00
988,1074,2025-01-29 00:00:00,2025-01-29 00:00:00,2025-01-30 00:00:00
989,1075,2025-01-28 00:00:00,2025-01-28 00:00:00,2025-02-01 00:00:00
990,1076,2025-01-30 00:00:00,2025-01-29 00:00:00,2025-02-01 00:00:00
991,1078,2025-01-29 00:00:00,2025-01-29 00:00:00,2025-02-01 00:00:00
992,1079,2025-01-28 00:00:00,2025-01-29 00:00:00,2025-01-30 00:00:00
993,1080,2025-01-29 00:00:00,2025-01-27 00:00:00,2025-01-29 00:00:00
994,1081,2025-01-28 00:00:00,2025-01-28 00:00:00,2025-01-29 00:00:00
995,1082,2025-01-28 00:00:00,2025-01-31 00:00:00,2025-02-01 00:00:00
996,1083,2025-01-29 00:00:00,2025-01-29 00:00:00,2025-01-31 00:00:00
997,1084,2025-01-28 00:00:00,2025-01-27 00:00:00,2025-01-31 00:00:00
998,1085,2025-01-29 00:00:00,2025-01-29 00:00:00,2025-02-01 00:00:00
999,1086,2025-01-28 00:00:00,2025-01-27 00:00:00,2025-01-30 00:00:00
1000,1088,2025-01-29 00:00:00,2025-01-31 00:00:00,2025-02-02 00:00:00
1001,1089,2025-01-29 00:00:00,2025-01-29 00:00:00,2025-02-01 00:00:00
1002,1090,2025-01-29 00:00:00,2025-01-31 00:00:00,2025-02-02 00:00:00
1003,1091,2025-01-29 00:00:00,2025-01-29 00:00:00,2025-01-31 00:00:00
1004,1092,2025-01-30 00:00:00,2025-01-28 00:00:00,2025-01-29 00:00:00
1005,1093,2025-01-30 00:00:00,2025-02-02 00:00:00,2025-02-05 00:00:00
1006,1094,2025-01-29 00:00:00,2025-01-28 00:00:00,2025-02-01 00:00:00
1007,1095,2025-01-29 00:00:00,2025-01-29 00:00:00,2025-01-31 00:00:00
1008,1096,2025-01-29 00:00:00,2025-01-29 00:00:00,2025-02-02 00:00:00
1009,1097,2025-01-31 00:00:00,2025-01-29 00:00:00,2025-01-30 00:00:00
1010,1098,2025-01-30 00:00:00,2025-01-28 00:00:00,2025-02-01 00:00:00
1011,1099,2025-01-30 00:00:00,2025-01-29 00:00:00,2025-02-02 00:00:00
1012,1100,2025-01-31 00:00:00,2025-01-28 00:00:00,2025-01-29 00:00:00
1013,1101,2025-01-29 00:00:00,2025-01-29 00:00:00,2025-01-31 00:00:00
1014,1102,2025-01-30 00:00:00,2025-02-03 00:00:00,2025-02-05 00:00:00
1015,1103,2025-01-30 00:00:00,2025-01-29 00:00:00,2025-01-30 00:00:00
1016,1104,2025-01-31 00:00:00,2025-01-29 00:00:00,2025-01-31 00:00:00
1017,1105,2025-01-30 00:00:00,2025-01-29 00:00:00,2025-02-02 00:00:00
1018,1106,2025-01-30 00:00:00,,
1019,1107,2025-01-29 00:00:00,2025-01-28 00:00:00,2025-01-31 00:00:00
1020,1108,2025-01-30 00:00:00,2025-01-29 00:00:00,2025-01-30 00:00:00
1021,1109,2025-01-30 00:00:00,2025-01-30 00:00:00,2025-02-02 00:00:00
1022,1110,2025-01-30 00:00:00,2025-01-29 00:00:00,2025-01-30 00:00:00
1023,1111,2025-01-30 00:00:00,2025-02-01 00:00:00,2025-02-02 00:00:00
1024,1112,2025-01-29 00:00:00,2025-01-29 00:00:00,2025-02-02 00:00:00
1025,1113,2025-01-30 00:00:00,2025-01-29 00:00:00,2025-01-31 00:00:00
1026,1114,2025-01-30 00:00:00,2025-01-30 00:00:00,2025-01-31 00:00:00
1027,1115,2025-01-30 00:00:00,2025-01-30 00:00:00,2025-02-02 00:00:00
1028,1116,2025-01-30 00:00:00,2025-02-03 00:00:00,2025-02-04 00:00:00
1029,1117,2025-01-29 00:00:00,2025-01-28 00:00:00,2025-01-31 00:00:00
1030,1118,2025-01-30 00:00:00,2025-01-30 00:00:00,2025-02-02 00:00:00
1031,1119,2025-01-30 00:00:00,2025-01-30 00:00:00,2025-02-03 00:00:00
1032,1120,2025-01-31 00:00:00,2025-01-30 00:00:00,2025-02-02 00:00:00
1033,1121,2025-01-30 00:00:00,2025-02-03 00:00:00,2025-02-04 00:00:00
1034,1122,2025-01-30 00:00:00,2025-01-30 00:00:00,2025-01-31 00:00:00
1035,1123,2025-01-30 00:00:00,2025-01-29 00:00:00,2025-01-31 00:00:00
1036,1124,2025-01-31 00:00:00,2025-01-30 00:00:00,2025-02-02 00:00:00
1037,1125,2025-01-30 00:00:00,2025-01-28 00:00:00,2025-01-31 00:00:00
1038,1126,2025-01-30 00:00:00,2025-01-30 00:00:00,2025-02-01 00:00:00
1039,1127,2025-01-30 00:00:00,,
1040,1128,2025-01-30 00:00:00,2025-01-30 00:00:00,2025-02-02 00:00:00
1041,1130,2025-01-30 00:00:00,2025-02-01 00:00:00,2025-02-05 00:00:00
1042,1131,2025-01-30 00:00:00,2025-02-01 00:00:00,2025-02-04 00:00:00
1043,1132,2025-01-30 00:00:00,2025-01-29 00:00:00,2025-02-01 00:00:00
1044,1133,2025-01-30 00:00:00,2025-01-30 00:00:00,2025-01-31 00:00:00
1045,1135,2025-01-30 00:00:00,2025-02-03 00:00:00,2025-02-05 00:00:00
1046,1136,2025-01-30 00:00:00,2025-01-30 00:00:00,2025-02-01 00:00:00
1047,1137,2025-02-01 00:00:00,2025-01-30 00:00:00,2025-02-01 00:00:00
1048,1138,2025-01-31 00:00:00,2025-01-30 00:00:00,2025-02-02 00:00:00
1049,1139,2025-01-31 00:00:00,,
1050,1140,2025-01-30 00:00:00,2025-02-02 00:00:00,2025-02-05 00:00:00
1051,1141,2025-01-31 00:00:00,2025-01-31 00:00:00,2025-02-01 00:00:00
1052,1142,2025-01-31 00:00:00,2025-01-31 00:00:00,2025-02-03 00:00:00
1053,1143,2025-01-31 00:00:00,2025-01-31 00:00:00,2025-02-02 00:00:00
1054,1144,2025-01-30 00:00:00,2025-01-29 00:00:00,2025-01-31 00:00:00
1055,1146,2025-01-31 00:00:00,2025-01-29 00:00:00,2025-01-30 00:00:00
1056,1147,2025-01-31 00:00:00,2025-01-30 00:00:00,2025-02-02 00:00:00
1057,1148,2025-01-31 00:00:00,2025-01-29 00:00:00,2025-02-02 00:00:00
1058,1149,2025-01-30 00:00:00,2025-02-02 00:00:00,2025-02-04 00:00:00
1059,1151,2025-01-31 00:00:00,2025-01-30 00:00:00,2025-02-02 00:00:00
1060,1152,2025-01-31 00:00:00,2025-01-31 00:00:00,2025-02-04 00:00:00
1061,1153,2025-01-31 00:00:00,2025-01-31 00:00:00,2025-02-04 00:00:00
1062,1154,2025-02-01 00:00:00,2025-01-30 00:00:00,2025-02-01 00:00:00
1063,1155,2025-01-31 00:00:00,2025-01-30 00:00:00,2025-02-03 00:00:00
1064,1156,2025-01-31 00:00:00,2025-01-29 00:00:00,2025-01-30 00:00:00
1065,1157,2025-01-31 00:00:00,2025-01-30 00:00:00,2025-02-02 00:00:00
1066,1158,2025-01-31 00:00:00,2025-01-31 00:00:00,2025-02-04 00:00:00
1067,1159,2025-01-31 00:00:00,2025-01-30 00:00:00,2025-02-02 00:00:00
1068,1160,2025-01-31 00:00:00,2025-01-30 00:00:00,2025-02-01 00:00:00
1069,1161,2025-02-01 00:00:00,2025-01-30 00:00:00,2025-02-03 00:00:00
1070,1162,2025-01-31 00:00:00,2025-02-02 00:00:00,2025-02-04 00:00:00
1071,1163,2025-02-01 00:00:00,2025-01-29 00:00:00,2025-01-30 00:00:00
1072,1164,2025-01-31 00:00:00,2025-01-30 00:00:00,2025-02-02 00:00:00
1073,1165,2025-02-01 00:00:00,2025-01-29 00:00:00,2025-01-30 00:00:00
1074,1166,2025-01-30 00:00:00,2025-01-30 00:00:00,2025-01-31 00:00:00
1075,1167,2025-01-31 00:00:00,2025-01-30 00:00:00,2025-02-02 00:00:00
1076,1168,2025-01-31 00:00:00,2025-01-29 00:00:00,2025-02-02 00:00:00
1077,1169,2025-01-31 00:00:00,2025-01-31 00:00:00,2025-02-03 00:00:00
1078,1170,2025-01-30 00:00:00,2025-01-30 00:00:00,2025-01-31 00:00:00
1079,1171,2025-01-31 00:00:00,2025-01-30 00:00:00,2025-01-31 00:00:00
1080,1172,2025-01-30 00:00:00,2025-01-29 00:00:00,2025-02-02 00:00:00
1081,1173,2025-02-01 00:00:00,2025-02-02 00:00:00,2025-02-03 00:00:00
1082,1174,2025-01-31 00:00:00,2025-01-30 00:00:00,2025-02-02 00:00:00
1083,1175,2025-02-01 00:00:00,2025-01-29 00:00:00,2025-01-31 00:00:00
1084,1176,2025-02-01 00:00:00,2025-01-30 00:00:00,2025-02-01 00:00:00
1085,1177,2025-01-31 00:00:00,2025-01-31 00:00:00,2025-02-03 00:00:00
1086,1178,2025-01-30 00:00:00,2025-02-02 00:00:00,2025-02-06 00:00:00
1087,1179,2025-02-01 00:00:00,2025-02-02 00:00:00,2025-02-05 00:00:00
1088,1180,2025-01-30 00:00:00,2025-02-04 00:00:00,2025-02-08 00:00:00
1089,1181,2025-01-31 00:00:00,2025-01-30 00:00:00,2025-01-31 00:00:00
1090,1182,2025-02-01 00:00:00,2025-01-30 00:00:00,2025-01-31 00:00:00
1091,1183,2025-01-31 00:00:00,2025-01-31 00:00:00,2025-02-02 00:00:00
1092,1184,2025-01-31 00:00:00,2025-01-30 00:00:00,2025-02-01 00:00:00
1093,1185,2025-01-31 00:00:00,2025-01-31 00:00:00,2025-02-01 00:00:00
1094,1187,2025-01-31 00:00:00,2025-01-31 00:00:00,2025-02-03 00:00:00
1095,1188,2025-02-01 00:00:00,2025-01-30 00:00:00,2025-02-03 00:00:00
1096,1189,2025-02-02 00:00:00,2025-01-31 00:00:00,2025-02-03 00:00:00
1097,1190,2025-01-31 00:00:00,2025-02-03 00:00:00,2025-02-04 00:00:00
1098,1191,2025-02-01 00:00:00,2025-01-31 00:00:00,2025-02-03 00:00:00
1099,1192,2025-02-02 00:00:00,2025-01-31 00:00:00,2025-02-02 00:00:00
1100,1193,2025-01-31 00:00:00,2025-02-01 00:00:00,2025-02-04 00:00:00
1101,1194,2025-02-01 00:00:00,2025-02-01 00:00:00,2025-02-03 00:00:00
1102,1195,2025-01-31 00:00:00,2025-01-30 00:00:00,2025-02-02 00:00:00
1103,1196,2025-01-31 00:00:00,2025-01-31 00:00:00,2025-02-03 00:00:00
1104,1197,2025-02-01 00:00:00,2025-02-03 00:00:00,2025-02-06 00:00:00
1105,1199,2025-02-01 00:00:00,2025-02-03 00:00:00,2025-02-05 00:00:00
1106,1200,2025-02-01 00:00:00,2025-02-01 00:00:00,2025-02-03 00:00:00
1107,1201,2025-02-02 00:00:00,2025-01-31 00:00:00,2025-02-02 00:00:00
1108,1202,2025-02-01 00:00:00,2025-01-30 00:00:00,2025-02-03 00:00:00
1109,1203,2025-02-01 00:00:00,2025-01-31 00:00:00,2025-02-01 00:00:00
1110,1204,2025-02-01 00:00:00,2025-02-01 00:00:00,2025-02-05 00:00:00
1111,1205,2025-02-01 00:00:00,2025-02-03 00:00:00,2025-02-05 00:00:00
1112,1206,2025-02-01 00:00:00,,
1113,1207,2025-02-01 00:00:00,2025-01-31 00:00:00,2025-02-01 00:00:00
1114,1209,2025-02-02 00:00:00,2025-02-01 00:00:00,2025-02-05 00:00:00
1115,1210,2025-02-01 00:00:00,2025-01-31 00:00:00,2025-02-01 00:00:00
1116,1211,2025-02-01 00:00:00,2025-02-01 00:00:00,2025-02-02 00:00:00
1117,1212,2025-02-02 00:00:00,2025-01-30 00:00:00,2025-01-31 00:00:00
1118,1213,2025-02-01 00:00:00,2025-02-03 00:00:00,2025-02-04 00:00:00
1119,1214,2025-02-01 00:00:00,2025-01-31 00:00:00,2025-02-04 00:00:00
1120,1215,2025-02-01 00:00:00,2025-02-01 00:00:00,2025-02-02 00:00:00
1121,1216,2025-01-31 00:00:00,2025-02-03 00:00:00,2025-02-05 00:00:00
1122,1217,2025-01-31 00:00:00,2025-02-01 00:00:00,2025-02-05 00:00:00
1123,1218,2025-02-02 00:00:00,2025-02-05 00:00:00,2025-02-07 00:00:00
1124,1219,2025-01-31 00:00:00,2025-02-03 00:00:00,2025-02-04 00:00:00
1125,1220,2025-02-01 00:00:00,2025-02-05 00:00:00,2025-02-07 00:00:00
1126,1221,2025-02-01 00:00:00,2025-01-31 00:00:00,2025-02-04 00:00:00
1127,1222,2025-02-01 00:00:00,2025-02-01 00:00:00,2025-02-04 00:00:00
1128,1223,2025-02-01 00:00:00,2025-02-01 00:00:00,2025-02-05 00:00:00
1129,1224,2025-02-01 00:00:00,2025-01-31 00:00:00,2025-02-02 00:00:00
1130,1225,2025-02-02 00:00:00,2025-02-01 00:00:00,2025-02-04 00:00:00
1131,1226,2025-02-01 00:00:00,2025-02-02 00:00:00,2025-02-06 00:00:00
1132,1227,2025-02-02 00:00:00,2025-01-31 00:00:00,2025-02-01 00:00:00
1133,1228,2025-02-02 00:00:00,2025-02-01 00:00:00,2025-02-05 00:00:00
1134,1229,2025-02-01 00:00:00,2025-02-01 00:00:00,2025-02-04 00:00:00
1135,1230,2025-02-02 00:00:00,2025-02-01 00:00:00,2025-02-03 00:00:00
1136,1232,2025-02-02 00:00:00,2025-02-06 00:00:00,2025-02-07 00:00:00
1137,1233,2025-02-01 00:00:00,2025-02-01 00:00:00,2025-02-04 00:00:00
1138,1234,2025-02-02 00:00:00,2025-01-31 00:00:00,2025-02-04 00:00:00
1139,1235,2025-02-03 00:00:00,2025-02-02 00:00:00,2025-02-04 00:00:00
1140,1236,2025-02-02 00:00:00,2025-02-04 00:00:00,2025-02-05 00:00:00
1141,1237,2025-02-01 00:00:00,2025-01-31 00:00:00,2025-02-02 00:00:00
1142,1238,2025-02-03 00:00:00,2025-02-02 00:00:00,2025-02-04 00:00:00
1143,1239,2025-02-03 00:00:00,2025-02-01 00:00:00,2025-02-03 00:00:00
1144,1240,2025-02-02 00:00:00,2025-01-31 00:00:00,2025-02-04 00:00:00
1145,1241,2025-02-02 00:00:00,2025-02-01 00:00:00,2025-02-03 00:00:00
1146,1242,2025-02-02 00:00:00,2025-02-04 00:00:00,2025-02-08 00:00:00
1147,1243,2025-02-03 00:00:00,2025-02-04 00:00:00,2025-02-06 00:00:00
1148,1245,2025-02-01 00:00:00,2025-02-04 00:00:00,2025-02-05 00:00:00
1149,1246,2025-02-01 00:00:00,2025-02-06 00:00:00,2025-02-10 00:00:00
1150,1247,2025-02-03 00:00:00,2025-02-01 00:00:00,2025-02-02 00:00:00
1151,1248,2025-02-02 00:00:00,2025-02-04 00:00:00,2025-02-07 00:00:00
1152,1249,2025-02-02 00:00:00,2025-02-04 00:00:00,2025-02-05 00:00:00
1153,1250,2025-02-01 00:00:00,2025-02-01 00:00:00,2025-02-03 00:00:00
1154,1251,2025-02-02 00:00:00,2025-02-01 00:00:00,2025-02-05 00:00:00
1155,1252,2025-02-02 00:00:00,,
1156,1253,2025-02-02 00:00:00,2025-02-02 00:00:00,2025-02-04 00:00:00
1157,1254,2025-02-02 00:00:00,2025-02-02 00:00:00,2025-02-04 00:00:00
1158,1255,2025-02-02 00:00:00,2025-02-01 00:00:00,2025-02-05 00:00:00
1159,1256,2025-02-02 00:00:00,2025-02-02 00:00:00,2025-02-04 00:00:00
1160,1257,2025-02-01 00:00:00,2025-02-01 00:00:00,2025-02-03 00:00:00
1161,1258,2025-02-02 00:00:00,2025-02-02 00:00:00,2025-02-04 00:00:00
1162,1259,2025-02-02 00:00:00,2025-02-04 00:00:00,2025-02-08 00:00:00
1163,1260,2025-02-03 00:00:00,2025-02-01 00:00:00,2025-02-04 00:00:00
1164,1261,2025-02-01 00:00:00,,
1165,1262,2025-02-02 00:00:00,2025-02-02 00:00:00,2025-02-04 00:00:00
1166,1263,2025-02-02 00:00:00,2025-02-04 00:00:00,2025-02-06 00:00:00
1167,1264,2025-02-03 00:00:00,2025-02-01 00:00:00,2025-02-03 00:00:00
1168,1265,2025-02-02 00:00:00,2025-02-02 00:00:00,2025-02-06 00:00:00
1169,1266,2025-02-02 00:00:00,2025-02-01 00:00:00,2025-02-04 00:00:00
1170,1267,2025-02-03 00:00:00,2025-02-01 00:00:00,2025-02-03 00:00:00
1171,1268,2025-02-02 00:00:00,2025-01-31 00:00:00,2025-02-04 00:00:00
1172,1269,2025-02-02 00:00:00,2025-02-02 00:00:00,2025-02-04 00:00:00
1173,1270,2025-02-01 00:00:00,2025-01-31 00:00:00,2025-02-03 00:00:00
1174,1271,2025-02-01 00:00:00,2025-02-01 00:00:00,2025-02-05 00:00:00
1175,1272,2025-02-03 00:00:00,2025-02-04 00:00:00,2025-02-05 00:00:00
1176,1273,2025-02-02 00:00:00,2025-02-01 00:00:00,2025-02-04 00:00:00
1177,1274,2025-02-02 00:00:00,2025-01-31 00:00:00,2025-02-01 00:00:00
1178,1275,2025-02-02 00:00:00,2025-02-02 00:00:00,2025-02-04 00:00:00
1179,1276,2025-02-02 00:00:00,2025-02-05 00:00:00,2025-02-09 00:00:00
1180,1277,2025-02-04 00:00:00,2025-02-02 00:00:00,2025-02-05 00:00:00
1181,1278,2025-02-03 00:00:00,2025-02-02 00:00:00,2025-02-05 00:00:00
1182,1279,2025-02-03 00:00:00,2025-02-02 00:00:00,2025-02-04 00:00:00
1183,1280,2025-02-03 00:00:00,2025-02-03 00:00:00,2025-02-05 00:00:00
1184,1282,2025-02-03 00:00:00,2025-02-02 00:00:00,2025-02-06 00:00:00
1185,1283,2025-02-03 00:00:00,2025-02-03 00:00:00,2025-02-05 00:00:00
1186,1284,2025-02-03 00:00:00,2025-02-02 00:00:00,2025-02-05 00:00:00
1187,1285,2025-02-03 00:00:00,2025-02-03 00:00:00,2025-02-07 00:00:00
1188,1286,2025-02-04 00:00:00,2025-02-02 00:00:00,2025-02-04 00:00:00
1189,1287,2025-02-04 00:00:00,2025-02-02 00:00:00,2025-02-04 00:00:00
1190,1288,2025-02-04 00:00:00,2025-02-03 00:00:00,2025-02-04 00:00:00
1191,1289,2025-02-04 00:00:00,2025-02-01 00:00:00,2025-02-04 00:00:00
1192,1290,2025-02-02 00:00:00,2025-02-03 00:00:00,2025-02-04 00:00:00
1193,1291,2025-02-03 00:00:00,2025-02-02 00:00:00,2025-02-04 00:00:00
1194,1292,2025-02-04 00:00:00,2025-02-03 00:00:00,2025-02-07 00:00:00
1195,1293,2025-02-03 00:00:00,2025-02-02 00:00:00,2025-02-05 00:00:00
1196,1294,2025-02-04 00:00:00,2025-02-05 00:00:00,2025-02-06 00:00:00
1197,1295,2025-02-02 00:00:00,2025-02-02 00:00:00,2025-02-04 00:00:00
1198,1296,2025-02-03 00:00:00,2025-02-07 00:00:00,2025-02-08 00:00:00
1199,1297,2025-02-03 00:00:00,2025-02-07 00:00:00,2025-02-10 00:00:00
1200,1298,2025-02-02 00:00:00,2025-02-02 00:00:00,2025-02-05 00:00:00
1201,1299,2025-02-03 00:00:00,2025-02-03 00:00:00,2025-02-04 00:00:00
1202,1301,2025-02-03 00:00:00,2025-02-05 00:00:00,2025-02-09 00:00:00
1203,1302,2025-02-03 00:00:00,2025-02-01 00:00:00,2025-02-05 00:00:00
1204,1303,2025-02-02 00:00:00,2025-02-02 00:00:00,2025-02-03 00:00:00
1205,1304,2025-02-03 00:00:00,2025-02-05 00:00:00,2025-02-09 00:00:00
1206,1305,2025-02-04 00:00:00,2025-02-02 00:00:00,2025-02-05 00:00:00
1207,1306,2025-02-03 00:00:00,2025-02-02 00:00:00,2025-02-04 00:00:00
1208,1307,2025-02-03 00:00:00,2025-02-02 00:00:00,2025-02-03 00:00:00
1209,1308,2025-02-03 00:00:00,2025-02-02 00:00:00,2025-02-04 00:00:00
1210,1309,2025-02-02 00:00:00,2025-02-05 00:00:00,2025-02-07 00:00:00
1211,1310,2025-02-05 00:00:00,2025-02-04 00:00:00,2025-02-07 00:00:00
1212,1311,2025-02-04 00:00:00,,
1213,1312,2025-02-04 00:00:00,2025-02-08 00:00:00,2025-02-10 00:00:00
1214,1313,2025-02-04 00:00:00,2025-02-02 00:00:00,2025-02-06 00:00:00
1215,1314,2025-02-03 00:00:00,2025-02-03 00:00:00,2025-02-04 00:00:00
1216,1315,2025-02-03 00:00:00,2025-02-04 00:00:00,2025-02-05 00:00:00
1217,1316,2025-02-04 00:00:00,2025-02-03 00:00:00,2025-02-06 00:00:00
1218,1317,2025-02-05 00:00:00,2025-02-03 00:00:00,2025-02-07 00:00:00
1219,1318,2025-02-04 00:00:00,2025-02-03 00:00:00,2025-02-07 00:00:00
1220,1319,2025-02-04 00:00:00,2025-02-06 00:00:00,2025-02-07 00:00:00
1221,1320,2025-02-04 00:00:00,2025-02-03 00:00:00,2025-02-04 00:00:00
1222,1321,2025-02-04 00:00:00,2025-02-04 00:00:00,2025-02-07 00:00:00
1223,1322,2025-02-03 00:00:00,2025-02-03 00:00:00,2025-02-05 00:00:00
1224,1323,2025-02-05 00:00:00,2025-02-03 00:00:00,2025-02-07 00:00:00
1225,1324,2025-02-03 00:00:00,2025-02-04 00:00:00,2025-02-08 00:00:00
1226,1325,2025-02-03 00:00:00,2025-02-02 00:00:00,2025-02-04 00:00:00
1227,1326,2025-02-05 00:00:00,2025-02-08 00:00:00,2025-02-11 00:00:00
1228,1327,2025-02-03 00:00:00,2025-02-02 00:00:00,2025-02-03 00:00:00
1229,1329,2025-02-04 00:00:00,2025-02-03 00:00:00,2025-02-05 00:00:00
1230,1330,2025-02-04 00:00:00,2025-02-06 00:00:00,2025-02-10 00:00:00
1231,1331,2025-02-04 00:00:00,2025-02-02 00:00:00,2025-02-05 00:00:00
1232,1332,2025-02-04 00:00:00,2025-02-03 00:00:00,2025-02-07 00:00:00
1233,1333,2025-02-05 00:00:00,2025-02-02 00:00:00,2025-02-06 00:00:00
1234,1334,2025-02-04 00:00:00,2025-02-04 00:00:00,2025-02-08 00:00:00
1235,1335,2025-02-04 00:00:00,2025-02-04 00:00:00,2025-02-05 00:00:00
1236,1336,2025-02-03 00:00:00,2025-02-02 00:00:00,2025-02-03 00:00:00
1237,1337,2025-02-04 00:00:00,2025-02-04 00:00:00,2025-02-05 00:00:00
1238,1338,2025-02-04 00:00:00,2025-02-02 00:00:00,2025-02-06 00:00:00
1239,1339,2025-02-03 00:00:00,2025-02-04 00:00:00,2025-02-07 00:00:00
1240,1340,2025-02-04 00:00:00,2025-02-03 00:00:00,2025-02-07 00:00:00
1241,1341,2025-02-04 00:00:00,2025-02-08 00:00:00,2025-02-12 00:00:00
1242,1342,2025-02-03 00:00:00,2025-02-03 00:00:00,2025-02-07 00:00:00
1243,1343,2025-02-04 00:00:00,2025-02-06 00:00:00,2025-02-08 00:00:00
1244,1344,2025-02-04 00:00:00,2025-02-02 00:00:00,2025-02-03 00:00:00
1245,1345,2025-02-04 00:00:00,2025-02-02 00:00:00,2025-02-04 00:00:00
1246,1346,2025-02-04 00:00:00,2025-02-03 00:00:00,2025-02-07 00:00:00
1247,1348,2025-02-05 00:00:00,2025-02-07 00:00:00,2025-02-10 00:00:00
1248,1349,2025-02-05 00:00:00,2025-02-04 00:00:00,2025-02-08 00:00:00
1249,1351,2025-02-05 00:00:00,2025-02-05 00:00:00,2025-02-06 00:00:00
1250,1352,2025-02-05 00:00:00,2025-02-07 00:00:00,2025-02-08 00:00:00
1251,1354,2025-02-06 00:00:00,2025-02-04 00:00:00,2025-02-06 00:00:00
1252,1355,2025-02-05 00:00:00,2025-02-04 00:00:00,2025-02-06 00:00:00
1253,1356,2025-02-05 00:00:00,2025-02-03 00:00:00,2025-02-06 00:00:00
1254,1357,2025-02-05 00:00:00,2025-02-07 00:00:00,2025-02-09 00:00:00
1255,1358,2025-02-05 00:00:00,2025-02-05 00:00:00,2025-02-08 00:00:00
1256,1359,2025-02-05 00:00:00,2025-02-05 00:00:00,2025-02-06 00:00:00
1257,1361,2025-02-04 00:00:00,2025-02-04 00:00:00,2025-02-05 00:00:00
1258,1362,2025-02-05 00:00:00,2025-02-05 00:00:00,2025-02-07 00:00:00
1259,1363,2025-02-06 00:00:00,2025-02-07 00:00:00,2025-02-09 00:00:00
1260,1364,2025-02-05 00:00:00,2025-02-03 00:00:00,2025-02-06 00:00:00
1261,1365,2025-02-05 00:00:00,2025-02-05 00:00:00,2025-02-07 00:00:00
1262,1366,2025-02-05 00:00:00,2025-02-07 00:00:00,2025-02-10 00:00:00
1263,1367,2025-02-05 00:00:00,2025-02-03 00:00:00,2025-02-07 00:00:00
1264,1369,2025-02-04 00:00:00,,
1265,1370,2025-02-05 00:00:00,2025-02-04 00:00:00,2025-02-08 00:00:00
1266,1371,2025-02-04 00:00:00,2025-02-03 00:00:00,2025-02-05 00:00:00
1267,1372,2025-02-05 00:00:00,2025-02-05 00:00:00,2025-02-09 00:00:00
1268,1373,2025-02-05 00:00:00,2025-02-04 00:00:00,2025-02-07 00:00:00
1269,1374,2025-02-04 00:00:00,2025-02-04 00:00:00,2025-02-05 00:00:00
1270,1375,2025-02-04 00:00:00,2025-02-03 00:00:00,2025-02-06 00:00:00
1271,1376,2025-02-05 00:00:00,2025-02-05 00:00:00,2025-02-06 00:00:00
1272,1377,2025-02-04 00:00:00,2025-02-07 00:00:00,2025-02-11 00:00:00
1273,1378,2025-02-05 00:00:00,2025-02-04 00:00:00,2025-02-07 00:00:00
1274,1380,2025-02-05 00:00:00,2025-02-05 00:00:00,2025-02-07 00:00:00
1275,1381,2025-02-05 00:00:00,2025-02-04 00:00:00,2025-02-05 00:00:00
1276,1382,2025-02-04 00:00:00,2025-02-04 00:00:00,2025-02-07 00:00:00
1277,1383,2025-02-04 00:00:00,2025-02-05 00:00:00,2025-02-09 00:00:00
1278,1384,2025-02-05 00:00:00,2025-02-05 00:00:00,2025-02-09 00:00:00
1279,1385,2025-02-05 00:00:00,2025-02-05 00:00:00,2025-02-09 00:00:00
1280,1387,2025-02-04 00:00:00,2025-02-09 00:00:00,2025-02-11 00:00:00
1281,1388,2025-02-05 00:00:00,2025-02-05 00:00:00,2025-02-06 00:00:00
1282,1389,2025-02-05 00:00:00,,
1283,1391,2025-02-05 00:00:00,2025-02-07 00:00:00,2025-02-11 00:00:00
1284,1393,2025-02-05 00:00:00,2025-02-07 00:00:00,2025-02-09 00:00:00
1285,1394,2025-02-04 00:00:00,2025-02-03 00:00:00,2025-02-07 00:00:00
1286,1395,2025-02-06 00:00:00,2025-02-06 00:00:00,2025-02-07 00:00:00
1287,1396,2025-02-06 00:00:00,2025-02-06 00:00:00,2025-02-07 00:00:00
1288,1397,2025-02-06 00:00:00,2025-02-08 00:00:00,2025-02-10 00:00:00
1289,1398,2025-02-05 00:00:00,2025-02-08 00:00:00,2025-02-12 00:00:00
1290,1399,2025-02-06 00:00:00,2025-02-10 00:00:00,2025-02-11 00:00:00
1291,1400,2025-02-07 00:00:00,2025-02-05 00:00:00,2025-02-06 00:00:00
1292,1401,2025-02-07 00:00:00,2025-02-08 00:00:00,2025-02-09 00:00:00
1293,1403,2025-02-06 00:00:00,2025-02-06 00:00:00,2025-02-07 00:00:00
1294,1404,2025-02-05 00:00:00,2025-02-06 00:00:00,2025-02-08 00:00:00
1295,1406,2025-02-07 00:00:00,2025-02-06 00:00:00,2025-02-09 00:00:00
1296,1407,2025-02-06 00:00:00,2025-02-05 00:00:00,2025-02-07 00:00:00
1297,1408,2025-02-06 00:00:00,2025-02-05 00:00:00,2025-02-07 00:00:00
1298,1410,2025-02-06 00:00:00,2025-02-05 00:00:00,2025-02-06 00:00:00
1299,1411,2025-02-06 00:00:00,2025-02-06 00:00:00,2025-02-09 00:00:00
1300,1412,2025-02-06 00:00:00,2025-02-04 00:00:00,2025-02-06 00:00:00
1301,1413,2025-02-06 00:00:00,,
1302,1414,2025-02-06 00:00:00,2025-02-08 00:00:00,2025-02-11 00:00:00
1303,1416,2025-02-06 00:00:00,2025-02-04 00:00:00,2025-02-05 00:00:00
1304,1417,2025-02-07 00:00:00,2025-02-05 00:00:00,2025-02-06 00:00:00
1305,1418,2025-02-07 00:00:00,2025-02-04 00:00:00,2025-02-08 00:00:00
1306,1419,2025-02-07 00:00:00,2025-02-05 00:00:00,2025-02-09 00:00:00
1307,1420,2025-02-05 00:00:00,2025-02-05 00:00:00,2025-02-08 00:00:00
1308,1421,2025-02-06 00:00:00,2025-02-06 00:00:00,2025-02-09 00:00:00
1309,1422,2025-02-06 00:00:00,2025-02-08 00:00:00,2025-02-11 00:00:00
1310,1423,2025-02-05 00:00:00,2025-02-05 00:00:00,2025-02-08 00:00:00
1311,1424,2025-02-05 00:00:00,2025-02-06 00:00:00,2025-02-10 00:00:00
1312,1425,2025-02-06 00:00:00,2025-02-06 00:00:00,2025-02-10 00:00:00
1313,1426,2025-02-06 00:00:00,2025-02-05 00:00:00,2025-02-07 00:00:00
1314,1427,2025-02-05 00:00:00,2025-02-05 00:00:00,2025-02-07 00:00:00
1315,1430,2025-02-05 00:00:00,2025-02-08 00:00:00,2025-02-12 00:00:00
1316,1431,2025-02-06 00:00:00,2025-02-06 00:00:00,2025-02-08 00:00:00
1317,1432,2025-02-05 00:00:00,2025-02-04 00:00:00,2025-02-08 00:00:00
1318,1433,2025-02-06 00:00:00,2025-02-05 00:00:00,2025-02-09 00:00:00
1319,1434,2025-02-06 00:00:00,2025-02-04 00:00:00,2025-02-07 00:00:00
1320,1435,2025-02-05 00:00:00,2025-02-06 00:00:00,2025-02-08 00:00:00
1321,1436,2025-02-06 00:00:00,2025-02-08 00:00:00,2025-02-11 00:00:00
1322,1437,2025-02-06 00:00:00,2025-02-08 00:00:00,2025-02-12 00:00:00
1323,1438,2025-02-06 00:00:00,2025-02-06 00:00:00,2025-02-10 00:00:00
1324,1439,2025-02-07 00:00:00,2025-02-06 00:00:00,2025-02-10 00:00:00
1325,1440,2025-02-05 00:00:00,2025-02-06 00:00:00,2025-02-08 00:00:00
1326,1441,2025-02-07 00:00:00,2025-02-06 00:00:00,2025-02-08 00:00:00
1327,1442,2025-02-06 00:00:00,2025-02-05 00:00:00,2025-02-07 00:00:00
1328,1443,2025-02-05 00:00:00,2025-02-05 00:00:00,2025-02-07 00:00:00
1329,1444,2025-02-05 00:00:00,2025-02-05 00:00:00,2025-02-09 00:00:00
1330,1445,2025-02-07 00:00:00,2025-02-08 00:00:00,2025-02-11 00:00:00
1331,1446,2025-02-06 00:00:00,2025-02-06 00:00:00,2025-02-09 00:00:00
1332,1447,2025-02-07 00:00:00,2025-02-07 00:00:00,2025-02-10 00:00:00
1333,1448,2025-02-07 00:00:00,2025-02-06 00:00:00,2025-02-07 00:00:00
1334,1449,2025-02-06 00:00:00,2025-02-07 00:00:00,2025-02-08 00:00:00
1335,1450,2025-02-07 00:00:00,2025-02-05 00:00:00,2025-02-08 00:00:00
1336,1452,2025-02-08 00:00:00,2025-02-06 00:00:00,2025-02-09 00:00:00
1337,1453,2025-02-06 00:00:00,2025-02-06 00:00:00,2025-02-09 00:00:00
1338,1454,2025-02-08 00:00:00,2025-02-06 00:00:00,2025-02-08 00:00:00
1339,1455,2025-02-07 00:00:00,2025-02-05 00:00:00,2025-02-06 00:00:00
1340,1457,2025-02-07 00:00:00,2025-02-06 00:00:00,2025-02-10 00:00:00
1341,1458,2025-02-08 00:00:00,2025-02-06 00:00:00,2025-02-09 00:00:00
1342,1461,2025-02-07 00:00:00,,
1343,1462,2025-02-06 00:00:00,2025-02-11 00:00:00,2025-02-15 00:00:00
1344,1463,2025-02-07 00:00:00,2025-02-07 00:00:00,2025-02-09 00:00:00
1345,1464,2025-02-07 00:00:00,2025-02-07 00:00:00,2025-02-10 00:00:00
1346,1465,2025-02-07 00:00:00,2025-02-06 00:00:00,2025-02-08 00:00:00
1347,1466,2025-02-06 00:00:00,2025-02-05 00:00:00,2025-02-08 00:00:00
1348,1467,2025-02-06 00:00:00,2025-02-11 00:00:00,2025-02-12 00:00:00
1349,1468,2025-02-06 00:00:00,2025-02-11 00:00:00,2025-02-12 00:00:00
1350,1469,2025-02-08 00:00:00,2025-02-06 00:00:00,2025-02-09 00:00:00
1351,1470,2025-02-07 00:00:00,2025-02-11 00:00:00,2025-02-15 00:00:00
1352,1471,2025-02-06 00:00:00,2025-02-07 00:00:00,2025-02-11 00:00:00
1353,1472,2025-02-07 00:00:00,2025-02-07 00:00:00,2025-02-10 00:00:00
1354,1473,2025-02-06 00:00:00,2025-02-06 00:00:00,2025-02-08 00:00:00
1355,1475,2025-02-06 00:00:00,2025-02-06 00:00:00,2025-02-07 00:00:00
1356,1476,2025-02-07 00:00:00,2025-02-07 00:00:00,2025-02-11 00:00:00
1357,1477,2025-02-06 00:00:00,2025-02-06 00:00:00,2025-02-09 00:00:00
1358,1478,2025-02-06 00:00:00,2025-02-07 00:00:00,2025-02-10 00:00:00
1359,1479,2025-02-07 00:00:00,2025-02-06 00:00:00,2025-02-07 00:00:00
1360,1480,2025-02-07 00:00:00,2025-02-11 00:00:00,2025-02-13 00:00:00
1361,1481,2025-02-07 00:00:00,2025-02-07 00:00:00,2025-02-09 00:00:00
1362,1482,2025-02-08 00:00:00,2025-02-07 00:00:00,2025-02-08 00:00:00
1363,1483,2025-02-07 00:00:00,2025-02-05 00:00:00,2025-02-08 00:00:00
1364,1484,2025-02-08 00:00:00,2025-02-06 00:00:00,2025-02-07 00:00:00
1365,1485,2025-02-06 00:00:00,2025-02-06 00:00:00,2025-02-08 00:00:00
1366,1486,2025-02-07 00:00:00,2025-02-09 00:00:00,2025-02-12 00:00:00
1367,1487,2025-02-07 00:00:00,2025-02-07 00:00:00,2025-02-11 00:00:00
1368,1488,2025-02-07 00:00:00,2025-02-07 00:00:00,2025-02-08 00:00:00
1369,1489,2025-02-07 00:00:00,2025-02-06 00:00:00,2025-02-07 00:00:00
1370,1490,2025-02-09 00:00:00,2025-02-08 00:00:00,2025-02-12 00:00:00
1371,1491,2025-02-08 00:00:00,2025-02-08 00:00:00,2025-02-11 00:00:00
1372,1492,2025-02-08 00:00:00,2025-02-10 00:00:00,2025-02-14 00:00:00
1373,1493,2025-02-07 00:00:00,2025-02-10 00:00:00,2025-02-11 00:00:00
1374,1494,2025-02-08 00:00:00,2025-02-08 00:00:00,2025-02-11 00:00:00
1375,1495,2025-02-07 00:00:00,2025-02-08 00:00:00,2025-02-09 00:00:00
1376,1496,2025-02-09 00:00:00,2025-02-07 00:00:00,2025-02-08 00:00:00
1377,1497,2025-02-08 00:00:00,2025-02-06 00:00:00,2025-02-09 00:00:00
1378,1498,2025-02-08 00:00:00,2025-02-10 00:00:00,2025-02-11 00:00:00
1379,1499,2025-02-09 00:00:00,2025-02-06 00:00:00,2025-02-07 00:00:00
1380,1500,2025-02-08 00:00:00,2025-02-12 00:00:00,2025-02-16 00:00:00
1381,1501,2025-02-08 00:00:00,2025-02-07 00:00:00,2025-02-08 00:00:00
1382,1502,2025-02-07 00:00:00,2025-02-08 00:00:00,2025-02-11 00:00:00
1383,1504,2025-02-08 00:00:00,2025-02-06 00:00:00,2025-02-10 00:00:00
1384,1506,2025-02-09 00:00:00,2025-02-06 00:00:00,2025-02-08 00:00:00
1385,1507,2025-02-08 00:00:00,2025-02-06 00:00:00,2025-02-10 00:00:00
1386,1508,2025-02-07 00:00:00,,
1387,1509,2025-02-08 00:00:00,2025-02-07 00:00:00,2025-02-09 00:00:00
1388,1510,2025-02-08 00:00:00,2025-02-07 00:00:00,2025-02-08 00:00:00
1389,1512,2025-02-08 00:00:00,2025-02-08 00:00:00,2025-02-11 00:00:00
1390,1513,2025-02-09 00:00:00,2025-02-08 00:00:00,2025-02-11 00:00:00
1391,1514,2025-02-09 00:00:00,2025-02-06 00:00:00,2025-02-10 00:00:00
1392,1515,2025-02-08 00:00:00,2025-02-07 00:00:00,2025-02-10 00:00:00
1393,1516,2025-02-09 00:00:00,2025-02-07 00:00:00,2025-02-09 00:00:00
1394,1518,2025-02-08 00:00:00,2025-02-07 00:00:00,2025-02-09 00:00:00
1395,1519,2025-02-07 00:00:00,2025-02-07 00:00:00,2025-02-11 00:00:00
1396,1520,2025-02-08 00:00:00,2025-02-08 00:00:00,2025-02-11 00:00:00
1397,1521,2025-02-08 00:00:00,2025-02-07 00:00:00,2025-02-10 00:00:00
1398,1522,2025-02-09 00:00:00,2025-02-08 00:00:00,2025-02-12 00:00:00
1399,1523,2025-02-08 00:00:00,2025-02-08 00:00:00,2025-02-11 00:00:00
1400,1524,2025-02-08 00:00:00,2025-02-06 00:00:00,2025-02-09 00:00:00
1401,1525,2025-02-08 00:00:00,2025-02-08 00:00:00,2025-02-10 00:00:00
1402,1526,2025-02-09 00:00:00,2025-02-06 00:00:00,2025-02-08 00:00:00
1403,1527,2025-02-07 00:00:00,2025-02-07 00:00:00,2025-02-09 00:00:00
1404,1528,2025-02-07 00:00:00,2025-02-10 00:00:00,2025-02-13 00:00:00
1405,1529,2025-02-08 00:00:00,2025-02-07 00:00:00,2025-02-09 00:00:00
1406,1530,2025-02-09 00:00:00,2025-02-08 00:00:00,2025-02-09 00:00:00
1407,1531,2025-02-08 00:00:00,2025-02-10 00:00:00,2025-02-12 00:00:00
1408,1532,2025-02-08 00:00:00,2025-02-08 00:00:00,2025-02-12 00:00:00
1409,1533,2025-02-07 00:00:00,2025-02-08 00:00:00,2025-02-09 00:00:00
1410,1534,2025-02-07 00:00:00,2025-02-08 00:00:00,2025-02-11 00:00:00
1411,1535,2025-02-08 00:00:00,2025-02-07 00:00:00,2025-02-11 00:00:00
1412,1536,2025-02-08 00:00:00,2025-02-07 00:00:00,2025-02-11 00:00:00
1413,1537,2025-02-08 00:00:00,2025-02-07 00:00:00,2025-02-11 00:00:00
1414,1538,2025-02-08 00:00:00,2025-02-07 00:00:00,2025-02-08 00:00:00
1415,1540,2025-02-08 00:00:00,2025-02-10 00:00:00,2025-02-11 00:00:00
1416,1541,2025-02-08 00:00:00,2025-02-09 00:00:00,2025-02-13 00:00:00
1417,1542,2025-02-10 00:00:00,2025-02-09 00:00:00,2025-02-11 00:00:00
1418,1543,2025-02-08 00:00:00,2025-02-09 00:00:00,2025-02-13 00:00:00
1419,1544,2025-02-10 00:00:00,2025-02-09 00:00:00,2025-02-13 00:00:00
1420,1545,2025-02-09 00:00:00,2025-02-11 00:00:00,2025-02-12 00:00:00
1421,1546,2025-02-09 00:00:00,2025-02-09 00:00:00,2025-02-13 00:00:00
1422,1547,2025-02-08 00:00:00,2025-02-08 00:00:00,2025-02-12 00:00:00
1423,1548,2025-02-09 00:00:00,2025-02-09 00:00:00,2025-02-12 00:00:00
1424,1549,2025-02-09 00:00:00,2025-02-09 00:00:00,2025-02-13 00:00:00
1425,1550,2025-02-09 00:00:00,2025-02-08 00:00:00,2025-02-11 00:00:00
1426,1551,2025-02-10 00:00:00,2025-02-07 00:00:00,2025-02-08 00:00:00
1427,1552,2025-02-08 00:00:00,2025-02-11 00:00:00,2025-02-14 00:00:00
1428,1553,2025-02-09 00:00:00,2025-02-08 00:00:00,2025-02-11 00:00:00
1429,1554,2025-02-08 00:00:00,2025-02-07 00:00:00,2025-02-11 00:00:00
1430,1556,2025-02-09 00:00:00,2025-02-08 00:00:00,2025-02-09 00:00:00
1431,1557,2025-02-09 00:00:00,2025-02-09 00:00:00,2025-02-11 00:00:00
1432,1558,2025-02-09 00:00:00,2025-02-08 00:00:00,2025-02-10 00:00:00
1433,1559,2025-02-08 00:00:00,2025-02-08 00:00:00,2025-02-12 00:00:00
1434,1560,2025-02-09 00:00:00,2025-02-07 00:00:00,2025-02-11 00:00:00
1435,1561,2025-02-09 00:00:00,2025-02-07 00:00:00,2025-02-08 00:00:00
1436,1562,2025-02-10 00:00:00,2025-02-09 00:00:00,2025-02-13 00:00:00
1437,1563,2025-02-09 00:00:00,2025-02-07 00:00:00,2025-02-10 00:00:00
1438,1564,2025-02-08 00:00:00,2025-02-11 00:00:00,2025-02-13 00:00:00
1439,1565,2025-02-08 00:00:00,2025-02-11 00:00:00,2025-02-12 00:00:00
1440,1566,2025-02-10 00:00:00,2025-02-11 00:00:00,2025-02-12 00:00:00
1441,1567,2025-02-10 00:00:00,2025-02-09 00:00:00,2025-02-10 00:00:00
1442,1568,2025-02-09 00:00:00,2025-02-07 00:00:00,2025-02-11 00:00:00
1443,1569,2025-02-08 00:00:00,2025-02-09 00:00:00,2025-02-11 00:00:00
1444,1570,2025-02-08 00:00:00,2025-02-09 00:00:00,2025-02-11 00:00:00
1445,1571,2025-02-08 00:00:00,,
1446,1572,2025-02-08 00:00:00,2025-02-08 00:00:00,2025-02-11 00:00:00
1447,1573,2025-02-08 00:00:00,2025-02-11 00:00:00,2025-02-15 00:00:00
1448,1574,2025-02-10 00:00:00,2025-02-08 00:00:00,2025-02-11 00:00:00
1449,1575,2025-02-08 00:00:00,2025-02-09 00:00:00,2025-02-11 00:00:00
1450,1576,2025-02-09 00:00:00,2025-02-08 00:00:00,2025-02-12 00:00:00
1451,1577,2025-02-09 00:00:00,2025-02-08 00:00:00,2025-02-11 00:00:00
1452,1578,2025-02-09 00:00:00,2025-02-11 00:00:00,2025-02-15 00:00:00
1453,1579,2025-02-09 00:00:00,2025-02-07 00:00:00,2025-02-10 00:00:00
1454,1580,2025-02-09 00:00:00,2025-02-08 00:00:00,2025-02-09 00:00:00
1455,1581,2025-02-09 00:00:00,2025-02-08 00:00:00,2025-02-12 00:00:00
1456,1582,2025-02-08 00:00:00,2025-02-07 00:00:00,2025-02-08 00:00:00
1457,1583,2025-02-09 00:00:00,2025-02-07 00:00:00,2025-02-08 00:00:00
1458,1584,2025-02-10 00:00:00,2025-02-07 00:00:00,2025-02-10 00:00:00
1459,1585,2025-02-10 00:00:00,2025-02-07 00:00:00,2025-02-09 00:00:00
1460,1586,2025-02-10 00:00:00,2025-02-09 00:00:00,2025-02-13 00:00:00
1461,1587,2025-02-10 00:00:00,2025-02-09 00:00:00,2025-02-11 00:00:00
1462,1588,2025-02-10 00:00:00,2025-02-09 00:00:00,2025-02-10 00:00:00
1463,1589,2025-02-10 00:00:00,2025-02-08 00:00:00,2025-02-09 00:00:00
1464,1590,2025-02-10 00:00:00,2025-02-08 00:00:00,2025-02-10 00:00:00
1465,1591,2025-02-09 00:00:00,2025-02-10 00:00:00,2025-02-11 00:00:00
1466,1593,2025-02-10 00:00:00,2025-02-10 00:00:00,2025-02-14 00:00:00
1467,1594,2025-02-10 00:00:00,2025-02-10 00:00:00,2025-02-11 00:00:00
1468,1595,2025-02-09 00:00:00,2025-02-14 00:00:00,2025-02-15 00:00:00
1469,1596,2025-02-11 00:00:00,2025-02-10 00:00:00,2025-02-14 00:00:00
1470,1597,2025-02-10 00:00:00,2025-02-12 00:00:00,2025-02-16 00:00:00
1471,1598,2025-02-09 00:00:00,2025-02-09 00:00:00,2025-02-12 00:00:00
1472,1599,2025-02-10 00:00:00,2025-02-10 00:00:00,2025-02-13 00:00:00
1473,1600,2025-02-09 00:00:00,2025-02-09 00:00:00,2025-02-10 00:00:00
1474,1601,2025-02-10 00:00:00,2025-02-12 00:00:00,2025-02-14 00:00:00
1475,1602,2025-02-09 00:00:00,2025-02-08 00:00:00,2025-02-11 00:00:00
1476,1604,2025-02-09 00:00:00,2025-02-12 00:00:00,2025-02-15 00:00:00
1477,1606,2025-02-10 00:00:00,2025-02-08 00:00:00,2025-02-09 00:00:00
1478,1607,2025-02-11 00:00:00,2025-02-12 00:00:00,2025-02-14 00:00:00
1479,1608,2025-02-11 00:00:00,2025-02-10 00:00:00,2025-02-14 00:00:00
1480,1610,2025-02-10 00:00:00,2025-02-09 00:00:00,2025-02-13 00:00:00
1481,1612,2025-02-10 00:00:00,2025-02-10 00:00:00,2025-02-14 00:00:00
1482,1613,2025-02-10 00:00:00,2025-02-10 00:00:00,2025-02-11 00:00:00
1483,1614,2025-02-09 00:00:00,2025-02-08 00:00:00,2025-02-10 00:00:00
1484,1615,2025-02-10 00:00:00,2025-02-09 00:00:00,2025-02-12 00:00:00
1485,1617,2025-02-10 00:00:00,2025-02-09 00:00:00,2025-02-13 00:00:00
1486,1618,2025-02-11 00:00:00,2025-02-10 00:00:00,2025-02-13 00:00:00
1487,1619,2025-02-11 00:00:00,2025-02-08 00:00:00,2025-02-11 00:00:00
1488,1620,2025-02-10 00:00:00,2025-02-10 00:00:00,2025-02-11 00:00:00
1489,1621,2025-02-11 00:00:00,2025-02-10 00:00:00,2025-02-14 00:00:00
1490,1622,2025-02-10 00:00:00,2025-02-10 00:00:00,2025-02-12 00:00:00
1491,1624,2025-02-12 00:00:00,2025-02-10 00:00:00,2025-02-12 00:00:00
1492,1626,2025-02-11 00:00:00,2025-02-13 00:00:00,2025-02-16 00:00:00
1493,1627,2025-02-11 00:00:00,2025-02-10 00:00:00,2025-02-12 00:00:00
1494,1628,2025-02-11 00:00:00,2025-02-10 00:00:00,2025-02-12 00:00:00
1495,1629,2025-02-11 00:00:00,2025-02-10 00:00:00,2025-02-14 00:00:00
1496,1630,2025-02-11 00:00:00,2025-02-10 00:00:00,2025-02-13 00:00:00
1497,1631,2025-02-11 00:00:00,2025-02-10 00:00:00,2025-02-11 00:00:00
1498,1632,2025-02-11 00:00:00,2025-02-10 00:00:00,2025-02-13 00:00:00
1499,1634,2025-02-10 00:00:00,2025-02-13 00:00:00,2025-02-17 00:00:00
1500,1637,2025-02-11 00:00:00,2025-02-10 00:00:00,2025-02-12 00:00:00
1501,1638,2025-02-12 00:00:00,2025-02-11 00:00:00,2025-02-14 00:00:00
1502,1639,2025-02-12 00:00:00,2025-02-11 00:00:00,2025-02-12 00:00:00
1503,1640,2025-02-10 00:00:00,2025-02-10 00:00:00,2025-02-14 00:00:00
1504,1641,2025-02-11 00:00:00,2025-02-11 00:00:00,2025-02-13 00:00:00
1505,1642,2025-02-10 00:00:00,,
1506,1643,2025-02-11 00:00:00,2025-02-10 00:00:00,2025-02-14 00:00:00
1507,1644,2025-02-11 00:00:00,2025-02-10 00:00:00,2025-02-13 00:00:00
1508,1645,2025-02-11 00:00:00,2025-02-09 00:00:00,2025-02-11 00:00:00
1509,1646,2025-02-11 00:00:00,2025-02-09 00:00:00,2025-02-11 00:00:00
1510,1647,2025-02-11 00:00:00,2025-02-13 00:00:00,2025-02-14 00:00:00
1511,1648,2025-02-11 00:00:00,2025-02-11 00:00:00,2025-02-14 00:00:00
1512,1649,2025-02-11 00:00:00,2025-02-13 00:00:00,2025-02-16 00:00:00
1513,1650,2025-02-10 00:00:00,2025-02-10 00:00:00,2025-02-11 00:00:00
1514,1651,2025-02-11 00:00:00,2025-02-11 00:00:00,2025-02-12 00:00:00
1515,1653,2025-02-12 00:00:00,2025-02-11 00:00:00,2025-02-12 00:00:00
1516,1654,2025-02-10 00:00:00,2025-02-11 00:00:00,2025-02-13 00:00:00
1517,1655,2025-02-11 00:00:00,2025-02-13 00:00:00,2025-02-15 00:00:00
1518,1656,2025-02-11 00:00:00,2025-02-13 00:00:00,2025-02-17 00:00:00
1519,1658,2025-02-11 00:00:00,,
1520,1659,2025-02-12 00:00:00,2025-02-09 00:00:00,2025-02-11 00:00:00
1521,1662,2025-02-12 00:00:00,2025-02-15 00:00:00,2025-02-17 00:00:00
1522,1663,2025-02-10 00:00:00,2025-02-11 00:00:00,2025-02-14 00:00:00
1523,1664,2025-02-11 00:00:00,2025-02-13 00:00:00,2025-02-16 00:00:00
1524,1666,2025-02-10 00:00:00,2025-02-10 00:00:00,2025-02-12 00:00:00
1525,1667,2025-02-11 00:00:00,2025-02-13 00:00:00,2025-02-15 00:00:00
1526,1668,2025-02-11 00:00:00,2025-02-09 00:00:00,2025-02-10 00:00:00
1527,1669,2025-02-12 00:00:00,2025-02-09 00:00:00,2025-02-12 00:00:00
1528,1670,2025-02-10 00:00:00,2025-02-15 00:00:00,2025-02-17 00:00:00
1529,1671,2025-02-12 00:00:00,2025-02-11 00:00:00,2025-02-13 00:00:00
1530,1672,2025-02-11 00:00:00,2025-02-12 00:00:00,2025-02-15 00:00:00
1531,1674,2025-02-11 00:00:00,2025-02-14 00:00:00,2025-02-18 00:00:00
1532,1675,2025-02-13 00:00:00,2025-02-11 00:00:00,2025-02-13 00:00:00
1533,1676,2025-02-13 00:00:00,2025-02-12 00:00:00,2025-02-16 00:00:00
1534,1677,2025-02-13 00:00:00,2025-02-11 00:00:00,2025-02-14 00:00:00
1535,1678,2025-02-11 00:00:00,2025-02-12 00:00:00,2025-02-15 00:00:00
1536,1679,2025-02-13 00:00:00,2025-02-10 00:00:00,2025-02-14 00:00:00
1537,1680,2025-02-12 00:00:00,2025-02-12 00:00:00,2025-02-15 00:00:00
1538,1681,2025-02-12 00:00:00,2025-02-11 00:00:00,2025-02-15 00:00:00
1539,1682,2025-02-13 00:00:00,2025-02-14 00:00:00,2025-02-16 00:00:00
1540,1683,2025-02-11 00:00:00,2025-02-12 00:00:00,2025-02-16 00:00:00
1541,1684,2025-02-12 00:00:00,2025-02-11 00:00:00,2025-02-15 00:00:00
1542,1685,2025-02-12 00:00:00,2025-02-11 00:00:00,2025-02-12 00:00:00
1543,1686,2025-02-12 00:00:00,2025-02-12 00:00:00,2025-02-13 00:00:00
1544,1687,2025-02-12 00:00:00,2025-02-12 00:00:00,2025-02-14 00:00:00
1545,1688,2025-02-12 00:00:00,2025-02-12 00:00:00,2025-02-14 00:00:00
1546,1689,2025-02-12 00:00:00,2025-02-11 00:00:00,2025-02-12 00:00:00
1547,1690,2025-02-11 00:00:00,2025-02-14 00:00:00,2025-02-16 00:00:00
1548,1691,2025-02-11 00:00:00,2025-02-12 00:00:00,2025-02-15 00:00:00
1549,1692,2025-02-13 00:00:00,2025-02-11 00:00:00,2025-02-12 00:00:00
1550,1693,2025-02-12 00:00:00,2025-02-14 00:00:00,2025-02-16 00:00:00
1551,1695,2025-02-12 00:00:00,2025-02-10 00:00:00,2025-02-12 00:00:00
1552,1696,2025-02-11 00:00:00,2025-02-12 00:00:00,2025-02-15 00:00:00
1553,1698,2025-02-12 00:00:00,2025-02-11 00:00:00,2025-02-13 00:00:00
1554,1699,2025-02-11 00:00:00,2025-02-12 00:00:00,2025-02-16 00:00:00
1555,1700,2025-02-12 00:00:00,2025-02-14 00:00:00,2025-02-17 00:00:00
1556,1702,2025-02-12 00:00:00,2025-02-12 00:00:00,2025-02-16 00:00:00
1557,1703,2025-02-11 00:00:00,2025-02-14 00:00:00,2025-02-15 00:00:00
1558,1704,2025-02-11 00:00:00,2025-02-12 00:00:00,2025-02-15 00:00:00
1559,1705,2025-02-12 00:00:00,2025-02-16 00:00:00,2025-02-20 00:00:00
1560,1706,2025-02-13 00:00:00,2025-02-11 00:00:00,2025-02-12 00:00:00
1561,1707,2025-02-12 00:00:00,2025-02-11 00:00:00,2025-02-15 00:00:00
1562,1708,2025-02-12 00:00:00,2025-02-11 00:00:00,2025-02-13 00:00:00
1563,1709,2025-02-13 00:00:00,2025-02-14 00:00:00,2025-02-16 00:00:00
1564,1710,2025-02-12 00:00:00,2025-02-14 00:00:00,2025-02-15 00:00:00
1565,1712,2025-02-12 00:00:00,2025-02-11 00:00:00,2025-02-12 00:00:00
1566,1713,2025-02-12 00:00:00,2025-02-16 00:00:00,2025-02-17 00:00:00
1567,1714,2025-02-12 00:00:00,2025-02-12 00:00:00,2025-02-16 00:00:00
1568,1715,2025-02-13 00:00:00,2025-02-11 00:00:00,2025-02-14 00:00:00
1569,1716,2025-02-12 00:00:00,,
1570,1717,2025-02-12 00:00:00,,
1571,1718,2025-02-13 00:00:00,2025-02-10 00:00:00,2025-02-11 00:00:00
1572,1719,2025-02-11 00:00:00,2025-02-11 00:00:00,2025-02-14 00:00:00
1573,1720,2025-02-13 00:00:00,2025-02-14 00:00:00,2025-02-18 00:00:00
1574,1721,2025-02-12 00:00:00,2025-02-12 00:00:00,2025-02-14 00:00:00
1575,1722,2025-02-11 00:00:00,2025-02-11 00:00:00,2025-02-13 00:00:00
1576,1723,2025-02-12 00:00:00,2025-02-12 00:00:00,2025-02-15 00:00:00
1577,1724,2025-02-12 00:00:00,2025-02-12 00:00:00,2025-02-14 00:00:00
1578,1725,2025-02-13 00:00:00,2025-02-11 00:00:00,2025-02-13 00:00:00
1579,1726,2025-02-14 00:00:00,2025-02-11 00:00:00,2025-02-12 00:00:00
1580,1727,2025-02-13 00:00:00,2025-02-13 00:00:00,2025-02-17 00:00:00
1581,1728,2025-02-12 00:00:00,2025-02-13 00:00:00,2025-02-15 00:00:00
1582,1729,2025-02-13 00:00:00,2025-02-13 00:00:00,2025-02-17 00:00:00
1583,1731,2025-02-13 00:00:00,2025-02-12 00:00:00,2025-02-15 00:00:00
1584,1732,2025-02-14 00:00:00,2025-02-12 00:00:00,2025-02-16 00:00:00
1585,1733,2025-02-12 00:00:00,,
1586,1734,2025-02-14 00:00:00,2025-02-12 00:00:00,2025-02-14 00:00:00
1587,1735,2025-02-13 00:00:00,2025-02-12 00:00:00,2025-02-13 00:00:00
1588,1736,2025-02-14 00:00:00,2025-02-12 00:00:00,2025-02-13 00:00:00
1589,1737,2025-02-12 00:00:00,2025-02-12 00:00:00,2025-02-14 00:00:00
1590,1738,2025-02-13 00:00:00,2025-02-13 00:00:00,2025-02-14 00:00:00
1591,1739,2025-02-12 00:00:00,2025-02-12 00:00:00,2025-02-14 00:00:00
1592,1740,2025-02-14 00:00:00,2025-02-11 00:00:00,2025-02-13 00:00:00
1593,1741,2025-02-12 00:00:00,2025-02-13 00:00:00,2025-02-17 00:00:00
1594,1742,2025-02-13 00:00:00,2025-02-15 00:00:00,2025-02-17 00:00:00
1595,1743,2025-02-13 00:00:00,2025-02-11 00:00:00,2025-02-13 00:00:00
1596,1744,2025-02-13 00:00:00,2025-02-11 00:00:00,2025-02-13 00:00:00
1597,1747,2025-02-13 00:00:00,2025-02-13 00:00:00,2025-02-16 00:00:00
1598,1748,2025-02-13 00:00:00,2025-02-12 00:00:00,2025-02-16 00:00:00
1599,1750,2025-02-13 00:00:00,2025-02-13 00:00:00,2025-02-14 00:00:00
1600,1751,2025-02-13 00:00:00,2025-02-13 00:00:00,2025-02-17 00:00:00
1601,1752,2025-02-14 00:00:00,2025-02-11 00:00:00,2025-02-15 00:00:00
1602,1753,2025-02-14 00:00:00,2025-02-13 00:00:00,2025-02-14 00:00:00
1603,1754,2025-02-13 00:00:00,2025-02-13 00:00:00,2025-02-15 00:00:00
1604,1755,2025-02-13 00:00:00,2025-02-15 00:00:00,2025-02-19 00:00:00
1605,1756,2025-02-13 00:00:00,2025-02-13 00:00:00,2025-02-17 00:00:00
1606,1757,2025-02-13 00:00:00,2025-02-12 00:00:00,2025-02-13 00:00:00
1607,1758,2025-02-13 00:00:00,2025-02-11 00:00:00,2025-02-15 00:00:00
1608,1759,2025-02-12 00:00:00,2025-02-12 00:00:00,2025-02-16 00:00:00
1609,1760,2025-02-13 00:00:00,2025-02-13 00:00:00,2025-02-14 00:00:00
1610,1761,2025-02-14 00:00:00,2025-02-13 00:00:00,2025-02-17 00:00:00
1611,1762,2025-02-13 00:00:00,2025-02-12 00:00:00,2025-02-14 00:00:00
1612,1763,2025-02-13 00:00:00,,
1613,1765,2025-02-12 00:00:00,2025-02-13 00:00:00,2025-02-16 00:00:00
1614,1766,2025-02-12 00:00:00,2025-02-15 00:00:00,2025-02-18 00:00:00
1615,1767,2025-02-14 00:00:00,2025-02-12 00:00:00,2025-02-13 00:00:00
1616,1768,2025-02-13 00:00:00,2025-02-12 00:00:00,2025-02-16 00:00:00
1617,1769,2025-02-12 00:00:00,,
1618,1770,2025-02-13 00:00:00,2025-02-11 00:00:00,2025-02-14 00:00:00
1619,1771,2025-02-13 00:00:00,2025-02-11 00:00:00,2025-02-15 00:00:00
1620,1772,2025-02-13 00:00:00,2025-02-12 00:00:00,2025-02-15 00:00:00
1621,1773,2025-02-12 00:00:00,,
1622,1775,2025-02-15 00:00:00,2025-02-16 00:00:00,2025-02-20 00:00:00
1623,1776,2025-02-13 00:00:00,2025-02-13 00:00:00,2025-02-16 00:00:00
1624,1777,2025-02-14 00:00:00,2025-02-13 00:00:00,2025-02-15 00:00:00
1625,1778,2025-02-14 00:00:00,2025-02-16 00:00:00,2025-02-17 00:00:00
1626,1779,2025-02-14 00:00:00,2025-02-16 00:00:00,2025-02-17 00:00:00
1627,1780,2025-02-13 00:00:00,2025-02-14 00:00:00,2025-02-16 00:00:00
1628,1781,2025-02-13 00:00:00,2025-02-14 00:00:00,2025-02-17 00:00:00
1629,1782,2025-02-13 00:00:00,2025-02-13 00:00:00,2025-02-17 00:00:00
1630,1783,2025-02-15 00:00:00,2025-02-12 00:00:00,2025-02-13 00:00:00
1631,1784,2025-02-14 00:00:00,2025-02-13 00:00:00,2025-02-15 00:00:00
1632,1786,2025-02-13 00:00:00,2025-02-18 00:00:00,2025-02-19 00:00:00
1633,1787,2025-02-15 00:00:00,2025-02-14 00:00:00,2025-02-16 00:00:00
1634,1788,2025-02-15 00:00:00,2025-02-14 00:00:00,2025-02-15 00:00:00
1635,1789,2025-02-13 00:00:00,2025-02-16 00:00:00,2025-02-18 00:00:00
1636,1790,2025-02-13 00:00:00,2025-02-13 00:00:00,2025-02-17 00:00:00
1637,1791,2025-02-13 00:00:00,2025-02-14 00:00:00,2025-02-16 00:00:00
1638,1792,2025-02-13 00:00:00,2025-02-13 00:00:00,2025-02-15 00:00:00
1639,1793,2025-02-15 00:00:00,2025-02-14 00:00:00,2025-02-15 00:00:00
1640,1794,2025-02-14 00:00:00,2025-02-12 00:00:00,2025-02-13 00:00:00
1641,1795,2025-02-13 00:00:00,2025-02-12 00:00:00,2025-02-15 00:00:00
1642,1796,2025-02-15 00:00:00,2025-02-12 00:00:00,2025-02-13 00:00:00
1643,1797,2025-02-14 00:00:00,2025-02-13 00:00:00,2025-02-15 00:00:00
1644,1799,2025-02-14 00:00:00,2025-02-13 00:00:00,2025-02-15 00:00:00
1645,1800,2025-02-15 00:00:00,2025-02-13 00:00:00,2025-02-16 00:00:00
1646,1801,2025-02-14 00:00:00,2025-02-16 00:00:00,2025-02-19 00:00:00
1647,1802,2025-02-13 00:00:00,2025-02-13 00:00:00,2025-02-16 00:00:00
1648,1803,2025-02-14 00:00:00,,
1649,1804,2025-02-14 00:00:00,2025-02-13 00:00:00,2025-02-16 00:00:00
1650,1805,2025-02-14 00:00:00,2025-02-13 00:00:00,2025-02-15 00:00:00
1651,1806,2025-02-14 00:00:00,2025-02-12 00:00:00,2025-02-15 00:00:00
1652,1807,2025-02-15 00:00:00,2025-02-12 00:00:00,2025-02-15 00:00:00
1653,1808,2025-02-13 00:00:00,2025-02-16 00:00:00,2025-02-20 00:00:00
1654,1809,2025-02-15 00:00:00,2025-02-13 00:00:00,2025-02-17 00:00:00
1655,1810,2025-02-15 00:00:00,2025-02-12 00:00:00,2025-02-14 00:00:00
1656,1811,2025-02-14 00:00:00,2025-02-13 00:00:00,2025-02-14 00:00:00
1657,1813,2025-02-14 00:00:00,2025-02-13 00:00:00,2025-02-17 00:00:00
1658,1815,2025-02-13 00:00:00,2025-02-12 00:00:00,2025-02-13 00:00:00
1659,1816,2025-02-14 00:00:00,2025-02-16 00:00:00,2025-02-20 00:00:00
1660,1817,2025-02-14 00:00:00,2025-02-13 00:00:00,2025-02-16 00:00:00
1661,1818,2025-02-14 00:00:00,2025-02-12 00:00:00,2025-02-13 00:00:00
1662,1819,2025-02-14 00:00:00,2025-02-13 00:00:00,2025-02-16 00:00:00
1663,1820,2025-02-13 00:00:00,2025-02-13 00:00:00,2025-02-17 00:00:00
1664,1822,2025-02-14 00:00:00,,
1665,1823,2025-02-13 00:00:00,2025-02-13 00:00:00,2025-02-15 00:00:00
1666,1824,2025-02-14 00:00:00,2025-02-13 00:00:00,2025-02-15 00:00:00
1667,1826,2025-02-14 00:00:00,2025-02-16 00:00:00,2025-02-19 00:00:00
1668,1828,2025-02-15 00:00:00,2025-02-13 00:00:00,2025-02-14 00:00:00
1669,1829,2025-02-13 00:00:00,2025-02-13 00:00:00,2025-02-14 00:00:00
1670,1830,2025-02-15 00:00:00,2025-02-16 00:00:00,2025-02-18 00:00:00
1671,1831,2025-02-14 00:00:00,2025-02-13 00:00:00,2025-02-15 00:00:00
1672,1832,2025-02-14 00:00:00,2025-02-16 00:00:00,2025-02-18 00:00:00
1673,1833,2025-02-14 00:00:00,2025-02-14 00:00:00,2025-02-18 00:00:00
1674,1834,2025-02-15 00:00:00,2025-02-14 00:00:00,2025-02-16 00:00:00
1675,1835,2025-02-14 00:00:00,2025-02-14 00:00:00,2025-02-18 00:00:00
1676,1836,2025-02-15 00:00:00,2025-02-14 00:00:00,2025-02-18 00:00:00
1677,1837,2025-02-16 00:00:00,2025-02-14 00:00:00,2025-02-18 00:00:00
1678,1839,2025-02-14 00:00:00,2025-02-17 00:00:00,2025-02-18 00:00:00
1679,1840,2025-02-15 00:00:00,2025-02-14 00:00:00,2025-02-18 00:00:00
1680,1841,2025-02-14 00:00:00,2025-02-14 00:00:00,2025-02-16 00:00:00
1681,1842,2025-02-15 00:00:00,,
1682,1843,2025-02-15 00:00:00,2025-02-13 00:00:00,2025-02-15 00:00:00
1683,1844,2025-02-16 00:00:00,2025-02-13 00:00:00,2025-02-14 00:00:00
1684,1846,2025-02-14 00:00:00,2025-02-13 00:00:00,2025-02-17 00:00:00
1685,1847,2025-02-15 00:00:00,2025-02-14 00:00:00,2025-02-18 00:00:00
1686,1848,2025-02-16 00:00:00,2025-02-14 00:00:00,2025-02-17 00:00:00
1687,1849,2025-02-15 00:00:00,2025-02-15 00:00:00,2025-02-16 00:00:00
1688,1850,2025-02-15 00:00:00,2025-02-15 00:00:00,2025-02-17 00:00:00
1689,1853,2025-02-15 00:00:00,2025-02-13 00:00:00,2025-02-15 00:00:00
1690,1854,2025-02-15 00:00:00,2025-02-14 00:00:00,2025-02-18 00:00:00
1691,1855,2025-02-14 00:00:00,2025-02-17 00:00:00,2025-02-19 00:00:00
1692,1856,2025-02-14 00:00:00,2025-02-14 00:00:00,2025-02-17 00:00:00
1693,1857,2025-02-15 00:00:00,2025-02-15 00:00:00,2025-02-18 00:00:00
1694,1858,2025-02-14 00:00:00,2025-02-15 00:00:00,2025-02-17 00:00:00
1695,1860,2025-02-14 00:00:00,2025-02-14 00:00:00,2025-02-15 00:00:00
1696,1861,2025-02-14 00:00:00,2025-02-14 00:00:00,2025-02-16 00:00:00
1697,1862,2025-02-14 00:00:00,2025-02-15 00:00:00,2025-02-18 00:00:00
1698,1863,2025-02-15 00:00:00,2025-02-15 00:00:00,2025-02-16 00:00:00
1699,1864,2025-02-15 00:00:00,2025-02-13 00:00:00,2025-02-16 00:00:00
1700,1865,2025-02-14 00:00:00,2025-02-17 00:00:00,2025-02-18 00:00:00
1701,1866,2025-02-14 00:00:00,,
1702,1867,2025-02-15 00:00:00,2025-02-14 00:00:00,2025-02-18 00:00:00
1703,1868,2025-02-14 00:00:00,2025-02-17 00:00:00,2025-02-21 00:00:00
1704,1869,2025-02-15 00:00:00,2025-02-19 00:00:00,2025-02-23 00:00:00
1705,1870,2025-02-15 00:00:00,2025-02-19 00:00:00,2025-02-22 00:00:00
1706,1871,2025-02-14 00:00:00,2025-02-15 00:00:00,2025-02-16 00:00:00
1707,1872,2025-02-14 00:00:00,2025-02-15 00:00:00,2025-02-18 00:00:00
1708,1873,2025-02-15 00:00:00,2025-02-13 00:00:00,2025-02-16 00:00:00
1709,1874,2025-02-14 00:00:00,2025-02-15 00:00:00,2025-02-16 00:00:00
1710,1875,2025-02-15 00:00:00,2025-02-14 00:00:00,2025-02-15 00:00:00
1711,1876,2025-02-16 00:00:00,2025-02-14 00:00:00,2025-02-17 00:00:00
1712,1878,2025-02-15 00:00:00,2025-02-19 00:00:00,2025-02-21 00:00:00
1713,1879,2025-02-15 00:00:00,2025-02-15 00:00:00,2025-02-19 00:00:00
1714,1880,2025-02-15 00:00:00,2025-02-13 00:00:00,2025-02-14 00:00:00
1715,1881,2025-02-15 00:00:00,2025-02-14 00:00:00,2025-02-18 00:00:00
1716,1882,2025-02-15 00:00:00,2025-02-15 00:00:00,2025-02-18 00:00:00
1717,1883,2025-02-14 00:00:00,2025-02-17 00:00:00,2025-02-21 00:00:00
1718,1884,2025-02-15 00:00:00,2025-02-14 00:00:00,2025-02-15 00:00:00
1719,1885,2025-02-16 00:00:00,2025-02-13 00:00:00,2025-02-17 00:00:00
1720,1886,2025-02-16 00:00:00,2025-02-14 00:00:00,2025-02-16 00:00:00
1721,1887,2025-02-15 00:00:00,2025-02-19 00:00:00,2025-02-22 00:00:00
1722,1888,2025-02-14 00:00:00,2025-02-17 00:00:00,2025-02-20 00:00:00
1723,1889,2025-02-15 00:00:00,2025-02-14 00:00:00,2025-02-17 00:00:00
1724,1890,2025-02-15 00:00:00,2025-02-15 00:00:00,2025-02-16 00:00:00
1725,1891,2025-02-14 00:00:00,2025-02-14 00:00:00,2025-02-17 00:00:00
1726,1892,2025-02-15 00:00:00,2025-02-15 00:00:00,2025-02-18 00:00:00
1727,1893,2025-02-15 00:00:00,2025-02-18 00:00:00,2025-02-21 00:00:00
1728,1894,2025-02-17 00:00:00,2025-02-16 00:00:00,2025-02-17 00:00:00
1729,1895,2025-02-15 00:00:00,,
1730,1897,2025-02-16 00:00:00,2025-02-18 00:00:00,2025-02-20 00:00:00
1731,1898,2025-02-16 00:00:00,,
1732,1899,2025-02-15 00:00:00,2025-02-14 00:00:00,2025-02-17 00:00:00
1733,1900,2025-02-17 00:00:00,2025-02-20 00:00:00,2025-02-23 00:00:00
1734,1901,2025-02-16 00:00:00,2025-02-15 00:00:00,2025-02-18 00:00:00
1735,1902,2025-02-16 00:00:00,2025-02-14 00:00:00,2025-02-15 00:00:00
1736,1903,2025-02-15 00:00:00,,
1737,1904,2025-02-17 00:00:00,2025-02-14 00:00:00,2025-02-17 00:00:00
1738,1905,2025-02-16 00:00:00,2025-02-16 00:00:00,2025-02-20 00:00:00
1739,1906,2025-02-16 00:00:00,2025-02-14 00:00:00,2025-02-16 00:00:00
1740,1907,2025-02-16 00:00:00,2025-02-18 00:00:00,2025-02-21 00:00:00
1741,1908,2025-02-16 00:00:00,2025-02-14 00:00:00,2025-02-18 00:00:00
1742,1909,2025-02-16 00:00:00,,
1743,1910,2025-02-16 00:00:00,2025-02-16 00:00:00,2025-02-17 00:00:00
1744,1911,2025-02-17 00:00:00,2025-02-15 00:00:00,2025-02-16 00:00:00
1745,1912,2025-02-16 00:00:00,2025-02-15 00:00:00,2025-02-19 00:00:00
1746,1913,2025-02-16 00:00:00,2025-02-16 00:00:00,2025-02-17 00:00:00
1747,1914,2025-02-15 00:00:00,2025-02-15 00:00:00,2025-02-18 00:00:00
1748,1915,2025-02-15 00:00:00,,
1749,1916,2025-02-16 00:00:00,2025-02-15 00:00:00,2025-02-18 00:00:00
1750,1917,2025-02-17 00:00:00,2025-02-14 00:00:00,2025-02-17 00:00:00
1751,1918,2025-02-16 00:00:00,2025-02-15 00:00:00,2025-02-18 00:00:00
1752,1919,2025-02-17 00:00:00,2025-02-15 00:00:00,2025-02-19 00:00:00
1753,1920,2025-02-16 00:00:00,2025-02-16 00:00:00,2025-02-20 00:00:00
1754,1921,2025-02-15 00:00:00,2025-02-15 00:00:00,2025-02-17 00:00:00
1755,1922,2025-02-16 00:00:00,2025-02-18 00:00:00,2025-02-20 00:00:00
1756,1923,2025-02-16 00:00:00,,
1757,1924,2025-02-16 00:00:00,2025-02-16 00:00:00,2025-02-17 00:00:00
1758,1925,2025-02-16 00:00:00,2025-02-14 00:00:00,2025-02-18 00:00:00
1759,1926,2025-02-15 00:00:00,2025-02-16 00:00:00,2025-02-17 00:00:00
1760,1928,2025-02-15 00:00:00,2025-02-15 00:00:00,2025-02-18 00:00:00
1761,1929,2025-02-15 00:00:00,2025-02-20 00:00:00,2025-02-23 00:00:00
1762,1930,2025-02-16 00:00:00,2025-02-16 00:00:00,2025-02-19 00:00:00
1763,1932,2025-02-15 00:00:00,2025-02-14 00:00:00,2025-02-15 00:00:00
1764,1933,2025-02-17 00:00:00,2025-02-15 00:00:00,2025-02-19 00:00:00
1765,1934,2025-02-16 00:00:00,2025-02-18 00:00:00,2025-02-21 00:00:00
1766,1935,2025-02-16 00:00:00,2025-02-15 00:00:00,2025-02-18 00:00:00
1767,1936,2025-02-15 00:00:00,2025-02-14 00:00:00,2025-02-18 00:00:00
1768,1937,2025-02-15 00:00:00,2025-02-15 00:00:00,2025-02-19 00:00:00
1769,1938,2025-02-15 00:00:00,2025-02-15 00:00:00,2025-02-19 00:00:00
1770,1940,2025-02-16 00:00:00,2025-02-16 00:00:00,2025-02-17 00:00:00
1771,1941,2025-02-17 00:00:00,2025-02-15 00:00:00,2025-02-17 00:00:00
1772,1942,2025-02-16 00:00:00,2025-02-15 00:00:00,2025-02-16 00:00:00
1773,1943,2025-02-17 00:00:00,2025-02-16 00:00:00,2025-02-19 00:00:00
1774,1944,2025-02-16 00:00:00,2025-02-15 00:00:00,2025-02-18 00:00:00
1775,1945,2025-02-16 00:00:00,2025-02-15 00:00:00,2025-02-19 00:00:00
1776,1946,2025-02-17 00:00:00,2025-02-15 00:00:00,2025-02-16 00:00:00
1777,1947,2025-02-17 00:00:00,2025-02-17 00:00:00,2025-02-21 00:00:00
1778,1948,2025-02-18 00:00:00,,
1779,1949,2025-02-17 00:00:00,2025-02-15 00:00:00,2025-02-19 00:00:00
1780,1951,2025-02-16 00:00:00,2025-02-17 00:00:00,2025-02-20 00:00:00
1781,1952,2025-02-17 00:00:00,2025-02-17 00:00:00,2025-02-20 00:00:00
1782,1953,2025-02-17 00:00:00,2025-02-16 00:00:00,2025-02-17 00:00:00
1783,1954,2025-02-16 00:00:00,2025-02-16 00:00:00,2025-02-19 00:00:00
1784,1955,2025-02-17 00:00:00,2025-02-19 00:00:00,2025-02-23 00:00:00
1785,1956,2025-02-18 00:00:00,2025-02-19 00:00:00,2025-02-20 00:00:00
1786,1957,2025-02-17 00:00:00,2025-02-15 00:00:00,2025-02-18 00:00:00
1787,1958,2025-02-16 00:00:00,2025-02-16 00:00:00,2025-02-17 00:00:00
1788,1959,2025-02-17 00:00:00,2025-02-15 00:00:00,2025-02-19 00:00:00
1789,1961,2025-02-17 00:00:00,2025-02-16 00:00:00,2025-02-19 00:00:00
1790,1962,2025-02-18 00:00:00,2025-02-17 00:00:00,2025-02-18 00:00:00
1791,1963,2025-02-16 00:00:00,2025-02-19 00:00:00,2025-02-20 00:00:00
1792,1964,2025-02-17 00:00:00,2025-02-17 00:00:00,2025-02-18 00:00:00
1793,1965,2025-02-18 00:00:00,2025-02-17 00:00:00,2025-02-21 00:00:00
1794,1966,2025-02-18 00:00:00,2025-02-16 00:00:00,2025-02-18 00:00:00
1795,1967,2025-02-16 00:00:00,2025-02-17 00:00:00,2025-02-18 00:00:00
1796,1968,2025-02-16 00:00:00,2025-02-16 00:00:00,2025-02-20 00:00:00
1797,1969,2025-02-16 00:00:00,2025-02-17 00:00:00,2025-02-18 00:00:00
1798,1970,2025-02-17 00:00:00,2025-02-17 00:00:00,2025-02-18 00:00:00
1799,1971,2025-02-16 00:00:00,2025-02-16 00:00:00,2025-02-20 00:00:00
1800,1972,2025-02-17 00:00:00,2025-02-17 00:00:00,2025-02-21 00:00:00
1801,1973,2025-02-17 00:00:00,2025-02-16 00:00:00,2025-02-20 00:00:00
1802,1974,2025-02-17 00:00:00,2025-02-15 00:00:00,2025-02-16 00:00:00
1803,1975,2025-02-18 00:00:00,2025-02-16 00:00:00,2025-02-19 00:00:00
1804,1976,2025-02-17 00:00:00,2025-02-19 00:00:00,2025-02-22 00:00:00
1805,1977,2025-02-17 00:00:00,2025-02-19 00:00:00,2025-02-20 00:00:00
1806,1978,2025-02-17 00:00:00,2025-02-17 00:00:00,2025-02-21 00:00:00
1807,1979,2025-02-17 00:00:00,2025-02-16 00:00:00,2025-02-19 00:00:00
1808,1980,2025-02-18 00:00:00,2025-02-17 00:00:00,2025-02-20 00:00:00
1809,1981,2025-02-16 00:00:00,2025-02-21 00:00:00,2025-02-22 00:00:00
1810,1982,2025-02-17 00:00:00,2025-02-21 00:00:00,2025-02-23 00:00:00
1811,1983,2025-02-17 00:00:00,2025-02-16 00:00:00,2025-02-17 00:00:00
1812,1984,2025-02-17 00:00:00,2025-02-15 00:00:00,2025-02-19 00:00:00
1813,1985,2025-02-18 00:00:00,2025-02-16 00:00:00,2025-02-18 00:00:00
1814,1986,2025-02-17 00:00:00,,
1815,1987,2025-02-17 00:00:00,2025-02-21 00:00:00,2025-02-24 00:00:00
1816,1988,2025-02-17 00:00:00,2025-02-16 00:00:00,2025-02-20 00:00:00
1817,1989,2025-02-17 00:00:00,2025-02-16 00:00:00,2025-02-20 00:00:00
1818,1990,2025-02-18 00:00:00,2025-02-15 00:00:00,2025-02-17 00:00:00
1819,1991,2025-02-17 00:00:00,2025-02-16 00:00:00,2025-02-20 00:00:00
1820,1992,2025-02-17 00:00:00,2025-02-16 00:00:00,2025-02-17 00:00:00
1821,1993,2025-02-17 00:00:00,2025-02-16 00:00:00,2025-02-19 00:00:00
1822,1994,2025-02-17 00:00:00,2025-02-19 00:00:00,2025-02-21 00:00:00
1823,1995,2025-02-18 00:00:00,2025-02-16 00:00:00,2025-02-18 00:00:00
1824,1996,2025-02-17 00:00:00,2025-02-16 00:00:00,2025-02-18 00:00:00
1825,1997,2025-02-17 00:00:00,2025-02-17 00:00:00,2025-02-21 00:00:00
1826,1998,2025-02-17 00:00:00,2025-02-21 00:00:00,2025-02-24 00:00:00
1827,1999,2025-02-17 00:00:00,2025-02-15 00:00:00,2025-02-16 00:00:00
1828,2000,2025-02-17 00:00:00,2025-02-16 00:00:00,2025-02-20 00:00:00
1829,2001,2025-02-17 00:00:00,2025-02-17 00:00:00,2025-02-18 00:00:00
1830,2002,2025-02-17 00:00:00,2025-02-19 00:00:00,2025-02-23 00:00:00
1831,2003,2025-02-18 00:00:00,2025-02-17 00:00:00,2025-02-18 00:00:00
1832,2004,2025-02-18 00:00:00,2025-02-20 00:00:00,2025-02-24 00:00:00
1833,2005,2025-02-19 00:00:00,2025-02-16 00:00:00,2025-02-18 00:00:00
1834,2006,2025-02-18 00:00:00,2025-02-16 00:00:00,2025-02-19 00:00:00
1835,2007,2025-02-17 00:00:00,2025-02-17 00:00:00,2025-02-20 00:00:00
1836,2008,2025-02-18 00:00:00,2025-02-16 00:00:00,2025-02-20 00:00:00
1837,2009,2025-02-18 00:00:00,2025-02-18 00:00:00,2025-02-22 00:00:00
1838,2010,2025-02-18 00:00:00,2025-02-16 00:00:00,2025-02-18 00:00:00
1839,2011,2025-02-18 00:00:00,2025-02-22 00:00:00,2025-02-23 00:00:00
1840,2013,2025-02-18 00:00:00,2025-02-18 00:00:00,2025-02-21 00:00:00
1841,2014,2025-02-18 00:00:00,2025-02-20 00:00:00,2025-02-23 00:00:00
1842,2015,2025-02-18 00:00:00,2025-02-17 00:00:00,2025-02-21 00:00:00
1843,2016,2025-02-17 00:00:00,2025-02-18 00:00:00,2025-02-22 00:00:00
1844,2017,2025-02-18 00:00:00,2025-02-16 00:00:00,2025-02-18 00:00:00
1845,2018,2025-02-19 00:00:00,2025-02-16 00:00:00,2025-02-20 00:00:00
1846,2019,2025-02-18 00:00:00,2025-02-16 00:00:00,2025-02-20 00:00:00
1847,2020,2025-02-19 00:00:00,2025-02-18 00:00:00,2025-02-21 00:00:00
1848,2021,2025-02-18 00:00:00,,
1849,2022,2025-02-18 00:00:00,2025-02-17 00:00:00,2025-02-19 00:00:00
1850,2023,2025-02-18 00:00:00,2025-02-18 00:00:00,2025-02-21 00:00:00
1851,2024,2025-02-19 00:00:00,2025-02-20 00:00:00,2025-02-21 00:00:00
1852,2025,2025-02-18 00:00:00,2025-02-16 00:00:00,2025-02-20 00:00:00
1853,2026,2025-02-18 00:00:00,2025-02-20 00:00:00,2025-02-21 00:00:00
1854,2027,2025-02-18 00:00:00,2025-02-18 00:00:00,2025-02-21 00:00:00
1855,2028,2025-02-19 00:00:00,2025-02-18 00:00:00,2025-02-19 00:00:00
1856,2029,2025-02-18 00:00:00,2025-02-17 00:00:00,2025-02-19 00:00:00
1857,2030,2025-02-17 00:00:00,2025-02-20 00:00:00,2025-02-22 00:00:00
1858,2031,2025-02-18 00:00:00,2025-02-17 00:00:00,2025-02-19 00:00:00
1859,2032,2025-02-19 00:00:00,2025-02-18 00:00:00,2025-02-21 00:00:00
1860,2033,2025-02-17 00:00:00,,
1861,2034,2025-02-18 00:00:00,2025-02-22 00:00:00,2025-02-23 00:00:00
1862,2035,2025-02-19 00:00:00,2025-02-20 00:00:00,2025-02-24 00:00:00
1863,2037,2025-02-18 00:00:00,2025-02-16 00:00:00,2025-02-19 00:00:00
1864,2038,2025-02-18 00:00:00,2025-02-20 00:00:00,2025-02-24 00:00:00
1865,2039,2025-02-18 00:00:00,2025-02-18 00:00:00,2025-02-21 00:00:00
1866,2040,2025-02-19 00:00:00,2025-02-17 00:00:00,2025-02-20 00:00:00
1867,2041,2025-02-18 00:00:00,2025-02-17 00:00:00,2025-02-18 00:00:00
1868,2042,2025-02-19 00:00:00,2025-02-16 00:00:00,2025-02-19 00:00:00
1869,2043,2025-02-17 00:00:00,2025-02-18 00:00:00,2025-02-21 00:00:00
1870,2044,2025-02-18 00:00:00,2025-02-17 00:00:00,2025-02-20 00:00:00
1871,2045,2025-02-19 00:00:00,2025-02-18 00:00:00,2025-02-20 00:00:00
1872,2047,2025-02-17 00:00:00,2025-02-17 00:00:00,2025-02-21 00:00:00
1873,2048,2025-02-19 00:00:00,2025-02-18 00:00:00,2025-02-20 00:00:00
1874,2049,2025-02-17 00:00:00,2025-02-17 00:00:00,2025-02-18 00:00:00
1875,2050,2025-02-18 00:00:00,2025-02-16 00:00:00,2025-02-18 00:00:00
1876,2051,2025-02-18 00:00:00,2025-02-20 00:00:00,2025-02-24 00:00:00
1877,2052,2025-02-18 00:00:00,2025-02-17 00:00:00,2025-02-19 00:00:00
1878,2053,2025-02-18 00:00:00,2025-02-17 00:00:00,2025-02-21 00:00:00
1879,2054,2025-02-19 00:00:00,2025-02-16 00:00:00,2025-02-17 00:00:00
1880,2055,2025-02-19 00:00:00,2025-02-17 00:00:00,2025-02-19 00:00:00
1881,2057,2025-02-18 00:00:00,2025-02-17 00:00:00,2025-02-18 00:00:00
1882,2058,2025-02-18 00:00:00,2025-02-17 00:00:00,2025-02-19 00:00:00
1883,2059,2025-02-18 00:00:00,2025-02-17 00:00:00,2025-02-21 00:00:00
1884,2060,2025-02-19 00:00:00,2025-02-20 00:00:00,2025-02-24 00:00:00
1885,2061,2025-02-18 00:00:00,2025-02-16 00:00:00,2025-02-19 00:00:00
1886,2062,2025-02-17 00:00:00,2025-02-20 00:00:00,2025-02-21 00:00:00
1887,2063,2025-02-18 00:00:00,2025-02-17 00:00:00,2025-02-18 00:00:00
1888,2064,2025-02-18 00:00:00,2025-02-16 00:00:00,2025-02-18 00:00:00
1889,2065,2025-02-19 00:00:00,2025-02-19 00:00:00,2025-02-23 00:00:00
1890,2066,2025-02-20 00:00:00,2025-02-21 00:00:00,2025-02-25 00:00:00
1891,2067,2025-02-19 00:00:00,2025-02-17 00:00:00,2025-02-21 00:00:00
1892,2069,2025-02-20 00:00:00,2025-02-19 00:00:00,2025-02-22 00:00:00
1893,2070,2025-02-19 00:00:00,2025-02-21 00:00:00,2025-02-22 00:00:00
1894,2071,2025-02-20 00:00:00,2025-02-19 00:00:00,2025-02-22 00:00:00
1895,2072,2025-02-19 00:00:00,2025-02-19 00:00:00,2025-02-20 00:00:00
1896,2073,2025-02-20 00:00:00,2025-02-17 00:00:00,2025-02-20 00:00:00
1897,2074,2025-02-19 00:00:00,2025-02-18 00:00:00,2025-02-22 00:00:00
1898,2075,2025-02-19 00:00:00,2025-02-18 00:00:00,2025-02-20 00:00:00
1899,2076,2025-02-20 00:00:00,2025-02-19 00:00:00,2025-02-20 00:00:00
1900,2078,2025-02-20 00:00:00,2025-02-19 00:00:00,2025-02-23 00:00:00
1901,2079,2025-02-19 00:00:00,2025-02-18 00:00:00,2025-02-22 00:00:00
1902,2080,2025-02-18 00:00:00,2025-02-23 00:00:00,2025-02-26 00:00:00
1903,2081,2025-02-19 00:00:00,2025-02-23 00:00:00,2025-02-27 00:00:00
1904,2082,2025-02-18 00:00:00,2025-02-18 00:00:00,2025-02-21 00:00:00
1905,2083,2025-02-20 00:00:00,2025-02-19 00:00:00,2025-02-23 00:00:00
1906,2084,2025-02-20 00:00:00,2025-02-18 00:00:00,2025-02-22 00:00:00
1907,2085,2025-02-20 00:00:00,2025-02-17 00:00:00,2025-02-20 00:00:00
1908,2086,2025-02-19 00:00:00,2025-02-19 00:00:00,2025-02-23 00:00:00
1909,2087,2025-02-19 00:00:00,2025-02-23 00:00:00,2025-02-27 00:00:00
1910,2088,2025-02-20 00:00:00,2025-02-18 00:00:00,2025-02-20 00:00:00
1911,2089,2025-02-19 00:00:00,2025-02-19 00:00:00,2025-02-22 00:00:00
1912,2090,2025-02-19 00:00:00,2025-02-19 00:00:00,2025-02-23 00:00:00
1913,2091,2025-02-19 00:00:00,2025-02-19 00:00:00,2025-02-20 00:00:00
1914,2092,2025-02-19 00:00:00,2025-02-17 00:00:00,2025-02-20 00:00:00
1915,2093,2025-02-20 00:00:00,2025-02-18 00:00:00,2025-02-22 00:00:00
1916,2094,2025-02-19 00:00:00,2025-02-19 00:00:00,2025-02-23 00:00:00
1917,2095,2025-02-18 00:00:00,2025-02-19 00:00:00,2025-02-23 00:00:00
1918,2096,2025-02-19 00:00:00,,
1919,2097,2025-02-19 00:00:00,2025-02-19 00:00:00,2025-02-23 00:00:00
1920,2098,2025-02-18 00:00:00,2025-02-19 00:00:00,2025-02-21 00:00:00
1921,2099,2025-02-18 00:00:00,2025-02-21 00:00:00,2025-02-22 00:00:00
1922,2100,2025-02-18 00:00:00,2025-02-19 00:00:00,2025-02-21 00:00:00
1923,2101,2025-02-19 00:00:00,2025-02-17 00:00:00,2025-02-20 00:00:00
1924,2102,2025-02-20 00:00:00,2025-02-19 00:00:00,2025-02-22 00:00:00
1925,2103,2025-02-18 00:00:00,2025-02-18 00:00:00,2025-02-22 00:00:00
1926,2104,2025-02-18 00:00:00,2025-02-18 00:00:00,2025-02-19 00:00:00
1927,2105,2025-02-20 00:00:00,2025-02-19 00:00:00,2025-02-22 00:00:00
1928,2106,2025-02-19 00:00:00,2025-02-19 00:00:00,2025-02-23 00:00:00
1929,2107,2025-02-19 00:00:00,2025-02-18 00:00:00,2025-02-20 00:00:00
1930,2108,2025-02-19 00:00:00,2025-02-18 00:00:00,2025-02-19 00:00:00
1931,2109,2025-02-19 00:00:00,2025-02-19 00:00:00,2025-02-21 00:00:00
1932,2110,2025-02-18 00:00:00,2025-02-19 00:00:00,2025-02-23 00:00:00
1933,2111,2025-02-18 00:00:00,2025-02-18 00:00:00,2025-02-22 00:00:00
1934,2112,2025-02-19 00:00:00,2025-02-19 00:00:00,2025-02-20 00:00:00
1935,2113,2025-02-19 00:00:00,2025-02-21 00:00:00,2025-02-22 00:00:00
1936,2114,2025-02-19 00:00:00,2025-02-18 00:00:00,2025-02-20 00:00:00
1937,2115,2025-02-18 00:00:00,2025-02-23 00:00:00,2025-02-27 00:00:00
1938,2116,2025-02-19 00:00:00,2025-02-18 00:00:00,2025-02-19 00:00:00
1939,2117,2025-02-20 00:00:00,2025-02-19 00:00:00,2025-02-23 00:00:00
1940,2118,2025-02-20 00:00:00,2025-02-19 00:00:00,2025-02-20 00:00:00
1941,2119,2025-02-19 00:00:00,2025-02-18 00:00:00,2025-02-21 00:00:00
1942,2121,2025-02-19 00:00:00,2025-02-18 00:00:00,2025-02-22 00:00:00
1943,2122,2025-02-19 00:00:00,2025-02-18 00:00:00,2025-02-19 00:00:00
1944,2123,2025-02-20 00:00:00,2025-02-18 00:00:00,2025-02-22 00:00:00
1945,2124,2025-02-21 00:00:00,2025-02-20 00:00:00,2025-02-21 00:00:00
1946,2125,2025-02-21 00:00:00,2025-02-19 00:00:00,2025-02-21 00:00:00
1947,2126,2025-02-20 00:00:00,2025-02-20 00:00:00,2025-02-24 00:00:00
1948,2127,2025-02-20 00:00:00,2025-02-19 00:00:00,2025-02-21 00:00:00
1949,2128,2025-02-20 00:00:00,2025-02-22 00:00:00,2025-02-23 00:00:00
1950,2129,2025-02-21 00:00:00,2025-02-19 00:00:00,2025-02-23 00:00:00
1951,2130,2025-02-20 00:00:00,2025-02-20 00:00:00,2025-02-24 00:00:00
1952,2131,2025-02-20 00:00:00,2025-02-18 00:00:00,2025-02-21 00:00:00
1953,2132,2025-02-21 00:00:00,2025-02-19 00:00:00,2025-02-23 00:00:00
1954,2133,2025-02-20 00:00:00,2025-02-20 00:00:00,2025-02-23 00:00:00
1955,2134,2025-02-20 00:00:00,2025-02-22 00:00:00,2025-02-24 00:00:00
1956,2135,2025-02-20 00:00:00,2025-02-18 00:00:00,2025-02-20 00:00:00
1957,2136,2025-02-20 00:00:00,2025-02-19 00:00:00,2025-02-23 00:00:00
1958,2137,2025-02-20 00:00:00,2025-02-20 00:00:00,2025-02-22 00:00:00
1959,2138,2025-02-20 00:00:00,2025-02-20 00:00:00,2025-02-22 00:00:00
1960,2139,2025-02-20 00:00:00,2025-02-19 00:00:00,2025-02-21 00:00:00
1961,2140,2025-02-19 00:00:00,2025-02-22 00:00:00,2025-02-24 00:00:00
1962,2141,2025-02-20 00:00:00,2025-02-20 00:00:00,2025-02-24 00:00:00
1963,2144,2025-02-20 00:00:00,2025-02-19 00:00:00,2025-02-20 00:00:00
1964,2145,2025-02-21 00:00:00,2025-02-22 00:00:00,2025-02-24 00:00:00
1965,2146,2025-02-20 00:00:00,2025-02-19 00:00:00,2025-02-21 00:00:00
1966,2147,2025-02-21 00:00:00,2025-02-20 00:00:00,2025-02-24 00:00:00
1967,2148,2025-02-19 00:00:00,2025-02-22 00:00:00,2025-02-25 00:00:00
1968,2149,2025-02-20 00:00:00,2025-02-19 00:00:00,2025-02-21 00:00:00
1969,2151,2025-02-19 00:00:00,2025-02-18 00:00:00,2025-02-21 00:00:00
1970,2152,2025-02-19 00:00:00,2025-02-19 00:00:00,2025-02-23 00:00:00
1971,2153,2025-02-20 00:00:00,2025-02-19 00:00:00,2025-02-23 00:00:00
1972,2154,2025-02-21 00:00:00,2025-02-19 00:00:00,2025-02-22 00:00:00
1973,2155,2025-02-20 00:00:00,2025-02-19 00:00:00,2025-02-21 00:00:00
1974,2156,2025-02-20 00:00:00,2025-02-20 00:00:00,2025-02-24 00:00:00
1975,2157,2025-02-20 00:00:00,2025-02-20 00:00:00,2025-02-24 00:00:00
1976,2158,2025-02-20 00:00:00,2025-02-20 00:00:00,2025-02-22 00:00:00
1977,2159,2025-02-21 00:00:00,2025-02-18 00:00:00,2025-02-19 00:00:00
1978,2160,2025-02-21 00:00:00,2025-02-20 00:00:00,2025-02-22 00:00:00
1979,2161,2025-02-20 00:00:00,2025-02-18 00:00:00,2025-02-22 00:00:00
1980,2162,2025-02-19 00:00:00,2025-02-19 00:00:00,2025-02-21 00:00:00
1981,2163,2025-02-20 00:00:00,2025-02-19 00:00:00,2025-02-23 00:00:00
1982,2164,2025-02-19 00:00:00,2025-02-19 00:00:00,2025-02-20 00:00:00
1983,2165,2025-02-19 00:00:00,2025-02-19 00:00:00,2025-02-21 00:00:00
1984,2166,2025-02-20 00:00:00,2025-02-20 00:00:00,2025-02-22 00:00:00
1985,2167,2025-02-20 00:00:00,2025-02-24 00:00:00,2025-02-28 00:00:00
1986,2168,2025-02-20 00:00:00,2025-02-22 00:00:00,2025-02-26 00:00:00
1987,2169,2025-02-20 00:00:00,,
1988,2170,2025-02-21 00:00:00,2025-02-20 00:00:00,2025-02-23 00:00:00
1989,2171,2025-02-20 00:00:00,2025-02-22 00:00:00,2025-02-25 00:00:00
1990,2172,2025-02-19 00:00:00,2025-02-20 00:00:00,2025-02-22 00:00:00
1991,2173,2025-02-20 00:00:00,2025-02-20 00:00:00,2025-02-24 00:00:00
1992,2174,2025-02-20 00:00:00,2025-02-19 00:00:00,2025-02-20 00:00:00
1993,2175,2025-02-20 00:00:00,2025-02-19 00:00:00,2025-02-20 00:00:00
1994,2176,2025-02-20 00:00:00,2025-02-19 00:00:00,2025-02-21 00:00:00
1995,2177,2025-02-19 00:00:00,2025-02-22 00:00:00,2025-02-23 00:00:00
1996,2178,2025-02-20 00:00:00,2025-02-20 00:00:00,2025-02-21 00:00:00
1997,2179,2025-02-20 00:00:00,2025-02-22 00:00:00,2025-02-24 00:00:00
1998,2180,2025-02-20 00:00:00,2025-02-22 00:00:00,2025-02-26 00:00:00
1999,2181,2025-02-19 00:00:00,2025-02-22 00:00:00,2025-02-26 00:00:00
2000,2182,2025-02-21 00:00:00,2025-02-18 00:00:00,2025-02-22 00:00:00
2001,2183,2025-02-20 00:00:00,2025-02-18 00:00:00,2025-02-21 00:00:00
2002,2184,2025-02-20 00:00:00,,
2003,2185,2025-02-19 00:00:00,2025-02-19 00:00:00,2025-02-21 00:00:00
2004,2186,2025-02-20 00:00:00,2025-02-19 00:00:00,2025-02-23 00:00:00
2005,2187,2025-02-20 00:00:00,2025-02-20 00:00:00,2025-02-21 00:00:00
2006,2188,2025-02-21 00:00:00,2025-02-20 00:00:00,2025-02-24 00:00:00
2007,2191,2025-02-20 00:00:00,2025-02-21 00:00:00,2025-02-22 00:00:00
2008,2192,2025-02-21 00:00:00,2025-02-20 00:00:00,2025-02-23 00:00:00
2009,2193,2025-02-20 00:00:00,2025-02-21 00:00:00,2025-02-22 00:00:00
2010,2194,2025-02-21 00:00:00,2025-02-23 00:00:00,2025-02-25 00:00:00
2011,2195,2025-02-22 00:00:00,2025-02-20 00:00:00,2025-02-24 00:00:00
2012,2196,2025-02-22 00:00:00,2025-02-23 00:00:00,2025-02-26 00:00:00
2013,2197,2025-02-22 00:00:00,2025-02-20 00:00:00,2025-02-22 00:00:00
2014,2199,2025-02-22 00:00:00,2025-02-25 00:00:00,2025-02-26 00:00:00
2015,2203,2025-02-21 00:00:00,,
2016,2204,2025-02-21 00:00:00,2025-02-21 00:00:00,2025-02-23 00:00:00
2017,2205,2025-02-22 00:00:00,2025-02-20 00:00:00,2025-02-23 00:00:00
2018,2206,2025-02-22 00:00:00,2025-02-20 00:00:00,2025-02-22 00:00:00
2019,2207,2025-02-21 00:00:00,2025-02-19 00:00:00,2025-02-22 00:00:00
2020,2208,2025-02-22 00:00:00,2025-02-20 00:00:00,2025-02-23 00:00:00
2021,2210,2025-02-21 00:00:00,2025-02-25 00:00:00,2025-02-27 00:00:00
2022,2211,2025-02-21 00:00:00,2025-02-21 00:00:00,2025-02-25 00:00:00
2023,2212,2025-02-20 00:00:00,2025-02-23 00:00:00,2025-02-25 00:00:00
2024,2213,2025-02-21 00:00:00,2025-02-19 00:00:00,2025-02-21 00:00:00
2025,2214,2025-02-21 00:00:00,2025-02-19 00:00:00,2025-02-21 00:00:00
2026,2215,2025-02-20 00:00:00,2025-02-23 00:00:00,2025-02-27 00:00:00
2027,2216,2025-02-21 00:00:00,2025-02-25 00:00:00,2025-02-28 00:00:00
2028,2217,2025-02-22 00:00:00,2025-02-23 00:00:00,2025-02-26 00:00:00
2029,2218,2025-02-21 00:00:00,2025-02-19 00:00:00,2025-02-22 00:00:00
2030,2220,2025-02-20 00:00:00,2025-02-20 00:00:00,2025-02-23 00:00:00
2031,2221,2025-02-21 00:00:00,2025-02-25 00:00:00,2025-02-27 00:00:00
2032,2222,2025-02-21 00:00:00,2025-02-21 00:00:00,2025-02-22 00:00:00
2033,2223,2025-02-20 00:00:00,,
2034,2224,2025-02-20 00:00:00,2025-02-20 00:00:00,2025-02-22 00:00:00
2035,2225,2025-02-21 00:00:00,2025-02-21 00:00:00,2025-02-22 00:00:00
2036,2227,2025-02-22 00:00:00,2025-02-20 00:00:00,2025-02-24 00:00:00
2037,2228,2025-02-22 00:00:00,2025-02-20 00:00:00,2025-02-22 00:00:00
2038,2229,2025-02-21 00:00:00,2025-02-20 00:00:00,2025-02-21 00:00:00
2039,2230,2025-02-21 00:00:00,2025-02-25 00:00:00,2025-02-26 00:00:00
2040,2231,2025-02-21 00:00:00,2025-02-23 00:00:00,2025-02-27 00:00:00
2041,2232,2025-02-20 00:00:00,2025-02-23 00:00:00,2025-02-25 00:00:00
2042,2233,2025-02-22 00:00:00,2025-02-20 00:00:00,2025-02-24 00:00:00
2043,2234,2025-02-21 00:00:00,2025-02-20 00:00:00,2025-02-22 00:00:00
2044,2235,2025-02-20 00:00:00,2025-02-20 00:00:00,2025-02-21 00:00:00
2045,2236,2025-02-21 00:00:00,2025-02-21 00:00:00,2025-02-23 00:00:00
2046,2237,2025-02-21 00:00:00,2025-02-21 00:00:00,2025-02-22 00:00:00
2047,2238,2025-02-22 00:00:00,2025-02-21 00:00:00,2025-02-24 00:00:00
2048,2239,2025-02-21 00:00:00,,
2049,2240,2025-02-21 00:00:00,2025-02-19 00:00:00,2025-02-20 00:00:00
2050,2241,2025-02-21 00:00:00,2025-02-19 00:00:00,2025-02-22 00:00:00
2051,2242,2025-02-21 00:00:00,2025-02-20 00:00:00,2025-02-24 00:00:00
2052,2243,2025-02-21 00:00:00,2025-02-20 00:00:00,2025-02-22 00:00:00
2053,2244,2025-02-21 00:00:00,2025-02-19 00:00:00,2025-02-23 00:00:00
2054,2245,2025-02-21 00:00:00,2025-02-19 00:00:00,2025-02-20 00:00:00
2055,2246,2025-02-21 00:00:00,2025-02-21 00:00:00,2025-02-25 00:00:00
2056,2247,2025-02-21 00:00:00,2025-02-20 00:00:00,2025-02-22 00:00:00
2057,2248,2025-02-21 00:00:00,2025-02-24 00:00:00,2025-02-25 00:00:00
2058,2249,2025-02-22 00:00:00,2025-02-22 00:00:00,2025-02-24 00:00:00
2059,2250,2025-02-23 00:00:00,2025-02-21 00:00:00,2025-02-24 00:00:00
2060,2251,2025-02-23 00:00:00,2025-02-21 00:00:00,2025-02-23 00:00:00
2061,2252,2025-02-23 00:00:00,2025-02-22 00:00:00,2025-02-26 00:00:00
2062,2253,2025-02-22 00:00:00,2025-02-20 00:00:00,2025-02-22 00:00:00
2063,2254,2025-02-21 00:00:00,2025-02-20 00:00:00,2025-02-22 00:00:00
2064,2255,2025-02-23 00:00:00,2025-02-22 00:00:00,2025-02-24 00:00:00
2065,2256,2025-02-22 00:00:00,2025-02-24 00:00:00,2025-02-26 00:00:00
2066,2257,2025-02-22 00:00:00,2025-02-21 00:00:00,2025-02-24 00:00:00
2067,2258,2025-02-23 00:00:00,2025-02-20 00:00:00,2025-02-23 00:00:00
2068,2259,2025-02-22 00:00:00,2025-02-21 00:00:00,2025-02-23 00:00:00
2069,2261,2025-02-22 00:00:00,2025-02-20 00:00:00,2025-02-23 00:00:00
2070,2262,2025-02-23 00:00:00,2025-02-21 00:00:00,2025-02-23 00:00:00
2071,2263,2025-02-21 00:00:00,2025-02-20 00:00:00,2025-02-24 00:00:00
2072,2264,2025-02-22 00:00:00,2025-02-21 00:00:00,2025-02-25 00:00:00
2073,2266,2025-02-23 00:00:00,2025-02-22 00:00:00,2025-02-23 00:00:00
2074,2267,2025-02-23 00:00:00,2025-02-21 00:00:00,2025-02-24 00:00:00
2075,2268,2025-02-21 00:00:00,,
2076,2269,2025-02-21 00:00:00,2025-02-22 00:00:00,2025-02-23 00:00:00
2077,2270,2025-02-23 00:00:00,2025-02-24 00:00:00,2025-02-26 00:00:00
2078,2271,2025-02-23 00:00:00,2025-02-22 00:00:00,2025-02-25 00:00:00
2079,2273,2025-02-22 00:00:00,2025-02-21 00:00:00,2025-02-24 00:00:00
2080,2274,2025-02-21 00:00:00,2025-02-22 00:00:00,2025-02-24 00:00:00
2081,2275,2025-02-21 00:00:00,2025-02-22 00:00:00,2025-02-25 00:00:00
2082,2276,2025-02-23 00:00:00,2025-02-20 00:00:00,2025-02-24 00:00:00
2083,2277,2025-02-22 00:00:00,2025-02-22 00:00:00,2025-02-24 00:00:00
2084,2278,2025-02-22 00:00:00,2025-02-21 00:00:00,2025-02-22 00:00:00
2085,2279,2025-02-22 00:00:00,2025-02-22 00:00:00,2025-02-25 00:00:00
2086,2281,2025-02-21 00:00:00,2025-02-21 00:00:00,2025-02-24 00:00:00
2087,2282,2025-02-22 00:00:00,2025-02-26 00:00:00,2025-03-01 00:00:00
2088,2283,2025-02-22 00:00:00,2025-02-20 00:00:00,2025-02-22 00:00:00
2089,2284,2025-02-22 00:00:00,2025-02-22 00:00:00,2025-02-24 00:00:00
2090,2285,2025-02-22 00:00:00,2025-02-24 00:00:00,2025-02-26 00:00:00
2091,2286,2025-02-22 00:00:00,2025-02-22 00:00:00,2025-02-23 00:00:00
2092,2287,2025-02-23 00:00:00,2025-02-23 00:00:00,2025-02-24 00:00:00
2093,2288,2025-02-24 00:00:00,2025-02-22 00:00:00,2025-02-23 00:00:00
2094,2290,2025-02-24 00:00:00,2025-02-21 00:00:00,2025-02-24 00:00:00
2095,2291,2025-02-24 00:00:00,2025-02-25 00:00:00,2025-02-27 00:00:00
2096,2292,2025-02-22 00:00:00,2025-02-21 00:00:00,2025-02-22 00:00:00
2097,2293,2025-02-23 00:00:00,2025-02-23 00:00:00,2025-02-26 00:00:00
2098,2294,2025-02-22 00:00:00,2025-02-22 00:00:00,2025-02-25 00:00:00
2099,2295,2025-02-23 00:00:00,2025-02-25 00:00:00,2025-03-01 00:00:00
2100,2296,2025-02-23 00:00:00,2025-02-23 00:00:00,2025-02-25 00:00:00
2101,2297,2025-02-23 00:00:00,2025-02-22 00:00:00,2025-02-23 00:00:00
2102,2298,2025-02-23 00:00:00,2025-02-23 00:00:00,2025-02-27 00:00:00
2103,2299,2025-02-24 00:00:00,,
2104,2300,2025-02-23 00:00:00,2025-02-25 00:00:00,2025-03-01 00:00:00
2105,2303,2025-02-23 00:00:00,2025-02-22 00:00:00,2025-02-26 00:00:00
2106,2304,2025-02-23 00:00:00,2025-02-23 00:00:00,2025-02-25 00:00:00
2107,2305,2025-02-22 00:00:00,2025-02-22 00:00:00,2025-02-23 00:00:00
2108,2306,2025-02-23 00:00:00,2025-02-23 00:00:00,2025-02-27 00:00:00
2109,2307,2025-02-22 00:00:00,2025-02-23 00:00:00,2025-02-25 00:00:00
2110,2308,2025-02-23 00:00:00,2025-02-21 00:00:00,2025-02-24 00:00:00
2111,2309,2025-02-24 00:00:00,2025-02-22 00:00:00,2025-02-23 00:00:00
2112,2310,2025-02-23 00:00:00,2025-02-21 00:00:00,2025-02-23 00:00:00
2113,2311,2025-02-22 00:00:00,2025-02-22 00:00:00,2025-02-24 00:00:00
2114,2312,2025-02-22 00:00:00,2025-02-25 00:00:00,2025-02-28 00:00:00
2115,2313,2025-02-24 00:00:00,2025-02-22 00:00:00,2025-02-25 00:00:00
2116,2314,2025-02-23 00:00:00,,
2117,2315,2025-02-23 00:00:00,2025-02-25 00:00:00,2025-02-27 00:00:00
2118,2316,2025-02-24 00:00:00,2025-02-22 00:00:00,2025-02-23 00:00:00
2119,2317,2025-02-24 00:00:00,2025-02-22 00:00:00,2025-02-24 00:00:00
2120,2318,2025-02-23 00:00:00,2025-02-22 00:00:00,2025-02-26 00:00:00
2121,2319,2025-02-25 00:00:00,2025-02-22 00:00:00,2025-02-24 00:00:00
2122,2320,2025-02-24 00:00:00,2025-02-26 00:00:00,2025-03-01 00:00:00
2123,2321,2025-02-24 00:00:00,2025-02-26 00:00:00,2025-02-27 00:00:00
2124,2322,2025-02-23 00:00:00,2025-02-23 00:00:00,2025-02-27 00:00:00
2125,2323,2025-02-25 00:00:00,2025-02-23 00:00:00,2025-02-24 00:00:00
2126,2324,2025-02-23 00:00:00,2025-02-23 00:00:00,2025-02-24 00:00:00
2127,2325,2025-02-23 00:00:00,2025-02-24 00:00:00,2025-02-26 00:00:00
2128,2326,2025-02-23 00:00:00,2025-02-22 00:00:00,2025-02-23 00:00:00
2129,2327,2025-02-24 00:00:00,2025-02-26 00:00:00,2025-02-27 00:00:00
2130,2328,2025-02-24 00:00:00,2025-02-22 00:00:00,2025-02-25 00:00:00
2131,2329,2025-02-25 00:00:00,2025-02-23 00:00:00,2025-02-26 00:00:00
2132,2330,2025-02-24 00:00:00,2025-02-23 00:00:00,2025-02-26 00:00:00
2133,2331,2025-02-24 00:00:00,2025-02-23 00:00:00,2025-02-25 00:00:00
2134,2332,2025-02-23 00:00:00,2025-02-23 00:00:00,2025-02-26 00:00:00
2135,2333,2025-02-25 00:00:00,2025-02-24 00:00:00,2025-02-28 00:00:00
2136,2334,2025-02-23 00:00:00,2025-02-23 00:00:00,2025-02-27 00:00:00
2137,2335,2025-02-25 00:00:00,,
2138,2337,2025-02-23 00:00:00,2025-02-23 00:00:00,2025-02-26 00:00:00
2139,2338,2025-02-25 00:00:00,2025-02-23 00:00:00,2025-02-25 00:00:00
2140,2339,2025-02-24 00:00:00,2025-02-23 00:00:00,2025-02-24 00:00:00
2141,2340,2025-02-23 00:00:00,2025-02-23 00:00:00,2025-02-27 00:00:00
2142,2341,2025-02-24 00:00:00,2025-02-24 00:00:00,2025-02-26 00:00:00
2143,2342,2025-02-24 00:00:00,2025-02-24 00:00:00,2025-02-25 00:00:00
2144,2343,2025-02-25 00:00:00,2025-02-23 00:00:00,2025-02-24 00:00:00
2145,2344,2025-02-23 00:00:00,2025-02-26 00:00:00,2025-02-27 00:00:00
2146,2345,2025-02-23 00:00:00,2025-02-23 00:00:00,2025-02-24 00:00:00
2147,2346,2025-02-24 00:00:00,2025-02-26 00:00:00,2025-03-01 00:00:00
2148,2347,2025-02-24 00:00:00,2025-02-23 00:00:00,2025-02-24 00:00:00
2149,2348,2025-02-24 00:00:00,2025-02-24 00:00:00,2025-02-28 00:00:00
2150,2349,2025-02-25 00:00:00,2025-02-23 00:00:00,2025-02-24 00:00:00
2151,2350,2025-02-25 00:00:00,2025-02-23 00:00:00,2025-02-25 00:00:00
2152,2351,2025-02-24 00:00:00,2025-02-24 00:00:00,2025-02-26 00:00:00
2153,2352,2025-02-23 00:00:00,2025-02-26 00:00:00,2025-02-28 00:00:00
2154,2353,2025-02-23 00:00:00,2025-02-24 00:00:00,2025-02-25 00:00:00
2155,2354,2025-02-25 00:00:00,2025-02-24 00:00:00,2025-02-26 00:00:00
2156,2355,2025-02-24 00:00:00,2025-02-28 00:00:00,2025-03-02 00:00:00
2157,2356,2025-02-24 00:00:00,2025-02-23 00:00:00,2025-02-24 00:00:00
2158,2357,2025-02-23 00:00:00,2025-02-23 00:00:00,2025-02-24 00:00:00
2159,2358,2025-02-25 00:00:00,2025-02-27 00:00:00,2025-03-02 00:00:00
2160,2359,2025-02-25 00:00:00,2025-02-25 00:00:00,2025-02-28 00:00:00
2161,2360,2025-02-25 00:00:00,2025-02-23 00:00:00,2025-02-24 00:00:00
2162,2361,2025-02-25 00:00:00,2025-02-24 00:00:00,2025-02-26 00:00:00
2163,2362,2025-02-26 00:00:00,2025-02-24 00:00:00,2025-02-26 00:00:00
2164,2363,2025-02-26 00:00:00,2025-02-27 00:00:00,2025-03-03 00:00:00
2165,2364,2025-02-26 00:00:00,2025-02-23 00:00:00,2025-02-27 00:00:00
2166,2366,2025-02-25 00:00:00,2025-02-27 00:00:00,2025-02-28 00:00:00
2167,2367,2025-02-24 00:00:00,2025-02-23 00:00:00,2025-02-26 00:00:00
2168,2368,2025-02-24 00:00:00,2025-02-27 00:00:00,2025-03-02 00:00:00
2169,2370,2025-02-25 00:00:00,2025-02-23 00:00:00,2025-02-24 00:00:00
2170,2371,2025-02-25 00:00:00,2025-02-24 00:00:00,2025-02-26 00:00:00
2171,2372,2025-02-25 00:00:00,,
2172,2373,2025-02-25 00:00:00,2025-02-25 00:00:00,2025-02-28 00:00:00
2173,2374,2025-02-26 00:00:00,2025-02-25 00:00:00,2025-03-01 00:00:00
2174,2375,2025-02-24 00:00:00,2025-02-24 00:00:00,2025-02-25 00:00:00
2175,2376,2025-02-25 00:00:00,2025-02-23 00:00:00,2025-02-26 00:00:00
2176,2377,2025-02-25 00:00:00,2025-02-24 00:00:00,2025-02-26 00:00:00
2177,2378,2025-02-26 00:00:00,2025-02-25 00:00:00,2025-03-01 00:00:00
2178,2379,2025-02-25 00:00:00,2025-02-25 00:00:00,2025-02-26 00:00:00
2179,2380,2025-02-26 00:00:00,2025-02-25 00:00:00,2025-03-01 00:00:00
2180,2381,2025-02-25 00:00:00,2025-02-24 00:00:00,2025-02-25 00:00:00
2181,2382,2025-02-25 00:00:00,2025-02-27 00:00:00,2025-02-28 00:00:00
2182,2383,2025-02-24 00:00:00,2025-02-27 00:00:00,2025-02-28 00:00:00
2183,2384,2025-02-25 00:00:00,2025-03-01 00:00:00,2025-03-03 00:00:00
2184,2385,2025-02-25 00:00:00,2025-02-24 00:00:00,2025-02-28 00:00:00
2185,2386,2025-02-25 00:00:00,2025-02-25 00:00:00,2025-02-27 00:00:00
2186,2387,2025-02-25 00:00:00,2025-02-24 00:00:00,2025-02-28 00:00:00
2187,2388,2025-02-25 00:00:00,2025-02-24 00:00:00,2025-02-27 00:00:00
2188,2389,2025-02-24 00:00:00,,
2189,2390,2025-02-25 00:00:00,2025-02-24 00:00:00,2025-02-27 00:00:00
2190,2391,2025-02-25 00:00:00,2025-02-25 00:00:00,2025-03-01 00:00:00
2191,2392,2025-02-26 00:00:00,2025-02-24 00:00:00,2025-02-28 00:00:00
2192,2393,2025-02-26 00:00:00,2025-02-26 00:00:00,2025-02-27 00:00:00
2193,2394,2025-02-26 00:00:00,2025-03-02 00:00:00,2025-03-05 00:00:00
2194,2395,2025-02-25 00:00:00,2025-02-26 00:00:00,2025-03-02 00:00:00
2195,2396,2025-02-26 00:00:00,2025-02-25 00:00:00,2025-02-26 00:00:00
2196,2397,2025-02-27 00:00:00,2025-02-24 00:00:00,2025-02-27 00:00:00
2197,2398,2025-02-26 00:00:00,2025-03-02 00:00:00,2025-03-04 00:00:00
2198,2399,2025-02-25 00:00:00,2025-02-26 00:00:00,2025-03-01 00:00:00
2199,2400,2025-02-27 00:00:00,2025-02-26 00:00:00,2025-02-28 00:00:00
2200,2401,2025-02-26 00:00:00,2025-02-26 00:00:00,2025-02-28 00:00:00
2201,2402,2025-02-25 00:00:00,2025-02-25 00:00:00,2025-02-28 00:00:00
2202,2403,2025-02-26 00:00:00,2025-02-26 00:00:00,2025-02-28 00:00:00
2203,2404,2025-02-27 00:00:00,2025-02-25 00:00:00,2025-02-28 00:00:00
2204,2405,2025-02-26 00:00:00,2025-02-26 00:00:00,2025-03-01 00:00:00
2205,2406,2025-02-26 00:00:00,2025-02-25 00:00:00,2025-02-26 00:00:00
2206,2407,2025-02-25 00:00:00,2025-02-24 00:00:00,2025-02-27 00:00:00
2207,2408,2025-02-25 00:00:00,2025-02-25 00:00:00,2025-02-26 00:00:00
2208,2409,2025-02-26 00:00:00,2025-02-26 00:00:00,2025-03-01 00:00:00
2209,2410,2025-02-26 00:00:00,2025-02-25 00:00:00,2025-02-26 00:00:00
2210,2411,2025-02-27 00:00:00,,
2211,2412,2025-02-25 00:00:00,2025-02-25 00:00:00,2025-02-28 00:00:00
2212,2414,2025-02-25 00:00:00,2025-02-26 00:00:00,2025-02-27 00:00:00
2213,2415,2025-02-25 00:00:00,2025-02-25 00:00:00,2025-03-01 00:00:00
2214,2416,2025-02-27 00:00:00,2025-02-25 00:00:00,2025-02-27 00:00:00
2215,2417,2025-02-26 00:00:00,2025-02-28 00:00:00,2025-03-01 00:00:00
2216,2418,2025-02-26 00:00:00,2025-02-25 00:00:00,2025-03-01 00:00:00
2217,2419,2025-02-26 00:00:00,2025-02-26 00:00:00,2025-03-01 00:00:00
2218,2420,2025-02-26 00:00:00,2025-02-25 00:00:00,2025-02-27 00:00:00
2219,2421,2025-02-25 00:00:00,2025-02-25 00:00:00,2025-03-01 00:00:00
2220,2422,2025-02-26 00:00:00,2025-02-24 00:00:00,2025-02-26 00:00:00
2221,2423,2025-02-26 00:00:00,2025-02-25 00:00:00,2025-03-01 00:00:00
2222,2424,2025-02-27 00:00:00,2025-02-25 00:00:00,2025-03-01 00:00:00
2223,2425,2025-02-25 00:00:00,2025-02-25 00:00:00,2025-02-27 00:00:00
2224,2426,2025-02-26 00:00:00,2025-02-28 00:00:00,2025-03-03 00:00:00
2225,2427,2025-02-26 00:00:00,2025-02-26 00:00:00,2025-03-01 00:00:00
2226,2428,2025-02-26 00:00:00,2025-02-26 00:00:00,2025-02-27 00:00:00
2227,2429,2025-02-26 00:00:00,2025-02-26 00:00:00,2025-03-01 00:00:00
2228,2430,2025-02-25 00:00:00,2025-02-25 00:00:00,2025-02-26 00:00:00
2229,2431,2025-02-27 00:00:00,2025-02-25 00:00:00,2025-02-27 00:00:00
2230,2432,2025-02-26 00:00:00,2025-02-25 00:00:00,2025-02-28 00:00:00
2231,2433,2025-02-26 00:00:00,2025-02-24 00:00:00,2025-02-28 00:00:00
2232,2434,2025-02-27 00:00:00,2025-02-26 00:00:00,2025-02-28 00:00:00
2233,2436,2025-02-26 00:00:00,2025-02-26 00:00:00,2025-03-02 00:00:00
2234,2437,2025-02-27 00:00:00,2025-03-02 00:00:00,2025-03-04 00:00:00
2235,2438,2025-02-27 00:00:00,2025-02-24 00:00:00,2025-02-28 00:00:00
2236,2439,2025-02-26 00:00:00,2025-02-24 00:00:00,2025-02-28 00:00:00
2237,2440,2025-02-26 00:00:00,2025-02-25 00:00:00,2025-02-26 00:00:00
2238,2441,2025-02-28 00:00:00,2025-02-25 00:00:00,2025-02-27 00:00:00
2239,2442,2025-02-27 00:00:00,2025-02-27 00:00:00,2025-02-28 00:00:00
2240,2443,2025-02-27 00:00:00,2025-03-01 00:00:00,2025-03-05 00:00:00
2241,2444,2025-02-27 00:00:00,2025-02-26 00:00:00,2025-03-01 00:00:00
2242,2445,2025-02-27 00:00:00,2025-03-01 00:00:00,2025-03-02 00:00:00
2243,2446,2025-02-28 00:00:00,2025-02-25 00:00:00,2025-02-28 00:00:00
2244,2447,2025-02-26 00:00:00,2025-03-01 00:00:00,2025-03-02 00:00:00
2245,2448,2025-02-27 00:00:00,2025-02-25 00:00:00,2025-02-26 00:00:00
2246,2449,2025-02-26 00:00:00,2025-03-03 00:00:00,2025-03-06 00:00:00
2247,2451,2025-02-28 00:00:00,2025-03-03 00:00:00,2025-03-04 00:00:00
2248,2452,2025-02-26 00:00:00,2025-03-01 00:00:00,2025-03-02 00:00:00
2249,2453,2025-02-28 00:00:00,2025-02-26 00:00:00,2025-03-01 00:00:00
2250,2454,2025-02-27 00:00:00,2025-02-26 00:00:00,2025-03-01 00:00:00
2251,2455,2025-02-26 00:00:00,2025-02-26 00:00:00,2025-02-27 00:00:00
2252,2456,2025-02-27 00:00:00,2025-02-27 00:00:00,2025-02-28 00:00:00
2253,2457,2025-02-27 00:00:00,2025-02-26 00:00:00,2025-03-01 00:00:00
2254,2459,2025-02-27 00:00:00,2025-02-25 00:00:00,2025-02-28 00:00:00
2255,2460,2025-02-27 00:00:00,2025-02-26 00:00:00,2025-02-27 00:00:00
2256,2461,2025-02-27 00:00:00,2025-02-26 00:00:00,2025-03-01 00:00:00
2257,2462,2025-02-27 00:00:00,2025-02-26 00:00:00,2025-03-02 00:00:00
2258,2463,2025-02-28 00:00:00,2025-02-25 00:00:00,2025-02-27 00:00:00
2259,2464,2025-02-27 00:00:00,2025-02-27 00:00:00,2025-03-01 00:00:00
2260,2465,2025-02-27 00:00:00,2025-02-27 00:00:00,2025-02-28 00:00:00
2261,2466,2025-02-28 00:00:00,2025-02-27 00:00:00,2025-02-28 00:00:00
2262,2467,2025-02-26 00:00:00,2025-02-25 00:00:00,2025-02-27 00:00:00
2263,2468,2025-02-26 00:00:00,2025-02-26 00:00:00,2025-02-28 00:00:00
2264,2469,2025-02-26 00:00:00,2025-02-26 00:00:00,2025-02-28 00:00:00
2265,2470,2025-02-27 00:00:00,2025-02-27 00:00:00,2025-03-02 00:00:00
2266,2471,2025-02-27 00:00:00,2025-03-01 00:00:00,2025-03-05 00:00:00
2267,2472,2025-02-27 00:00:00,2025-02-27 00:00:00,2025-03-03 00:00:00
2268,2473,2025-02-26 00:00:00,2025-03-03 00:00:00,2025-03-04 00:00:00
2269,2474,2025-02-27 00:00:00,2025-02-27 00:00:00,2025-02-28 00:00:00
2270,2475,2025-02-26 00:00:00,2025-02-27 00:00:00,2025-03-01 00:00:00
2271,2476,2025-02-26 00:00:00,2025-03-01 00:00:00,2025-03-04 00:00:00
2272,2477,2025-02-27 00:00:00,2025-03-03 00:00:00,2025-03-05 00:00:00
2273,2478,2025-02-26 00:00:00,2025-02-25 00:00:00,2025-02-26 00:00:00
2274,2479,2025-02-27 00:00:00,2025-02-26 00:00:00,2025-03-02 00:00:00
2275,2480,2025-02-27 00:00:00,2025-02-25 00:00:00,2025-03-01 00:00:00
2276,2482,2025-02-27 00:00:00,,
2277,2483,2025-02-27 00:00:00,2025-02-26 00:00:00,2025-03-02 00:00:00
2278,2484,2025-02-27 00:00:00,2025-02-25 00:00:00,2025-03-01 00:00:00
2279,2485,2025-02-26 00:00:00,2025-02-26 00:00:00,2025-03-01 00:00:00
2280,2486,2025-02-27 00:00:00,2025-02-27 00:00:00,2025-03-03 00:00:00
2281,2487,2025-02-28 00:00:00,2025-02-27 00:00:00,2025-03-03 00:00:00
2282,2488,2025-02-27 00:00:00,2025-03-03 00:00:00,2025-03-07 00:00:00
2283,2489,2025-02-27 00:00:00,2025-02-27 00:00:00,2025-03-03 00:00:00
2284,2490,2025-02-27 00:00:00,2025-02-26 00:00:00,2025-02-28 00:00:00
2285,2491,2025-02-27 00:00:00,2025-03-02 00:00:00,2025-03-04 00:00:00
2286,2492,2025-02-28 00:00:00,2025-02-27 00:00:00,2025-03-03 00:00:00
2287,2493,2025-02-27 00:00:00,2025-02-27 00:00:00,2025-03-01 00:00:00
2288,2494,2025-03-01 00:00:00,2025-02-28 00:00:00,2025-03-02 00:00:00
2289,2495,2025-02-28 00:00:00,2025-02-26 00:00:00,2025-03-02 00:00:00
2290,2496,2025-03-01 00:00:00,2025-02-28 00:00:00,2025-03-01 00:00:00
2291,2497,2025-02-28 00:00:00,2025-03-02 00:00:00,2025-03-04 00:00:00
2292,2498,2025-02-27 00:00:00,2025-02-28 00:00:00,2025-03-01 00:00:00
2293,2499,2025-02-28 00:00:00,2025-02-28 00:00:00,2025-03-01 00:00:00
2294,2500,2025-02-27 00:00:00,2025-02-26 00:00:00,2025-02-27 00:00:00
2295,2501,2025-02-28 00:00:00,2025-02-27 00:00:00,2025-03-03 00:00:00
2296,2502,2025-03-01 00:00:00,2025-02-28 00:00:00,2025-03-03 00:00:00
2297,2503,2025-03-01 00:00:00,2025-02-27 00:00:00,2025-03-02 00:00:00
2298,2504,2025-02-27 00:00:00,2025-02-28 00:00:00,2025-03-01 00:00:00
2299,2505,2025-02-28 00:00:00,2025-02-27 00:00:00,2025-03-01 00:00:00
2300,2506,2025-02-28 00:00:00,2025-02-26 00:00:00,2025-02-27 00:00:00
2301,2507,2025-02-28 00:00:00,2025-02-26 00:00:00,2025-03-01 00:00:00
2302,2508,2025-03-01 00:00:00,2025-02-26 00:00:00,2025-03-02 00:00:00
2303,2509,2025-02-28 00:00:00,2025-02-28 00:00:00,2025-03-01 00:00:00
2304,2510,2025-03-01 00:00:00,2025-02-27 00:00:00,2025-03-03 00:00:00
2305,2511,2025-02-28 00:00:00,2025-02-27 00:00:00,2025-03-02 00:00:00
2306,2513,2025-02-27 00:00:00,2025-02-27 00:00:00,2025-03-02 00:00:00
2307,2514,2025-02-28 00:00:00,2025-02-27 00:00:00,2025-03-02 00:00:00
2308,2515,2025-03-01 00:00:00,2025-02-27 00:00:00,2025-03-01 00:00:00
2309,2516,2025-02-28 00:00:00,2025-02-27 00:00:00,2025-03-02 00:00:00
2310,2517,2025-02-27 00:00:00,2025-02-28 00:00:00,2025-03-01 00:00:00
2311,2518,2025-02-28 00:00:00,2025-02-27 00:00:00,2025-03-02 00:00:00
2312,2519,2025-02-28 00:00:00,2025-02-28 00:00:00,2025-03-03 00:00:00
2313,2520,2025-02-27 00:00:00,2025-02-28 00:00:00,2025-03-02 00:00:00
2314,2522,2025-03-01 00:00:00,2025-02-27 00:00:00,2025-03-02 00:00:00
2315,2523,2025-02-27 00:00:00,,
2316,2524,2025-02-28 00:00:00,2025-02-27 00:00:00,2025-03-03 00:00:00
2317,2525,2025-03-01 00:00:00,2025-02-28 00:00:00,2025-03-03 00:00:00
2318,2526,2025-02-27 00:00:00,2025-02-27 00:00:00,2025-02-28 00:00:00
2319,2527,2025-03-01 00:00:00,2025-03-01 00:00:00,2025-03-03 00:00:00
2320,2528,2025-03-01 00:00:00,2025-02-28 00:00:00,2025-03-04 00:00:00
2321,2529,2025-03-01 00:00:00,2025-02-27 00:00:00,2025-02-28 00:00:00
2322,2530,2025-03-01 00:00:00,2025-02-28 00:00:00,2025-03-02 00:00:00
2323,2531,2025-02-28 00:00:00,2025-03-05 00:00:00,2025-03-06 00:00:00
2324,2532,2025-02-28 00:00:00,2025-02-28 00:00:00,2025-03-01 00:00:00
2325,2533,2025-03-01 00:00:00,2025-02-28 00:00:00,2025-03-01 00:00:00
2326,2534,2025-02-28 00:00:00,2025-03-01 00:00:00,2025-03-02 00:00:00
2327,2536,2025-03-01 00:00:00,2025-03-03 00:00:00,2025-03-05 00:00:00
2328,2537,2025-03-01 00:00:00,2025-03-03 00:00:00,2025-03-07 00:00:00
2329,2538,2025-03-02 00:00:00,2025-02-28 00:00:00,2025-03-04 00:00:00
2330,2539,2025-03-01 00:00:00,2025-02-28 00:00:00,2025-03-04 00:00:00
2331,2540,2025-03-01 00:00:00,2025-03-01 00:00:00,2025-03-03 00:00:00
2332,2541,2025-03-01 00:00:00,2025-03-01 00:00:00,2025-03-03 00:00:00
2333,2542,2025-03-01 00:00:00,2025-02-28 00:00:00,2025-03-03 00:00:00
2334,2543,2025-03-01 00:00:00,2025-03-01 00:00:00,2025-03-04 00:00:00
2335,2544,2025-03-01 00:00:00,2025-03-03 00:00:00,2025-03-07 00:00:00
2336,2545,2025-03-02 00:00:00,2025-03-01 00:00:00,2025-03-02 00:00:00
2337,2546,2025-03-01 00:00:00,2025-03-01 00:00:00,2025-03-03 00:00:00
2338,2547,2025-03-02 00:00:00,2025-02-27 00:00:00,2025-03-02 00:00:00
2339,2548,2025-03-01 00:00:00,2025-02-27 00:00:00,2025-03-03 00:00:00
2340,2550,2025-03-01 00:00:00,2025-03-01 00:00:00,2025-03-03 00:00:00
2341,2551,2025-03-01 00:00:00,2025-02-28 00:00:00,2025-03-02 00:00:00
2342,2552,2025-03-01 00:00:00,2025-02-28 00:00:00,2025-03-01 00:00:00
2343,2553,2025-03-02 00:00:00,2025-03-03 00:00:00,2025-03-07 00:00:00
2344,2554,2025-03-01 00:00:00,2025-02-28 00:00:00,2025-03-01 00:00:00
2345,2556,2025-02-28 00:00:00,2025-02-28 00:00:00,2025-03-02 00:00:00
2346,2557,2025-03-02 00:00:00,2025-03-01 00:00:00,2025-03-03 00:00:00
2347,2558,2025-03-02 00:00:00,2025-03-01 00:00:00,2025-03-04 00:00:00
2348,2559,2025-03-01 00:00:00,2025-02-28 00:00:00,2025-03-01 00:00:00
2349,2560,2025-03-01 00:00:00,2025-02-28 00:00:00,2025-03-02 00:00:00
2350,2561,2025-03-01 00:00:00,2025-03-01 00:00:00,2025-03-05 00:00:00
2351,2562,2025-03-02 00:00:00,2025-03-01 00:00:00,2025-03-04 00:00:00
2352,2563,2025-03-01 00:00:00,2025-03-03 00:00:00,2025-03-05 00:00:00
2353,2564,2025-03-02 00:00:00,2025-02-27 00:00:00,2025-03-03 00:00:00
2354,2565,2025-03-02 00:00:00,2025-03-03 00:00:00,2025-03-06 00:00:00
2355,2566,2025-03-01 00:00:00,2025-02-28 00:00:00,2025-03-03 00:00:00
2356,2567,2025-02-28 00:00:00,2025-02-28 00:00:00,2025-03-04 00:00:00
2357,2568,2025-03-01 00:00:00,2025-02-27 00:00:00,2025-03-01 00:00:00
2358,2569,2025-03-01 00:00:00,2025-03-04 00:00:00,2025-03-07 00:00:00
2359,2570,2025-03-02 00:00:00,2025-03-02 00:00:00,2025-03-04 00:00:00
2360,2572,2025-03-02 00:00:00,2025-03-02 00:00:00,2025-03-03 00:00:00
2361,2573,2025-03-02 00:00:00,,
2362,2574,2025-03-02 00:00:00,2025-03-01 00:00:00,2025-03-05 00:00:00
2363,2575,2025-03-02 00:00:00,2025-03-01 00:00:00,2025-03-04 00:00:00
2364,2576,2025-03-02 00:00:00,2025-03-02 00:00:00,2025-03-03 00:00:00
2365,2577,2025-03-02 00:00:00,2025-03-01 00:00:00,2025-03-03 00:00:00
2366,2578,2025-03-01 00:00:00,,
2367,2579,2025-03-02 00:00:00,2025-03-02 00:00:00,2025-03-03 00:00:00
2368,2580,2025-03-02 00:00:00,2025-02-28 00:00:00,2025-03-01 00:00:00
2369,2581,2025-03-03 00:00:00,2025-03-01 00:00:00,2025-03-03 00:00:00
2370,2582,2025-03-02 00:00:00,2025-03-01 00:00:00,2025-03-05 00:00:00
2371,2583,2025-03-02 00:00:00,2025-03-02 00:00:00,2025-03-04 00:00:00
2372,2584,2025-03-03 00:00:00,2025-03-01 00:00:00,2025-03-05 00:00:00
2373,2585,2025-03-02 00:00:00,2025-03-01 00:00:00,2025-03-05 00:00:00
2374,2586,2025-03-01 00:00:00,,
2375,2587,2025-03-01 00:00:00,2025-03-01 00:00:00,2025-03-05 00:00:00
2376,2588,2025-03-02 00:00:00,2025-03-01 00:00:00,2025-03-05 00:00:00
2377,2590,2025-03-02 00:00:00,2025-03-02 00:00:00,2025-03-06 00:00:00
2378,2591,2025-03-02 00:00:00,2025-03-01 00:00:00,2025-03-05 00:00:00
2379,2592,2025-03-01 00:00:00,2025-03-01 00:00:00,2025-03-05 00:00:00
2380,2593,2025-03-02 00:00:00,2025-03-01 00:00:00,2025-03-02 00:00:00
2381,2594,2025-03-01 00:00:00,2025-03-01 00:00:00,2025-03-04 00:00:00
2382,2595,2025-03-02 00:00:00,2025-03-01 00:00:00,2025-03-04 00:00:00
2383,2596,2025-03-03 00:00:00,2025-03-02 00:00:00,2025-03-04 00:00:00
2384,2597,2025-03-01 00:00:00,2025-03-02 00:00:00,2025-03-06 00:00:00
2385,2598,2025-03-02 00:00:00,2025-03-01 00:00:00,2025-03-02 00:00:00
2386,2599,2025-03-01 00:00:00,2025-03-02 00:00:00,2025-03-03 00:00:00
2387,2600,2025-03-02 00:00:00,2025-03-01 00:00:00,2025-03-02 00:00:00
2388,2601,2025-03-03 00:00:00,2025-03-02 00:00:00,2025-03-04 00:00:00
2389,2602,2025-03-02 00:00:00,2025-03-01 00:00:00,2025-03-05 00:00:00
2390,2603,2025-03-01 00:00:00,2025-03-02 00:00:00,2025-03-03 00:00:00
2391,2604,2025-03-02 00:00:00,,
2392,2605,2025-03-01 00:00:00,2025-03-01 00:00:00,2025-03-03 00:00:00
2393,2607,2025-03-04 00:00:00,2025-03-03 00:00:00,2025-03-06 00:00:00
2394,2608,2025-03-03 00:00:00,2025-03-02 00:00:00,2025-03-04 00:00:00
2395,2609,2025-03-03 00:00:00,2025-03-02 00:00:00,2025-03-04 00:00:00
2396,2610,2025-03-03 00:00:00,2025-03-01 00:00:00,2025-03-04 00:00:00
2397,2611,2025-03-03 00:00:00,,
2398,2612,2025-03-03 00:00:00,2025-03-03 00:00:00,2025-03-06 00:00:00
2399,2613,2025-03-04 00:00:00,2025-03-03 00:00:00,2025-03-06 00:00:00
2400,2614,2025-03-03 00:00:00,2025-03-05 00:00:00,2025-03-06 00:00:00
2401,2615,2025-03-04 00:00:00,2025-03-03 00:00:00,2025-03-04 00:00:00
2402,2616,2025-03-03 00:00:00,2025-03-03 00:00:00,2025-03-06 00:00:00
2403,2617,2025-03-04 00:00:00,2025-03-02 00:00:00,2025-03-04 00:00:00
2404,2618,2025-03-04 00:00:00,2025-03-01 00:00:00,2025-03-02 00:00:00
2405,2619,2025-03-03 00:00:00,2025-03-02 00:00:00,2025-03-05 00:00:00
2406,2620,2025-03-02 00:00:00,2025-03-03 00:00:00,2025-03-07 00:00:00
2407,2621,2025-03-03 00:00:00,2025-03-05 00:00:00,2025-03-08 00:00:00
2408,2622,2025-03-04 00:00:00,2025-03-02 00:00:00,2025-03-03 00:00:00
2409,2623,2025-03-04 00:00:00,2025-03-05 00:00:00,2025-03-09 00:00:00
2410,2624,2025-03-03 00:00:00,2025-03-03 00:00:00,2025-03-05 00:00:00
2411,2625,2025-03-03 00:00:00,2025-03-05 00:00:00,2025-03-07 00:00:00
2412,2626,2025-03-03 00:00:00,2025-03-02 00:00:00,2025-03-04 00:00:00
2413,2627,2025-03-04 00:00:00,2025-03-07 00:00:00,2025-03-08 00:00:00
2414,2628,2025-03-02 00:00:00,2025-03-05 00:00:00,2025-03-09 00:00:00
2415,2629,2025-03-03 00:00:00,2025-03-02 00:00:00,2025-03-05 00:00:00
2416,2630,2025-03-03 00:00:00,2025-03-02 00:00:00,2025-03-04 00:00:00
2417,2631,2025-03-02 00:00:00,2025-03-02 00:00:00,2025-03-04 00:00:00
2418,2632,2025-03-03 00:00:00,2025-03-05 00:00:00,2025-03-09 00:00:00
2419,2633,2025-03-03 00:00:00,2025-03-03 00:00:00,2025-03-07 00:00:00
2420,2634,2025-03-03 00:00:00,2025-03-02 00:00:00,2025-03-03 00:00:00
2421,2637,2025-03-03 00:00:00,2025-03-02 00:00:00,2025-03-06 00:00:00
2422,2638,2025-03-03 00:00:00,2025-03-07 00:00:00,2025-03-10 00:00:00
2423,2639,2025-03-03 00:00:00,2025-03-01 00:00:00,2025-03-05 00:00:00
2424,2640,2025-03-04 00:00:00,2025-03-02 00:00:00,2025-03-05 00:00:00
2425,2641,2025-03-03 00:00:00,2025-03-02 00:00:00,2025-03-03 00:00:00
2426,2642,2025-03-03 00:00:00,2025-03-05 00:00:00,2025-03-08 00:00:00
2427,2643,2025-03-04 00:00:00,2025-03-03 00:00:00,2025-03-07 00:00:00
2428,2644,2025-03-02 00:00:00,2025-03-02 00:00:00,2025-03-05 00:00:00
2429,2645,2025-03-03 00:00:00,2025-03-02 00:00:00,2025-03-06 00:00:00
2430,2646,2025-03-04 00:00:00,2025-03-02 00:00:00,2025-03-05 00:00:00
2431,2647,2025-03-02 00:00:00,2025-03-01 00:00:00,2025-03-05 00:00:00
2432,2648,2025-03-03 00:00:00,2025-03-05 00:00:00,2025-03-07 00:00:00
2433,2649,2025-03-04 00:00:00,2025-03-03 00:00:00,2025-03-04 00:00:00
2434,2650,2025-03-04 00:00:00,2025-03-04 00:00:00,2025-03-08 00:00:00
2435,2651,2025-03-04 00:00:00,2025-03-02 00:00:00,2025-03-06 00:00:00
2436,2652,2025-03-03 00:00:00,2025-03-06 00:00:00,2025-03-10 00:00:00
2437,2653,2025-03-04 00:00:00,2025-03-08 00:00:00,2025-03-11 00:00:00
2438,2654,2025-03-04 00:00:00,2025-03-03 00:00:00,2025-03-05 00:00:00
2439,2655,2025-03-04 00:00:00,2025-03-03 00:00:00,2025-03-05 00:00:00
2440,2656,2025-03-04 00:00:00,2025-03-02 00:00:00,2025-03-06 00:00:00
2441,2657,2025-03-04 00:00:00,2025-03-03 00:00:00,2025-03-07 00:00:00
2442,2658,2025-03-03 00:00:00,2025-03-06 00:00:00,2025-03-08 00:00:00
2443,2659,2025-03-04 00:00:00,2025-03-04 00:00:00,2025-03-06 00:00:00
2444,2660,2025-03-04 00:00:00,2025-03-08 00:00:00,2025-03-11 00:00:00
2445,2661,2025-03-05 00:00:00,2025-03-04 00:00:00,2025-03-07 00:00:00
2446,2662,2025-03-04 00:00:00,2025-03-03 00:00:00,2025-03-06 00:00:00
2447,2664,2025-03-04 00:00:00,2025-03-04 00:00:00,2025-03-08 00:00:00
2448,2665,2025-03-05 00:00:00,2025-03-04 00:00:00,2025-03-07 00:00:00
2449,2666,2025-03-03 00:00:00,2025-03-04 00:00:00,2025-03-07 00:00:00
2450,2667,2025-03-04 00:00:00,2025-03-04 00:00:00,2025-03-08 00:00:00
2451,2668,2025-03-04 00:00:00,2025-03-03 00:00:00,2025-03-06 00:00:00
2452,2669,2025-03-04 00:00:00,2025-03-03 00:00:00,2025-03-05 00:00:00
2453,2670,2025-03-04 00:00:00,2025-03-03 00:00:00,2025-03-06 00:00:00
2454,2671,2025-03-05 00:00:00,2025-03-06 00:00:00,2025-03-07 00:00:00
2455,2672,2025-03-03 00:00:00,,
2456,2673,2025-03-04 00:00:00,2025-03-03 00:00:00,2025-03-05 00:00:00
2457,2674,2025-03-05 00:00:00,2025-03-03 00:00:00,2025-03-05 00:00:00
2458,2675,2025-03-05 00:00:00,2025-03-03 00:00:00,2025-03-06 00:00:00
2459,2676,2025-03-03 00:00:00,2025-03-04 00:00:00,2025-03-06 00:00:00
2460,2678,2025-03-03 00:00:00,2025-03-03 00:00:00,2025-03-05 00:00:00
2461,2679,2025-03-04 00:00:00,2025-03-06 00:00:00,2025-03-10 00:00:00
2462,2680,2025-03-05 00:00:00,2025-03-03 00:00:00,2025-03-06 00:00:00
2463,2681,2025-03-04 00:00:00,2025-03-04 00:00:00,2025-03-07 00:00:00
2464,2682,2025-03-04 00:00:00,2025-03-03 00:00:00,2025-03-05 00:00:00
2465,2683,2025-03-05 00:00:00,2025-03-04 00:00:00,2025-03-05 00:00:00
2466,2684,2025-03-03 00:00:00,2025-03-03 00:00:00,2025-03-05 00:00:00
2467,2685,2025-03-05 00:00:00,2025-03-03 00:00:00,2025-03-04 00:00:00
2468,2686,2025-03-03 00:00:00,2025-03-03 00:00:00,2025-03-06 00:00:00
2469,2687,2025-03-05 00:00:00,2025-03-08 00:00:00,2025-03-10 00:00:00
2470,2689,2025-03-05 00:00:00,2025-03-05 00:00:00,2025-03-09 00:00:00
2471,2690,2025-03-04 00:00:00,2025-03-07 00:00:00,2025-03-10 00:00:00
2472,2691,2025-03-04 00:00:00,2025-03-05 00:00:00,2025-03-08 00:00:00
2473,2692,2025-03-05 00:00:00,2025-03-07 00:00:00,2025-03-11 00:00:00
2474,2693,2025-03-04 00:00:00,2025-03-04 00:00:00,2025-03-07 00:00:00
2475,2694,2025-03-05 00:00:00,2025-03-07 00:00:00,2025-03-10 00:00:00
2476,2695,2025-03-06 00:00:00,2025-03-03 00:00:00,2025-03-06 00:00:00
2477,2696,2025-03-06 00:00:00,2025-03-07 00:00:00,2025-03-08 00:00:00
2478,2697,2025-03-04 00:00:00,2025-03-04 00:00:00,2025-03-08 00:00:00
2479,2698,2025-03-04 00:00:00,2025-03-05 00:00:00,2025-03-09 00:00:00
2480,2699,2025-03-05 00:00:00,2025-03-05 00:00:00,2025-03-09 00:00:00
2481,2700,2025-03-05 00:00:00,2025-03-04 00:00:00,2025-03-08 00:00:00
2482,2701,2025-03-06 00:00:00,2025-03-04 00:00:00,2025-03-06 00:00:00
2483,2703,2025-03-05 00:00:00,2025-03-04 00:00:00,2025-03-06 00:00:00
2484,2704,2025-03-06 00:00:00,2025-03-05 00:00:00,2025-03-06 00:00:00
2485,2705,2025-03-05 00:00:00,2025-03-05 00:00:00,2025-03-08 00:00:00
2486,2706,2025-03-05 00:00:00,2025-03-05 00:00:00,2025-03-08 00:00:00
2487,2707,2025-03-06 00:00:00,2025-03-07 00:00:00,2025-03-09 00:00:00
2488,2708,2025-03-04 00:00:00,2025-03-03 00:00:00,2025-03-05 00:00:00
2489,2709,2025-03-04 00:00:00,2025-03-05 00:00:00,2025-03-06 00:00:00
2490,2710,2025-03-04 00:00:00,2025-03-04 00:00:00,2025-03-06 00:00:00
2491,2711,2025-03-06 00:00:00,2025-03-04 00:00:00,2025-03-05 00:00:00
2492,2712,2025-03-06 00:00:00,2025-03-04 00:00:00,2025-03-06 00:00:00
2493,2714,2025-03-04 00:00:00,2025-03-05 00:00:00,2025-03-07 00:00:00
2494,2715,2025-03-05 00:00:00,2025-03-05 00:00:00,2025-03-06 00:00:00
2495,2717,2025-03-05 00:00:00,2025-03-07 00:00:00,2025-03-09 00:00:00
2496,2718,2025-03-06 00:00:00,2025-03-07 00:00:00,2025-03-08 00:00:00
2497,2719,2025-03-05 00:00:00,2025-03-07 00:00:00,2025-03-08 00:00:00
2498,2720,2025-03-05 00:00:00,2025-03-05 00:00:00,2025-03-06 00:00:00
2499,2721,2025-03-05 00:00:00,2025-03-04 00:00:00,2025-03-06 00:00:00
2500,2722,2025-03-05 00:00:00,2025-03-03 00:00:00,2025-03-04 00:00:00
2501,2723,2025-03-05 00:00:00,2025-03-04 00:00:00,2025-03-08 00:00:00
2502,2724,2025-03-05 00:00:00,2025-03-04 00:00:00,2025-03-08 00:00:00
2503,2725,2025-03-05 00:00:00,2025-03-05 00:00:00,2025-03-06 00:00:00
2504,2726,2025-03-06 00:00:00,2025-03-07 00:00:00,2025-03-08 00:00:00
2505,2728,2025-03-06 00:00:00,2025-03-06 00:00:00,2025-03-07 00:00:00
2506,2729,2025-03-06 00:00:00,2025-03-05 00:00:00,2025-03-07 00:00:00
2507,2730,2025-03-06 00:00:00,2025-03-06 00:00:00,2025-03-09 00:00:00
2508,2731,2025-03-06 00:00:00,2025-03-05 00:00:00,2025-03-06 00:00:00
2509,2732,2025-03-06 00:00:00,2025-03-08 00:00:00,2025-03-12 00:00:00
2510,2733,2025-03-06 00:00:00,2025-03-04 00:00:00,2025-03-05 00:00:00
2511,2734,2025-03-06 00:00:00,2025-03-05 00:00:00,2025-03-08 00:00:00
2512,2735,2025-03-06 00:00:00,2025-03-05 00:00:00,2025-03-08 00:00:00
2513,2737,2025-03-06 00:00:00,2025-03-04 00:00:00,2025-03-07 00:00:00
2514,2738,2025-03-06 00:00:00,2025-03-05 00:00:00,2025-03-06 00:00:00
2515,2739,2025-03-05 00:00:00,2025-03-06 00:00:00,2025-03-09 00:00:00
2516,2740,2025-03-06 00:00:00,2025-03-04 00:00:00,2025-03-06 00:00:00
2517,2741,2025-03-07 00:00:00,,
2518,2743,2025-03-05 00:00:00,2025-03-08 00:00:00,2025-03-10 00:00:00
2519,2744,2025-03-05 00:00:00,2025-03-04 00:00:00,2025-03-05 00:00:00
2520,2745,2025-03-07 00:00:00,2025-03-06 00:00:00,2025-03-10 00:00:00
2521,2746,2025-03-06 00:00:00,2025-03-05 00:00:00,2025-03-07 00:00:00
2522,2747,2025-03-05 00:00:00,2025-03-04 00:00:00,2025-03-07 00:00:00
2523,2748,2025-03-06 00:00:00,2025-03-08 00:00:00,2025-03-09 00:00:00
2524,2749,2025-03-07 00:00:00,2025-03-05 00:00:00,2025-03-09 00:00:00
2525,2750,2025-03-06 00:00:00,2025-03-05 00:00:00,2025-03-07 00:00:00
2526,2751,2025-03-07 00:00:00,2025-03-08 00:00:00,2025-03-09 00:00:00
2527,2752,2025-03-06 00:00:00,2025-03-05 00:00:00,2025-03-09 00:00:00
2528,2753,2025-03-06 00:00:00,2025-03-08 00:00:00,2025-03-10 00:00:00
2529,2755,2025-03-05 00:00:00,2025-03-06 00:00:00,2025-03-08 00:00:00
2530,2756,2025-03-07 00:00:00,2025-03-10 00:00:00,2025-03-14 00:00:00
2531,2757,2025-03-05 00:00:00,2025-03-06 00:00:00,2025-03-10 00:00:00
2532,2758,2025-03-06 00:00:00,2025-03-05 00:00:00,2025-03-09 00:00:00
2533,2759,2025-03-06 00:00:00,2025-03-05 00:00:00,2025-03-09 00:00:00
2534,2760,2025-03-05 00:00:00,2025-03-08 00:00:00,2025-03-12 00:00:00
2535,2761,2025-03-05 00:00:00,2025-03-06 00:00:00,2025-03-08 00:00:00
2536,2762,2025-03-05 00:00:00,2025-03-05 00:00:00,2025-03-07 00:00:00
2537,2763,2025-03-07 00:00:00,2025-03-06 00:00:00,2025-03-08 00:00:00
2538,2764,2025-03-08 00:00:00,2025-03-06 00:00:00,2025-03-09 00:00:00
2539,2765,2025-03-08 00:00:00,2025-03-06 00:00:00,2025-03-07 00:00:00
2540,2766,2025-03-06 00:00:00,2025-03-06 00:00:00,2025-03-10 00:00:00
2541,2767,2025-03-06 00:00:00,,
2542,2768,2025-03-07 00:00:00,2025-03-09 00:00:00,2025-03-13 00:00:00
2543,2769,2025-03-07 00:00:00,,
2544,2770,2025-03-07 00:00:00,2025-03-07 00:00:00,2025-03-11 00:00:00
2545,2771,2025-03-07 00:00:00,2025-03-06 00:00:00,2025-03-09 00:00:00
2546,2772,2025-03-07 00:00:00,2025-03-07 00:00:00,2025-03-09 00:00:00
2547,2773,2025-03-08 00:00:00,2025-03-06 00:00:00,2025-03-10 00:00:00
2548,2774,2025-03-06 00:00:00,2025-03-09 00:00:00,2025-03-13 00:00:00
2549,2775,2025-03-06 00:00:00,2025-03-06 00:00:00,2025-03-07 00:00:00
2550,2776,2025-03-07 00:00:00,2025-03-06 00:00:00,2025-03-10 00:00:00
2551,2778,2025-03-06 00:00:00,2025-03-11 00:00:00,2025-03-14 00:00:00
2552,2780,2025-03-07 00:00:00,2025-03-07 00:00:00,2025-03-09 00:00:00
2553,2781,2025-03-07 00:00:00,2025-03-07 00:00:00,2025-03-09 00:00:00
2554,2782,2025-03-06 00:00:00,2025-03-06 00:00:00,2025-03-07 00:00:00
2555,2783,2025-03-07 00:00:00,2025-03-07 00:00:00,2025-03-08 00:00:00
2556,2784,2025-03-06 00:00:00,2025-03-06 00:00:00,2025-03-08 00:00:00
2557,2786,2025-03-07 00:00:00,2025-03-09 00:00:00,2025-03-11 00:00:00
2558,2788,2025-03-07 00:00:00,2025-03-06 00:00:00,2025-03-08 00:00:00
2559,2789,2025-03-07 00:00:00,2025-03-07 00:00:00,2025-03-09 00:00:00
2560,2790,2025-03-07 00:00:00,2025-03-11 00:00:00,2025-03-15 00:00:00
2561,2792,2025-03-07 00:00:00,2025-03-07 00:00:00,2025-03-10 00:00:00
2562,2793,2025-03-07 00:00:00,2025-03-06 00:00:00,2025-03-08 00:00:00
2563,2795,2025-03-07 00:00:00,2025-03-06 00:00:00,2025-03-08 00:00:00
2564,2796,2025-03-06 00:00:00,2025-03-07 00:00:00,2025-03-10 00:00:00
2565,2798,2025-03-07 00:00:00,2025-03-11 00:00:00,2025-03-12 00:00:00
2566,2799,2025-03-07 00:00:00,2025-03-07 00:00:00,2025-03-08 00:00:00
2567,2800,2025-03-06 00:00:00,2025-03-06 00:00:00,2025-03-07 00:00:00
2568,2801,2025-03-08 00:00:00,2025-03-07 00:00:00,2025-03-11 00:00:00
2569,2802,2025-03-06 00:00:00,2025-03-07 00:00:00,2025-03-08 00:00:00
2570,2803,2025-03-07 00:00:00,2025-03-06 00:00:00,2025-03-08 00:00:00
2571,2804,2025-03-06 00:00:00,2025-03-07 00:00:00,2025-03-08 00:00:00
2572,2805,2025-03-07 00:00:00,2025-03-06 00:00:00,2025-03-09 00:00:00
2573,2806,2025-03-07 00:00:00,,
2574,2807,2025-03-07 00:00:00,2025-03-05 00:00:00,2025-03-08 00:00:00
2575,2808,2025-03-06 00:00:00,2025-03-05 00:00:00,2025-03-06 00:00:00
2576,2809,2025-03-07 00:00:00,2025-03-06 00:00:00,2025-03-07 00:00:00
2577,2810,2025-03-08 00:00:00,2025-03-06 00:00:00,2025-03-09 00:00:00
2578,2811,2025-03-07 00:00:00,2025-03-07 00:00:00,2025-03-11 00:00:00
2579,2812,2025-03-08 00:00:00,2025-03-06 00:00:00,2025-03-09 00:00:00
2580,2813,2025-03-08 00:00:00,2025-03-09 00:00:00,2025-03-10 00:00:00
2581,2814,2025-03-06 00:00:00,2025-03-07 00:00:00,2025-03-11 00:00:00
2582,2816,2025-03-06 00:00:00,2025-03-06 00:00:00,2025-03-07 00:00:00
2583,2818,2025-03-07 00:00:00,2025-03-11 00:00:00,2025-03-13 00:00:00
2584,2819,2025-03-07 00:00:00,2025-03-06 00:00:00,2025-03-09 00:00:00
2585,2820,2025-03-06 00:00:00,,
2586,2821,2025-03-07 00:00:00,2025-03-07 00:00:00,2025-03-11 00:00:00
2587,2822,2025-03-07 00:00:00,2025-03-07 00:00:00,2025-03-10 00:00:00
2588,2823,2025-03-07 00:00:00,2025-03-06 00:00:00,2025-03-10 00:00:00
2589,2825,2025-03-07 00:00:00,2025-03-07 00:00:00,2025-03-09 00:00:00
2590,2826,2025-03-08 00:00:00,2025-03-08 00:00:00,2025-03-09 00:00:00
2591,2827,2025-03-08 00:00:00,2025-03-12 00:00:00,2025-03-15 00:00:00
2592,2828,2025-03-07 00:00:00,2025-03-12 00:00:00,2025-03-14 00:00:00
2593,2829,2025-03-07 00:00:00,2025-03-08 00:00:00,2025-03-12 00:00:00
2594,2830,2025-03-09 00:00:00,2025-03-06 00:00:00,2025-03-07 00:00:00
2595,2831,2025-03-08 00:00:00,2025-03-10 00:00:00,2025-03-11 00:00:00
2596,2832,2025-03-09 00:00:00,2025-03-07 00:00:00,2025-03-08 00:00:00
2597,2833,2025-03-09 00:00:00,2025-03-08 00:00:00,2025-03-09 00:00:00
2598,2834,2025-03-08 00:00:00,2025-03-10 00:00:00,2025-03-13 00:00:00
2599,2836,2025-03-08 00:00:00,2025-03-08 00:00:00,2025-03-12 00:00:00
2600,2837,2025-03-08 00:00:00,2025-03-07 00:00:00,2025-03-09 00:00:00
2601,2838,2025-03-07 00:00:00,2025-03-12 00:00:00,2025-03-13 00:00:00
2602,2839,2025-03-07 00:00:00,2025-03-07 00:00:00,2025-03-08 00:00:00
2603,2840,2025-03-08 00:00:00,2025-03-10 00:00:00,2025-03-13 00:00:00
2604,2841,2025-03-09 00:00:00,2025-03-06 00:00:00,2025-03-09 00:00:00
2605,2842,2025-03-07 00:00:00,2025-03-06 00:00:00,2025-03-09 00:00:00
2606,2843,2025-03-08 00:00:00,2025-03-07 00:00:00,2025-03-09 00:00:00
2607,2844,2025-03-07 00:00:00,2025-03-08 00:00:00,2025-03-10 00:00:00
2608,2845,2025-03-09 00:00:00,2025-03-10 00:00:00,2025-03-12 00:00:00
2609,2846,2025-03-08 00:00:00,2025-03-07 00:00:00,2025-03-10 00:00:00
2610,2847,2025-03-08 00:00:00,2025-03-08 00:00:00,2025-03-09 00:00:00
2611,2848,2025-03-07 00:00:00,2025-03-07 00:00:00,2025-03-10 00:00:00
2612,2849,2025-03-09 00:00:00,2025-03-07 00:00:00,2025-03-11 00:00:00
2613,2850,2025-03-08 00:00:00,2025-03-08 00:00:00,2025-03-09 00:00:00
2614,2851,2025-03-09 00:00:00,2025-03-07 00:00:00,2025-03-10 00:00:00
2615,2852,2025-03-08 00:00:00,2025-03-07 00:00:00,2025-03-11 00:00:00
2616,2853,2025-03-08 00:00:00,2025-03-07 00:00:00,2025-03-09 00:00:00
2617,2854,2025-03-08 00:00:00,2025-03-07 00:00:00,2025-03-10 00:00:00
2618,2855,2025-03-08 00:00:00,2025-03-07 00:00:00,2025-03-10 00:00:00
2619,2856,2025-03-09 00:00:00,2025-03-08 00:00:00,2025-03-12 00:00:00
2620,2857,2025-03-10 00:00:00,2025-03-08 00:00:00,2025-03-11 00:00:00
2621,2858,2025-03-09 00:00:00,2025-03-09 00:00:00,2025-03-13 00:00:00
2622,2859,2025-03-09 00:00:00,2025-03-07 00:00:00,2025-03-09 00:00:00
2623,2860,2025-03-08 00:00:00,2025-03-09 00:00:00,2025-03-13 00:00:00
2624,2861,2025-03-10 00:00:00,2025-03-11 00:00:00,2025-03-13 00:00:00
2625,2862,2025-03-08 00:00:00,2025-03-08 00:00:00,2025-03-12 00:00:00
2626,2863,2025-03-08 00:00:00,2025-03-09 00:00:00,2025-03-12 00:00:00
2627,2864,2025-03-09 00:00:00,2025-03-08 00:00:00,2025-03-11 00:00:00
2628,2865,2025-03-08 00:00:00,2025-03-11 00:00:00,2025-03-12 00:00:00
2629,2866,2025-03-09 00:00:00,2025-03-08 00:00:00,2025-03-09 00:00:00
2630,2867,2025-03-09 00:00:00,2025-03-09 00:00:00,2025-03-13 00:00:00
2631,2868,2025-03-08 00:00:00,2025-03-08 00:00:00,2025-03-09 00:00:00
2632,2870,2025-03-08 00:00:00,2025-03-09 00:00:00,2025-03-12 00:00:00
2633,2871,2025-03-10 00:00:00,2025-03-11 00:00:00,2025-03-14 00:00:00
2634,2873,2025-03-09 00:00:00,2025-03-08 00:00:00,2025-03-10 00:00:00
2635,2874,2025-03-09 00:00:00,2025-03-11 00:00:00,2025-03-13 00:00:00
2636,2875,2025-03-10 00:00:00,2025-03-09 00:00:00,2025-03-12 00:00:00
2637,2876,2025-03-09 00:00:00,2025-03-07 00:00:00,2025-03-09 00:00:00
2638,2877,2025-03-09 00:00:00,2025-03-08 00:00:00,2025-03-09 00:00:00
2639,2878,2025-03-09 00:00:00,2025-03-08 00:00:00,2025-03-12 00:00:00
2640,2879,2025-03-09 00:00:00,2025-03-13 00:00:00,2025-03-14 00:00:00
2641,2880,2025-03-08 00:00:00,2025-03-08 00:00:00,2025-03-10 00:00:00
2642,2881,2025-03-08 00:00:00,,
2643,2882,2025-03-10 00:00:00,2025-03-08 00:00:00,2025-03-09 00:00:00
2644,2883,2025-03-09 00:00:00,2025-03-09 00:00:00,2025-03-13 00:00:00
2645,2884,2025-03-09 00:00:00,2025-03-11 00:00:00,2025-03-15 00:00:00
2646,2886,2025-03-10 00:00:00,2025-03-09 00:00:00,2025-03-12 00:00:00
2647,2887,2025-03-09 00:00:00,2025-03-07 00:00:00,2025-03-11 00:00:00
2648,2888,2025-03-10 00:00:00,2025-03-11 00:00:00,2025-03-14 00:00:00
2649,2889,2025-03-08 00:00:00,2025-03-08 00:00:00,2025-03-10 00:00:00
2650,2890,2025-03-10 00:00:00,2025-03-08 00:00:00,2025-03-11 00:00:00
2651,2891,2025-03-09 00:00:00,2025-03-08 00:00:00,2025-03-12 00:00:00
2652,2892,2025-03-10 00:00:00,2025-03-11 00:00:00,2025-03-12 00:00:00
2653,2893,2025-03-09 00:00:00,2025-03-08 00:00:00,2025-03-12 00:00:00
2654,2894,2025-03-08 00:00:00,2025-03-08 00:00:00,2025-03-12 00:00:00
2655,2895,2025-03-09 00:00:00,2025-03-08 00:00:00,2025-03-11 00:00:00
2656,2896,2025-03-10 00:00:00,2025-03-10 00:00:00,2025-03-13 00:00:00
2657,2897,2025-03-11 00:00:00,2025-03-09 00:00:00,2025-03-12 00:00:00
2658,2898,2025-03-11 00:00:00,2025-03-10 00:00:00,2025-03-14 00:00:00
2659,2899,2025-03-10 00:00:00,2025-03-08 00:00:00,2025-03-09 00:00:00
2660,2900,2025-03-11 00:00:00,2025-03-09 00:00:00,2025-03-10 00:00:00
2661,2901,2025-03-09 00:00:00,2025-03-12 00:00:00,2025-03-14 00:00:00
2662,2902,2025-03-09 00:00:00,2025-03-09 00:00:00,2025-03-10 00:00:00
2663,2904,2025-03-10 00:00:00,2025-03-09 00:00:00,2025-03-12 00:00:00
2664,2905,2025-03-09 00:00:00,2025-03-09 00:00:00,2025-03-10 00:00:00
2665,2906,2025-03-10 00:00:00,2025-03-09 00:00:00,2025-03-12 00:00:00
2666,2907,2025-03-10 00:00:00,2025-03-14 00:00:00,2025-03-16 00:00:00
2667,2908,2025-03-09 00:00:00,2025-03-10 00:00:00,2025-03-13 00:00:00
2668,2909,2025-03-11 00:00:00,2025-03-10 00:00:00,2025-03-12 00:00:00
2669,2910,2025-03-10 00:00:00,2025-03-10 00:00:00,2025-03-13 00:00:00
2670,2911,2025-03-10 00:00:00,2025-03-10 00:00:00,2025-03-13 00:00:00
2671,2912,2025-03-11 00:00:00,2025-03-09 00:00:00,2025-03-11 00:00:00
2672,2914,2025-03-10 00:00:00,,
2673,2915,2025-03-09 00:00:00,,
2674,2916,2025-03-10 00:00:00,2025-03-10 00:00:00,2025-03-14 00:00:00
2675,2917,2025-03-09 00:00:00,2025-03-10 00:00:00,2025-03-11 00:00:00
2676,2918,2025-03-11 00:00:00,2025-03-10 00:00:00,2025-03-14 00:00:00
2677,2919,2025-03-10 00:00:00,2025-03-12 00:00:00,2025-03-13 00:00:00
2678,2920,2025-03-10 00:00:00,2025-03-10 00:00:00,2025-03-11 00:00:00
2679,2921,2025-03-09 00:00:00,2025-03-12 00:00:00,2025-03-16 00:00:00
2680,2922,2025-03-09 00:00:00,2025-03-12 00:00:00,2025-03-13 00:00:00
2681,2923,2025-03-09 00:00:00,2025-03-08 00:00:00,2025-03-09 00:00:00
2682,2924,2025-03-09 00:00:00,2025-03-10 00:00:00,2025-03-11 00:00:00
2683,2925,2025-03-09 00:00:00,2025-03-09 00:00:00,2025-03-13 00:00:00
2684,2926,2025-03-09 00:00:00,2025-03-10 00:00:00,2025-03-13 00:00:00
2685,2927,2025-03-11 00:00:00,2025-03-10 00:00:00,2025-03-14 00:00:00
2686,2928,2025-03-11 00:00:00,2025-03-10 00:00:00,2025-03-11 00:00:00
2687,2929,2025-03-10 00:00:00,,
2688,2931,2025-03-11 00:00:00,2025-03-13 00:00:00,2025-03-17 00:00:00
2689,2932,2025-03-11 00:00:00,2025-03-10 00:00:00,2025-03-11 00:00:00
2690,2934,2025-03-11 00:00:00,2025-03-10 00:00:00,2025-03-12 00:00:00
2691,2935,2025-03-11 00:00:00,2025-03-10 00:00:00,2025-03-11 00:00:00
2692,2936,2025-03-12 00:00:00,2025-03-11 00:00:00,2025-03-15 00:00:00
2693,2937,2025-03-11 00:00:00,2025-03-11 00:00:00,2025-03-15 00:00:00
2694,2938,2025-03-11 00:00:00,2025-03-11 00:00:00,2025-03-13 00:00:00
2695,2939,2025-03-11 00:00:00,2025-03-10 00:00:00,2025-03-13 00:00:00
2696,2940,2025-03-10 00:00:00,2025-03-13 00:00:00,2025-03-17 00:00:00
2697,2941,2025-03-12 00:00:00,2025-03-09 00:00:00,2025-03-13 00:00:00
2698,2943,2025-03-11 00:00:00,2025-03-11 00:00:00,2025-03-14 00:00:00
2699,2944,2025-03-11 00:00:00,2025-03-10 00:00:00,2025-03-12 00:00:00
2700,2945,2025-03-11 00:00:00,2025-03-11 00:00:00,2025-03-15 00:00:00
2701,2946,2025-03-11 00:00:00,2025-03-10 00:00:00,2025-03-11 00:00:00
2702,2947,2025-03-10 00:00:00,2025-03-09 00:00:00,2025-03-12 00:00:00
2703,2948,2025-03-11 00:00:00,2025-03-11 00:00:00,2025-03-14 00:00:00
2704,2949,2025-03-11 00:00:00,2025-03-09 00:00:00,2025-03-12 00:00:00
2705,2950,2025-03-11 00:00:00,2025-03-11 00:00:00,2025-03-14 00:00:00
2706,2951,2025-03-10 00:00:00,2025-03-11 00:00:00,2025-03-15 00:00:00
2707,2952,2025-03-10 00:00:00,2025-03-09 00:00:00,2025-03-11 00:00:00
2708,2953,2025-03-10 00:00:00,2025-03-10 00:00:00,2025-03-13 00:00:00
2709,2954,2025-03-10 00:00:00,2025-03-09 00:00:00,2025-03-12 00:00:00
2710,2955,2025-03-10 00:00:00,2025-03-10 00:00:00,2025-03-11 00:00:00
2711,2956,2025-03-11 00:00:00,2025-03-11 00:00:00,2025-03-13 00:00:00
2712,2957,2025-03-11 00:00:00,2025-03-11 00:00:00,2025-03-14 00:00:00
2713,2960,2025-03-12 00:00:00,2025-03-11 00:00:00,2025-03-14 00:00:00
2714,2961,2025-03-10 00:00:00,2025-03-11 00:00:00,2025-03-12 00:00:00
2715,2962,2025-03-11 00:00:00,2025-03-10 00:00:00,2025-03-11 00:00:00
2716,2963,2025-03-12 00:00:00,2025-03-10 00:00:00,2025-03-12 00:00:00
2717,2964,2025-03-11 00:00:00,2025-03-10 00:00:00,2025-03-12 00:00:00
2718,2965,2025-03-12 00:00:00,2025-03-11 00:00:00,2025-03-15 00:00:00
2719,2966,2025-03-12 00:00:00,2025-03-10 00:00:00,2025-03-11 00:00:00
2720,2967,2025-03-11 00:00:00,2025-03-11 00:00:00,2025-03-14 00:00:00
2721,2968,2025-03-10 00:00:00,2025-03-11 00:00:00,2025-03-12 00:00:00
2722,2969,2025-03-11 00:00:00,2025-03-13 00:00:00,2025-03-17 00:00:00
2723,2970,2025-03-11 00:00:00,2025-03-10 00:00:00,2025-03-13 00:00:00
2724,2971,2025-03-12 00:00:00,2025-03-11 00:00:00,2025-03-14 00:00:00
2725,2972,2025-03-11 00:00:00,2025-03-14 00:00:00,2025-03-17 00:00:00
2726,2973,2025-03-13 00:00:00,2025-03-10 00:00:00,2025-03-13 00:00:00
2727,2974,2025-03-11 00:00:00,2025-03-14 00:00:00,2025-03-15 00:00:00
2728,2975,2025-03-13 00:00:00,2025-03-12 00:00:00,2025-03-13 00:00:00
2729,2976,2025-03-12 00:00:00,2025-03-11 00:00:00,2025-03-12 00:00:00
2730,2977,2025-03-12 00:00:00,2025-03-14 00:00:00,2025-03-17 00:00:00
2731,2978,2025-03-12 00:00:00,2025-03-14 00:00:00,2025-03-18 00:00:00
2732,2979,2025-03-11 00:00:00,2025-03-11 00:00:00,2025-03-14 00:00:00
2733,2980,2025-03-12 00:00:00,2025-03-12 00:00:00,2025-03-15 00:00:00
2734,2981,2025-03-12 00:00:00,2025-03-12 00:00:00,2025-03-13 00:00:00
2735,2982,2025-03-11 00:00:00,2025-03-14 00:00:00,2025-03-16 00:00:00
2736,2983,2025-03-12 00:00:00,2025-03-11 00:00:00,2025-03-12 00:00:00
2737,2985,2025-03-12 00:00:00,2025-03-10 00:00:00,2025-03-13 00:00:00
2738,2986,2025-03-12 00:00:00,2025-03-11 00:00:00,2025-03-15 00:00:00
2739,2987,2025-03-12 00:00:00,2025-03-14 00:00:00,2025-03-15 00:00:00
2740,2988,2025-03-12 00:00:00,2025-03-14 00:00:00,2025-03-17 00:00:00
2741,2989,2025-03-12 00:00:00,2025-03-11 00:00:00,2025-03-14 00:00:00
2742,2990,2025-03-12 00:00:00,2025-03-12 00:00:00,2025-03-16 00:00:00
2743,2991,2025-03-11 00:00:00,2025-03-12 00:00:00,2025-03-13 00:00:00
2744,2992,2025-03-12 00:00:00,2025-03-12 00:00:00,2025-03-13 00:00:00
2745,2993,2025-03-11 00:00:00,2025-03-11 00:00:00,2025-03-13 00:00:00
2746,2994,2025-03-11 00:00:00,2025-03-11 00:00:00,2025-03-13 00:00:00
2747,2995,2025-03-13 00:00:00,2025-03-11 00:00:00,2025-03-12 00:00:00
2748,2996,2025-03-13 00:00:00,2025-03-11 00:00:00,2025-03-12 00:00:00
2749,2997,2025-03-11 00:00:00,2025-03-12 00:00:00,2025-03-14 00:00:00
2750,2998,2025-03-12 00:00:00,2025-03-11 00:00:00,2025-03-13 00:00:00
2751,2999,2025-03-11 00:00:00,2025-03-11 00:00:00,2025-03-12 00:00:00
2752,3000,2025-03-11 00:00:00,2025-03-10 00:00:00,2025-03-12 00:00:00
2753,3001,2025-03-13 00:00:00,2025-03-12 00:00:00,2025-03-16 00:00:00
2754,3002,2025-03-13 00:00:00,,
2755,3003,2025-03-12 00:00:00,2025-03-11 00:00:00,2025-03-15 00:00:00
2756,3004,2025-03-13 00:00:00,2025-03-11 00:00:00,2025-03-12 00:00:00
2757,3005,2025-03-12 00:00:00,2025-03-12 00:00:00,2025-03-14 00:00:00
2758,3006,2025-03-13 00:00:00,2025-03-13 00:00:00,2025-03-15 00:00:00
2759,3007,2025-03-13 00:00:00,2025-03-12 00:00:00,2025-03-14 00:00:00
2760,3008,2025-03-13 00:00:00,2025-03-12 00:00:00,2025-03-14 00:00:00
2761,3009,2025-03-13 00:00:00,2025-03-12 00:00:00,2025-03-15 00:00:00
2762,3010,2025-03-13 00:00:00,2025-03-12 00:00:00,2025-03-16 00:00:00
2763,3012,2025-03-14 00:00:00,2025-03-13 00:00:00,2025-03-14 00:00:00
2764,3013,2025-03-13 00:00:00,2025-03-13 00:00:00,2025-03-17 00:00:00
2765,3014,2025-03-13 00:00:00,2025-03-15 00:00:00,2025-03-17 00:00:00
2766,3015,2025-03-14 00:00:00,2025-03-12 00:00:00,2025-03-14 00:00:00
2767,3017,2025-03-14 00:00:00,2025-03-15 00:00:00,2025-03-19 00:00:00
2768,3018,2025-03-12 00:00:00,2025-03-11 00:00:00,2025-03-12 00:00:00
2769,3019,2025-03-13 00:00:00,2025-03-12 00:00:00,2025-03-16 00:00:00
2770,3020,2025-03-13 00:00:00,2025-03-15 00:00:00,2025-03-19 00:00:00
2771,3021,2025-03-13 00:00:00,,
2772,3022,2025-03-13 00:00:00,2025-03-12 00:00:00,2025-03-15 00:00:00
2773,3023,2025-03-13 00:00:00,2025-03-12 00:00:00,2025-03-13 00:00:00
2774,3024,2025-03-12 00:00:00,2025-03-13 00:00:00,2025-03-17 00:00:00
2775,3025,2025-03-13 00:00:00,2025-03-12 00:00:00,2025-03-14 00:00:00
2776,3026,2025-03-12 00:00:00,,
2777,3027,2025-03-13 00:00:00,2025-03-12 00:00:00,2025-03-15 00:00:00
2778,3028,2025-03-12 00:00:00,2025-03-11 00:00:00,2025-03-13 00:00:00
2779,3029,2025-03-13 00:00:00,2025-03-12 00:00:00,2025-03-15 00:00:00
2780,3030,2025-03-14 00:00:00,2025-03-13 00:00:00,2025-03-15 00:00:00
2781,3031,2025-03-13 00:00:00,2025-03-13 00:00:00,2025-03-15 00:00:00
2782,3032,2025-03-14 00:00:00,2025-03-13 00:00:00,2025-03-15 00:00:00
2783,3033,2025-03-13 00:00:00,2025-03-12 00:00:00,2025-03-16 00:00:00
2784,3034,2025-03-12 00:00:00,2025-03-13 00:00:00,2025-03-15 00:00:00
2785,3035,2025-03-12 00:00:00,2025-03-13 00:00:00,2025-03-14 00:00:00
2786,3036,2025-03-13 00:00:00,2025-03-13 00:00:00,2025-03-14 00:00:00
2787,3037,2025-03-12 00:00:00,2025-03-15 00:00:00,2025-03-19 00:00:00
2788,3039,2025-03-12 00:00:00,2025-03-12 00:00:00,2025-03-14 00:00:00
2789,3040,2025-03-13 00:00:00,2025-03-13 00:00:00,2025-03-15 00:00:00
2790,3041,2025-03-13 00:00:00,2025-03-11 00:00:00,2025-03-12 00:00:00
2791,3042,2025-03-12 00:00:00,2025-03-13 00:00:00,2025-03-17 00:00:00
2792,3043,2025-03-12 00:00:00,2025-03-12 00:00:00,2025-03-14 00:00:00
2793,3044,2025-03-12 00:00:00,2025-03-12 00:00:00,2025-03-16 00:00:00
2794,3045,2025-03-13 00:00:00,2025-03-11 00:00:00,2025-03-14 00:00:00
2795,3046,2025-03-12 00:00:00,2025-03-11 00:00:00,2025-03-14 00:00:00
2796,3047,2025-03-13 00:00:00,2025-03-16 00:00:00,2025-03-17 00:00:00
2797,3048,2025-03-13 00:00:00,2025-03-16 00:00:00,2025-03-17 00:00:00
2798,3049,2025-03-15 00:00:00,2025-03-12 00:00:00,2025-03-13 00:00:00
2799,3050,2025-03-14 00:00:00,2025-03-16 00:00:00,2025-03-20 00:00:00
2800,3051,2025-03-14 00:00:00,2025-03-16 00:00:00,2025-03-19 00:00:00
2801,3052,2025-03-14 00:00:00,2025-03-13 00:00:00,2025-03-16 00:00:00
2802,3053,2025-03-14 00:00:00,2025-03-12 00:00:00,2025-03-16 00:00:00
2803,3054,2025-03-14 00:00:00,2025-03-12 00:00:00,2025-03-14 00:00:00
2804,3055,2025-03-14 00:00:00,2025-03-12 00:00:00,2025-03-15 00:00:00
2805,3056,2025-03-14 00:00:00,2025-03-14 00:00:00,2025-03-18 00:00:00
2806,3057,2025-03-14 00:00:00,2025-03-12 00:00:00,2025-03-16 00:00:00
2807,3058,2025-03-14 00:00:00,2025-03-14 00:00:00,2025-03-15 00:00:00
2808,3059,2025-03-13 00:00:00,2025-03-13 00:00:00,2025-03-14 00:00:00
2809,3060,2025-03-14 00:00:00,2025-03-13 00:00:00,2025-03-14 00:00:00
2810,3061,2025-03-13 00:00:00,2025-03-12 00:00:00,2025-03-13 00:00:00
2811,3062,2025-03-15 00:00:00,2025-03-13 00:00:00,2025-03-17 00:00:00
2812,3064,2025-03-14 00:00:00,2025-03-13 00:00:00,2025-03-16 00:00:00
2813,3065,2025-03-14 00:00:00,2025-03-12 00:00:00,2025-03-15 00:00:00
2814,3066,2025-03-14 00:00:00,2025-03-14 00:00:00,2025-03-15 00:00:00
2815,3067,2025-03-13 00:00:00,2025-03-14 00:00:00,2025-03-17 00:00:00
2816,3068,2025-03-15 00:00:00,2025-03-14 00:00:00,2025-03-16 00:00:00
2817,3069,2025-03-14 00:00:00,2025-03-13 00:00:00,2025-03-14 00:00:00
2818,3070,2025-03-14 00:00:00,2025-03-14 00:00:00,2025-03-18 00:00:00
2819,3071,2025-03-14 00:00:00,2025-03-12 00:00:00,2025-03-13 00:00:00
2820,3072,2025-03-13 00:00:00,2025-03-12 00:00:00,2025-03-13 00:00:00
2821,3073,2025-03-13 00:00:00,2025-03-16 00:00:00,2025-03-19 00:00:00
2822,3074,2025-03-15 00:00:00,2025-03-16 00:00:00,2025-03-20 00:00:00
2823,3075,2025-03-14 00:00:00,2025-03-13 00:00:00,2025-03-14 00:00:00
2824,3076,2025-03-13 00:00:00,2025-03-12 00:00:00,2025-03-14 00:00:00
2825,3077,2025-03-14 00:00:00,2025-03-13 00:00:00,2025-03-16 00:00:00
2826,3079,2025-03-13 00:00:00,2025-03-12 00:00:00,2025-03-16 00:00:00
2827,3080,2025-03-14 00:00:00,2025-03-12 00:00:00,2025-03-15 00:00:00
2828,3082,2025-03-14 00:00:00,2025-03-13 00:00:00,2025-03-16 00:00:00
2829,3083,2025-03-15 00:00:00,2025-03-14 00:00:00,2025-03-15 00:00:00
2830,3084,2025-03-14 00:00:00,,
2831,3085,2025-03-15 00:00:00,2025-03-15 00:00:00,2025-03-19 00:00:00
2832,3086,2025-03-15 00:00:00,2025-03-14 00:00:00,2025-03-16 00:00:00
2833,3087,2025-03-15 00:00:00,2025-03-15 00:00:00,2025-03-18 00:00:00
2834,3089,2025-03-15 00:00:00,2025-03-17 00:00:00,2025-03-19 00:00:00
2835,3090,2025-03-14 00:00:00,2025-03-14 00:00:00,2025-03-16 00:00:00
2836,3091,2025-03-14 00:00:00,2025-03-15 00:00:00,2025-03-19 00:00:00
2837,3092,2025-03-16 00:00:00,2025-03-14 00:00:00,2025-03-16 00:00:00
2838,3093,2025-03-15 00:00:00,2025-03-17 00:00:00,2025-03-18 00:00:00
2839,3095,2025-03-14 00:00:00,2025-03-13 00:00:00,2025-03-16 00:00:00
2840,3096,2025-03-15 00:00:00,2025-03-14 00:00:00,2025-03-15 00:00:00
2841,3097,2025-03-15 00:00:00,,
2842,3098,2025-03-14 00:00:00,2025-03-17 00:00:00,2025-03-21 00:00:00
2843,3099,2025-03-15 00:00:00,2025-03-14 00:00:00,2025-03-18 00:00:00
2844,3100,2025-03-15 00:00:00,2025-03-14 00:00:00,2025-03-16 00:00:00
2845,3101,2025-03-15 00:00:00,2025-03-14 00:00:00,2025-03-18 00:00:00
2846,3102,2025-03-15 00:00:00,2025-03-19 00:00:00,2025-03-22 00:00:00
2847,3103,2025-03-15 00:00:00,2025-03-14 00:00:00,2025-03-15 00:00:00
2848,3105,2025-03-15 00:00:00,2025-03-17 00:00:00,2025-03-20 00:00:00
2849,3106,2025-03-14 00:00:00,2025-03-15 00:00:00,2025-03-19 00:00:00
2850,3107,2025-03-15 00:00:00,2025-03-14 00:00:00,2025-03-18 00:00:00
2851,3108,2025-03-16 00:00:00,2025-03-14 00:00:00,2025-03-17 00:00:00
2852,3109,2025-03-15 00:00:00,2025-03-15 00:00:00,2025-03-18 00:00:00
2853,3110,2025-03-16 00:00:00,,
2854,3111,2025-03-14 00:00:00,2025-03-17 00:00:00,2025-03-21 00:00:00
2855,3112,2025-03-15 00:00:00,2025-03-17 00:00:00,2025-03-21 00:00:00
2856,3113,2025-03-15 00:00:00,2025-03-13 00:00:00,2025-03-16 00:00:00
2857,3114,2025-03-14 00:00:00,2025-03-15 00:00:00,2025-03-16 00:00:00
2858,3115,2025-03-15 00:00:00,2025-03-14 00:00:00,2025-03-17 00:00:00
2859,3116,2025-03-15 00:00:00,2025-03-14 00:00:00,2025-03-16 00:00:00
2860,3117,2025-03-15 00:00:00,2025-03-15 00:00:00,2025-03-19 00:00:00
2861,3118,2025-03-16 00:00:00,2025-03-19 00:00:00,2025-03-22 00:00:00
2862,3119,2025-03-15 00:00:00,2025-03-17 00:00:00,2025-03-21 00:00:00
2863,3120,2025-03-15 00:00:00,2025-03-14 00:00:00,2025-03-15 00:00:00
2864,3121,2025-03-16 00:00:00,2025-03-15 00:00:00,2025-03-18 00:00:00
2865,3122,2025-03-15 00:00:00,2025-03-17 00:00:00,2025-03-20 00:00:00
2866,3123,2025-03-15 00:00:00,2025-03-15 00:00:00,2025-03-17 00:00:00
2867,3124,2025-03-15 00:00:00,2025-03-17 00:00:00,2025-03-20 00:00:00
2868,3125,2025-03-16 00:00:00,2025-03-14 00:00:00,2025-03-16 00:00:00
2869,3126,2025-03-15 00:00:00,2025-03-15 00:00:00,2025-03-17 00:00:00
2870,3127,2025-03-15 00:00:00,2025-03-19 00:00:00,2025-03-23 00:00:00
2871,3128,2025-03-15 00:00:00,2025-03-15 00:00:00,2025-03-17 00:00:00
2872,3129,2025-03-15 00:00:00,2025-03-19 00:00:00,2025-03-20 00:00:00
2873,3130,2025-03-16 00:00:00,2025-03-13 00:00:00,2025-03-16 00:00:00
2874,3132,2025-03-15 00:00:00,2025-03-14 00:00:00,2025-03-18 00:00:00
2875,3133,2025-03-16 00:00:00,2025-03-14 00:00:00,2025-03-18 00:00:00
2876,3134,2025-03-16 00:00:00,2025-03-16 00:00:00,2025-03-20 00:00:00
2877,3135,2025-03-16 00:00:00,,
2878,3136,2025-03-17 00:00:00,2025-03-15 00:00:00,2025-03-19 00:00:00
2879,3137,2025-03-15 00:00:00,2025-03-18 00:00:00,2025-03-19 00:00:00
2880,3138,2025-03-16 00:00:00,2025-03-15 00:00:00,2025-03-17 00:00:00
2881,3139,2025-03-15 00:00:00,2025-03-16 00:00:00,2025-03-18 00:00:00
2882,3141,2025-03-17 00:00:00,2025-03-20 00:00:00,2025-03-23 00:00:00
2883,3142,2025-03-16 00:00:00,2025-03-15 00:00:00,2025-03-16 00:00:00
2884,3143,2025-03-16 00:00:00,2025-03-14 00:00:00,2025-03-15 00:00:00
2885,3144,2025-03-17 00:00:00,2025-03-14 00:00:00,2025-03-18 00:00:00
2886,3145,2025-03-16 00:00:00,2025-03-15 00:00:00,2025-03-17 00:00:00
2887,3146,2025-03-16 00:00:00,2025-03-16 00:00:00,2025-03-17 00:00:00
2888,3147,2025-03-16 00:00:00,2025-03-14 00:00:00,2025-03-18 00:00:00
2889,3148,2025-03-16 00:00:00,2025-03-20 00:00:00,2025-03-24 00:00:00
2890,3150,2025-03-15 00:00:00,2025-03-15 00:00:00,2025-03-16 00:00:00
2891,3151,2025-03-16 00:00:00,2025-03-15 00:00:00,2025-03-18 00:00:00
2892,3152,2025-03-16 00:00:00,2025-03-15 00:00:00,2025-03-19 00:00:00
2893,3153,2025-03-15 00:00:00,2025-03-15 00:00:00,2025-03-19 00:00:00
2894,3154,2025-03-17 00:00:00,2025-03-18 00:00:00,2025-03-21 00:00:00
2895,3155,2025-03-16 00:00:00,2025-03-18 00:00:00,2025-03-21 00:00:00
2896,3156,2025-03-15 00:00:00,,
2897,3158,2025-03-15 00:00:00,2025-03-15 00:00:00,2025-03-19 00:00:00
2898,3159,2025-03-16 00:00:00,2025-03-20 00:00:00,2025-03-23 00:00:00
2899,3161,2025-03-15 00:00:00,2025-03-18 00:00:00,2025-03-22 00:00:00
2900,3162,2025-03-16 00:00:00,2025-03-16 00:00:00,2025-03-18 00:00:00
2901,3163,2025-03-16 00:00:00,2025-03-18 00:00:00,2025-03-19 00:00:00
2902,3164,2025-03-15 00:00:00,2025-03-15 00:00:00,2025-03-19 00:00:00
2903,3166,2025-03-17 00:00:00,2025-03-15 00:00:00,2025-03-17 00:00:00
2904,3167,2025-03-16 00:00:00,2025-03-14 00:00:00,2025-03-16 00:00:00
2905,3168,2025-03-15 00:00:00,2025-03-16 00:00:00,2025-03-19 00:00:00
2906,3169,2025-03-16 00:00:00,2025-03-16 00:00:00,2025-03-18 00:00:00
2907,3171,2025-03-15 00:00:00,2025-03-18 00:00:00,2025-03-22 00:00:00
2908,3173,2025-03-16 00:00:00,2025-03-16 00:00:00,2025-03-20 00:00:00
2909,3174,2025-03-15 00:00:00,2025-03-14 00:00:00,2025-03-18 00:00:00
2910,3175,2025-03-15 00:00:00,2025-03-15 00:00:00,2025-03-17 00:00:00
2911,3176,2025-03-17 00:00:00,2025-03-16 00:00:00,2025-03-17 00:00:00
2912,3177,2025-03-16 00:00:00,2025-03-14 00:00:00,2025-03-15 00:00:00
2913,3178,2025-03-18 00:00:00,2025-03-15 00:00:00,2025-03-17 00:00:00
2914,3179,2025-03-16 00:00:00,2025-03-15 00:00:00,2025-03-16 00:00:00
2915,3180,2025-03-18 00:00:00,2025-03-16 00:00:00,2025-03-19 00:00:00
2916,3181,2025-03-18 00:00:00,2025-03-17 00:00:00,2025-03-20 00:00:00
2917,3182,2025-03-17 00:00:00,2025-03-17 00:00:00,2025-03-20 00:00:00
2918,3183,2025-03-17 00:00:00,2025-03-16 00:00:00,2025-03-17 00:00:00
2919,3184,2025-03-17 00:00:00,2025-03-17 00:00:00,2025-03-20 00:00:00
2920,3185,2025-03-17 00:00:00,2025-03-16 00:00:00,2025-03-17 00:00:00
2921,3187,2025-03-17 00:00:00,2025-03-16 00:00:00,2025-03-18 00:00:00
2922,3188,2025-03-17 00:00:00,2025-03-16 00:00:00,2025-03-20 00:00:00
2923,3189,2025-03-17 00:00:00,2025-03-15 00:00:00,2025-03-18 00:00:00
2924,3190,2025-03-17 00:00:00,2025-03-17 00:00:00,2025-03-21 00:00:00
2925,3191,2025-03-17 00:00:00,2025-03-16 00:00:00,2025-03-18 00:00:00
2926,3192,2025-03-17 00:00:00,2025-03-16 00:00:00,2025-03-18 00:00:00
2927,3193,2025-03-17 00:00:00,2025-03-17 00:00:00,2025-03-21 00:00:00
2928,3194,2025-03-17 00:00:00,2025-03-16 00:00:00,2025-03-19 00:00:00
2929,3195,2025-03-17 00:00:00,2025-03-16 00:00:00,2025-03-17 00:00:00
2930,3196,2025-03-16 00:00:00,2025-03-19 00:00:00,2025-03-22 00:00:00
2931,3197,2025-03-16 00:00:00,2025-03-17 00:00:00,2025-03-19 00:00:00
2932,3198,2025-03-16 00:00:00,2025-03-17 00:00:00,2025-03-19 00:00:00
2933,3199,2025-03-17 00:00:00,2025-03-15 00:00:00,2025-03-19 00:00:00
2934,3200,2025-03-17 00:00:00,2025-03-16 00:00:00,2025-03-18 00:00:00
2935,3202,2025-03-17 00:00:00,2025-03-19 00:00:00,2025-03-21 00:00:00
2936,3203,2025-03-16 00:00:00,2025-03-16 00:00:00,2025-03-18 00:00:00
2937,3204,2025-03-17 00:00:00,2025-03-16 00:00:00,2025-03-17 00:00:00
2938,3205,2025-03-18 00:00:00,2025-03-17 00:00:00,2025-03-20 00:00:00
2939,3206,2025-03-17 00:00:00,2025-03-17 00:00:00,2025-03-21 00:00:00
2940,3207,2025-03-17 00:00:00,2025-03-19 00:00:00,2025-03-23 00:00:00
2941,3208,2025-03-17 00:00:00,2025-03-19 00:00:00,2025-03-22 00:00:00
2942,3210,2025-03-17 00:00:00,2025-03-16 00:00:00,2025-03-20 00:00:00
2943,3211,2025-03-17 00:00:00,2025-03-16 00:00:00,2025-03-18 00:00:00
2944,3212,2025-03-17 00:00:00,2025-03-19 00:00:00,2025-03-21 00:00:00
2945,3213,2025-03-17 00:00:00,2025-03-16 00:00:00,2025-03-19 00:00:00
2946,3214,2025-03-16 00:00:00,2025-03-19 00:00:00,2025-03-21 00:00:00
2947,3215,2025-03-17 00:00:00,,
2948,3216,2025-03-17 00:00:00,2025-03-19 00:00:00,2025-03-22 00:00:00
2949,3217,2025-03-17 00:00:00,2025-03-17 00:00:00,2025-03-18 00:00:00
2950,3218,2025-03-17 00:00:00,2025-03-16 00:00:00,2025-03-20 00:00:00
2951,3219,2025-03-16 00:00:00,2025-03-19 00:00:00,2025-03-21 00:00:00
2952,3222,2025-03-18 00:00:00,2025-03-17 00:00:00,2025-03-19 00:00:00
2953,3223,2025-03-19 00:00:00,2025-03-18 00:00:00,2025-03-21 00:00:00
2954,3224,2025-03-19 00:00:00,2025-03-17 00:00:00,2025-03-19 00:00:00
2955,3225,2025-03-18 00:00:00,2025-03-20 00:00:00,2025-03-24 00:00:00
2956,3226,2025-03-18 00:00:00,2025-03-17 00:00:00,2025-03-21 00:00:00
2957,3227,2025-03-18 00:00:00,2025-03-17 00:00:00,2025-03-18 00:00:00
2958,3228,2025-03-18 00:00:00,2025-03-18 00:00:00,2025-03-22 00:00:00
2959,3229,2025-03-17 00:00:00,2025-03-20 00:00:00,2025-03-22 00:00:00
2960,3230,2025-03-18 00:00:00,2025-03-17 00:00:00,2025-03-18 00:00:00
2961,3231,2025-03-17 00:00:00,2025-03-20 00:00:00,2025-03-24 00:00:00
2962,3232,2025-03-17 00:00:00,2025-03-17 00:00:00,2025-03-18 00:00:00
2963,3233,2025-03-18 00:00:00,,
2964,3234,2025-03-18 00:00:00,2025-03-17 00:00:00,2025-03-20 00:00:00
2965,3235,2025-03-17 00:00:00,2025-03-17 00:00:00,2025-03-20 00:00:00
2966,3236,2025-03-19 00:00:00,,
2967,3237,2025-03-18 00:00:00,2025-03-18 00:00:00,2025-03-21 00:00:00
2968,3238,2025-03-18 00:00:00,,
2969,3239,2025-03-19 00:00:00,2025-03-18 00:00:00,2025-03-22 00:00:00
2970,3240,2025-03-17 00:00:00,2025-03-16 00:00:00,2025-03-20 00:00:00
2971,3241,2025-03-18 00:00:00,2025-03-16 00:00:00,2025-03-19 00:00:00
2972,3243,2025-03-18 00:00:00,2025-03-18 00:00:00,2025-03-20 00:00:00
2973,3244,2025-03-18 00:00:00,2025-03-20 00:00:00,2025-03-21 00:00:00
2974,3245,2025-03-18 00:00:00,2025-03-20 00:00:00,2025-03-24 00:00:00
2975,3246,2025-03-19 00:00:00,2025-03-16 00:00:00,2025-03-18 00:00:00
2976,3247,2025-03-18 00:00:00,2025-03-17 00:00:00,2025-03-19 00:00:00
2977,3248,2025-03-17 00:00:00,2025-03-20 00:00:00,2025-03-23 00:00:00
2978,3249,2025-03-18 00:00:00,2025-03-16 00:00:00,2025-03-20 00:00:00
2979,3250,2025-03-17 00:00:00,2025-03-18 00:00:00,2025-03-22 00:00:00
2980,3251,2025-03-19 00:00:00,2025-03-18 00:00:00,2025-03-21 00:00:00
2981,3252,2025-03-20 00:00:00,2025-03-18 00:00:00,2025-03-20 00:00:00
2982,3253,2025-03-18 00:00:00,2025-03-19 00:00:00,2025-03-22 00:00:00
2983,3254,2025-03-18 00:00:00,2025-03-19 00:00:00,2025-03-23 00:00:00
2984,3255,2025-03-18 00:00:00,2025-03-21 00:00:00,2025-03-23 00:00:00
2985,3256,2025-03-20 00:00:00,2025-03-18 00:00:00,2025-03-21 00:00:00
2986,3257,2025-03-20 00:00:00,2025-03-18 00:00:00,2025-03-20 00:00:00
2987,3258,2025-03-18 00:00:00,2025-03-18 00:00:00,2025-03-19 00:00:00
2988,3259,2025-03-19 00:00:00,2025-03-18 00:00:00,2025-03-19 00:00:00
2989,3260,2025-03-19 00:00:00,2025-03-23 00:00:00,2025-03-26 00:00:00
2990,3261,2025-03-20 00:00:00,2025-03-17 00:00:00,2025-03-18 00:00:00
2991,3262,2025-03-20 00:00:00,2025-03-19 00:00:00,2025-03-23 00:00:00
2992,3263,2025-03-20 00:00:00,2025-03-19 00:00:00,2025-03-20 00:00:00
2993,3264,2025-03-20 00:00:00,2025-03-17 00:00:00,2025-03-20 00:00:00
2994,3265,2025-03-19 00:00:00,2025-03-19 00:00:00,2025-03-23 00:00:00
2995,3266,2025-03-18 00:00:00,2025-03-18 00:00:00,2025-03-19 00:00:00
2996,3267,2025-03-19 00:00:00,,
2997,3268,2025-03-18 00:00:00,2025-03-18 00:00:00,2025-03-19 00:00:00
2998,3269,2025-03-19 00:00:00,2025-03-18 00:00:00,2025-03-22 00:00:00
2999,3270,2025-03-19 00:00:00,2025-03-19 00:00:00,2025-03-20 00:00:00
3000,3271,2025-03-19 00:00:00,2025-03-18 00:00:00,2025-03-21 00:00:00
3001,3272,2025-03-19 00:00:00,2025-03-18 00:00:00,2025-03-21 00:00:00
3002,3273,2025-03-19 00:00:00,2025-03-17 00:00:00,2025-03-21 00:00:00
3003,3274,2025-03-19 00:00:00,,
3004,3275,2025-03-19 00:00:00,2025-03-18 00:00:00,2025-03-22 00:00:00
3005,3276,2025-03-20 00:00:00,2025-03-18 00:00:00,2025-03-22 00:00:00
3006,3277,2025-03-20 00:00:00,2025-03-19 00:00:00,2025-03-22 00:00:00
3007,3278,2025-03-19 00:00:00,2025-03-21 00:00:00,2025-03-24 00:00:00
3008,3279,2025-03-19 00:00:00,,
3009,3280,2025-03-18 00:00:00,2025-03-21 00:00:00,2025-03-22 00:00:00
3010,3281,2025-03-19 00:00:00,2025-03-19 00:00:00,2025-03-21 00:00:00
3011,3282,2025-03-18 00:00:00,2025-03-19 00:00:00,2025-03-21 00:00:00
3012,3283,2025-03-20 00:00:00,2025-03-18 00:00:00,2025-03-22 00:00:00
3013,3284,2025-03-20 00:00:00,2025-03-18 00:00:00,2025-03-19 00:00:00
3014,3285,2025-03-18 00:00:00,2025-03-18 00:00:00,2025-03-20 00:00:00
3015,3286,2025-03-19 00:00:00,2025-03-18 00:00:00,2025-03-20 00:00:00
3016,3287,2025-03-20 00:00:00,2025-03-23 00:00:00,2025-03-24 00:00:00
3017,3288,2025-03-20 00:00:00,2025-03-19 00:00:00,2025-03-21 00:00:00
3018,3289,2025-03-21 00:00:00,2025-03-20 00:00:00,2025-03-23 00:00:00
3019,3290,2025-03-21 00:00:00,2025-03-19 00:00:00,2025-03-23 00:00:00
3020,3291,2025-03-19 00:00:00,2025-03-20 00:00:00,2025-03-22 00:00:00
3021,3292,2025-03-20 00:00:00,2025-03-24 00:00:00,2025-03-25 00:00:00
3022,3293,2025-03-21 00:00:00,2025-03-19 00:00:00,2025-03-23 00:00:00
3023,3294,2025-03-20 00:00:00,2025-03-20 00:00:00,2025-03-23 00:00:00
3024,3295,2025-03-20 00:00:00,2025-03-18 00:00:00,2025-03-22 00:00:00
3025,3296,2025-03-20 00:00:00,2025-03-20 00:00:00,2025-03-23 00:00:00
3026,3297,2025-03-20 00:00:00,2025-03-19 00:00:00,2025-03-22 00:00:00
3027,3298,2025-03-19 00:00:00,2025-03-19 00:00:00,2025-03-22 00:00:00
3028,3299,2025-03-21 00:00:00,2025-03-18 00:00:00,2025-03-20 00:00:00
3029,3300,2025-03-19 00:00:00,2025-03-19 00:00:00,2025-03-20 00:00:00
3030,3301,2025-03-21 00:00:00,2025-03-20 00:00:00,2025-03-24 00:00:00
3031,3302,2025-03-21 00:00:00,2025-03-20 00:00:00,2025-03-23 00:00:00
3032,3303,2025-03-20 00:00:00,2025-03-19 00:00:00,2025-03-20 00:00:00
3033,3304,2025-03-20 00:00:00,2025-03-20 00:00:00,2025-03-24 00:00:00
3034,3305,2025-03-21 00:00:00,2025-03-24 00:00:00,2025-03-27 00:00:00
3035,3306,2025-03-20 00:00:00,2025-03-19 00:00:00,2025-03-20 00:00:00
3036,3307,2025-03-20 00:00:00,2025-03-19 00:00:00,2025-03-20 00:00:00
3037,3308,2025-03-19 00:00:00,2025-03-22 00:00:00,2025-03-24 00:00:00
3038,3309,2025-03-20 00:00:00,2025-03-20 00:00:00,2025-03-21 00:00:00
3039,3310,2025-03-20 00:00:00,2025-03-20 00:00:00,2025-03-23 00:00:00
3040,3311,2025-03-20 00:00:00,2025-03-19 00:00:00,2025-03-22 00:00:00
3041,3312,2025-03-20 00:00:00,,
3042,3313,2025-03-19 00:00:00,2025-03-19 00:00:00,2025-03-23 00:00:00
3043,3314,2025-03-19 00:00:00,2025-03-19 00:00:00,2025-03-20 00:00:00
3044,3315,2025-03-19 00:00:00,2025-03-20 00:00:00,2025-03-23 00:00:00
3045,3317,2025-03-20 00:00:00,2025-03-20 00:00:00,2025-03-23 00:00:00
3046,3318,2025-03-20 00:00:00,2025-03-18 00:00:00,2025-03-22 00:00:00
3047,3319,2025-03-21 00:00:00,2025-03-19 00:00:00,2025-03-20 00:00:00
3048,3320,2025-03-19 00:00:00,2025-03-19 00:00:00,2025-03-21 00:00:00
3049,3321,2025-03-20 00:00:00,2025-03-20 00:00:00,2025-03-23 00:00:00
3050,3322,2025-03-20 00:00:00,2025-03-19 00:00:00,2025-03-23 00:00:00
3051,3323,2025-03-21 00:00:00,2025-03-18 00:00:00,2025-03-22 00:00:00
3052,3324,2025-03-19 00:00:00,2025-03-24 00:00:00,2025-03-27 00:00:00
3053,3325,2025-03-21 00:00:00,2025-03-21 00:00:00,2025-03-25 00:00:00
3054,3326,2025-03-21 00:00:00,2025-03-21 00:00:00,2025-03-24 00:00:00
3055,3327,2025-03-20 00:00:00,2025-03-25 00:00:00,2025-03-28 00:00:00
3056,3328,2025-03-21 00:00:00,2025-03-20 00:00:00,2025-03-24 00:00:00
3057,3329,2025-03-21 00:00:00,2025-03-19 00:00:00,2025-03-22 00:00:00
3058,3330,2025-03-21 00:00:00,2025-03-21 00:00:00,2025-03-22 00:00:00
3059,3331,2025-03-20 00:00:00,2025-03-19 00:00:00,2025-03-21 00:00:00
3060,3332,2025-03-22 00:00:00,2025-03-20 00:00:00,2025-03-23 00:00:00
3061,3333,2025-03-20 00:00:00,2025-03-21 00:00:00,2025-03-24 00:00:00
3062,3334,2025-03-21 00:00:00,2025-03-21 00:00:00,2025-03-22 00:00:00
3063,3335,2025-03-21 00:00:00,2025-03-21 00:00:00,2025-03-23 00:00:00
3064,3336,2025-03-21 00:00:00,2025-03-21 00:00:00,2025-03-23 00:00:00
3065,3337,2025-03-21 00:00:00,2025-03-20 00:00:00,2025-03-21 00:00:00
3066,3338,2025-03-21 00:00:00,2025-03-20 00:00:00,2025-03-22 00:00:00
3067,3340,2025-03-21 00:00:00,2025-03-20 00:00:00,2025-03-24 00:00:00
3068,3341,2025-03-22 00:00:00,2025-03-21 00:00:00,2025-03-25 00:00:00
3069,3342,2025-03-21 00:00:00,,
3070,3343,2025-03-20 00:00:00,2025-03-21 00:00:00,2025-03-25 00:00:00
3071,3344,2025-03-20 00:00:00,2025-03-21 00:00:00,2025-03-22 00:00:00
3072,3345,2025-03-20 00:00:00,2025-03-19 00:00:00,2025-03-23 00:00:00
3073,3346,2025-03-20 00:00:00,2025-03-21 00:00:00,2025-03-23 00:00:00
3074,3347,2025-03-21 00:00:00,2025-03-19 00:00:00,2025-03-21 00:00:00
3075,3348,2025-03-20 00:00:00,2025-03-21 00:00:00,2025-03-23 00:00:00
3076,3349,2025-03-22 00:00:00,2025-03-23 00:00:00,2025-03-26 00:00:00
3077,3350,2025-03-22 00:00:00,2025-03-20 00:00:00,2025-03-21 00:00:00
3078,3351,2025-03-20 00:00:00,2025-03-21 00:00:00,2025-03-24 00:00:00
3079,3352,2025-03-22 00:00:00,2025-03-20 00:00:00,2025-03-21 00:00:00
3080,3353,2025-03-21 00:00:00,2025-03-20 00:00:00,2025-03-22 00:00:00
3081,3354,2025-03-21 00:00:00,2025-03-20 00:00:00,2025-03-21 00:00:00
3082,3355,2025-03-21 00:00:00,2025-03-20 00:00:00,2025-03-22 00:00:00
3083,3356,2025-03-21 00:00:00,2025-03-20 00:00:00,2025-03-23 00:00:00
3084,3357,2025-03-21 00:00:00,2025-03-20 00:00:00,2025-03-21 00:00:00
3085,3358,2025-03-21 00:00:00,2025-03-21 00:00:00,2025-03-23 00:00:00
3086,3359,2025-03-22 00:00:00,2025-03-22 00:00:00,2025-03-26 00:00:00
3087,3360,2025-03-22 00:00:00,2025-03-21 00:00:00,2025-03-25 00:00:00
3088,3361,2025-03-22 00:00:00,2025-03-21 00:00:00,2025-03-22 00:00:00
3089,3362,2025-03-22 00:00:00,2025-03-20 00:00:00,2025-03-24 00:00:00
3090,3363,2025-03-23 00:00:00,2025-03-21 00:00:00,2025-03-22 00:00:00
3091,3364,2025-03-23 00:00:00,2025-03-24 00:00:00,2025-03-25 00:00:00
3092,3365,2025-03-22 00:00:00,2025-03-20 00:00:00,2025-03-22 00:00:00
3093,3366,2025-03-22 00:00:00,2025-03-22 00:00:00,2025-03-23 00:00:00
3094,3367,2025-03-21 00:00:00,2025-03-20 00:00:00,2025-03-23 00:00:00
3095,3368,2025-03-22 00:00:00,2025-03-21 00:00:00,2025-03-23 00:00:00
3096,3369,2025-03-22 00:00:00,2025-03-21 00:00:00,2025-03-25 00:00:00
3097,3370,2025-03-22 00:00:00,2025-03-21 00:00:00,2025-03-22 00:00:00
3098,3371,2025-03-23 00:00:00,2025-03-22 00:00:00,2025-03-25 00:00:00
3099,3372,2025-03-22 00:00:00,2025-03-21 00:00:00,2025-03-25 00:00:00
3100,3374,2025-03-22 00:00:00,2025-03-20 00:00:00,2025-03-23 00:00:00
3101,3375,2025-03-22 00:00:00,2025-03-21 00:00:00,2025-03-24 00:00:00
3102,3376,2025-03-21 00:00:00,2025-03-21 00:00:00,2025-03-25 00:00:00
3103,3377,2025-03-22 00:00:00,2025-03-24 00:00:00,2025-03-25 00:00:00
3104,3378,2025-03-22 00:00:00,2025-03-24 00:00:00,2025-03-26 00:00:00
3105,3379,2025-03-22 00:00:00,2025-03-22 00:00:00,2025-03-24 00:00:00
3106,3380,2025-03-21 00:00:00,2025-03-26 00:00:00,2025-03-29 00:00:00
3107,3381,2025-03-21 00:00:00,,
3108,3382,2025-03-22 00:00:00,2025-03-21 00:00:00,2025-03-24 00:00:00
3109,3383,2025-03-22 00:00:00,2025-03-24 00:00:00,2025-03-28 00:00:00
3110,3384,2025-03-21 00:00:00,2025-03-24 00:00:00,2025-03-26 00:00:00
3111,3385,2025-03-22 00:00:00,2025-03-22 00:00:00,2025-03-25 00:00:00
3112,3386,2025-03-22 00:00:00,2025-03-21 00:00:00,2025-03-22 00:00:00
3113,3387,2025-03-21 00:00:00,2025-03-21 00:00:00,2025-03-25 00:00:00
3114,3388,2025-03-21 00:00:00,2025-03-20 00:00:00,2025-03-21 00:00:00
3115,3389,2025-03-21 00:00:00,2025-03-22 00:00:00,2025-03-25 00:00:00
3116,3390,2025-03-22 00:00:00,2025-03-21 00:00:00,2025-03-25 00:00:00
3117,3391,2025-03-22 00:00:00,,
3118,3392,2025-03-22 00:00:00,2025-03-22 00:00:00,2025-03-26 00:00:00
3119,3393,2025-03-22 00:00:00,2025-03-22 00:00:00,2025-03-26 00:00:00
3120,3395,2025-03-23 00:00:00,2025-03-22 00:00:00,2025-03-26 00:00:00
3121,3396,2025-03-22 00:00:00,2025-03-20 00:00:00,2025-03-24 00:00:00
3122,3397,2025-03-21 00:00:00,2025-03-21 00:00:00,2025-03-25 00:00:00
3123,3398,2025-03-23 00:00:00,2025-03-21 00:00:00,2025-03-22 00:00:00
3124,3399,2025-03-23 00:00:00,2025-03-21 00:00:00,2025-03-23 00:00:00
3125,3400,2025-03-22 00:00:00,2025-03-24 00:00:00,2025-03-27 00:00:00
3126,3401,2025-03-22 00:00:00,2025-03-22 00:00:00,2025-03-26 00:00:00
3127,3403,2025-03-22 00:00:00,2025-03-25 00:00:00,2025-03-28 00:00:00
3128,3404,2025-03-22 00:00:00,2025-03-22 00:00:00,2025-03-26 00:00:00
3129,3405,2025-03-22 00:00:00,2025-03-22 00:00:00,2025-03-25 00:00:00
3130,3406,2025-03-24 00:00:00,2025-03-22 00:00:00,2025-03-26 00:00:00
3131,3407,2025-03-23 00:00:00,2025-03-21 00:00:00,2025-03-24 00:00:00
3132,3408,2025-03-22 00:00:00,2025-03-25 00:00:00,2025-03-28 00:00:00
3133,3409,2025-03-24 00:00:00,2025-03-22 00:00:00,2025-03-23 00:00:00
3134,3410,2025-03-23 00:00:00,2025-03-21 00:00:00,2025-03-24 00:00:00
3135,3411,2025-03-22 00:00:00,2025-03-22 00:00:00,2025-03-24 00:00:00
3136,3412,2025-03-23 00:00:00,2025-03-22 00:00:00,2025-03-26 00:00:00
3137,3413,2025-03-24 00:00:00,2025-03-23 00:00:00,2025-03-27 00:00:00
3138,3414,2025-03-22 00:00:00,,
3139,3415,2025-03-22 00:00:00,2025-03-25 00:00:00,2025-03-29 00:00:00
3140,3416,2025-03-24 00:00:00,2025-03-23 00:00:00,2025-03-27 00:00:00
3141,3417,2025-03-22 00:00:00,2025-03-22 00:00:00,2025-03-26 00:00:00
3142,3418,2025-03-22 00:00:00,2025-03-22 00:00:00,2025-03-25 00:00:00
3143,3419,2025-03-23 00:00:00,2025-03-22 00:00:00,2025-03-23 00:00:00
3144,3420,2025-03-23 00:00:00,2025-03-22 00:00:00,2025-03-25 00:00:00
3145,3421,2025-03-23 00:00:00,2025-03-22 00:00:00,2025-03-25 00:00:00
3146,3422,2025-03-22 00:00:00,2025-03-21 00:00:00,2025-03-24 00:00:00
3147,3423,2025-03-23 00:00:00,2025-03-23 00:00:00,2025-03-26 00:00:00
3148,3424,2025-03-23 00:00:00,2025-03-23 00:00:00,2025-03-27 00:00:00
3149,3425,2025-03-23 00:00:00,2025-03-21 00:00:00,2025-03-25 00:00:00
3150,3426,2025-03-23 00:00:00,2025-03-21 00:00:00,2025-03-25 00:00:00
3151,3427,2025-03-22 00:00:00,2025-03-25 00:00:00,2025-03-28 00:00:00
3152,3428,2025-03-22 00:00:00,2025-03-23 00:00:00,2025-03-24 00:00:00
3153,3429,2025-03-24 00:00:00,,
3154,3430,2025-03-23 00:00:00,2025-03-23 00:00:00,2025-03-24 00:00:00
3155,3431,2025-03-23 00:00:00,2025-03-22 00:00:00,2025-03-23 00:00:00
3156,3432,2025-03-24 00:00:00,2025-03-23 00:00:00,2025-03-26 00:00:00
3157,3433,2025-03-24 00:00:00,,
3158,3434,2025-03-25 00:00:00,2025-03-23 00:00:00,2025-03-24 00:00:00
3159,3436,2025-03-24 00:00:00,2025-03-23 00:00:00,2025-03-26 00:00:00
3160,3437,2025-03-23 00:00:00,2025-03-24 00:00:00,2025-03-28 00:00:00
3161,3438,2025-03-23 00:00:00,2025-03-24 00:00:00,2025-03-26 00:00:00
3162,3439,2025-03-24 00:00:00,2025-03-23 00:00:00,2025-03-27 00:00:00
3163,3441,2025-03-25 00:00:00,2025-03-26 00:00:00,2025-03-30 00:00:00
3164,3442,2025-03-25 00:00:00,2025-03-23 00:00:00,2025-03-24 00:00:00
3165,3443,2025-03-24 00:00:00,2025-03-23 00:00:00,2025-03-24 00:00:00
3166,3444,2025-03-23 00:00:00,2025-03-24 00:00:00,2025-03-27 00:00:00
3167,3445,2025-03-24 00:00:00,2025-03-24 00:00:00,2025-03-25 00:00:00
3168,3446,2025-03-25 00:00:00,2025-03-23 00:00:00,2025-03-25 00:00:00
3169,3447,2025-03-24 00:00:00,2025-03-23 00:00:00,2025-03-25 00:00:00
3170,3448,2025-03-24 00:00:00,2025-03-24 00:00:00,2025-03-28 00:00:00
3171,3449,2025-03-24 00:00:00,2025-03-26 00:00:00,2025-03-27 00:00:00
3172,3450,2025-03-25 00:00:00,2025-03-23 00:00:00,2025-03-26 00:00:00
3173,3451,2025-03-24 00:00:00,2025-03-24 00:00:00,2025-03-28 00:00:00
3174,3452,2025-03-24 00:00:00,2025-03-24 00:00:00,2025-03-25 00:00:00
3175,3453,2025-03-23 00:00:00,2025-03-23 00:00:00,2025-03-25 00:00:00
3176,3454,2025-03-23 00:00:00,2025-03-26 00:00:00,2025-03-28 00:00:00
3177,3455,2025-03-25 00:00:00,2025-03-23 00:00:00,2025-03-27 00:00:00
3178,3456,2025-03-25 00:00:00,2025-03-26 00:00:00,2025-03-27 00:00:00
3179,3457,2025-03-23 00:00:00,2025-03-24 00:00:00,2025-03-28 00:00:00
3180,3458,2025-03-23 00:00:00,2025-03-24 00:00:00,2025-03-28 00:00:00
3181,3459,2025-03-24 00:00:00,2025-03-24 00:00:00,2025-03-25 00:00:00
3182,3460,2025-03-24 00:00:00,2025-03-22 00:00:00,2025-03-23 00:00:00
3183,3461,2025-03-25 00:00:00,2025-03-26 00:00:00,2025-03-27 00:00:00
3184,3462,2025-03-24 00:00:00,2025-03-22 00:00:00,2025-03-26 00:00:00
3185,3463,2025-03-24 00:00:00,2025-03-22 00:00:00,2025-03-24 00:00:00
3186,3464,2025-03-23 00:00:00,2025-03-26 00:00:00,2025-03-27 00:00:00
3187,3465,2025-03-24 00:00:00,2025-03-26 00:00:00,2025-03-28 00:00:00
3188,3466,2025-03-24 00:00:00,2025-03-23 00:00:00,2025-03-26 00:00:00
3189,3467,2025-03-24 00:00:00,2025-03-24 00:00:00,2025-03-26 00:00:00
3190,3468,2025-03-25 00:00:00,2025-03-27 00:00:00,2025-03-29 00:00:00
3191,3469,2025-03-25 00:00:00,2025-03-25 00:00:00,2025-03-29 00:00:00
3192,3470,2025-03-25 00:00:00,,
3193,3471,2025-03-25 00:00:00,2025-03-29 00:00:00,2025-04-02 00:00:00
3194,3472,2025-03-25 00:00:00,2025-03-24 00:00:00,2025-03-26 00:00:00
3195,3473,2025-03-26 00:00:00,2025-03-29 00:00:00,2025-03-30 00:00:00
3196,3474,2025-03-25 00:00:00,2025-03-24 00:00:00,2025-03-28 00:00:00
3197,3475,2025-03-25 00:00:00,2025-03-23 00:00:00,2025-03-24 00:00:00
3198,3476,2025-03-26 00:00:00,2025-03-29 00:00:00,2025-04-02 00:00:00
3199,3477,2025-03-25 00:00:00,2025-03-23 00:00:00,2025-03-25 00:00:00
3200,3478,2025-03-25 00:00:00,2025-03-29 00:00:00,2025-04-02 00:00:00
3201,3479,2025-03-26 00:00:00,2025-03-29 00:00:00,2025-03-31 00:00:00
3202,3480,2025-03-25 00:00:00,2025-03-24 00:00:00,2025-03-28 00:00:00
3203,3481,2025-03-25 00:00:00,,
3204,3482,2025-03-25 00:00:00,2025-03-23 00:00:00,2025-03-25 00:00:00
3205,3483,2025-03-25 00:00:00,2025-03-25 00:00:00,2025-03-27 00:00:00
3206,3484,2025-03-26 00:00:00,2025-03-23 00:00:00,2025-03-25 00:00:00
3207,3485,2025-03-25 00:00:00,2025-03-27 00:00:00,2025-03-30 00:00:00
3208,3486,2025-03-24 00:00:00,2025-03-25 00:00:00,2025-03-29 00:00:00
3209,3487,2025-03-25 00:00:00,2025-03-24 00:00:00,2025-03-28 00:00:00
3210,3488,2025-03-25 00:00:00,2025-03-24 00:00:00,2025-03-27 00:00:00
3211,3489,2025-03-24 00:00:00,2025-03-25 00:00:00,2025-03-29 00:00:00
3212,3490,2025-03-26 00:00:00,2025-03-24 00:00:00,2025-03-26 00:00:00
3213,3491,2025-03-25 00:00:00,,
3214,3492,2025-03-25 00:00:00,2025-03-25 00:00:00,2025-03-28 00:00:00
3215,3493,2025-03-25 00:00:00,2025-03-27 00:00:00,2025-03-29 00:00:00
3216,3494,2025-03-25 00:00:00,2025-03-29 00:00:00,2025-03-31 00:00:00
3217,3495,2025-03-24 00:00:00,2025-03-23 00:00:00,2025-03-26 00:00:00
3218,3496,2025-03-25 00:00:00,2025-03-27 00:00:00,2025-03-28 00:00:00
3219,3497,2025-03-25 00:00:00,2025-03-23 00:00:00,2025-03-27 00:00:00
3220,3498,2025-03-25 00:00:00,2025-03-23 00:00:00,2025-03-27 00:00:00
3221,3499,2025-03-24 00:00:00,2025-03-24 00:00:00,2025-03-26 00:00:00
3222,3500,2025-03-24 00:00:00,2025-03-29 00:00:00,2025-04-02 00:00:00
3223,3501,2025-03-25 00:00:00,2025-03-23 00:00:00,2025-03-24 00:00:00
3224,3502,2025-03-25 00:00:00,2025-03-24 00:00:00,2025-03-25 00:00:00
3225,3503,2025-03-25 00:00:00,2025-03-24 00:00:00,2025-03-26 00:00:00
3226,3505,2025-03-25 00:00:00,2025-03-28 00:00:00,2025-04-01 00:00:00
3227,3506,2025-03-26 00:00:00,2025-03-25 00:00:00,2025-03-26 00:00:00
3228,3507,2025-03-25 00:00:00,2025-03-26 00:00:00,2025-03-27 00:00:00
3229,3508,2025-03-26 00:00:00,2025-03-24 00:00:00,2025-03-28 00:00:00
3230,3510,2025-03-26 00:00:00,2025-03-26 00:00:00,2025-03-28 00:00:00
3231,3511,2025-03-26 00:00:00,2025-03-25 00:00:00,2025-03-28 00:00:00
3232,3512,2025-03-26 00:00:00,2025-03-26 00:00:00,2025-03-27 00:00:00
3233,3513,2025-03-26 00:00:00,2025-03-26 00:00:00,2025-03-30 00:00:00
3234,3514,2025-03-26 00:00:00,2025-03-25 00:00:00,2025-03-27 00:00:00
3235,3515,2025-03-27 00:00:00,2025-03-26 00:00:00,2025-03-28 00:00:00
3236,3516,2025-03-26 00:00:00,2025-03-25 00:00:00,2025-03-28 00:00:00
3237,3517,2025-03-26 00:00:00,2025-03-24 00:00:00,2025-03-26 00:00:00
3238,3518,2025-03-25 00:00:00,2025-03-26 00:00:00,2025-03-27 00:00:00
3239,3520,2025-03-25 00:00:00,2025-03-25 00:00:00,2025-03-29 00:00:00
3240,3521,2025-03-26 00:00:00,2025-03-25 00:00:00,2025-03-27 00:00:00
3241,3523,2025-03-27 00:00:00,2025-03-26 00:00:00,2025-03-27 00:00:00
3242,3524,2025-03-27 00:00:00,2025-03-28 00:00:00,2025-04-01 00:00:00
3243,3525,2025-03-27 00:00:00,2025-03-25 00:00:00,2025-03-26 00:00:00
3244,3526,2025-03-26 00:00:00,2025-03-25 00:00:00,2025-03-27 00:00:00
3245,3527,2025-03-25 00:00:00,2025-03-25 00:00:00,2025-03-28 00:00:00
3246,3528,2025-03-26 00:00:00,2025-03-25 00:00:00,2025-03-29 00:00:00
3247,3529,2025-03-26 00:00:00,2025-03-26 00:00:00,2025-03-29 00:00:00
3248,3530,2025-03-26 00:00:00,2025-03-25 00:00:00,2025-03-27 00:00:00
3249,3531,2025-03-26 00:00:00,2025-03-24 00:00:00,2025-03-27 00:00:00
3250,3532,2025-03-27 00:00:00,2025-03-24 00:00:00,2025-03-25 00:00:00
3251,3533,2025-03-26 00:00:00,2025-03-28 00:00:00,2025-03-31 00:00:00
3252,3534,2025-03-25 00:00:00,2025-03-26 00:00:00,2025-03-28 00:00:00
3253,3535,2025-03-26 00:00:00,2025-03-26 00:00:00,2025-03-29 00:00:00
3254,3536,2025-03-25 00:00:00,2025-03-26 00:00:00,2025-03-30 00:00:00
3255,3537,2025-03-26 00:00:00,2025-03-25 00:00:00,2025-03-29 00:00:00
3256,3538,2025-03-25 00:00:00,2025-03-24 00:00:00,2025-03-27 00:00:00
3257,3539,2025-03-27 00:00:00,2025-03-24 00:00:00,2025-03-28 00:00:00
3258,3540,2025-03-27 00:00:00,2025-03-25 00:00:00,2025-03-28 00:00:00
3259,3541,2025-03-28 00:00:00,2025-03-29 00:00:00,2025-04-02 00:00:00
3260,3542,2025-03-28 00:00:00,2025-03-27 00:00:00,2025-03-30 00:00:00
3261,3543,2025-03-27 00:00:00,2025-03-27 00:00:00,2025-03-30 00:00:00
3262,3544,2025-03-26 00:00:00,2025-03-29 00:00:00,2025-04-01 00:00:00
3263,3545,2025-03-27 00:00:00,2025-03-25 00:00:00,2025-03-26 00:00:00
3264,3546,2025-03-26 00:00:00,,
3265,3548,2025-03-26 00:00:00,2025-03-26 00:00:00,2025-03-27 00:00:00
3266,3549,2025-03-27 00:00:00,2025-03-27 00:00:00,2025-03-30 00:00:00
3267,3550,2025-03-26 00:00:00,2025-03-31 00:00:00,2025-04-03 00:00:00
3268,3551,2025-03-27 00:00:00,2025-03-29 00:00:00,2025-03-31 00:00:00
3269,3553,2025-03-26 00:00:00,2025-03-26 00:00:00,2025-03-29 00:00:00
3270,3554,2025-03-26 00:00:00,,
3271,3555,2025-03-27 00:00:00,2025-03-25 00:00:00,2025-03-26 00:00:00
3272,3557,2025-03-27 00:00:00,2025-03-25 00:00:00,2025-03-26 00:00:00
3273,3558,2025-03-26 00:00:00,2025-03-26 00:00:00,2025-03-27 00:00:00
3274,3559,2025-03-28 00:00:00,2025-03-27 00:00:00,2025-03-29 00:00:00
3275,3560,2025-03-26 00:00:00,2025-03-27 00:00:00,2025-03-31 00:00:00
3276,3562,2025-03-27 00:00:00,2025-03-29 00:00:00,2025-04-01 00:00:00
3277,3563,2025-03-28 00:00:00,2025-03-27 00:00:00,2025-03-30 00:00:00
3278,3564,2025-03-27 00:00:00,2025-03-26 00:00:00,2025-03-29 00:00:00
3279,3565,2025-03-27 00:00:00,2025-03-25 00:00:00,2025-03-26 00:00:00
3280,3567,2025-03-27 00:00:00,2025-03-26 00:00:00,2025-03-28 00:00:00
3281,3568,2025-03-27 00:00:00,2025-03-26 00:00:00,2025-03-30 00:00:00
3282,3569,2025-03-26 00:00:00,2025-03-27 00:00:00,2025-03-31 00:00:00
3283,3570,2025-03-27 00:00:00,2025-03-27 00:00:00,2025-03-31 00:00:00
3284,3571,2025-03-27 00:00:00,2025-03-26 00:00:00,2025-03-28 00:00:00
3285,3572,2025-03-26 00:00:00,2025-03-27 00:00:00,2025-03-28 00:00:00
3286,3573,2025-03-27 00:00:00,2025-03-26 00:00:00,2025-03-30 00:00:00
3287,3574,2025-03-29 00:00:00,2025-03-26 00:00:00,2025-03-27 00:00:00
3288,3575,2025-03-28 00:00:00,2025-03-27 00:00:00,2025-03-28 00:00:00
3289,3576,2025-03-29 00:00:00,2025-03-28 00:00:00,2025-04-01 00:00:00
3290,3577,2025-03-28 00:00:00,2025-04-01 00:00:00,2025-04-05 00:00:00
3291,3578,2025-03-28 00:00:00,2025-03-27 00:00:00,2025-03-29 00:00:00
3292,3579,2025-03-29 00:00:00,2025-03-27 00:00:00,2025-03-28 00:00:00
3293,3581,2025-03-28 00:00:00,2025-03-28 00:00:00,2025-03-29 00:00:00
3294,3582,2025-03-27 00:00:00,2025-03-28 00:00:00,2025-03-30 00:00:00
3295,3583,2025-03-28 00:00:00,2025-03-28 00:00:00,2025-03-30 00:00:00
3296,3584,2025-03-27 00:00:00,2025-04-01 00:00:00,2025-04-03 00:00:00
3297,3585,2025-03-28 00:00:00,2025-03-27 00:00:00,2025-03-28 00:00:00
3298,3586,2025-03-29 00:00:00,2025-03-26 00:00:00,2025-03-30 00:00:00
3299,3587,2025-03-28 00:00:00,2025-03-26 00:00:00,2025-03-29 00:00:00
3300,3588,2025-03-28 00:00:00,2025-03-28 00:00:00,2025-04-01 00:00:00
3301,3589,2025-03-28 00:00:00,2025-03-28 00:00:00,2025-03-29 00:00:00
3302,3590,2025-03-28 00:00:00,2025-03-28 00:00:00,2025-04-01 00:00:00
3303,3591,2025-03-27 00:00:00,2025-03-30 00:00:00,2025-04-03 00:00:00
3304,3592,2025-03-28 00:00:00,2025-03-27 00:00:00,2025-03-29 00:00:00
3305,3593,2025-03-28 00:00:00,2025-03-27 00:00:00,2025-03-29 00:00:00
3306,3594,2025-03-27 00:00:00,2025-03-28 00:00:00,2025-03-31 00:00:00
3307,3595,2025-03-28 00:00:00,2025-03-27 00:00:00,2025-03-30 00:00:00
3308,3596,2025-03-29 00:00:00,2025-03-30 00:00:00,2025-04-02 00:00:00
3309,3597,2025-03-27 00:00:00,2025-03-28 00:00:00,2025-03-31 00:00:00
3310,3598,2025-03-27 00:00:00,2025-03-26 00:00:00,2025-03-30 00:00:00
3311,3599,2025-03-29 00:00:00,2025-04-01 00:00:00,2025-04-02 00:00:00
3312,3600,2025-03-27 00:00:00,2025-03-28 00:00:00,2025-04-01 00:00:00
3313,3601,2025-03-28 00:00:00,2025-03-28 00:00:00,2025-03-30 00:00:00
3314,3602,2025-03-28 00:00:00,2025-03-26 00:00:00,2025-03-30 00:00:00
3315,3603,2025-03-28 00:00:00,2025-03-27 00:00:00,2025-03-31 00:00:00
3316,3604,2025-03-29 00:00:00,2025-03-28 00:00:00,2025-03-29 00:00:00
3317,3606,2025-03-27 00:00:00,2025-03-28 00:00:00,2025-04-01 00:00:00
3318,3607,2025-03-27 00:00:00,2025-03-28 00:00:00,2025-04-01 00:00:00
3319,3609,2025-03-29 00:00:00,2025-03-26 00:00:00,2025-03-29 00:00:00
3320,3610,2025-03-27 00:00:00,2025-03-27 00:00:00,2025-03-30 00:00:00
3321,3611,2025-03-29 00:00:00,2025-03-30 00:00:00,2025-04-02 00:00:00
3322,3612,2025-03-28 00:00:00,2025-03-28 00:00:00,2025-03-29 00:00:00
3323,3613,2025-03-29 00:00:00,2025-03-30 00:00:00,2025-03-31 00:00:00
3324,3614,2025-03-28 00:00:00,2025-03-28 00:00:00,2025-03-30 00:00:00
3325,3616,2025-03-27 00:00:00,2025-04-01 00:00:00,2025-04-04 00:00:00
3326,3617,2025-03-27 00:00:00,2025-03-28 00:00:00,2025-03-30 00:00:00
3327,3618,2025-03-29 00:00:00,2025-03-28 00:00:00,2025-03-31 00:00:00
3328,3619,2025-03-29 00:00:00,2025-03-31 00:00:00,2025-04-01 00:00:00
3329,3620,2025-03-29 00:00:00,2025-03-29 00:00:00,2025-03-30 00:00:00
3330,3621,2025-03-29 00:00:00,2025-03-27 00:00:00,2025-03-30 00:00:00
3331,3622,2025-03-29 00:00:00,2025-03-28 00:00:00,2025-03-29 00:00:00
3332,3623,2025-03-30 00:00:00,,
3333,3624,2025-03-28 00:00:00,2025-03-28 00:00:00,2025-03-31 00:00:00
3334,3625,2025-03-29 00:00:00,2025-04-02 00:00:00,2025-04-05 00:00:00
3335,3626,2025-03-29 00:00:00,2025-03-29 00:00:00,2025-03-30 00:00:00
3336,3627,2025-03-30 00:00:00,2025-03-27 00:00:00,2025-03-28 00:00:00
3337,3628,2025-03-29 00:00:00,2025-03-28 00:00:00,2025-03-31 00:00:00
3338,3629,2025-03-29 00:00:00,2025-03-28 00:00:00,2025-04-01 00:00:00
3339,3630,2025-03-29 00:00:00,2025-03-31 00:00:00,2025-04-01 00:00:00
3340,3631,2025-03-29 00:00:00,2025-03-29 00:00:00,2025-03-31 00:00:00
3341,3633,2025-03-29 00:00:00,2025-03-29 00:00:00,2025-04-02 00:00:00
3342,3634,2025-03-30 00:00:00,2025-03-28 00:00:00,2025-03-31 00:00:00
3343,3635,2025-03-29 00:00:00,2025-04-02 00:00:00,2025-04-06 00:00:00
3344,3636,2025-03-29 00:00:00,2025-03-28 00:00:00,2025-03-30 00:00:00
3345,3638,2025-03-29 00:00:00,2025-03-27 00:00:00,2025-03-31 00:00:00
3346,3639,2025-03-29 00:00:00,2025-03-28 00:00:00,2025-03-31 00:00:00
3347,3640,2025-03-29 00:00:00,2025-03-28 00:00:00,2025-04-01 00:00:00
3348,3641,2025-03-29 00:00:00,2025-03-29 00:00:00,2025-03-30 00:00:00
3349,3642,2025-03-28 00:00:00,2025-03-31 00:00:00,2025-04-03 00:00:00
3350,3643,2025-03-28 00:00:00,2025-03-31 00:00:00,2025-04-02 00:00:00
3351,3644,2025-03-28 00:00:00,2025-03-29 00:00:00,2025-04-02 00:00:00
3352,3645,2025-03-29 00:00:00,2025-03-29 00:00:00,2025-03-30 00:00:00
3353,3648,2025-03-30 00:00:00,2025-03-28 00:00:00,2025-03-31 00:00:00
3354,3650,2025-03-30 00:00:00,2025-03-29 00:00:00,2025-03-30 00:00:00
3355,3652,2025-03-29 00:00:00,2025-03-27 00:00:00,2025-03-28 00:00:00
3356,3653,2025-03-28 00:00:00,2025-03-29 00:00:00,2025-04-01 00:00:00
3357,3654,2025-03-29 00:00:00,2025-03-29 00:00:00,2025-03-31 00:00:00
3358,3655,2025-03-29 00:00:00,2025-03-27 00:00:00,2025-03-30 00:00:00
3359,3656,2025-03-30 00:00:00,2025-03-28 00:00:00,2025-03-30 00:00:00
3360,3657,2025-03-29 00:00:00,2025-03-29 00:00:00,2025-03-31 00:00:00
3361,3659,2025-03-29 00:00:00,2025-03-29 00:00:00,2025-04-02 00:00:00
3362,3660,2025-03-28 00:00:00,2025-03-31 00:00:00,2025-04-03 00:00:00
3363,3661,2025-03-29 00:00:00,2025-03-29 00:00:00,2025-03-31 00:00:00
3364,3662,2025-03-30 00:00:00,2025-03-29 00:00:00,2025-04-01 00:00:00
3365,3664,2025-03-28 00:00:00,2025-03-28 00:00:00,2025-04-01 00:00:00
3366,3665,2025-03-29 00:00:00,2025-03-29 00:00:00,2025-03-31 00:00:00
3367,3667,2025-03-28 00:00:00,2025-03-28 00:00:00,2025-03-29 00:00:00
3368,3668,2025-03-29 00:00:00,2025-03-28 00:00:00,2025-03-31 00:00:00
3369,3669,2025-03-29 00:00:00,2025-03-28 00:00:00,2025-03-31 00:00:00
3370,3670,2025-03-29 00:00:00,2025-03-28 00:00:00,2025-04-01 00:00:00
3371,3671,2025-03-29 00:00:00,2025-04-02 00:00:00,2025-04-03 00:00:00
3372,3672,2025-03-30 00:00:00,2025-03-29 00:00:00,2025-04-02 00:00:00
3373,3673,2025-03-28 00:00:00,2025-03-29 00:00:00,2025-03-31 00:00:00
3374,3674,2025-03-30 00:00:00,2025-04-03 00:00:00,2025-04-04 00:00:00
3375,3675,2025-03-29 00:00:00,,
3376,3676,2025-03-29 00:00:00,2025-04-03 00:00:00,2025-04-06 00:00:00
3377,3677,2025-03-30 00:00:00,2025-03-29 00:00:00,2025-03-30 00:00:00
3378,3678,2025-03-29 00:00:00,2025-03-29 00:00:00,2025-04-01 00:00:00
3379,3679,2025-03-30 00:00:00,2025-04-03 00:00:00,2025-04-07 00:00:00
3380,3680,2025-03-30 00:00:00,2025-03-29 00:00:00,2025-03-30 00:00:00
3381,3681,2025-03-30 00:00:00,2025-03-30 00:00:00,2025-04-01 00:00:00
3382,3682,2025-03-30 00:00:00,2025-04-01 00:00:00,2025-04-02 00:00:00
3383,3683,2025-03-29 00:00:00,2025-03-29 00:00:00,2025-04-01 00:00:00
3384,3684,2025-03-29 00:00:00,2025-04-01 00:00:00,2025-04-04 00:00:00
3385,3685,2025-03-30 00:00:00,2025-03-28 00:00:00,2025-04-01 00:00:00
3386,3686,2025-03-30 00:00:00,2025-03-29 00:00:00,2025-03-30 00:00:00
3387,3687,2025-03-29 00:00:00,2025-03-30 00:00:00,2025-04-01 00:00:00
3388,3688,2025-03-30 00:00:00,2025-04-01 00:00:00,2025-04-03 00:00:00
3389,3689,2025-03-31 00:00:00,2025-04-01 00:00:00,2025-04-02 00:00:00
3390,3690,2025-03-30 00:00:00,2025-03-29 00:00:00,2025-03-30 00:00:00
3391,3691,2025-03-30 00:00:00,2025-03-28 00:00:00,2025-03-29 00:00:00
3392,3692,2025-03-30 00:00:00,2025-04-01 00:00:00,2025-04-03 00:00:00
3393,3693,2025-03-30 00:00:00,2025-04-03 00:00:00,2025-04-07 00:00:00
3394,3694,2025-03-31 00:00:00,2025-04-03 00:00:00,2025-04-06 00:00:00
3395,3696,2025-03-31 00:00:00,2025-04-01 00:00:00,2025-04-02 00:00:00
3396,3697,2025-03-29 00:00:00,2025-03-29 00:00:00,2025-04-02 00:00:00
3397,3698,2025-03-31 00:00:00,2025-03-30 00:00:00,2025-04-03 00:00:00
3398,3699,2025-03-30 00:00:00,2025-03-30 00:00:00,2025-04-02 00:00:00
3399,3700,2025-03-31 00:00:00,2025-03-30 00:00:00,2025-04-01 00:00:00
3400,3701,2025-03-30 00:00:00,2025-03-30 00:00:00,2025-04-03 00:00:00
3401,3702,2025-03-31 00:00:00,2025-03-29 00:00:00,2025-04-02 00:00:00
3402,3703,2025-03-29 00:00:00,2025-03-29 00:00:00,2025-04-01 00:00:00
3403,3704,2025-03-30 00:00:00,2025-03-29 00:00:00,2025-03-31 00:00:00
3404,3705,2025-03-29 00:00:00,2025-03-29 00:00:00,2025-03-30 00:00:00
3405,3706,2025-03-30 00:00:00,2025-03-30 00:00:00,2025-04-02 00:00:00
3406,3707,2025-03-29 00:00:00,2025-03-30 00:00:00,2025-03-31 00:00:00
3407,3708,2025-03-30 00:00:00,2025-03-29 00:00:00,2025-04-01 00:00:00
3408,3709,2025-03-30 00:00:00,2025-03-28 00:00:00,2025-03-31 00:00:00
3409,3711,2025-03-29 00:00:00,2025-03-29 00:00:00,2025-03-30 00:00:00
3410,3712,2025-03-30 00:00:00,2025-03-30 00:00:00,2025-03-31 00:00:00
3411,3713,2025-03-30 00:00:00,,
3412,3714,2025-03-30 00:00:00,2025-04-03 00:00:00,2025-04-05 00:00:00
3413,3715,2025-03-29 00:00:00,2025-04-01 00:00:00,2025-04-02 00:00:00
3414,3716,2025-03-31 00:00:00,2025-04-03 00:00:00,2025-04-05 00:00:00
3415,3717,2025-03-30 00:00:00,2025-03-29 00:00:00,2025-03-30 00:00:00
3416,3718,2025-03-30 00:00:00,2025-03-29 00:00:00,2025-04-02 00:00:00
3417,3719,2025-03-30 00:00:00,2025-04-01 00:00:00,2025-04-02 00:00:00
3418,3720,2025-03-30 00:00:00,2025-03-29 00:00:00,2025-03-31 00:00:00
3419,3721,2025-03-29 00:00:00,2025-03-30 00:00:00,2025-04-02 00:00:00
3420,3722,2025-03-30 00:00:00,2025-03-30 00:00:00,2025-03-31 00:00:00
3421,3723,2025-03-30 00:00:00,2025-03-30 00:00:00,2025-04-02 00:00:00
3422,3724,2025-03-30 00:00:00,2025-03-30 00:00:00,2025-03-31 00:00:00
3423,3725,2025-03-30 00:00:00,2025-03-30 00:00:00,2025-03-31 00:00:00
3424,3726,2025-03-30 00:00:00,2025-03-28 00:00:00,2025-04-01 00:00:00
3425,3727,2025-03-30 00:00:00,2025-03-29 00:00:00,2025-03-31 00:00:00
3426,3728,2025-03-30 00:00:00,2025-03-28 00:00:00,2025-03-30 00:00:00
3427,3729,2025-03-30 00:00:00,2025-03-30 00:00:00,2025-04-02 00:00:00
3428,3730,2025-03-30 00:00:00,2025-03-30 00:00:00,2025-03-31 00:00:00
3429,3731,2025-03-29 00:00:00,2025-03-30 00:00:00,2025-04-01 00:00:00
3430,3732,2025-03-31 00:00:00,2025-03-28 00:00:00,2025-03-29 00:00:00
3431,3733,2025-03-30 00:00:00,2025-03-28 00:00:00,2025-03-29 00:00:00
3432,3734,2025-03-30 00:00:00,2025-04-01 00:00:00,2025-04-03 00:00:00
3433,3735,2025-03-30 00:00:00,2025-03-30 00:00:00,2025-04-01 00:00:00
3434,3736,2025-03-30 00:00:00,2025-04-04 00:00:00,2025-04-08 00:00:00
3435,3737,2025-04-01 00:00:00,2025-03-31 00:00:00,2025-04-04 00:00:00
3436,3738,2025-03-31 00:00:00,2025-03-29 00:00:00,2025-04-02 00:00:00
3437,3739,2025-03-31 00:00:00,,
3438,3740,2025-03-31 00:00:00,2025-03-31 00:00:00,2025-04-03 00:00:00
3439,3741,2025-04-01 00:00:00,2025-03-29 00:00:00,2025-03-31 00:00:00
3440,3742,2025-03-31 00:00:00,2025-03-29 00:00:00,2025-04-01 00:00:00
3441,3743,2025-03-31 00:00:00,2025-03-31 00:00:00,2025-04-03 00:00:00
3442,3744,2025-03-30 00:00:00,2025-03-30 00:00:00,2025-04-03 00:00:00
3443,3745,2025-03-31 00:00:00,2025-03-31 00:00:00,2025-04-04 00:00:00
3444,3746,2025-03-31 00:00:00,2025-03-30 00:00:00,2025-04-02 00:00:00
3445,3747,2025-04-01 00:00:00,2025-03-31 00:00:00,2025-04-01 00:00:00
3446,3748,2025-03-31 00:00:00,2025-03-29 00:00:00,2025-03-31 00:00:00
3447,3749,2025-03-30 00:00:00,2025-04-02 00:00:00,2025-04-06 00:00:00
3448,3750,2025-03-30 00:00:00,2025-03-30 00:00:00,2025-03-31 00:00:00
3449,3751,2025-03-31 00:00:00,2025-03-30 00:00:00,2025-03-31 00:00:00
3450,3752,2025-03-31 00:00:00,2025-03-31 00:00:00,2025-04-01 00:00:00
3451,3753,2025-03-31 00:00:00,2025-04-02 00:00:00,2025-04-04 00:00:00
3452,3754,2025-04-01 00:00:00,2025-04-02 00:00:00,2025-04-06 00:00:00
3453,3755,2025-03-30 00:00:00,2025-03-30 00:00:00,2025-04-02 00:00:00
3454,3756,2025-03-31 00:00:00,2025-03-30 00:00:00,2025-03-31 00:00:00
3455,3757,2025-03-31 00:00:00,2025-03-31 00:00:00,2025-04-03 00:00:00
3456,3758,2025-03-30 00:00:00,2025-03-30 00:00:00,2025-04-01 00:00:00
3457,3759,2025-03-31 00:00:00,2025-03-31 00:00:00,2025-04-03 00:00:00
3458,3760,2025-04-01 00:00:00,2025-04-02 00:00:00,2025-04-05 00:00:00
3459,3761,2025-03-31 00:00:00,2025-03-30 00:00:00,2025-04-02 00:00:00
3460,3762,2025-03-31 00:00:00,2025-03-30 00:00:00,2025-03-31 00:00:00
3461,3763,2025-03-30 00:00:00,,
3462,3764,2025-04-01 00:00:00,2025-03-30 00:00:00,2025-04-01 00:00:00
3463,3765,2025-04-01 00:00:00,2025-03-30 00:00:00,2025-04-01 00:00:00
3464,3767,2025-04-01 00:00:00,,
3465,3768,2025-03-31 00:00:00,2025-03-30 00:00:00,2025-03-31 00:00:00
3466,3769,2025-03-30 00:00:00,2025-03-29 00:00:00,2025-03-31 00:00:00
3467,3770,2025-03-31 00:00:00,2025-04-02 00:00:00,2025-04-03 00:00:00
3468,3771,2025-03-31 00:00:00,2025-03-30 00:00:00,2025-03-31 00:00:00
3469,3772,2025-04-01 00:00:00,2025-04-02 00:00:00,2025-04-05 00:00:00
3470,3773,2025-03-31 00:00:00,2025-03-30 00:00:00,2025-04-03 00:00:00
3471,3774,2025-03-30 00:00:00,2025-03-30 00:00:00,2025-04-01 00:00:00
3472,3775,2025-03-31 00:00:00,2025-04-02 00:00:00,2025-04-05 00:00:00
3473,3776,2025-03-31 00:00:00,2025-03-29 00:00:00,2025-04-01 00:00:00
3474,3777,2025-03-31 00:00:00,2025-03-30 00:00:00,2025-04-03 00:00:00
3475,3778,2025-03-31 00:00:00,2025-03-30 00:00:00,2025-04-01 00:00:00
3476,3779,2025-04-01 00:00:00,2025-03-31 00:00:00,2025-04-02 00:00:00
3477,3780,2025-04-02 00:00:00,2025-03-31 00:00:00,2025-04-02 00:00:00
3478,3781,2025-04-01 00:00:00,2025-03-31 00:00:00,2025-04-03 00:00:00
3479,3782,2025-04-02 00:00:00,2025-04-01 00:00:00,2025-04-02 00:00:00
3480,3783,2025-03-31 00:00:00,2025-03-31 00:00:00,2025-04-01 00:00:00
3481,3784,2025-04-01 00:00:00,2025-04-03 00:00:00,2025-04-06 00:00:00
3482,3785,2025-04-01 00:00:00,2025-03-31 00:00:00,2025-04-02 00:00:00
3483,3786,2025-04-01 00:00:00,2025-04-01 00:00:00,2025-04-05 00:00:00
3484,3787,2025-04-01 00:00:00,2025-04-01 00:00:00,2025-04-02 00:00:00
3485,3788,2025-03-31 00:00:00,2025-04-03 00:00:00,2025-04-04 00:00:00
3486,3790,2025-04-01 00:00:00,2025-04-01 00:00:00,2025-04-04 00:00:00
3487,3791,2025-03-31 00:00:00,2025-03-30 00:00:00,2025-04-03 00:00:00
3488,3792,2025-04-01 00:00:00,,
3489,3793,2025-03-31 00:00:00,2025-04-01 00:00:00,2025-04-05 00:00:00
3490,3794,2025-04-01 00:00:00,2025-03-31 00:00:00,2025-04-02 00:00:00
3491,3795,2025-03-31 00:00:00,2025-03-31 00:00:00,2025-04-03 00:00:00
3492,3796,2025-04-01 00:00:00,2025-04-03 00:00:00,2025-04-06 00:00:00
3493,3797,2025-04-01 00:00:00,2025-03-30 00:00:00,2025-04-01 00:00:00
3494,3798,2025-04-01 00:00:00,2025-03-30 00:00:00,2025-04-03 00:00:00
3495,3799,2025-04-01 00:00:00,2025-04-03 00:00:00,2025-04-06 00:00:00
3496,3800,2025-04-01 00:00:00,,
3497,3802,2025-04-01 00:00:00,2025-03-31 00:00:00,2025-04-02 00:00:00
3498,3803,2025-04-02 00:00:00,2025-03-31 00:00:00,2025-04-01 00:00:00
3499,3804,2025-04-01 00:00:00,2025-03-30 00:00:00,2025-04-02 00:00:00
3500,3805,2025-03-31 00:00:00,2025-03-31 00:00:00,2025-04-04 00:00:00
3501,3806,2025-04-02 00:00:00,2025-04-01 00:00:00,2025-04-03 00:00:00
3502,3807,2025-04-01 00:00:00,2025-04-01 00:00:00,2025-04-03 00:00:00
3503,3808,2025-04-01 00:00:00,2025-03-31 00:00:00,2025-04-04 00:00:00
3504,3809,2025-03-31 00:00:00,2025-03-31 00:00:00,2025-04-01 00:00:00
3505,3810,2025-03-31 00:00:00,2025-03-31 00:00:00,2025-04-01 00:00:00
3506,3811,2025-04-01 00:00:00,2025-04-05 00:00:00,2025-04-08 00:00:00
3507,3812,2025-03-31 00:00:00,2025-03-31 00:00:00,2025-04-04 00:00:00
3508,3813,2025-04-01 00:00:00,2025-03-31 00:00:00,2025-04-03 00:00:00
3509,3814,2025-04-01 00:00:00,2025-04-03 00:00:00,2025-04-05 00:00:00
3510,3815,2025-03-31 00:00:00,2025-03-31 00:00:00,2025-04-01 00:00:00
3511,3817,2025-03-31 00:00:00,2025-03-31 00:00:00,2025-04-03 00:00:00
3512,3818,2025-04-02 00:00:00,2025-03-31 00:00:00,2025-04-04 00:00:00
3513,3819,2025-04-01 00:00:00,2025-03-30 00:00:00,2025-04-01 00:00:00
3514,3820,2025-04-01 00:00:00,2025-04-01 00:00:00,2025-04-02 00:00:00
3515,3821,2025-03-31 00:00:00,2025-04-01 00:00:00,2025-04-03 00:00:00
3516,3822,2025-04-01 00:00:00,2025-03-31 00:00:00,2025-04-03 00:00:00
3517,3823,2025-03-31 00:00:00,2025-04-05 00:00:00,2025-04-06 00:00:00
3518,3824,2025-04-02 00:00:00,2025-03-31 00:00:00,2025-04-03 00:00:00
3519,3825,2025-03-31 00:00:00,2025-03-31 00:00:00,2025-04-04 00:00:00
3520,3826,2025-03-31 00:00:00,2025-04-03 00:00:00,2025-04-07 00:00:00
3521,3827,2025-04-02 00:00:00,2025-04-01 00:00:00,2025-04-05 00:00:00
3522,3828,2025-04-01 00:00:00,2025-04-01 00:00:00,2025-04-02 00:00:00
3523,3829,2025-04-01 00:00:00,2025-03-31 00:00:00,2025-04-04 00:00:00
3524,3830,2025-04-01 00:00:00,2025-04-01 00:00:00,2025-04-02 00:00:00
3525,3831,2025-04-03 00:00:00,2025-04-04 00:00:00,2025-04-06 00:00:00
3526,3832,2025-04-02 00:00:00,2025-04-02 00:00:00,2025-04-04 00:00:00
3527,3833,2025-04-02 00:00:00,2025-04-01 00:00:00,2025-04-05 00:00:00
3528,3835,2025-04-02 00:00:00,2025-04-04 00:00:00,2025-04-08 00:00:00
3529,3836,2025-04-01 00:00:00,2025-04-02 00:00:00,2025-04-05 00:00:00
3530,3837,2025-04-02 00:00:00,2025-04-01 00:00:00,2025-04-03 00:00:00
3531,3838,2025-04-02 00:00:00,2025-04-01 00:00:00,2025-04-03 00:00:00
3532,3839,2025-04-02 00:00:00,2025-04-01 00:00:00,2025-04-04 00:00:00
3533,3840,2025-04-03 00:00:00,2025-04-06 00:00:00,2025-04-09 00:00:00
3534,3841,2025-04-01 00:00:00,2025-04-01 00:00:00,2025-04-05 00:00:00
3535,3842,2025-04-02 00:00:00,2025-04-02 00:00:00,2025-04-05 00:00:00
3536,3844,2025-04-02 00:00:00,2025-03-31 00:00:00,2025-04-04 00:00:00
3537,3845,2025-04-02 00:00:00,2025-04-01 00:00:00,2025-04-03 00:00:00
3538,3846,2025-04-03 00:00:00,2025-04-01 00:00:00,2025-04-03 00:00:00
3539,3847,2025-04-02 00:00:00,2025-03-31 00:00:00,2025-04-02 00:00:00
3540,3848,2025-04-02 00:00:00,2025-03-31 00:00:00,2025-04-03 00:00:00
3541,3849,2025-04-03 00:00:00,2025-04-02 00:00:00,2025-04-04 00:00:00
3542,3850,2025-04-03 00:00:00,2025-04-06 00:00:00,2025-04-08 00:00:00
3543,3851,2025-04-02 00:00:00,2025-04-02 00:00:00,2025-04-03 00:00:00
3544,3852,2025-04-02 00:00:00,,
3545,3853,2025-04-02 00:00:00,2025-03-31 00:00:00,2025-04-01 00:00:00
3546,3854,2025-04-03 00:00:00,2025-04-02 00:00:00,2025-04-03 00:00:00
3547,3855,2025-04-01 00:00:00,2025-03-31 00:00:00,2025-04-03 00:00:00
3548,3856,2025-04-02 00:00:00,2025-04-04 00:00:00,2025-04-08 00:00:00
3549,3857,2025-04-01 00:00:00,2025-04-02 00:00:00,2025-04-03 00:00:00
3550,3858,2025-04-01 00:00:00,2025-04-02 00:00:00,2025-04-05 00:00:00
3551,3859,2025-04-02 00:00:00,2025-04-02 00:00:00,2025-04-04 00:00:00
3552,3860,2025-04-01 00:00:00,2025-04-01 00:00:00,2025-04-03 00:00:00
3553,3862,2025-04-01 00:00:00,2025-04-01 00:00:00,2025-04-05 00:00:00
3554,3863,2025-04-02 00:00:00,,
3555,3864,2025-04-01 00:00:00,2025-04-01 00:00:00,2025-04-02 00:00:00
3556,3865,2025-04-02 00:00:00,2025-04-01 00:00:00,2025-04-03 00:00:00
3557,3866,2025-04-03 00:00:00,2025-03-31 00:00:00,2025-04-04 00:00:00
3558,3867,2025-04-03 00:00:00,2025-04-01 00:00:00,2025-04-02 00:00:00
3559,3868,2025-04-02 00:00:00,2025-04-04 00:00:00,2025-04-06 00:00:00
3560,3869,2025-04-02 00:00:00,2025-04-01 00:00:00,2025-04-05 00:00:00
3561,3870,2025-04-02 00:00:00,2025-04-01 00:00:00,2025-04-04 00:00:00
3562,3871,2025-04-03 00:00:00,2025-03-31 00:00:00,2025-04-03 00:00:00
3563,3872,2025-04-02 00:00:00,,
3564,3873,2025-04-01 00:00:00,2025-04-04 00:00:00,2025-04-08 00:00:00
3565,3874,2025-04-02 00:00:00,2025-03-31 00:00:00,2025-04-03 00:00:00
3566,3875,2025-04-01 00:00:00,2025-04-01 00:00:00,2025-04-04 00:00:00
3567,3876,2025-04-02 00:00:00,2025-04-01 00:00:00,2025-04-03 00:00:00
3568,3877,2025-04-02 00:00:00,2025-04-01 00:00:00,2025-04-02 00:00:00
3569,3878,2025-04-02 00:00:00,2025-04-02 00:00:00,2025-04-05 00:00:00
3570,3879,2025-04-04 00:00:00,2025-04-01 00:00:00,2025-04-04 00:00:00
3571,3880,2025-04-02 00:00:00,2025-04-02 00:00:00,2025-04-03 00:00:00
3572,3881,2025-04-03 00:00:00,2025-04-01 00:00:00,2025-04-05 00:00:00
3573,3882,2025-04-04 00:00:00,2025-04-03 00:00:00,2025-04-05 00:00:00
3574,3883,2025-04-03 00:00:00,2025-04-01 00:00:00,2025-04-05 00:00:00
3575,3884,2025-04-04 00:00:00,2025-04-02 00:00:00,2025-04-06 00:00:00
3576,3885,2025-04-04 00:00:00,2025-04-01 00:00:00,2025-04-03 00:00:00
3577,3886,2025-04-04 00:00:00,,
3578,3887,2025-04-02 00:00:00,2025-04-02 00:00:00,2025-04-04 00:00:00
3579,3888,2025-04-03 00:00:00,2025-04-03 00:00:00,2025-04-05 00:00:00
3580,3889,2025-04-02 00:00:00,2025-04-03 00:00:00,2025-04-06 00:00:00
3581,3890,2025-04-02 00:00:00,2025-04-03 00:00:00,2025-04-05 00:00:00
3582,3891,2025-04-03 00:00:00,2025-04-03 00:00:00,2025-04-04 00:00:00
3583,3892,2025-04-03 00:00:00,2025-04-03 00:00:00,2025-04-05 00:00:00
3584,3893,2025-04-04 00:00:00,2025-04-02 00:00:00,2025-04-03 00:00:00
3585,3894,2025-04-03 00:00:00,2025-04-02 00:00:00,2025-04-04 00:00:00
3586,3895,2025-04-03 00:00:00,2025-04-02 00:00:00,2025-04-06 00:00:00
3587,3896,2025-04-03 00:00:00,2025-04-05 00:00:00,2025-04-08 00:00:00
3588,3897,2025-04-03 00:00:00,2025-04-02 00:00:00,2025-04-05 00:00:00
3589,3898,2025-04-03 00:00:00,2025-04-01 00:00:00,2025-04-03 00:00:00
3590,3899,2025-04-03 00:00:00,2025-04-05 00:00:00,2025-04-09 00:00:00
3591,3900,2025-04-03 00:00:00,2025-04-02 00:00:00,2025-04-04 00:00:00
3592,3901,2025-04-02 00:00:00,2025-04-02 00:00:00,2025-04-04 00:00:00
3593,3902,2025-04-02 00:00:00,2025-04-05 00:00:00,2025-04-07 00:00:00
3594,3903,2025-04-04 00:00:00,2025-04-02 00:00:00,2025-04-05 00:00:00
3595,3905,2025-04-02 00:00:00,2025-04-01 00:00:00,2025-04-04 00:00:00
3596,3906,2025-04-03 00:00:00,2025-04-02 00:00:00,2025-04-05 00:00:00
3597,3907,2025-04-04 00:00:00,2025-04-03 00:00:00,2025-04-05 00:00:00
3598,3908,2025-04-02 00:00:00,2025-04-03 00:00:00,2025-04-06 00:00:00
3599,3909,2025-04-02 00:00:00,2025-04-02 00:00:00,2025-04-05 00:00:00
3600,3910,2025-04-03 00:00:00,2025-04-03 00:00:00,2025-04-04 00:00:00
3601,3911,2025-04-03 00:00:00,2025-04-03 00:00:00,2025-04-07 00:00:00
3602,3912,2025-04-03 00:00:00,2025-04-02 00:00:00,2025-04-06 00:00:00
3603,3913,2025-04-02 00:00:00,2025-04-03 00:00:00,2025-04-04 00:00:00
3604,3914,2025-04-03 00:00:00,2025-04-02 00:00:00,2025-04-06 00:00:00
3605,3915,2025-04-03 00:00:00,2025-04-03 00:00:00,2025-04-06 00:00:00
3606,3916,2025-04-03 00:00:00,2025-04-02 00:00:00,2025-04-05 00:00:00
3607,3917,2025-04-03 00:00:00,2025-04-01 00:00:00,2025-04-02 00:00:00
3608,3919,2025-04-04 00:00:00,2025-04-02 00:00:00,2025-04-06 00:00:00
3609,3920,2025-04-03 00:00:00,2025-04-03 00:00:00,2025-04-04 00:00:00
3610,3921,2025-04-03 00:00:00,,
3611,3922,2025-04-03 00:00:00,2025-04-03 00:00:00,2025-04-04 00:00:00
3612,3923,2025-04-02 00:00:00,2025-04-02 00:00:00,2025-04-06 00:00:00
3613,3924,2025-04-03 00:00:00,2025-04-02 00:00:00,2025-04-06 00:00:00
3614,3925,2025-04-03 00:00:00,2025-04-03 00:00:00,2025-04-05 00:00:00
3615,3927,2025-04-03 00:00:00,2025-04-02 00:00:00,2025-04-05 00:00:00
3616,3928,2025-04-03 00:00:00,2025-04-01 00:00:00,2025-04-04 00:00:00
3617,3929,2025-04-03 00:00:00,2025-04-02 00:00:00,2025-04-03 00:00:00
3618,3930,2025-04-04 00:00:00,2025-04-02 00:00:00,2025-04-05 00:00:00
3619,3931,2025-04-03 00:00:00,2025-04-02 00:00:00,2025-04-05 00:00:00
3620,3932,2025-04-02 00:00:00,2025-04-02 00:00:00,2025-04-05 00:00:00
3621,3935,2025-04-04 00:00:00,2025-04-03 00:00:00,2025-04-04 00:00:00
