order_id,order_created_at,order_status,campaign_id,region
1,2025-01-01 05:37:00,completed,,Central
2,2025-01-01 16:56:00,completed,,South
3,2025-01-01 05:08:00,completed,,Central
4,2025-01-01 01:10:00,completed,,North
5,2025-01-01 02:33:00,completed,,North
6,2025-01-01 04:38:00,completed,,Central
7,2025-01-01 18:07:00,completed,,Central
8,2025-01-01 06:57:00,completed,,East
9,2025-01-01 17:17:00,completed,,Central
10,2025-01-01 19:44:00,completed,,South
11,2025-01-01 23:37:00,completed,,South
12,2025-01-01 19:51:00,completed,,East
13,2025-01-01 05:01:00,completed,,East
14,2025-01-01 05:11:00,completed,,North
15,2025-01-01 07:13:00,completed,,Central
16,2025-01-01 17:14:00,completed,,Central
17,2025-01-01 12:14:00,completed,,North
18,2025-01-01 17:37:00,completed,,Central
19,2025-01-01 05:53:00,completed,,East
20,2025-01-01 02:07:00,completed,,Central
21,2025-01-01 09:42:00,processing,,East
22,2025-01-01 12:23:00,completed,,North
23,2025-01-01 23:07:00,completed,,North
24,2025-01-01 20:07:00,completed,,East
25,2025-01-01 05:22:00,completed,,North
26,2025-01-01 14:22:00,completed,,Central
27,2025-01-01 07:15:00,completed,,East
28,2025-01-01 23:26:00,processing,,East
29,2025-01-01 02:47:00,processing,,South
30,2025-01-01 01:32:00,completed,,North
31,2025-01-01 13:42:00,processing,,North
32,2025-01-01 17:18:00,completed,,East
33,2025-01-01 05:45:00,completed,,North
34,2025-01-01 21:37:00,refunded,,South
35,2025-01-01 17:38:00,completed,,South
36,2025-01-01 20:08:00,cancelled,,North
37,2025-01-01 13:14:00,completed,,Central
38,2025-01-01 19:09:00,completed,,Central
39,2025-01-01 20:05:00,completed,,South
40,2025-01-01 19:34:00,completed,,South
41,2025-01-01 08:38:00,completed,,South
42,2025-01-01 20:55:00,completed,,East
43,2025-01-01 12:29:00,completed,,Central
44,2025-01-01 19:07:00,completed,,South
45,2025-01-01 08:12:00,completed,,South
46,2025-01-01 05:22:00,completed,,East
47,2025-01-01 00:05:00,completed,,Central
48,2025-01-01 17:37:00,completed,,Central
49,2025-01-01 10:55:00,completed,,North
50,2025-01-02 04:46:00,completed,,Central
51,2025-01-02 12:42:00,completed,,North
52,2025-01-02 04:57:00,completed,,North
53,2025-01-02 07:27:00,completed,,North
54,2025-01-02 04:18:00,refunded,,South
55,2025-01-02 07:44:00,completed,,Central
56,2025-01-02 16:47:00,completed,,East
57,2025-01-02 08:03:00,completed,,Central
58,2025-01-02 22:35:00,completed,,Central
59,2025-01-02 20:25:00,completed,,South
60,2025-01-02 00:13:00,completed,,South
61,2025-01-02 01:41:00,refunded,,East
62,2025-01-02 22:09:00,completed,,East
63,2025-01-02 11:53:00,completed,,South
64,2025-01-02 11:25:00,completed,,North
65,2025-01-02 02:22:00,completed,,North
66,2025-01-02 08:10:00,completed,,North
67,2025-01-02 21:19:00,completed,,East
68,2025-01-02 19:11:00,completed,,South
69,2025-01-02 19:46:00,completed,,South
70,2025-01-02 11:44:00,completed,,East
71,2025-01-02 11:27:00,completed,,Central
72,2025-01-02 09:50:00,completed,,East
73,2025-01-02 16:17:00,completed,,South
74,2025-01-02 16:08:00,completed,,South
75,2025-01-02 09:26:00,processing,,Central
76,2025-01-02 20:35:00,completed,,Central
77,2025-01-02 06:41:00,processing,,East
78,2025-01-02 08:52:00,completed,,South
79,2025-01-02 13:04:00,completed,,South
80,2025-01-02 13:42:00,completed,,East
81,2025-01-02 19:42:00,cancelled,,Central
82,2025-01-03 02:33:00,completed,,Central
83,2025-01-03 05:47:00,completed,,North
84,2025-01-03 19:42:00,completed,,East
85,2025-01-03 11:26:00,completed,,East
86,2025-01-03 07:29:00,completed,,Central
87,2025-01-03 18:06:00,completed,,Central
88,2025-01-03 18:17:00,completed,,East
89,2025-01-03 10:34:00,completed,,North
90,2025-01-03 18:39:00,completed,,East
91,2025-01-03 00:28:00,completed,,South
92,2025-01-03 14:09:00,completed,,South
93,2025-01-03 13:43:00,completed,,Central
94,2025-01-03 16:27:00,completed,,South
95,2025-01-03 02:05:00,completed,,Central
96,2025-01-03 19:23:00,completed,,Central
97,2025-01-03 04:16:00,completed,,South
98,2025-01-03 18:01:00,completed,,East
99,2025-01-03 10:24:00,completed,,Central
100,2025-01-03 14:51:00,completed,,Central
101,2025-01-03 23:33:00,completed,,Central
102,2025-01-03 23:08:00,completed,,Central
103,2025-01-03 19:06:00,completed,,Central
104,2025-01-03 04:44:00,processing,,East
105,2025-01-03 16:31:00,completed,,North
106,2025-01-03 20:42:00,completed,,Central
107,2025-01-03 13:20:00,completed,,South
108,2025-01-03 17:47:00,completed,,East
109,2025-01-03 17:47:00,completed,,South
110,2025-01-03 23:58:00,completed,,North
111,2025-01-03 07:40:00,completed,,South
112,2025-01-03 16:29:00,completed,,South
113,2025-01-03 14:29:00,completed,,East
114,2025-01-03 10:25:00,completed,,North
115,2025-01-03 02:16:00,completed,,South
116,2025-01-03 09:48:00,completed,,North
117,2025-01-03 20:46:00,refunded,,South
118,2025-01-03 01:29:00,completed,,South
119,2025-01-03 17:52:00,processing,,South
120,2025-01-03 22:52:00,completed,,Central
121,2025-01-04 13:52:00,completed,,East
122,2025-01-04 21:53:00,completed,,South
123,2025-01-04 03:12:00,completed,,South
124,2025-01-04 15:40:00,completed,,North
125,2025-01-04 03:11:00,completed,,East
126,2025-01-04 14:40:00,completed,,Central
127,2025-01-04 22:21:00,completed,,East
128,2025-01-04 18:25:00,completed,,South
129,2025-01-04 15:25:00,completed,,North
130,2025-01-04 11:40:00,completed,,Central
131,2025-01-04 01:08:00,completed,,Central
132,2025-01-04 23:00:00,completed,,Central
133,2025-01-04 04:09:00,processing,,South
134,2025-01-04 13:39:00,completed,,South
135,2025-01-04 05:40:00,completed,,East
136,2025-01-04 02:36:00,completed,,South
137,2025-01-04 08:11:00,processing,,South
138,2025-01-04 05:54:00,completed,,Central
139,2025-01-04 09:37:00,completed,,Central
140,2025-01-04 12:33:00,completed,,Central
141,2025-01-04 07:05:00,completed,,East
142,2025-01-04 13:38:00,completed,,North
143,2025-01-04 03:09:00,completed,,South
144,2025-01-04 06:23:00,completed,,East
145,2025-01-04 18:03:00,completed,,North
146,2025-01-04 12:34:00,completed,,East
147,2025-01-04 02:38:00,completed,,South
148,2025-01-04 00:29:00,completed,,South
149,2025-01-04 15:28:00,completed,,East
150,2025-01-04 06:46:00,completed,,Central
151,2025-01-04 21:14:00,completed,,Central
152,2025-01-04 03:03:00,processing,,South
153,2025-01-04 10:22:00,completed,,South
154,2025-01-04 22:26:00,completed,,North
155,2025-01-04 20:50:00,completed,,South
156,2025-01-04 15:45:00,completed,,Central
157,2025-01-04 01:51:00,completed,,South
158,2025-01-04 10:40:00,completed,,Central
159,2025-01-04 12:27:00,processing,,Central
160,2025-01-04 05:16:00,completed,,East
161,2025-01-04 00:44:00,completed,,North
162,2025-01-04 04:13:00,completed,,East
163,2025-01-04 17:44:00,completed,,North
164,2025-01-04 00:45:00,completed,,South
165,2025-01-05 21:18:00,cancelled,,East
166,2025-01-05 14:47:00,completed,,Central
167,2025-01-05 19:35:00,completed,,Central
168,2025-01-05 09:09:00,completed,,East
169,2025-01-05 00:04:00,completed,,Central
170,2025-01-05 12:33:00,unknown_status,,East
171,2025-01-05 01:54:00,completed,,South
172,2025-01-05 13:20:00,refunded,,Central
173,2025-01-05 01:50:00,refunded,,Central
174,2025-01-05 19:58:00,completed,,North
175,2025-01-05 07:24:00,completed,,North
176,2025-01-05 04:41:00,completed,,South
177,2025-01-05 20:48:00,completed,,Central
178,2025-01-05 05:02:00,processing,,North
179,2025-01-05 05:48:00,completed,,Central
180,2025-01-05 02:08:00,completed,,South
181,2025-01-05 04:26:00,completed,,South
182,2025-01-05 07:26:00,completed,,North
183,2025-01-05 20:23:00,completed,,South
184,2025-01-05 09:06:00,completed,,East
185,2025-01-05 09:23:00,completed,,East
186,2025-01-05 16:38:00,completed,,East
187,2025-01-05 06:35:00,completed,,South
188,2025-01-05 01:25:00,completed,,North
189,2025-01-05 04:32:00,completed,,North
190,2025-01-05 09:52:00,completed,,Central
191,2025-01-05 14:01:00,processing,,Central
192,2025-01-05 07:13:00,completed,,South
193,2025-01-05 13:34:00,refunded,,South
194,2025-01-05 21:01:00,completed,,South
195,2025-01-05 22:52:00,completed,,North
196,2025-01-05 15:43:00,completed,,Central
197,2025-01-05 07:28:00,completed,,South
198,2025-01-05 02:39:00,completed,,North
199,2025-01-05 08:32:00,cancelled,,North
200,2025-01-05 04:54:00,completed,,Central
201,2025-01-05 00:20:00,completed,,North
202,2025-01-05 08:53:00,completed,,North
203,2025-01-05 02:04:00,completed,,Central
204,2025-01-05 06:00:00,completed,,Central
205,2025-01-05 11:55:00,processing,,Central
206,2025-01-05 03:12:00,completed,,Central
207,2025-01-05 00:45:00,completed,,Central
208,2025-01-05 06:21:00,completed,,Central
209,2025-01-05 08:10:00,completed,,South
210,2025-01-05 23:15:00,completed,,East
211,2025-01-05 08:58:00,completed,,Central
212,2025-01-05 11:44:00,cancelled,,East
213,2025-01-05 22:11:00,completed,,Central
214,2025-01-05 08:42:00,completed,,South
215,2025-01-06 17:54:00,completed,,Central
216,2025-01-06 01:56:00,completed,,Central
217,2025-01-06 19:47:00,processing,,East
218,2025-01-06 13:01:00,completed,,East
219,2025-01-06 12:36:00,completed,,South
220,2025-01-06 21:58:00,completed,,North
221,2025-01-06 03:03:00,completed,,Central
222,2025-01-06 23:33:00,completed,,North
223,2025-01-06 02:54:00,completed,,South
224,2025-01-06 01:38:00,completed,,South
225,2025-01-06 18:28:00,completed,,South
226,2025-01-06 07:37:00,completed,,Central
227,2025-01-06 08:49:00,completed,,South
228,2025-01-06 21:34:00,completed,,Central
229,2025-01-06 09:45:00,completed,,North
230,2025-01-06 04:16:00,completed,,North
231,2025-01-06 19:01:00,completed,,South
232,2025-01-06 02:10:00,completed,,South
233,2025-01-06 16:49:00,cancelled,,South
234,2025-01-06 10:07:00,completed,,South
235,2025-01-06 21:36:00,completed,,East
236,2025-01-06 16:11:00,completed,,North
237,2025-01-06 00:21:00,completed,,Central
238,2025-01-06 02:06:00,completed,,North
239,2025-01-06 13:36:00,cancelled,,South
240,2025-01-06 11:55:00,completed,,South
241,2025-01-06 21:38:00,completed,,South
242,2025-01-06 10:57:00,completed,,Central
243,2025-01-06 16:17:00,completed,,East
244,2025-01-06 08:11:00,completed,,North
245,2025-01-06 05:33:00,completed,,Central
246,2025-01-06 11:35:00,completed,,South
247,2025-01-06 01:25:00,completed,,Central
248,2025-01-06 04:23:00,completed,,East
249,2025-01-06 00:46:00,completed,,North
250,2025-01-06 10:58:00,completed,,East
251,2025-01-06 12:59:00,completed,,North
252,2025-01-06 07:28:00,completed,,South
253,2025-01-06 09:33:00,completed,,South
254,2025-01-07 10:54:00,processing,,Central
255,2025-01-07 18:02:00,completed,,Central
256,2025-01-07 13:20:00,completed,,South
257,2025-01-07 07:55:00,processing,,East
258,2025-01-07 20:16:00,completed,,East
259,2025-01-07 22:33:00,completed,,Central
260,2025-01-07 11:01:00,completed,,Central
261,2025-01-07 19:30:00,completed,,East
262,2025-01-07 03:53:00,completed,,North
263,2025-01-07 11:10:00,completed,,North
264,2025-01-07 22:36:00,completed,,North
265,2025-01-07 01:50:00,processing,,South
266,2025-01-07 11:52:00,completed,,East
267,2025-01-07 03:09:00,completed,,Central
268,2025-01-07 21:49:00,completed,,North
269,2025-01-07 07:26:00,completed,,South
270,2025-01-07 01:12:00,completed,,Central
271,2025-01-07 15:38:00,cancelled,,Central
272,2025-01-07 18:22:00,completed,,South
273,2025-01-07 07:30:00,completed,,East
274,2025-01-07 08:17:00,completed,,North
275,2025-01-07 21:43:00,completed,,North
276,2025-01-07 03:15:00,completed,,East
277,2025-01-07 21:32:00,completed,,North
278,2025-01-07 19:48:00,completed,,East
279,2025-01-07 14:17:00,completed,,South
280,2025-01-07 19:28:00,completed,,East
281,2025-01-07 04:30:00,refunded,,South
282,2025-01-07 07:44:00,completed,,North
283,2025-01-07 02:24:00,completed,,South
284,2025-01-07 16:59:00,refunded,,Central
285,2025-01-07 00:31:00,completed,,Central
286,2025-01-07 02:45:00,refunded,,East
287,2025-01-07 21:29:00,completed,,South
288,2025-01-07 10:27:00,completed,,North
289,2025-01-07 08:28:00,completed,,Central
290,2025-01-08 22:44:00,completed,,North
291,2025-01-08 03:38:00,completed,,East
292,2025-01-08 15:39:00,completed,,North
293,2025-01-08 02:48:00,completed,,South
294,2025-01-08 02:39:00,completed,,North
295,2025-01-08 08:47:00,completed,,East
296,2025-01-08 09:49:00,completed,,North
297,2025-01-08 15:29:00,completed,,South
298,2025-01-08 03:01:00,completed,,North
299,2025-01-08 21:01:00,completed,,South
300,2025-01-08 16:12:00,completed,,North
301,2025-01-08 10:07:00,completed,,Central
302,2025-01-08 05:33:00,completed,,East
303,2025-01-08 04:23:00,completed,,East
304,2025-01-08 22:45:00,completed,,South
305,2025-01-08 09:39:00,completed,,East
306,2025-01-08 15:41:00,completed,,East
307,2025-01-08 11:39:00,completed,,North
308,2025-01-08 14:26:00,completed,,South
309,2025-01-08 00:53:00,completed,,North
310,2025-01-08 22:19:00,completed,,North
311,2025-01-08 07:06:00,completed,,South
312,2025-01-08 20:13:00,processing,,North
313,2025-01-08 22:38:00,completed,,East
314,2025-01-08 15:23:00,completed,,South
315,2025-01-08 20:36:00,completed,,East
316,2025-01-08 11:38:00,processing,,South
317,2025-01-08 23:18:00,completed,,South
318,2025-01-08 02:55:00,refunded,,East
319,2025-01-08 11:47:00,completed,,South
320,2025-01-08 18:41:00,processing,,North
321,2025-01-08 23:14:00,completed,,East
322,2025-01-08 23:16:00,completed,,East
323,2025-01-08 06:54:00,completed,,Central
324,2025-01-08 05:25:00,completed,,Central
325,2025-01-08 08:41:00,completed,,North
326,2025-01-08 05:42:00,completed,,South
327,2025-01-08 15:58:00,completed,,North
328,2025-01-08 13:41:00,completed,,North
329,2025-01-08 23:10:00,completed,,East
330,2025-01-08 16:48:00,completed,,East
331,2025-01-08 06:22:00,completed,,East
332,2025-01-09 10:44:00,completed,,Central
333,2025-01-09 22:22:00,completed,,East
334,2025-01-09 10:59:00,processing,,East
335,2025-01-09 10:18:00,completed,,Central
336,2025-01-09 05:56:00,completed,,East
337,2025-01-09 04:11:00,completed,,East
338,2025-01-09 00:55:00,completed,,North
339,2025-01-09 03:40:00,completed,,North
340,2025-01-09 18:40:00,completed,,East
341,2025-01-09 03:43:00,completed,,North
342,2025-01-09 09:12:00,completed,,South
343,2025-01-09 09:30:00,completed,,East
344,2025-01-09 18:07:00,completed,,North
345,2025-01-09 03:36:00,completed,,South
346,2025-01-09 05:02:00,completed,,North
347,2025-01-09 16:50:00,completed,,Central
348,2025-01-09 03:16:00,completed,,North
349,2025-01-09 20:35:00,completed,,East
350,2025-01-09 09:49:00,completed,,East
351,2025-01-09 05:22:00,completed,,North
352,2025-01-09 01:44:00,completed,,Central
353,2025-01-09 16:14:00,refunded,,East
354,2025-01-09 21:25:00,completed,,Central
355,2025-01-09 12:19:00,completed,,East
356,2025-01-09 05:36:00,completed,,South
357,2025-01-09 21:15:00,completed,,South
358,2025-01-09 02:46:00,completed,,East
359,2025-01-09 04:16:00,completed,,East
360,2025-01-09 03:06:00,completed,,East
361,2025-01-09 22:57:00,completed,,South
362,2025-01-09 23:58:00,completed,,East
363,2025-01-09 09:24:00,processing,,North
364,2025-01-09 19:51:00,cancelled,,Central
365,2025-01-09 16:59:00,completed,,North
366,2025-01-09 01:19:00,completed,,Central
367,2025-01-09 13:49:00,completed,,East
368,2025-01-09 13:36:00,completed,,Central
369,2025-01-09 00:16:00,completed,,East
370,2025-01-09 16:04:00,completed,,Central
371,2025-01-10 20:44:00,completed,,South
372,2025-01-10 07:25:00,completed,,North
373,2025-01-10 04:34:00,unknown_status,,North
374,2025-01-10 18:10:00,completed,,Central
375,2025-01-10 12:06:00,completed,,South
376,2025-01-10 00:06:00,completed,,North
377,2025-01-10 11:43:00,completed,,North
378,2025-01-10 11:21:00,completed,,South
379,2025-01-10 02:55:00,completed,,South
380,2025-01-10 20:32:00,completed,,East
381,2025-01-10 00:48:00,processing,,North
382,2025-01-10 07:13:00,completed,,Central
383,2025-01-10 21:34:00,cancelled,,East
384,2025-01-10 01:03:00,completed,,Central
385,2025-01-10 08:34:00,cancelled,,South
386,2025-01-10 22:49:00,completed,,Central
387,2025-01-10 13:44:00,completed,,North
388,2025-01-10 07:41:00,completed,,South
389,2025-01-10 19:55:00,completed,,East
390,2025-01-10 19:35:00,completed,,East
391,2025-01-10 15:49:00,processing,,South
392,2025-01-10 23:10:00,completed,,Central
393,2025-01-10 14:52:00,completed,,North
394,2025-01-10 08:47:00,cancelled,,North
395,2025-01-10 01:17:00,processing,,North
396,2025-01-10 00:55:00,completed,,Central
397,2025-01-10 05:41:00,completed,,East
398,2025-01-10 00:31:00,completed,,Central
399,2025-01-10 19:49:00,processing,,East
400,2025-01-10 12:05:00,completed,,North
401,2025-01-10 09:54:00,completed,,Central
402,2025-01-10 17:36:00,completed,,Central
403,2025-01-10 04:13:00,processing,,North
404,2025-01-11 23:31:00,completed,,Central
405,2025-01-11 01:57:00,cancelled,,Central
406,2025-01-11 06:48:00,processing,,East
407,2025-01-11 14:25:00,completed,,East
408,2025-01-11 19:30:00,completed,,South
409,2025-01-11 20:12:00,completed,,South
410,2025-01-11 09:02:00,completed,,East
411,2025-01-11 10:38:00,completed,,Central
412,2025-01-11 03:51:00,completed,,Central
413,2025-01-11 14:11:00,processing,,East
414,2025-01-11 15:28:00,completed,,South
415,2025-01-11 18:02:00,completed,,East
416,2025-01-11 07:36:00,completed,,South
417,2025-01-11 16:18:00,completed,,South
418,2025-01-11 19:13:00,completed,,Central
419,2025-01-11 01:08:00,completed,,North
420,2025-01-11 18:19:00,cancelled,,Central
421,2025-01-11 02:12:00,completed,,North
422,2025-01-11 20:53:00,completed,,North
423,2025-01-11 18:07:00,completed,,East
424,2025-01-11 08:06:00,processing,,North
425,2025-01-11 03:13:00,completed,,East
426,2025-01-11 22:36:00,completed,,North
427,2025-01-11 12:46:00,completed,,North
428,2025-01-11 16:55:00,completed,,South
429,2025-01-11 01:20:00,completed,,South
430,2025-01-11 05:26:00,refunded,,North
431,2025-01-11 07:37:00,completed,,North
432,2025-01-11 02:27:00,completed,,South
433,2025-01-11 05:24:00,completed,,Central
434,2025-01-11 14:05:00,completed,,South
435,2025-01-11 11:47:00,completed,,East
436,2025-01-11 05:51:00,completed,,East
437,2025-01-11 18:38:00,completed,,South
438,2025-01-11 14:00:00,completed,,Central
439,2025-01-11 00:41:00,completed,,East
440,2025-01-12 15:03:00,completed,,South
441,2025-01-12 11:00:00,completed,,South
442,2025-01-12 13:52:00,cancelled,,South
443,2025-01-12 18:48:00,completed,,South
444,2025-01-12 19:25:00,completed,,East
445,2025-01-12 06:00:00,completed,,North
446,2025-01-12 04:00:00,processing,,North
447,2025-01-12 02:35:00,completed,,Central
448,2025-01-12 20:12:00,completed,,South
449,2025-01-12 19:19:00,completed,,South
450,2025-01-12 01:47:00,completed,,East
451,2025-01-12 21:51:00,completed,,Central
452,2025-01-12 15:51:00,completed,,South
453,2025-01-12 18:53:00,completed,,Central
454,2025-01-12 07:34:00,completed,,North
455,2025-01-12 04:24:00,completed,,South
456,2025-01-12 00:26:00,completed,,Central
457,2025-01-12 19:00:00,completed,,Central
458,2025-01-12 11:13:00,completed,,South
459,2025-01-12 07:37:00,completed,,North
460,2025-01-12 17:50:00,completed,,East
461,2025-01-12 03:12:00,completed,,North
462,2025-01-12 06:55:00,completed,,North
463,2025-01-12 15:11:00,completed,,East
464,2025-01-12 21:35:00,processing,,East
465,2025-01-12 15:14:00,completed,,South
466,2025-01-12 20:06:00,completed,,Central
467,2025-01-12 23:51:00,completed,,South
468,2025-01-12 09:27:00,completed,,East
469,2025-01-12 11:49:00,completed,,North
470,2025-01-12 16:26:00,completed,,North
471,2025-01-12 04:41:00,completed,,Central
472,2025-01-12 02:50:00,completed,,South
473,2025-01-12 17:51:00,completed,,South
474,2025-01-12 06:29:00,processing,,Central
475,2025-01-12 09:53:00,completed,,North
476,2025-01-12 07:43:00,completed,,South
477,2025-01-12 15:04:00,processing,,North
478,2025-01-12 11:37:00,completed,,Central
479,2025-01-12 01:59:00,completed,,South
480,2025-01-12 02:09:00,refunded,,North
481,2025-01-12 16:09:00,completed,,South
482,2025-01-12 02:05:00,completed,,South
483,2025-01-12 12:41:00,completed,,Central
484,2025-01-12 13:12:00,processing,,North
485,2025-01-12 12:03:00,completed,,North
486,2025-01-12 09:15:00,completed,,Central
487,2025-01-12 15:42:00,refunded,,South
488,2025-01-12 04:31:00,processing,,North
489,2025-01-13 12:18:00,processing,,Central
490,2025-01-13 04:49:00,completed,,South
491,2025-01-13 22:32:00,completed,,North
492,2025-01-13 13:06:00,completed,,East
493,2025-01-13 02:09:00,completed,,East
494,2025-01-13 01:54:00,refunded,,South
495,2025-01-13 22:05:00,completed,,South
496,2025-01-13 02:44:00,completed,,East
497,2025-01-13 16:17:00,completed,,East
498,2025-01-13 00:43:00,completed,,North
499,2025-01-13 14:01:00,refunded,,South
500,2025-01-13 17:58:00,unknown_status,,North
501,2025-01-13 14:41:00,completed,,North
502,2025-01-13 05:22:00,processing,,Central
503,2025-01-13 22:01:00,completed,,East
504,2025-01-13 12:25:00,processing,,East
505,2025-01-13 06:41:00,completed,,East
506,2025-01-13 12:29:00,completed,,South
507,2025-01-13 00:34:00,completed,,South
508,2025-01-13 16:58:00,completed,,North
509,2025-01-13 12:38:00,completed,,Central
510,2025-01-13 22:02:00,completed,,East
511,2025-01-13 22:25:00,completed,,East
512,2025-01-13 19:07:00,completed,,South
513,2025-01-13 06:23:00,completed,,Central
514,2025-01-13 10:01:00,completed,,South
515,2025-01-13 00:32:00,completed,,Central
516,2025-01-13 03:34:00,completed,,East
517,2025-01-13 11:26:00,processing,,South
518,2025-01-13 05:26:00,completed,,North
519,2025-01-13 03:30:00,completed,,South
520,2025-01-13 17:37:00,completed,,South
521,2025-01-13 08:51:00,completed,,East
522,2025-01-13 02:56:00,completed,,Central
523,2025-01-13 03:19:00,processing,,South
524,2025-01-13 10:20:00,completed,,South
525,2025-01-13 12:51:00,completed,,East
526,2025-01-13 10:03:00,completed,,North
527,2025-01-13 12:44:00,completed,,North
528,2025-01-13 19:52:00,refunded,,East
529,2025-01-13 11:23:00,completed,,South
530,2025-01-13 04:53:00,completed,,South
531,2025-01-13 17:59:00,processing,,South
532,2025-01-14 23:14:00,completed,,Central
533,2025-01-14 17:27:00,processing,,North
534,2025-01-14 16:59:00,completed,,Central
535,2025-01-14 00:59:00,refunded,,South
536,2025-01-14 19:41:00,completed,,South
537,2025-01-14 09:47:00,completed,,Central
538,2025-01-14 21:33:00,refunded,,North
539,2025-01-14 19:43:00,completed,,East
540,2025-01-14 04:19:00,completed,,South
541,2025-01-14 20:21:00,completed,,South
542,2025-01-14 17:24:00,cancelled,,East
543,2025-01-14 22:08:00,processing,,Central
544,2025-01-14 13:29:00,completed,,South
545,2025-01-14 03:42:00,completed,,South
546,2025-01-14 01:01:00,completed,,Central
547,2025-01-14 10:15:00,cancelled,,South
548,2025-01-14 00:40:00,completed,,North
549,2025-01-14 01:37:00,completed,,Central
550,2025-01-14 16:36:00,completed,,East
551,2025-01-14 09:07:00,processing,,South
552,2025-01-14 03:28:00,completed,,South
553,2025-01-14 08:13:00,completed,,South
554,2025-01-14 10:58:00,completed,,Central
555,2025-01-14 22:52:00,completed,,East
556,2025-01-14 09:02:00,completed,,East
557,2025-01-14 04:29:00,completed,,Central
558,2025-01-14 17:04:00,completed,,North
559,2025-01-14 21:22:00,completed,,East
560,2025-01-14 09:04:00,completed,,South
561,2025-01-14 07:18:00,completed,,North
562,2025-01-14 07:41:00,completed,,Central
563,2025-01-14 14:39:00,completed,,North
564,2025-01-14 18:51:00,completed,,East
565,2025-01-14 01:46:00,completed,,East
566,2025-01-14 17:51:00,completed,,North
567,2025-01-14 18:12:00,completed,,Central
568,2025-01-14 08:18:00,completed,,North
569,2025-01-14 22:51:00,completed,,South
570,2025-01-14 01:09:00,completed,,North
571,2025-01-14 01:37:00,completed,,East
572,2025-01-14 22:20:00,processing,,North
573,2025-01-14 20:04:00,completed,,South
574,2025-01-15 15:47:00,completed,,East
575,2025-01-15 13:04:00,completed,,Central
576,2025-01-15 05:34:00,completed,,North
577,2025-01-15 10:37:00,completed,,South
578,2025-01-15 00:03:00,completed,,East
579,2025-01-15 17:29:00,completed,,North
580,2025-01-15 20:35:00,completed,,Central
581,2025-01-15 06:15:00,completed,,North
582,2025-01-15 14:48:00,completed,,South
583,2025-01-15 09:38:00,cancelled,,East
584,2025-01-15 21:18:00,completed,,Central
585,2025-01-15 09:31:00,completed,,South
586,2025-01-15 14:26:00,completed,,East
587,2025-01-15 08:12:00,completed,,Central
588,2025-01-15 18:57:00,completed,,North
589,2025-01-15 17:05:00,completed,,Central
590,2025-01-15 21:07:00,completed,,South
591,2025-01-15 20:26:00,completed,,Central
592,2025-01-15 10:22:00,completed,,East
593,2025-01-15 06:14:00,completed,,North
594,2025-01-15 06:51:00,completed,,East
595,2025-01-15 13:36:00,completed,,North
596,2025-01-15 16:29:00,completed,,Central
597,2025-01-15 13:55:00,completed,,Central
598,2025-01-15 20:23:00,completed,,South
599,2025-01-15 15:08:00,cancelled,,South
600,2025-01-15 18:50:00,refunded,,North
601,2025-01-15 17:02:00,completed,,East
602,2025-01-15 00:36:00,completed,,North
603,2025-01-15 02:40:00,completed,,North
604,2025-01-15 14:10:00,completed,,South
605,2025-01-15 16:35:00,processing,,East
606,2025-01-15 05:05:00,completed,,South
607,2025-01-15 11:44:00,completed,,South
608,2025-01-15 14:15:00,completed,,Central
609,2025-01-15 17:06:00,completed,,Central
610,2025-01-15 05:53:00,processing,,Central
611,2025-01-15 04:37:00,completed,,Central
612,2025-01-15 15:58:00,completed,,Central
613,2025-01-15 11:42:00,completed,,East
614,2025-01-15 01:22:00,completed,,East
615,2025-01-15 02:17:00,completed,,South
616,2025-01-15 15:19:00,completed,,East
617,2025-01-15 10:03:00,completed,,North
618,2025-01-15 03:41:00,completed,,North
619,2025-01-15 16:07:00,completed,,North
620,2025-01-16 13:02:00,completed,,North
621,2025-01-16 01:53:00,completed,,South
622,2025-01-16 06:50:00,completed,,North
623,2025-01-16 12:57:00,completed,,South
624,2025-01-16 22:37:00,completed,,South
625,2025-01-16 00:28:00,completed,,North
626,2025-01-16 04:59:00,completed,,East
627,2025-01-16 05:03:00,completed,,East
628,2025-01-16 22:46:00,completed,,Central
629,2025-01-16 21:35:00,completed,,Central
630,2025-01-16 03:27:00,refunded,,East
631,2025-01-16 19:28:00,refunded,,East
632,2025-01-16 00:51:00,completed,,Central
633,2025-01-16 15:18:00,completed,,Central
634,2025-01-16 20:51:00,completed,,Central
635,2025-01-16 06:17:00,completed,,East
636,2025-01-16 16:49:00,completed,,East
637,2025-01-16 07:50:00,completed,,East
638,2025-01-16 23:21:00,completed,,East
639,2025-01-16 12:18:00,completed,,East
640,2025-01-16 15:58:00,completed,,South
641,2025-01-16 09:31:00,completed,,South
642,2025-01-16 21:21:00,completed,,South
643,2025-01-16 07:14:00,completed,,South
644,2025-01-16 12:37:00,completed,,North
645,2025-01-16 17:08:00,completed,,Central
646,2025-01-16 02:40:00,refunded,,North
647,2025-01-16 14:04:00,completed,,East
648,2025-01-16 18:42:00,completed,,Central
649,2025-01-16 07:05:00,completed,,North
650,2025-01-16 03:08:00,completed,,North
651,2025-01-16 22:47:00,processing,,Central
652,2025-01-16 13:22:00,completed,,Central
653,2025-01-16 08:53:00,completed,,East
654,2025-01-16 06:24:00,completed,,South
655,2025-01-16 12:59:00,completed,,East
656,2025-01-16 02:29:00,completed,,East
657,2025-01-16 17:41:00,completed,,Central
658,2025-01-16 08:33:00,completed,,North
659,2025-01-17 02:45:00,completed,,South
660,2025-01-17 06:40:00,completed,,Central
661,2025-01-17 05:45:00,completed,,South
662,2025-01-17 02:53:00,completed,,South
663,2025-01-17 01:27:00,completed,,South
664,2025-01-17 12:14:00,completed,,East
665,2025-01-17 02:52:00,completed,,East
666,2025-01-17 10:03:00,completed,,North
667,2025-01-17 12:27:00,processing,,Central
668,2025-01-17 22:42:00,completed,,Central
669,2025-01-17 08:00:00,completed,,North
670,2025-01-17 06:56:00,completed,,East
671,2025-01-17 01:49:00,cancelled,,East
672,2025-01-17 20:08:00,completed,,South
673,2025-01-17 02:33:00,completed,,East
674,2025-01-17 13:12:00,completed,,South
675,2025-01-17 01:53:00,refunded,,Central
676,2025-01-17 19:08:00,processing,,Central
677,2025-01-17 10:38:00,processing,,East
678,2025-01-17 03:45:00,completed,,South
679,2025-01-17 21:22:00,completed,,South
680,2025-01-17 09:02:00,completed,,East
681,2025-01-17 14:15:00,completed,,East
682,2025-01-17 03:47:00,completed,,North
683,2025-01-17 17:08:00,completed,,East
684,2025-01-17 10:42:00,completed,,East
685,2025-01-17 09:18:00,completed,,North
686,2025-01-17 07:42:00,completed,,South
687,2025-01-17 16:24:00,completed,,East
688,2025-01-17 06:48:00,completed,,East
689,2025-01-17 11:17:00,completed,,North
690,2025-01-17 22:33:00,completed,,South
691,2025-01-17 22:35:00,completed,,Central
692,2025-01-17 12:21:00,completed,,Central
693,2025-01-17 08:19:00,completed,,South
694,2025-01-17 05:10:00,completed,,North
695,2025-01-17 00:54:00,completed,,Central
696,2025-01-17 22:24:00,processing,,South
697,2025-01-17 22:01:00,completed,,South
698,2025-01-17 17:16:00,completed,,North
699,2025-01-17 10:18:00,completed,,East
700,2025-01-18 21:00:00,processing,,South
701,2025-01-18 10:18:00,completed,,North
702,2025-01-18 03:31:00,completed,,South
703,2025-01-18 06:46:00,processing,,South
704,2025-01-18 06:24:00,cancelled,,North
705,2025-01-18 04:31:00,completed,,North
706,2025-01-18 01:22:00,completed,,South
707,2025-01-18 22:43:00,completed,,East
708,2025-01-18 00:34:00,processing,,North
709,2025-01-18 08:41:00,completed,,Central
710,2025-01-18 17:05:00,processing,,Central
711,2025-01-18 07:31:00,completed,,South
712,2025-01-18 09:54:00,completed,,East
713,2025-01-18 00:06:00,completed,,North
714,2025-01-18 04:25:00,refunded,,Central
715,2025-01-18 22:58:00,completed,,East
716,2025-01-18 13:11:00,completed,,North
717,2025-01-18 02:59:00,completed,,South
718,2025-01-18 18:16:00,completed,,North
719,2025-01-18 17:35:00,completed,,Central
720,2025-01-18 01:42:00,completed,,North
721,2025-01-18 07:05:00,cancelled,,East
722,2025-01-18 22:15:00,completed,,Central
723,2025-01-18 14:35:00,processing,,Central
724,2025-01-18 23:17:00,completed,,South
725,2025-01-18 06:58:00,completed,,Central
726,2025-01-18 03:59:00,completed,,East
727,2025-01-18 10:10:00,completed,,South
728,2025-01-18 07:13:00,completed,,East
729,2025-01-18 01:15:00,completed,,East
730,2025-01-18 22:39:00,completed,,South
731,2025-01-18 13:27:00,cancelled,,Central
732,2025-01-18 23:59:00,completed,,East
733,2025-01-18 09:55:00,processing,,South
734,2025-01-18 18:59:00,processing,,Central
735,2025-01-19 08:38:00,completed,,Central
736,2025-01-19 20:16:00,completed,,Central
737,2025-01-19 22:49:00,cancelled,,South
738,2025-01-19 21:54:00,processing,,East
739,2025-01-19 16:40:00,completed,,Central
740,2025-01-19 23:16:00,refunded,,South
741,2025-01-19 01:03:00,completed,,Central
742,2025-01-19 17:14:00,completed,,East
743,2025-01-19 22:12:00,completed,,South
744,2025-01-19 19:31:00,completed,,Central
745,2025-01-19 07:37:00,completed,,East
746,2025-01-19 14:24:00,completed,,North
747,2025-01-19 22:02:00,completed,,South
748,2025-01-19 02:06:00,completed,,North
749,2025-01-19 22:13:00,completed,,South
750,2025-01-19 14:02:00,completed,,East
751,2025-01-19 14:44:00,refunded,,Central
752,2025-01-19 01:20:00,completed,,North
753,2025-01-19 19:33:00,completed,,Central
754,2025-01-19 16:11:00,refunded,,Central
755,2025-01-19 20:20:00,completed,,East
756,2025-01-19 21:11:00,refunded,,South
757,2025-01-19 00:35:00,processing,,East
758,2025-01-19 02:36:00,completed,,North
759,2025-01-19 04:47:00,processing,,East
760,2025-01-19 02:36:00,completed,,Central
761,2025-01-19 14:41:00,completed,,East
762,2025-01-19 23:37:00,completed,,South
763,2025-01-19 19:37:00,completed,,Central
764,2025-01-19 23:34:00,processing,,Central
765,2025-01-19 23:09:00,completed,,East
766,2025-01-19 15:27:00,completed,,South
767,2025-01-19 11:18:00,completed,,South
768,2025-01-19 22:30:00,completed,,North
769,2025-01-19 03:30:00,completed,,East
770,2025-01-19 18:20:00,completed,,Central
771,2025-01-19 01:22:00,completed,,North
772,2025-01-19 14:06:00,completed,,Central
773,2025-01-19 04:11:00,completed,,East
774,2025-01-19 00:20:00,completed,,East
775,2025-01-19 10:43:00,completed,,South
776,2025-01-19 03:30:00,completed,,North
777,2025-01-19 16:27:00,completed,,North
778,2025-01-19 13:52:00,completed,,South
779,2025-01-19 21:56:00,completed,,Central
780,2025-01-19 04:37:00,completed,,Central
781,2025-01-19 05:36:00,completed,,North
782,2025-01-19 15:03:00,completed,,South
783,2025-01-20 08:45:00,completed,,Central
784,2025-01-20 05:08:00,cancelled,,Central
785,2025-01-20 23:05:00,completed,,Central
786,2025-01-20 10:07:00,completed,,South
787,2025-01-20 21:51:00,completed,,South
788,2025-01-20 19:33:00,completed,,North
789,2025-01-20 02:20:00,completed,,South
790,2025-01-20 01:19:00,completed,,East
791,2025-01-20 05:10:00,completed,,North
792,2025-01-20 00:07:00,completed,,South
793,2025-01-20 03:44:00,completed,,East
794,2025-01-20 17:40:00,completed,,East
795,2025-01-20 06:41:00,cancelled,,South
796,2025-01-20 01:52:00,completed,,Central
797,2025-01-20 17:40:00,completed,,Central
798,2025-01-20 22:21:00,completed,,East
799,2025-01-20 00:55:00,processing,,South
800,2025-01-20 06:10:00,completed,,South
801,2025-01-20 19:46:00,completed,,North
802,2025-01-20 17:29:00,completed,,East
803,2025-01-20 10:23:00,completed,,South
804,2025-01-20 08:43:00,completed,,East
805,2025-01-20 17:12:00,completed,,East
806,2025-01-20 09:45:00,completed,,East
807,2025-01-20 01:15:00,completed,,East
808,2025-01-20 02:00:00,completed,,East
809,2025-01-20 21:59:00,completed,,North
810,2025-01-20 16:23:00,completed,,Central
811,2025-01-20 10:30:00,completed,,North
812,2025-01-20 00:32:00,refunded,,East
813,2025-01-20 15:18:00,completed,,Central
814,2025-01-20 09:49:00,completed,,South
815,2025-01-20 17:40:00,completed,,South
816,2025-01-20 08:37:00,completed,,North
817,2025-01-20 08:37:00,completed,,South
818,2025-01-20 22:13:00,completed,,South
819,2025-01-20 17:39:00,processing,,East
820,2025-01-20 05:35:00,completed,,South
821,2025-01-20 15:34:00,processing,,North
822,2025-01-20 20:34:00,cancelled,,Central
823,2025-01-20 03:52:00,completed,,Central
824,2025-01-21 22:52:00,completed,,East
825,2025-01-21 22:08:00,completed,,Central
826,2025-01-21 11:05:00,completed,,East
827,2025-01-21 02:22:00,completed,,East
828,2025-01-21 16:05:00,completed,,Central
829,2025-01-21 20:04:00,completed,,Central
830,2025-01-21 10:43:00,completed,,East
831,2025-01-21 05:31:00,completed,,Central
832,2025-01-21 02:28:00,completed,,East
833,2025-01-21 08:19:00,completed,,East
834,2025-01-21 14:28:00,completed,,Central
835,2025-01-21 07:02:00,completed,,East
836,2025-01-21 11:51:00,completed,,East
837,2025-01-21 16:00:00,completed,,Central
838,2025-01-21 17:10:00,cancelled,,South
839,2025-01-21 21:57:00,completed,,Central
840,2025-01-21 11:49:00,processing,,North
841,2025-01-21 10:50:00,processing,,Central
842,2025-01-21 09:22:00,completed,,South
843,2025-01-21 08:11:00,processing,,Central
844,2025-01-21 19:35:00,completed,,Central
845,2025-01-21 10:23:00,completed,,South
846,2025-01-21 10:36:00,completed,,East
847,2025-01-21 16:24:00,cancelled,,Central
848,2025-01-21 20:07:00,completed,,North
849,2025-01-21 12:18:00,completed,,East
850,2025-01-21 08:47:00,completed,,South
851,2025-01-21 15:25:00,completed,,South
852,2025-01-21 08:46:00,completed,,East
853,2025-01-21 09:38:00,refunded,,Central
854,2025-01-21 12:21:00,completed,,North
855,2025-01-21 17:27:00,completed,,South
856,2025-01-21 12:43:00,processing,,North
857,2025-01-21 16:07:00,completed,,East
858,2025-01-21 02:54:00,completed,,South
859,2025-01-21 07:55:00,completed,,Central
860,2025-01-21 11:59:00,cancelled,,East
861,2025-01-21 12:55:00,processing,,South
862,2025-01-21 22:16:00,processing,,Central
863,2025-01-22 19:37:00,completed,,Central
864,2025-01-22 09:39:00,completed,,Central
865,2025-01-22 23:25:00,completed,,Central
866,2025-01-22 01:47:00,refunded,,South
867,2025-01-22 07:10:00,completed,,East
868,2025-01-22 01:19:00,completed,,South
869,2025-01-22 07:39:00,completed,,East
870,2025-01-22 21:36:00,completed,,North
871,2025-01-22 01:12:00,completed,,North
872,2025-01-22 05:06:00,completed,,East
873,2025-01-22 01:55:00,processing,,East
874,2025-01-22 22:40:00,completed,,Central
875,2025-01-22 22:49:00,completed,,East
876,2025-01-22 09:44:00,completed,,South
877,2025-01-22 03:50:00,completed,,South
878,2025-01-22 03:43:00,completed,,East
879,2025-01-22 08:28:00,completed,,North
880,2025-01-22 05:27:00,completed,,North
881,2025-01-22 17:00:00,completed,,Central
882,2025-01-22 22:16:00,completed,,Central
883,2025-01-22 17:42:00,completed,,South
884,2025-01-22 21:23:00,completed,,North
885,2025-01-22 16:35:00,completed,,North
886,2025-01-22 02:40:00,completed,,North
887,2025-01-22 02:37:00,completed,,Central
888,2025-01-22 14:30:00,completed,,North
889,2025-01-22 08:08:00,completed,,North
890,2025-01-22 06:03:00,completed,,Central
891,2025-01-22 05:30:00,completed,,North
892,2025-01-22 22:41:00,completed,,North
893,2025-01-22 04:28:00,completed,,North
894,2025-01-22 10:38:00,completed,,Central
895,2025-01-22 13:47:00,completed,,North
896,2025-01-22 02:28:00,unknown_status,,North
897,2025-01-23 06:04:00,completed,,South
898,2025-01-23 07:43:00,completed,,East
899,2025-01-23 06:56:00,completed,,North
900,2025-01-23 06:07:00,completed,,South
901,2025-01-23 09:36:00,completed,,Central
902,2025-01-23 07:35:00,completed,,Central
903,2025-01-23 05:03:00,completed,,Central
904,2025-01-23 09:16:00,completed,,South
905,2025-01-23 21:02:00,completed,,Central
906,2025-01-23 18:49:00,completed,,North
907,2025-01-23 08:36:00,completed,,South
908,2025-01-23 11:53:00,processing,,South
909,2025-01-23 02:26:00,completed,,South
910,2025-01-23 11:53:00,completed,,Central
911,2025-01-23 04:30:00,completed,,South
912,2025-01-23 11:52:00,refunded,,Central
913,2025-01-23 16:26:00,completed,,Central
914,2025-01-23 05:59:00,completed,,South
915,2025-01-23 11:14:00,completed,,North
916,2025-01-23 22:43:00,completed,,South
917,2025-01-23 05:44:00,processing,,Central
918,2025-01-23 20:45:00,completed,,Central
919,2025-01-23 16:21:00,refunded,,South
920,2025-01-23 21:58:00,completed,,North
921,2025-01-23 22:50:00,completed,,North
922,2025-01-23 10:08:00,completed,,North
923,2025-01-23 22:42:00,completed,,Central
924,2025-01-23 12:41:00,completed,,Central
925,2025-01-23 10:07:00,completed,,East
926,2025-01-23 22:28:00,completed,,East
927,2025-01-23 17:35:00,completed,,North
928,2025-01-23 02:41:00,completed,,South
929,2025-01-23 16:28:00,completed,,North
930,2025-01-23 21:01:00,completed,,East
931,2025-01-23 22:10:00,completed,,North
932,2025-01-23 05:42:00,completed,,East
933,2025-01-23 05:45:00,completed,,East
934,2025-01-23 04:15:00,refunded,,North
935,2025-01-23 21:59:00,completed,,North
936,2025-01-23 23:11:00,completed,,East
937,2025-01-23 09:36:00,completed,,South
938,2025-01-23 00:38:00,completed,,North
939,2025-01-23 07:42:00,processing,,East
940,2025-01-23 08:08:00,completed,,North
941,2025-01-24 08:55:00,completed,,East
942,2025-01-24 23:33:00,completed,,East
943,2025-01-24 02:59:00,processing,,Central
944,2025-01-24 17:36:00,completed,,South
945,2025-01-24 21:21:00,completed,,East
946,2025-01-24 00:08:00,completed,,South
947,2025-01-24 05:28:00,cancelled,,Central
948,2025-01-24 04:52:00,completed,,East
949,2025-01-24 09:34:00,completed,,South
950,2025-01-24 06:57:00,processing,,East
951,2025-01-24 15:43:00,completed,,North
952,2025-01-24 17:34:00,completed,,East
953,2025-01-24 22:18:00,completed,,North
954,2025-01-24 03:02:00,processing,,South
955,2025-01-24 04:27:00,completed,,East
956,2025-01-24 12:28:00,completed,,North
957,2025-01-24 02:20:00,completed,,Central
958,2025-01-24 14:46:00,completed,,Central
959,2025-01-24 09:42:00,cancelled,,East
960,2025-01-24 17:48:00,processing,,North
961,2025-01-24 15:51:00,completed,,Central
962,2025-01-24 10:26:00,completed,,East
963,2025-01-24 18:02:00,completed,,South
964,2025-01-24 05:54:00,completed,,East
965,2025-01-24 02:19:00,processing,,North
966,2025-01-24 15:29:00,processing,,Central
967,2025-01-24 17:52:00,completed,,South
968,2025-01-24 05:23:00,completed,,East
969,2025-01-24 05:40:00,processing,,North
970,2025-01-24 11:29:00,completed,,South
971,2025-01-24 09:17:00,cancelled,,South
972,2025-01-24 12:56:00,completed,,North
973,2025-01-24 00:22:00,processing,,Central
974,2025-01-24 21:59:00,cancelled,,Central
975,2025-01-24 08:23:00,completed,,South
976,2025-01-24 16:05:00,completed,,Central
977,2025-01-24 12:55:00,cancelled,,South
978,2025-01-24 10:03:00,completed,,North
979,2025-01-24 21:55:00,completed,,Central
980,2025-01-24 13:46:00,completed,,North
981,2025-01-24 22:30:00,processing,,East
982,2025-01-24 07:44:00,completed,,East
983,2025-01-24 00:41:00,refunded,,South
984,2025-01-25 01:54:00,completed,,Central
985,2025-01-25 05:53:00,completed,,East
986,2025-01-25 16:34:00,cancelled,,North
987,2025-01-25 15:56:00,completed,,Central
988,2025-01-25 01:20:00,completed,,Central
989,2025-01-25 05:59:00,completed,,Central
990,2025-01-25 16:54:00,cancelled,,North
991,2025-01-25 16:10:00,completed,,East
992,2025-01-25 18:17:00,completed,,South
993,2025-01-25 13:41:00,refunded,,North
994,2025-01-25 15:24:00,completed,,South
995,2025-01-25 05:42:00,completed,,East
996,2025-01-25 22:21:00,completed,,South
997,2025-01-25 23:46:00,unknown_status,,East
998,2025-01-25 03:08:00,unknown_status,,South
999,2025-01-25 06:34:00,completed,,East
1000,2025-01-25 11:13:00,completed,,East
1001,2025-01-25 15:53:00,processing,,Central
1002,2025-01-25 07:07:00,completed,,South
1003,2025-01-25 21:29:00,completed,,North
1004,2025-01-25 11:07:00,completed,,North
1005,2025-01-25 16:07:00,completed,,South
1006,2025-01-25 03:32:00,refunded,,Central
1007,2025-01-25 14:56:00,completed,,East
1008,2025-01-25 17:14:00,completed,,South
1009,2025-01-25 23:17:00,completed,,South
1010,2025-01-25 14:00:00,processing,,Central
1011,2025-01-25 04:37:00,processing,,North
1012,2025-01-25 12:45:00,completed,,South
1013,2025-01-25 02:14:00,completed,,South
1014,2025-01-25 06:05:00,completed,,North
1015,2025-01-25 22:24:00,completed,,North
1016,2025-01-25 17:24:00,completed,,South
1017,2025-01-25 18:29:00,completed,,South
1018,2025-01-25 00:21:00,completed,,South
1019,2025-01-25 20:31:00,completed,,East
1020,2025-01-25 12:59:00,completed,,East
1021,2025-01-25 14:02:00,processing,,South
1022,2025-01-25 00:30:00,completed,,North
1023,2025-01-25 21:51:00,completed,,East
1024,2025-01-25 22:52:00,completed,,North
1025,2025-01-25 15:40:00,completed,,Central
1026,2025-01-25 19:20:00,completed,,South
1027,2025-01-25 01:08:00,completed,,South
1028,2025-01-25 21:56:00,unknown_status,,East
1029,2025-01-25 23:00:00,completed,,East
1030,2025-01-25 20:09:00,completed,,East
1031,2025-01-25 15:25:00,completed,,North
1032,2025-01-25 02:57:00,completed,,Central
1033,2025-01-25 23:03:00,completed,,East
1034,2025-01-25 06:06:00,completed,,East
1035,2025-01-25 11:02:00,processing,,North
1036,2025-01-25 04:27:00,completed,,East
1037,2025-01-25 05:21:00,completed,,North
1038,2025-01-25 23:34:00,completed,,South
1039,2025-01-25 06:49:00,completed,,North
1040,2025-01-25 21:50:00,completed,,Central
1041,2025-01-25 04:57:00,cancelled,,Central
1042,2025-01-25 03:34:00,completed,,South
1043,2025-01-25 02:10:00,processing,,North
1044,2025-01-25 05:03:00,completed,,Central
1045,2025-01-25 05:18:00,completed,,North
1046,2025-01-25 03:03:00,processing,,Central
1047,2025-01-25 11:11:00,completed,,East
1048,2025-01-26 15:05:00,completed,,North
1049,2025-01-26 02:23:00,completed,,North
1050,2025-01-26 14:06:00,processing,,South
1051,2025-01-26 20:16:00,completed,,Central
1052,2025-01-26 17:59:00,completed,,Central
1053,2025-01-26 04:12:00,completed,,East
1054,2025-01-26 17:45:00,completed,,Central
1055,2025-01-26 13:44:00,refunded,,Central
1056,2025-01-26 17:30:00,processing,,Central
1057,2025-01-26 13:47:00,completed,,South
1058,2025-01-26 15:12:00,completed,,South
1059,2025-01-26 17:33:00,completed,,East
1060,2025-01-26 20:31:00,completed,,East
1061,2025-01-26 05:17:00,processing,,East
1062,2025-01-26 01:27:00,completed,,North
1063,2025-01-26 11:13:00,completed,,North
1064,2025-01-26 22:57:00,completed,,Central
1065,2025-01-26 17:49:00,processing,,North
1066,2025-01-26 09:36:00,completed,,Central
1067,2025-01-26 18:41:00,cancelled,,South
1068,2025-01-26 16:48:00,completed,,Central
1069,2025-01-26 01:42:00,completed,,Central
1070,2025-01-26 23:11:00,completed,,Central
1071,2025-01-26 23:19:00,completed,,North
1072,2025-01-26 03:16:00,completed,,East
1073,2025-01-26 15:10:00,completed,,North
1074,2025-01-26 09:17:00,processing,,East
1075,2025-01-26 20:58:00,processing,,North
1076,2025-01-26 01:24:00,completed,,East
1077,2025-01-26 15:49:00,cancelled,,South
1078,2025-01-26 14:41:00,completed,,East
1079,2025-01-26 16:41:00,completed,,East
1080,2025-01-26 11:27:00,completed,,Central
1081,2025-01-26 14:53:00,completed,,Central
1082,2025-01-26 15:12:00,completed,,South
1083,2025-01-26 15:13:00,completed,,South
1084,2025-01-26 11:10:00,completed,,East
1085,2025-01-26 23:46:00,completed,,South
1086,2025-01-26 08:53:00,completed,,North
1087,2025-01-26 21:17:00,unknown_status,,East
1088,2025-01-26 02:40:00,completed,,North
1089,2025-01-26 21:29:00,completed,,North
1090,2025-01-26 09:17:00,completed,,North
1091,2025-01-26 06:42:00,completed,,North
1092,2025-01-26 03:24:00,completed,,Central
1093,2025-01-26 16:35:00,completed,,North
1094,2025-01-26 00:23:00,completed,,South
1095,2025-01-27 12:18:00,completed,,South
1096,2025-01-27 15:06:00,completed,,North
1097,2025-01-27 06:22:00,completed,,South
1098,2025-01-27 18:40:00,completed,,North
1099,2025-01-27 15:45:00,completed,,South
1100,2025-01-27 01:30:00,completed,,Central
1101,2025-01-27 05:10:00,completed,,Central
1102,2025-01-27 14:30:00,completed,,Central
1103,2025-01-27 13:21:00,processing,,North
1104,2025-01-27 15:29:00,completed,,East
1105,2025-01-27 22:09:00,processing,,North
1106,2025-01-27 04:17:00,completed,,South
1107,2025-01-27 07:01:00,processing,,South
1108,2025-01-27 05:27:00,completed,,North
1109,2025-01-27 07:59:00,completed,,North
1110,2025-01-27 22:59:00,completed,,South
1111,2025-01-27 05:55:00,completed,,South
1112,2025-01-27 07:52:00,completed,,North
1113,2025-01-27 21:31:00,completed,,Central
1114,2025-01-27 07:18:00,completed,,North
1115,2025-01-27 23:41:00,completed,,Central
1116,2025-01-27 15:49:00,completed,,North
1117,2025-01-27 18:33:00,completed,,East
1118,2025-01-27 19:25:00,completed,,South
1119,2025-01-27 01:05:00,completed,,East
1120,2025-01-27 08:45:00,completed,,East
1121,2025-01-27 19:55:00,completed,,Central
1122,2025-01-27 14:52:00,completed,,Central
1123,2025-01-27 21:05:00,completed,,Central
1124,2025-01-27 05:22:00,completed,,East
1125,2025-01-27 17:54:00,completed,,Central
1126,2025-01-27 00:58:00,completed,,North
1127,2025-01-27 09:53:00,completed,,North
1128,2025-01-27 09:05:00,completed,,South
1129,2025-01-27 00:10:00,unknown_status,,North
1130,2025-01-27 17:40:00,processing,,South
1131,2025-01-27 04:15:00,completed,,Central
1132,2025-01-27 05:53:00,processing,,East
1133,2025-01-27 19:27:00,completed,,East
1134,2025-01-27 13:12:00,refunded,,Central
1135,2025-01-27 18:50:00,completed,,Central
1136,2025-01-28 01:44:00,completed,,South
1137,2025-01-28 07:37:00,completed,,Central
1138,2025-01-28 12:53:00,completed,,North
1139,2025-01-28 02:21:00,completed,,South
1140,2025-01-28 03:19:00,completed,,East
1141,2025-01-28 02:30:00,completed,,South
1142,2025-01-28 15:30:00,completed,,South
1143,2025-01-28 06:02:00,completed,,South
1144,2025-01-28 16:37:00,processing,,East
1145,2025-01-28 20:48:00,refunded,,South
1146,2025-01-28 06:31:00,completed,,Central
1147,2025-01-28 15:59:00,completed,,East
1148,2025-01-28 22:52:00,completed,,East
1149,2025-01-28 21:56:00,processing,,North
1150,2025-01-28 21:43:00,refunded,,North
1151,2025-01-28 02:50:00,completed,,South
1152,2025-01-28 13:23:00,completed,,East
1153,2025-01-28 14:28:00,completed,,East
1154,2025-01-28 11:35:00,completed,,Central
1155,2025-01-28 14:53:00,processing,,South
1156,2025-01-28 08:12:00,completed,,East
1157,2025-01-28 17:28:00,completed,,East
1158,2025-01-28 17:16:00,completed,,South
1159,2025-01-28 14:47:00,completed,,South
1160,2025-01-28 09:14:00,completed,,East
1161,2025-01-28 20:46:00,completed,,East
1162,2025-01-28 22:43:00,completed,,South
1163,2025-01-28 19:40:00,completed,,North
1164,2025-01-28 20:27:00,processing,,North
1165,2025-01-28 07:08:00,completed,,East
1166,2025-01-28 22:24:00,completed,,South
1167,2025-01-28 10:48:00,completed,,South
1168,2025-01-28 10:04:00,completed,,North
1169,2025-01-28 07:35:00,processing,,Central
1170,2025-01-28 04:54:00,completed,,North
1171,2025-01-28 07:34:00,completed,,South
1172,2025-01-28 10:48:00,completed,,Central
1173,2025-01-28 18:17:00,completed,,East
1174,2025-01-28 17:08:00,completed,,North
1175,2025-01-28 12:50:00,completed,,South
1176,2025-01-28 00:38:00,completed,,Central
1177,2025-01-28 02:52:00,completed,,East
1178,2025-01-28 10:32:00,completed,,East
1179,2025-01-28 18:12:00,processing,,South
1180,2025-01-28 15:03:00,completed,,Central
1181,2025-01-28 01:33:00,completed,,East
1182,2025-01-28 03:47:00,completed,,Central
1183,2025-01-28 04:34:00,completed,,Central
1184,2025-01-28 21:40:00,completed,,East
1185,2025-01-28 17:45:00,completed,,South
1186,2025-01-29 17:06:00,cancelled,,South
1187,2025-01-29 04:53:00,processing,,North
1188,2025-01-29 03:58:00,completed,,South
1189,2025-01-29 11:24:00,completed,,South
1190,2025-01-29 11:39:00,completed,,North
1191,2025-01-29 09:20:00,completed,,North
1192,2025-01-29 07:12:00,processing,,South
1193,2025-01-29 14:15:00,completed,,South
1194,2025-01-29 15:01:00,completed,,South
1195,2025-01-29 13:19:00,completed,,South
1196,2025-01-29 21:34:00,completed,,South
1197,2025-01-29 13:26:00,completed,,North
1198,2025-01-29 00:31:00,cancelled,,North
1199,2025-01-29 07:35:00,completed,,North
1200,2025-01-29 10:27:00,completed,,North
1201,2025-01-29 12:51:00,completed,,East
1202,2025-01-29 22:12:00,completed,,South
1203,2025-01-29 11:10:00,completed,,East
1204,2025-01-29 15:41:00,completed,,North
1205,2025-01-29 12:18:00,completed,,North
1206,2025-01-29 07:36:00,completed,,East
1207,2025-01-29 14:19:00,completed,,North
1208,2025-01-29 02:15:00,cancelled,,South
1209,2025-01-29 01:58:00,completed,,East
1210,2025-01-29 20:40:00,completed,,Central
1211,2025-01-29 05:48:00,completed,,South
1212,2025-01-29 16:53:00,processing,,East
1213,2025-01-29 15:07:00,completed,,North
1214,2025-01-29 07:23:00,completed,,East
1215,2025-01-29 20:55:00,completed,,East
1216,2025-01-29 13:07:00,completed,,Central
1217,2025-01-29 06:06:00,completed,,East
1218,2025-01-29 13:25:00,completed,,South
1219,2025-01-29 00:54:00,completed,,South
1220,2025-01-29 22:24:00,completed,,North
1221,2025-01-29 00:33:00,completed,,East
1222,2025-01-29 18:01:00,completed,,Central
1223,2025-01-29 11:24:00,completed,,Central
1224,2025-01-29 21:43:00,completed,,East
1225,2025-01-29 04:44:00,completed,,South
1226,2025-01-30 22:45:00,processing,,North
1227,2025-01-30 08:59:00,completed,,East
1228,2025-01-30 05:33:00,processing,,East
1229,2025-01-30 12:28:00,completed,,East
1230,2025-01-30 11:11:00,completed,,Central
1231,2025-01-30 20:40:00,cancelled,,South
1232,2025-01-30 18:27:00,completed,,East
1233,2025-01-30 19:33:00,completed,,East
1234,2025-01-30 09:17:00,completed,,East
1235,2025-01-30 11:37:00,completed,,South
1236,2025-01-30 02:24:00,completed,,South
1237,2025-01-30 02:44:00,completed,,North
1238,2025-01-30 12:47:00,completed,,North
1239,2025-01-30 12:04:00,completed,,North
1240,2025-01-30 10:39:00,completed,,South
1241,2025-01-30 13:45:00,processing,,Central
1242,2025-01-30 23:44:00,completed,,South
1243,2025-01-30 06:41:00,completed,,South
1244,2025-01-30 03:23:00,refunded,,Central
1245,2025-01-30 13:24:00,completed,,East
1246,2025-01-30 12:06:00,completed,,North
1247,2025-01-30 13:06:00,completed,,East
1248,2025-01-30 22:36:00,completed,,East
1249,2025-01-30 12:25:00,completed,,South
1250,2025-01-30 18:22:00,processing,,North
1251,2025-01-30 20:44:00,completed,,Central
1252,2025-01-30 20:13:00,completed,,South
1253,2025-01-30 22:20:00,completed,,North
1254,2025-01-30 11:59:00,completed,,North
1255,2025-01-30 02:53:00,completed,,East
1256,2025-01-30 10:35:00,completed,,East
1257,2025-01-30 03:06:00,completed,,South
1258,2025-01-30 22:18:00,completed,,East
1259,2025-01-30 01:33:00,completed,,North
1260,2025-01-30 12:14:00,completed,,Central
1261,2025-01-30 06:59:00,processing,,North
1262,2025-01-30 17:56:00,completed,,South
1263,2025-01-30 19:19:00,completed,,North
1264,2025-01-30 20:56:00,completed,,East
1265,2025-01-30 05:05:00,completed,,East
1266,2025-01-30 08:19:00,completed,,East
1267,2025-01-30 02:07:00,processing,,North
1268,2025-01-30 22:05:00,completed,,East
1269,2025-01-30 08:29:00,completed,,Central
1270,2025-01-30 20:09:00,completed,,Central
1271,2025-01-30 22:34:00,completed,,North
1272,2025-01-30 07:52:00,completed,,Central
1273,2025-01-30 22:04:00,completed,,North
1274,2025-01-30 21:50:00,completed,,South
1275,2025-01-31 22:15:00,completed,,East
1276,2025-01-31 20:10:00,completed,,South
1277,2025-01-31 10:45:00,completed,,North
1278,2025-01-31 15:15:00,completed,,East
1279,2025-01-31 21:09:00,completed,,North
1280,2025-01-31 23:41:00,completed,,East
1281,2025-01-31 22:52:00,cancelled,,South
1282,2025-01-31 07:18:00,processing,,North
1283,2025-01-31 00:37:00,completed,,North
1284,2025-01-31 23:06:00,completed,,Central
1285,2025-01-31 16:48:00,completed,,East
1286,2025-01-31 19:35:00,completed,,North
1287,2025-01-31 15:04:00,completed,,South
1288,2025-01-31 06:26:00,completed,,South
1289,2025-01-31 16:15:00,completed,,South
1290,2025-01-31 01:33:00,processing,,Central
1291,2025-01-31 17:21:00,completed,,East
1292,2025-01-31 00:40:00,completed,,East
1293,2025-01-31 20:28:00,completed,,East
1294,2025-01-31 12:00:00,completed,,South
1295,2025-01-31 07:34:00,completed,,North
1296,2025-01-31 11:22:00,completed,,South
1297,2025-01-31 07:24:00,completed,,East
1298,2025-01-31 07:34:00,completed,,South
1299,2025-01-31 12:37:00,processing,,Central
1300,2025-01-31 08:16:00,cancelled,,East
1301,2025-01-31 08:02:00,completed,,North
1302,2025-01-31 04:42:00,completed,,Central
1303,2025-01-31 08:15:00,completed,,South
1304,2025-01-31 09:47:00,completed,,South
1305,2025-01-31 13:28:00,completed,,South
1306,2025-01-31 23:59:00,completed,,East
1307,2025-01-31 22:20:00,completed,,Central
1308,2025-01-31 12:30:00,completed,,South
1309,2025-01-31 06:10:00,completed,,Central
1310,2025-02-01 07:49:00,completed,,Central
1311,2025-02-01 06:09:00,completed,,Central
1312,2025-02-01 09:15:00,completed,,East
1313,2025-02-01 15:25:00,completed,,South
1314,2025-02-01 08:58:00,completed,,Central
1315,2025-02-01 18:02:00,completed,,South
1316,2025-02-01 04:48:00,completed,,East
1317,2025-02-01 08:23:00,completed,,North
1318,2025-02-01 13:26:00,completed,,Central
1319,2025-02-01 12:13:00,completed,,Central
1320,2025-02-01 08:23:00,completed,,East
1321,2025-02-01 02:56:00,completed,,Central
1322,2025-02-01 22:52:00,completed,,Central
1323,2025-02-01 16:20:00,completed,,South
1324,2025-02-01 22:56:00,completed,,South
1325,2025-02-01 14:03:00,completed,,South
1326,2025-02-01 19:10:00,completed,,South
1327,2025-02-01 04:08:00,processing,,South
1328,2025-02-01 22:20:00,cancelled,,North
1329,2025-02-01 04:48:00,completed,,Central
1330,2025-02-01 05:06:00,processing,,South
1331,2025-02-01 22:08:00,completed,,North
1332,2025-02-01 23:47:00,completed,,South
1333,2025-02-01 09:24:00,processing,,Central
1334,2025-02-01 12:02:00,completed,,East
1335,2025-02-01 02:55:00,completed,,Central
1336,2025-02-01 14:00:00,completed,,North
1337,2025-02-01 19:03:00,completed,,South
1338,2025-02-01 04:50:00,completed,,Central
1339,2025-02-01 18:19:00,completed,,North
1340,2025-02-01 11:48:00,completed,,South
1341,2025-02-01 18:57:00,processing,,South
1342,2025-02-01 18:30:00,completed,,South
1343,2025-02-01 19:12:00,completed,,Central
1344,2025-02-01 04:31:00,completed,,East
1345,2025-02-01 10:26:00,completed,,East
1346,2025-02-01 18:33:00,completed,,South
1347,2025-02-01 10:46:00,cancelled,,North
1348,2025-02-02 23:48:00,completed,,South
1349,2025-02-02 21:30:00,processing,,South
1350,2025-02-02 21:23:00,refunded,,East
1351,2025-02-02 16:42:00,completed,,Central
1352,2025-02-02 07:23:00,processing,,East
1353,2025-02-02 16:07:00,cancelled,,North
1354,2025-02-02 02:48:00,processing,,North
1355,2025-02-02 10:22:00,completed,,South
1356,2025-02-02 00:13:00,completed,,East
1357,2025-02-02 23:37:00,completed,,South
1358,2025-02-02 00:37:00,completed,,South
1359,2025-02-02 06:33:00,completed,,North
1360,2025-02-02 07:58:00,cancelled,,East
1361,2025-02-02 10:48:00,completed,,Central
1362,2025-02-02 10:43:00,completed,,North
1363,2025-02-02 01:41:00,completed,,North
1364,2025-02-02 15:12:00,completed,,North
1365,2025-02-02 18:24:00,completed,,South
1366,2025-02-02 05:02:00,completed,,North
1367,2025-02-02 11:15:00,completed,,Central
1368,2025-02-02 16:25:00,unknown_status,,Central
1369,2025-02-02 21:48:00,completed,,East
1370,2025-02-02 02:13:00,processing,,South
1371,2025-02-02 14:15:00,completed,,East
1372,2025-02-02 13:17:00,completed,,North
1373,2025-02-02 10:00:00,completed,,South
1374,2025-02-02 04:29:00,completed,,South
1375,2025-02-02 10:54:00,completed,,East
1376,2025-02-02 18:55:00,completed,,Central
1377,2025-02-02 06:55:00,completed,,North
1378,2025-02-02 03:52:00,completed,,North
1379,2025-02-02 19:56:00,refunded,,North
1380,2025-02-02 15:53:00,completed,,South
1381,2025-02-02 07:04:00,completed,,Central
1382,2025-02-02 16:19:00,completed,,East
1383,2025-02-02 16:20:00,completed,,South
1384,2025-02-02 08:20:00,completed,,Central
1385,2025-02-02 04:44:00,completed,,North
1386,2025-02-02 06:39:00,cancelled,,North
1387,2025-02-02 01:43:00,completed,,North
1388,2025-02-02 19:23:00,completed,,Central
1389,2025-02-02 21:50:00,completed,,North
1390,2025-02-02 03:12:00,cancelled,,Central
1391,2025-02-02 00:53:00,processing,,Central
1392,2025-02-02 12:39:00,cancelled,,Central
1393,2025-02-02 08:17:00,completed,,Central
1394,2025-02-02 23:41:00,completed,,South
1395,2025-02-03 22:18:00,completed,,South
1396,2025-02-03 05:16:00,completed,,Central
1397,2025-02-03 06:24:00,completed,,South
1398,2025-02-03 00:15:00,processing,,East
1399,2025-02-03 00:46:00,completed,,North
1400,2025-02-03 09:27:00,processing,,Central
1401,2025-02-03 16:38:00,completed,,East
1402,2025-02-03 04:51:00,cancelled,,Central
1403,2025-02-03 13:01:00,completed,,East
1404,2025-02-03 10:18:00,completed,,South
1405,2025-02-03 01:06:00,refunded,,East
1406,2025-02-03 06:03:00,completed,,Central
1407,2025-02-03 14:48:00,completed,,East
1408,2025-02-03 20:13:00,completed,,North
1409,2025-02-03 04:57:00,refunded,,Central
1410,2025-02-03 01:05:00,processing,,East
1411,2025-02-03 22:44:00,completed,,South
1412,2025-02-03 21:05:00,completed,,Central
1413,2025-02-03 15:10:00,completed,,East
1414,2025-02-03 05:15:00,completed,,North
1415,2025-02-03 20:28:00,refunded,,South
1416,2025-02-03 08:36:00,completed,,North
1417,2025-02-03 00:44:00,completed,,East
1418,2025-02-03 20:01:00,processing,,East
1419,2025-02-03 21:18:00,completed,,Central
1420,2025-02-03 18:14:00,completed,,North
1421,2025-02-03 19:34:00,completed,,South
1422,2025-02-03 11:39:00,completed,,North
1423,2025-02-03 11:40:00,completed,,North
1424,2025-02-03 13:24:00,completed,,Central
1425,2025-02-03 05:10:00,completed,,Central
1426,2025-02-03 14:26:00,processing,,East
1427,2025-02-03 01:33:00,completed,,North
1428,2025-02-03 20:48:00,cancelled,,East
1429,2025-02-03 15:37:00,refunded,,East
1430,2025-02-03 02:31:00,completed,,South
1431,2025-02-03 23:22:00,completed,,East
1432,2025-02-03 00:40:00,completed,,South
1433,2025-02-03 03:58:00,completed,,South
1434,2025-02-03 05:39:00,completed,,North
1435,2025-02-03 19:05:00,completed,,East
1436,2025-02-03 22:24:00,completed,,North
1437,2025-02-03 04:27:00,completed,,Central
1438,2025-02-03 01:37:00,completed,,South
1439,2025-02-03 13:45:00,processing,,East
1440,2025-02-03 02:35:00,completed,,East
1441,2025-02-03 04:32:00,completed,,Central
1442,2025-02-03 05:21:00,completed,,North
1443,2025-02-03 18:07:00,completed,,South
1444,2025-02-03 00:32:00,processing,,South
1445,2025-02-03 07:45:00,completed,,Central
1446,2025-02-03 10:25:00,completed,,Central
1447,2025-02-04 17:43:00,completed,,East
1448,2025-02-04 09:59:00,completed,,Central
1449,2025-02-04 15:34:00,completed,,Central
1450,2025-02-04 05:06:00,completed,,East
1451,2025-02-04 19:19:00,refunded,,North
1452,2025-02-04 19:22:00,completed,,South
1453,2025-02-04 14:45:00,completed,,South
1454,2025-02-04 21:42:00,completed,,East
1455,2025-02-04 15:03:00,completed,,Central
1456,2025-02-04 07:17:00,cancelled,,North
1457,2025-02-04 12:59:00,completed,,South
1458,2025-02-04 14:01:00,completed,,North
1459,2025-02-04 23:55:00,cancelled,,Central
1460,2025-02-04 23:52:00,cancelled,,South
1461,2025-02-04 22:53:00,completed,,East
1462,2025-02-04 04:53:00,completed,,East
1463,2025-02-04 23:12:00,completed,,South
1464,2025-02-04 14:34:00,completed,,Central
1465,2025-02-04 11:24:00,completed,,North
1466,2025-02-04 07:33:00,completed,,North
1467,2025-02-04 12:00:00,completed,,East
1468,2025-02-04 16:23:00,completed,,East
1469,2025-02-04 05:46:00,completed,,East
1470,2025-02-04 17:57:00,completed,,South
1471,2025-02-04 08:03:00,completed,,East
1472,2025-02-04 22:16:00,completed,,East
1473,2025-02-04 01:11:00,completed,,North
1474,2025-02-04 17:51:00,unknown_status,,Central
1475,2025-02-04 05:30:00,completed,,South
1476,2025-02-04 13:12:00,completed,,North
1477,2025-02-04 14:10:00,completed,,Central
1478,2025-02-04 06:13:00,completed,,Central
1479,2025-02-04 19:54:00,processing,,North
1480,2025-02-04 20:28:00,completed,,North
1481,2025-02-04 06:02:00,processing,,Central
1482,2025-02-04 18:38:00,completed,,East
1483,2025-02-04 21:27:00,completed,,North
1484,2025-02-04 02:25:00,completed,,Central
1485,2025-02-04 02:01:00,completed,,East
1486,2025-02-04 00:49:00,completed,,South
1487,2025-02-04 20:22:00,completed,,North
1488,2025-02-04 09:11:00,completed,,Central
1489,2025-02-04 15:27:00,completed,,North
1490,2025-02-05 04:28:00,completed,,East
1491,2025-02-05 15:14:00,completed,,South
1492,2025-02-05 20:24:00,completed,,North
1493,2025-02-05 23:18:00,completed,,East
1494,2025-02-05 01:53:00,completed,,North
1495,2025-02-05 00:40:00,completed,,North
1496,2025-02-05 04:55:00,completed,,East
1497,2025-02-05 14:31:00,completed,,South
1498,2025-02-05 21:02:00,completed,,South
1499,2025-02-05 19:21:00,completed,,South
1500,2025-02-05 10:08:00,completed,,North
1501,2025-02-05 17:15:00,completed,,North
1502,2025-02-05 04:43:00,completed,,Central
1503,2025-02-05 01:51:00,refunded,,North
1504,2025-02-05 00:37:00,completed,,Central
1505,2025-02-05 06:55:00,cancelled,,Central
1506,2025-02-05 13:09:00,completed,,Central
1507,2025-02-05 08:58:00,processing,,North
1508,2025-02-05 23:16:00,completed,,East
1509,2025-02-05 00:18:00,completed,,East
1510,2025-02-05 01:22:00,completed,,North
1511,2025-02-05 12:42:00,unknown_status,,North
1512,2025-02-05 14:26:00,processing,,East
1513,2025-02-05 10:06:00,completed,,South
1514,2025-02-05 03:43:00,completed,,South
1515,2025-02-05 14:02:00,completed,,North
1516,2025-02-05 08:36:00,completed,,South
1517,2025-02-05 21:37:00,unknown_status,,North
1518,2025-02-05 18:14:00,completed,,Central
1519,2025-02-05 02:20:00,processing,,North
1520,2025-02-05 10:08:00,completed,,South
1521,2025-02-05 03:20:00,completed,,North
1522,2025-02-05 21:03:00,completed,,Central
1523,2025-02-05 00:33:00,completed,,East
1524,2025-02-05 13:37:00,processing,,Central
1525,2025-02-05 16:21:00,completed,,North
1526,2025-02-05 15:57:00,completed,,Central
1527,2025-02-05 02:53:00,processing,,East
1528,2025-02-05 11:58:00,completed,,Central
1529,2025-02-05 22:22:00,completed,,East
1530,2025-02-05 08:53:00,completed,,North
1531,2025-02-05 09:21:00,completed,,South
1532,2025-02-05 16:17:00,completed,,East
1533,2025-02-05 14:30:00,processing,,East
1534,2025-02-05 07:27:00,completed,,East
1535,2025-02-05 08:04:00,completed,,East
1536,2025-02-05 20:34:00,completed,,East
1537,2025-02-05 09:45:00,completed,,East
1538,2025-02-05 23:23:00,processing,,East
1539,2025-02-05 16:57:00,unknown_status,,North
1540,2025-02-05 12:08:00,completed,,Central
1541,2025-02-06 21:59:00,completed,,North
1542,2025-02-06 10:48:00,completed,,North
1543,2025-02-06 09:59:00,completed,,South
1544,2025-02-06 20:19:00,completed,,Central
1545,2025-02-06 06:18:00,completed,,Central
1546,2025-02-06 20:42:00,completed,,East
1547,2025-02-06 02:40:00,completed,,East
1548,2025-02-06 19:29:00,completed,,North
1549,2025-02-06 09:43:00,processing,,North
1550,2025-02-06 13:59:00,processing,,Central
1551,2025-02-06 00:01:00,completed,,East
1552,2025-02-06 05:25:00,completed,,East
1553,2025-02-06 03:34:00,processing,,North
1554,2025-02-06 08:03:00,processing,,South
1555,2025-02-06 14:37:00,cancelled,,North
1556,2025-02-06 00:03:00,completed,,North
1557,2025-02-06 13:22:00,completed,,South
1558,2025-02-06 20:11:00,completed,,North
1559,2025-02-06 12:49:00,completed,,Central
1560,2025-02-06 10:47:00,completed,,South
1561,2025-02-06 19:31:00,completed,,South
1562,2025-02-06 05:12:00,completed,,South
1563,2025-02-06 23:35:00,completed,,North
1564,2025-02-06 08:03:00,completed,,South
1565,2025-02-06 14:27:00,completed,,South
1566,2025-02-06 03:05:00,completed,,Central
1567,2025-02-06 04:08:00,completed,,North
1568,2025-02-06 02:25:00,completed,,East
1569,2025-02-06 10:58:00,completed,,South
1570,2025-02-06 19:46:00,completed,,Central
1571,2025-02-06 07:38:00,completed,,South
1572,2025-02-06 23:49:00,completed,,East
1573,2025-02-06 01:18:00,completed,,Central
1574,2025-02-06 15:00:00,completed,,South
1575,2025-02-06 15:41:00,completed,,Central
1576,2025-02-06 03:06:00,completed,,East
1577,2025-02-06 00:16:00,completed,,South
1578,2025-02-06 04:00:00,completed,,South
1579,2025-02-06 16:15:00,completed,,North
1580,2025-02-06 15:27:00,completed,,East
1581,2025-02-06 13:54:00,completed,,North
1582,2025-02-06 09:57:00,completed,,North
1583,2025-02-06 05:19:00,processing,,East
1584,2025-02-06 17:43:00,completed,,South
1585,2025-02-06 06:46:00,completed,,Central
1586,2025-02-06 03:29:00,processing,,East
1587,2025-02-07 19:56:00,completed,,East
1588,2025-02-07 18:21:00,completed,,South
1589,2025-02-07 01:58:00,completed,,Central
1590,2025-02-07 14:55:00,processing,,South
1591,2025-02-07 13:09:00,completed,,North
1592,2025-02-07 12:25:00,cancelled,,East
1593,2025-02-07 17:09:00,completed,,South
1594,2025-02-07 12:25:00,completed,,South
1595,2025-02-07 15:04:00,completed,,South
1596,2025-02-07 00:09:00,completed,,Central
1597,2025-02-07 23:43:00,processing,,South
1598,2025-02-07 15:41:00,completed,,East
1599,2025-02-07 15:31:00,completed,,North
1600,2025-02-07 02:42:00,completed,,East
1601,2025-02-07 04:35:00,completed,,Central
1602,2025-02-07 22:10:00,completed,,South
1603,2025-02-07 12:17:00,cancelled,,South
1604,2025-02-07 08:32:00,processing,,Central
1605,2025-02-07 01:07:00,refunded,,Central
1606,2025-02-07 06:40:00,completed,,Central
1607,2025-02-07 14:35:00,completed,,South
1608,2025-02-07 22:19:00,completed,,East
1609,2025-02-07 15:40:00,refunded,,South
1610,2025-02-07 13:07:00,completed,,North
1611,2025-02-07 23:47:00,refunded,,North
1612,2025-02-07 01:26:00,completed,,Central
1613,2025-02-07 09:52:00,completed,,North
1614,2025-02-07 01:53:00,processing,,Central
1615,2025-02-07 13:34:00,completed,,South
1616,2025-02-07 18:02:00,cancelled,,East
1617,2025-02-07 20:42:00,completed,,Central
1618,2025-02-07 13:42:00,completed,,East
1619,2025-02-07 01:27:00,completed,,East
1620,2025-02-07 14:23:00,completed,,Central
1621,2025-02-07 03:38:00,completed,,South
1622,2025-02-07 23:31:00,completed,,South
1623,2025-02-08 00:07:00,cancelled,,Central
1624,2025-02-08 13:48:00,processing,,North
1625,2025-02-08 06:54:00,cancelled,,East
1626,2025-02-08 01:06:00,completed,,Central
1627,2025-02-08 08:04:00,completed,,East
1628,2025-02-08 00:18:00,completed,,South
1629,2025-02-08 05:04:00,completed,,Central
1630,2025-02-08 18:08:00,completed,,East
1631,2025-02-08 22:21:00,completed,,East
1632,2025-02-08 20:21:00,processing,,East
1633,2025-02-08 15:48:00,cancelled,,South
1634,2025-02-08 00:57:00,completed,,East
1635,2025-02-08 23:46:00,refunded,,South
1636,2025-02-08 21:54:00,refunded,,North
1637,2025-02-08 09:11:00,processing,,Central
1638,2025-02-08 12:41:00,processing,,South
1639,2025-02-08 22:04:00,completed,,East
1640,2025-02-08 03:54:00,completed,,Central
1641,2025-02-08 22:10:00,completed,,Central
1642,2025-02-08 15:59:00,processing,,Central
1643,2025-02-08 01:25:00,completed,,North
1644,2025-02-08 20:00:00,completed,,South
1645,2025-02-08 06:40:00,completed,,North
1646,2025-02-08 08:20:00,completed,,East
1647,2025-02-08 09:31:00,completed,,Central
1648,2025-02-08 08:40:00,completed,,South
1649,2025-02-08 10:18:00,completed,,Central
1650,2025-02-08 07:27:00,completed,,North
1651,2025-02-08 10:08:00,completed,,South
1652,2025-02-08 16:58:00,cancelled,,South
1653,2025-02-08 19:27:00,completed,,North
1654,2025-02-08 21:39:00,completed,,East
1655,2025-02-08 07:40:00,completed,,Central
1656,2025-02-08 23:37:00,completed,,South
1657,2025-02-08 15:20:00,refunded,,South
1658,2025-02-08 18:12:00,completed,,South
1659,2025-02-08 20:09:00,completed,,East
1660,2025-02-08 18:25:00,cancelled,,South
1661,2025-02-08 05:59:00,unknown_status,,North
1662,2025-02-08 12:37:00,processing,,South
1663,2025-02-08 18:01:00,completed,,South
1664,2025-02-08 19:39:00,completed,,South
1665,2025-02-08 11:38:00,cancelled,,Central
1666,2025-02-08 14:37:00,completed,,Central
1667,2025-02-08 21:38:00,completed,,North
1668,2025-02-08 23:38:00,completed,,Central
1669,2025-02-08 10:49:00,completed,,South
1670,2025-02-08 19:46:00,completed,,North
1671,2025-02-08 05:49:00,completed,,South
1672,2025-02-09 02:36:00,completed,,Central
1673,2025-02-09 04:45:00,cancelled,,East
1674,2025-02-09 22:26:00,completed,,East
1675,2025-02-09 01:35:00,completed,,Central
1676,2025-02-09 05:12:00,completed,,East
1677,2025-02-09 12:39:00,processing,,East
1678,2025-02-09 13:05:00,completed,,North
1679,2025-02-09 02:08:00,completed,,Central
1680,2025-02-09 23:17:00,processing,,North
1681,2025-02-09 15:04:00,completed,,East
1682,2025-02-09 15:23:00,completed,,South
1683,2025-02-09 00:57:00,processing,,North
1684,2025-02-09 07:32:00,completed,,Central
1685,2025-02-09 03:20:00,completed,,South
1686,2025-02-09 15:38:00,completed,,East
1687,2025-02-09 11:14:00,completed,,North
1688,2025-02-09 01:32:00,completed,,East
1689,2025-02-09 08:39:00,completed,,South
1690,2025-02-09 14:24:00,completed,,South
1691,2025-02-09 23:12:00,completed,,Central
1692,2025-02-09 23:50:00,processing,,Central
1693,2025-02-09 07:50:00,completed,,South
1694,2025-02-09 13:51:00,refunded,,Central
1695,2025-02-09 18:19:00,completed,,East
1696,2025-02-09 13:04:00,completed,,South
1697,2025-02-09 05:07:00,refunded,,Central
1698,2025-02-09 00:16:00,completed,,Central
1699,2025-02-09 10:35:00,completed,,North
1700,2025-02-09 17:30:00,completed,,South
1701,2025-02-09 13:20:00,refunded,,Central
1702,2025-02-09 11:08:00,completed,,North
1703,2025-02-09 03:20:00,completed,,East
1704,2025-02-09 13:07:00,completed,,South
1705,2025-02-09 22:06:00,completed,,Central
1706,2025-02-09 05:51:00,completed,,East
1707,2025-02-09 14:14:00,completed,,Central
1708,2025-02-09 08:42:00,completed,,South
1709,2025-02-09 22:25:00,completed,,East
1710,2025-02-09 20:58:00,completed,,South
1711,2025-02-09 03:22:00,cancelled,,East
1712,2025-02-09 01:08:00,completed,,Central
1713,2025-02-09 20:40:00,completed,,South
1714,2025-02-09 01:50:00,completed,,Central
1715,2025-02-09 10:45:00,completed,,South
1716,2025-02-09 21:38:00,completed,,Central
1717,2025-02-09 22:58:00,completed,,East
1718,2025-02-09 20:11:00,completed,,North
1719,2025-02-09 01:12:00,completed,,South
1720,2025-02-09 13:32:00,completed,,North
1721,2025-02-09 14:57:00,completed,,North
1722,2025-02-09 04:32:00,completed,,North
1723,2025-02-10 12:40:00,completed,1.0,East
1724,2025-02-10 07:36:00,completed,1.0,South
1725,2025-02-10 06:22:00,processing,1.0,North
1726,2025-02-10 00:26:00,completed,1.0,South
1727,2025-02-10 02:59:00,processing,1.0,South
1728,2025-02-10 16:37:00,completed,1.0,North
1729,2025-02-10 15:24:00,completed,1.0,South
1730,2025-02-10 11:35:00,cancelled,1.0,South
1731,2025-02-10 14:34:00,completed,1.0,East
1732,2025-02-10 12:27:00,completed,1.0,East
1733,2025-02-10 10:45:00,completed,1.0,South
1734,2025-02-10 02:55:00,processing,1.0,Central
1735,2025-02-10 23:31:00,completed,1.0,North
1736,2025-02-10 05:53:00,processing,1.0,North
1737,2025-02-10 06:12:00,completed,1.0,South
1738,2025-02-10 20:32:00,completed,1.0,North
1739,2025-02-10 22:18:00,completed,1.0,North
1740,2025-02-10 22:18:00,completed,1.0,North
1741,2025-02-10 11:33:00,completed,1.0,Central
1742,2025-02-10 16:22:00,completed,1.0,Central
1743,2025-02-10 00:19:00,completed,1.0,South
1744,2025-02-10 00:30:00,completed,1.0,East
1745,2025-02-10 03:27:00,cancelled,1.0,South
1746,2025-02-10 15:09:00,unknown_status,1.0,East
1747,2025-02-10 16:01:00,completed,1.0,East
1748,2025-02-10 07:03:00,completed,1.0,East
1749,2025-02-10 08:15:00,refunded,1.0,South
1750,2025-02-10 07:10:00,completed,1.0,South
1751,2025-02-10 19:57:00,completed,1.0,North
1752,2025-02-10 17:48:00,completed,1.0,East
1753,2025-02-10 18:41:00,completed,1.0,Central
1754,2025-02-10 00:50:00,completed,1.0,Central
1755,2025-02-10 05:26:00,completed,1.0,Central
1756,2025-02-10 06:54:00,completed,1.0,Central
1757,2025-02-10 17:21:00,completed,1.0,South
1758,2025-02-10 02:01:00,completed,1.0,South
1759,2025-02-10 12:15:00,completed,1.0,North
1760,2025-02-10 17:34:00,completed,1.0,South
1761,2025-02-10 21:42:00,completed,1.0,North
1762,2025-02-10 20:42:00,completed,1.0,Central
1763,2025-02-10 05:54:00,completed,1.0,Central
1764,2025-02-10 07:24:00,cancelled,1.0,East
1765,2025-02-10 17:34:00,completed,1.0,South
1766,2025-02-10 21:57:00,completed,1.0,South
1767,2025-02-10 04:45:00,completed,1.0,South
1768,2025-02-10 03:33:00,completed,1.0,Central
1769,2025-02-10 11:30:00,completed,1.0,East
1770,2025-02-10 01:54:00,completed,1.0,South
1771,2025-02-10 12:50:00,completed,1.0,South
1772,2025-02-10 14:18:00,completed,1.0,South
1773,2025-02-10 09:57:00,completed,1.0,North
1774,2025-02-11 12:37:00,unknown_status,1.0,North
1775,2025-02-11 17:51:00,completed,1.0,Central
1776,2025-02-11 14:28:00,completed,1.0,Central
1777,2025-02-11 04:46:00,completed,1.0,North
1778,2025-02-11 09:58:00,completed,1.0,North
1779,2025-02-11 13:32:00,processing,1.0,North
1780,2025-02-11 03:35:00,completed,1.0,North
1781,2025-02-11 11:14:00,completed,1.0,North
1782,2025-02-11 22:05:00,completed,1.0,Central
1783,2025-02-11 20:19:00,completed,1.0,South
1784,2025-02-11 04:01:00,completed,1.0,North
1785,2025-02-11 19:17:00,cancelled,1.0,South
1786,2025-02-11 23:58:00,completed,1.0,East
1787,2025-02-11 12:41:00,completed,1.0,South
1788,2025-02-11 09:08:00,completed,1.0,North
1789,2025-02-11 18:16:00,completed,1.0,South
1790,2025-02-11 13:07:00,completed,1.0,North
1791,2025-02-11 17:37:00,completed,1.0,South
1792,2025-02-11 11:38:00,completed,1.0,Central
1793,2025-02-11 16:10:00,completed,1.0,East
1794,2025-02-11 03:06:00,completed,1.0,North
1795,2025-02-11 18:00:00,completed,1.0,Central
1796,2025-02-11 03:52:00,completed,1.0,East
1797,2025-02-11 12:09:00,completed,1.0,North
1798,2025-02-11 12:41:00,refunded,1.0,North
1799,2025-02-11 11:42:00,completed,1.0,East
1800,2025-02-11 00:30:00,completed,1.0,Central
1801,2025-02-11 21:03:00,completed,1.0,Central
1802,2025-02-11 08:30:00,completed,1.0,East
1803,2025-02-11 10:04:00,completed,1.0,South
1804,2025-02-11 20:38:00,processing,1.0,North
1805,2025-02-11 23:56:00,completed,1.0,South
1806,2025-02-11 07:26:00,completed,1.0,East
1807,2025-02-11 05:06:00,completed,1.0,Central
1808,2025-02-11 11:29:00,completed,1.0,South
1809,2025-02-11 13:27:00,processing,1.0,North
1810,2025-02-11 14:43:00,completed,1.0,Central
1811,2025-02-11 19:53:00,completed,1.0,Central
1812,2025-02-11 22:36:00,refunded,1.0,Central
1813,2025-02-11 23:41:00,completed,1.0,North
1814,2025-02-11 06:22:00,refunded,1.0,East
1815,2025-02-11 22:12:00,completed,1.0,East
1816,2025-02-11 23:25:00,completed,1.0,North
1817,2025-02-11 12:44:00,completed,1.0,North
1818,2025-02-11 03:35:00,completed,1.0,Central
1819,2025-02-11 14:21:00,completed,1.0,East
1820,2025-02-11 12:00:00,completed,1.0,South
1821,2025-02-11 08:58:00,cancelled,1.0,South
1822,2025-02-11 13:55:00,completed,1.0,Central
1823,2025-02-11 05:10:00,completed,1.0,Central
1824,2025-02-11 04:38:00,completed,1.0,Central
1825,2025-02-11 06:20:00,unknown_status,1.0,South
1826,2025-02-11 14:13:00,completed,1.0,South
1827,2025-02-11 22:25:00,cancelled,1.0,East
1828,2025-02-11 07:21:00,completed,1.0,Central
1829,2025-02-11 22:24:00,processing,1.0,South
1830,2025-02-11 19:35:00,completed,1.0,North
1831,2025-02-11 11:55:00,completed,1.0,Central
1832,2025-02-11 16:35:00,completed,1.0,Central
1833,2025-02-12 22:41:00,completed,1.0,South
1834,2025-02-12 15:52:00,completed,1.0,East
1835,2025-02-12 22:35:00,processing,1.0,North
1836,2025-02-12 04:58:00,processing,1.0,East
1837,2025-02-12 10:11:00,completed,1.0,North
1838,2025-02-12 16:49:00,cancelled,1.0,North
1839,2025-02-12 19:57:00,completed,1.0,South
1840,2025-02-12 14:22:00,completed,1.0,South
1841,2025-02-12 14:02:00,processing,1.0,Central
1842,2025-02-12 15:31:00,completed,1.0,North
1843,2025-02-12 07:35:00,completed,1.0,North
1844,2025-02-12 21:49:00,completed,1.0,North
1845,2025-02-12 21:07:00,cancelled,1.0,East
1846,2025-02-12 09:26:00,completed,1.0,East
1847,2025-02-12 02:14:00,completed,1.0,Central
1848,2025-02-12 04:05:00,completed,1.0,North
1849,2025-02-12 02:16:00,completed,1.0,Central
1850,2025-02-12 04:19:00,processing,1.0,South
1851,2025-02-12 18:21:00,cancelled,1.0,North
1852,2025-02-12 18:07:00,cancelled,1.0,East
1853,2025-02-12 08:11:00,completed,1.0,North
1854,2025-02-12 11:19:00,completed,1.0,Central
1855,2025-02-12 10:41:00,completed,1.0,Central
1856,2025-02-12 06:56:00,completed,1.0,East
1857,2025-02-12 02:32:00,completed,1.0,North
1858,2025-02-12 17:05:00,processing,1.0,East
1859,2025-02-12 02:58:00,unknown_status,1.0,North
1860,2025-02-12 15:53:00,completed,1.0,North
1861,2025-02-12 18:47:00,completed,1.0,East
1862,2025-02-12 02:34:00,completed,1.0,Central
1863,2025-02-12 22:47:00,completed,1.0,South
1864,2025-02-12 01:04:00,completed,1.0,East
1865,2025-02-12 02:18:00,completed,1.0,South
1866,2025-02-12 18:36:00,completed,1.0,East
1867,2025-02-12 18:31:00,processing,1.0,South
1868,2025-02-12 21:41:00,completed,1.0,South
1869,2025-02-12 05:57:00,completed,1.0,Central
1870,2025-02-12 00:31:00,completed,1.0,North
1871,2025-02-12 14:28:00,completed,1.0,South
1872,2025-02-12 01:29:00,completed,1.0,East
1873,2025-02-12 07:44:00,processing,1.0,North
1874,2025-02-12 00:57:00,completed,1.0,East
1875,2025-02-12 03:32:00,completed,1.0,East
1876,2025-02-12 15:22:00,completed,1.0,North
1877,2025-02-12 10:47:00,unknown_status,1.0,Central
1878,2025-02-12 03:36:00,processing,1.0,East
1879,2025-02-12 01:53:00,completed,1.0,North
1880,2025-02-12 20:33:00,processing,1.0,South
1881,2025-02-12 21:32:00,completed,1.0,South
1882,2025-02-12 01:22:00,completed,1.0,South
1883,2025-02-12 07:05:00,completed,1.0,Central
1884,2025-02-12 16:27:00,processing,1.0,East
1885,2025-02-12 21:39:00,completed,1.0,North
1886,2025-02-12 22:18:00,completed,1.0,East
1887,2025-02-12 15:52:00,completed,1.0,Central
1888,2025-02-12 16:02:00,completed,1.0,North
1889,2025-02-12 06:22:00,completed,1.0,South
1890,2025-02-12 06:16:00,completed,1.0,South
1891,2025-02-12 00:14:00,completed,1.0,South
1892,2025-02-12 21:57:00,completed,1.0,Central
1893,2025-02-13 00:18:00,completed,1.0,South
1894,2025-02-13 00:56:00,processing,1.0,North
1895,2025-02-13 03:22:00,completed,1.0,East
1896,2025-02-13 05:51:00,cancelled,1.0,East
1897,2025-02-13 03:01:00,completed,1.0,South
1898,2025-02-13 11:22:00,completed,1.0,North
1899,2025-02-13 08:09:00,completed,1.0,Central
1900,2025-02-13 19:18:00,completed,1.0,North
1901,2025-02-13 10:22:00,completed,1.0,North
1902,2025-02-13 00:43:00,completed,1.0,South
1903,2025-02-13 05:11:00,completed,1.0,North
1904,2025-02-13 08:22:00,completed,1.0,East
1905,2025-02-13 19:38:00,completed,1.0,East
1906,2025-02-13 11:07:00,completed,1.0,Central
1907,2025-02-13 07:24:00,completed,1.0,North
1908,2025-02-13 21:16:00,completed,1.0,Central
1909,2025-02-13 08:31:00,completed,1.0,North
1910,2025-02-13 04:27:00,completed,1.0,South
1911,2025-02-13 23:18:00,completed,1.0,South
1912,2025-02-13 20:22:00,processing,1.0,South
1913,2025-02-13 21:01:00,completed,1.0,South
1914,2025-02-13 16:06:00,completed,1.0,South
1915,2025-02-13 18:17:00,completed,1.0,Central
1916,2025-02-13 08:34:00,completed,1.0,Central
1917,2025-02-13 10:37:00,completed,1.0,South
1918,2025-02-13 21:18:00,completed,1.0,South
1919,2025-02-13 10:09:00,completed,1.0,Central
1920,2025-02-13 20:20:00,completed,1.0,South
1921,2025-02-13 13:27:00,processing,1.0,East
1922,2025-02-13 04:41:00,completed,1.0,East
1923,2025-02-13 18:49:00,completed,1.0,Central
1924,2025-02-13 17:33:00,processing,1.0,South
1925,2025-02-13 17:16:00,completed,1.0,East
1926,2025-02-13 20:46:00,completed,1.0,North
1927,2025-02-13 15:56:00,cancelled,1.0,Central
1928,2025-02-13 23:21:00,completed,1.0,South
1929,2025-02-13 15:37:00,completed,1.0,South
1930,2025-02-13 01:46:00,completed,1.0,Central
1931,2025-02-13 01:02:00,cancelled,1.0,South
1932,2025-02-13 09:01:00,processing,1.0,East
1933,2025-02-13 00:56:00,completed,1.0,East
1934,2025-02-13 13:09:00,completed,1.0,North
1935,2025-02-13 00:50:00,completed,1.0,North
1936,2025-02-13 23:58:00,completed,1.0,North
1937,2025-02-13 04:20:00,completed,1.0,North
1938,2025-02-13 12:47:00,processing,1.0,East
1939,2025-02-13 12:18:00,unknown_status,1.0,Central
1940,2025-02-13 13:49:00,completed,1.0,South
1941,2025-02-13 12:52:00,completed,1.0,North
1942,2025-02-13 02:20:00,completed,1.0,South
1943,2025-02-13 12:34:00,completed,1.0,North
1944,2025-02-13 02:31:00,completed,1.0,South
1945,2025-02-13 23:29:00,completed,1.0,South
1946,2025-02-14 03:59:00,completed,1.0,North
1947,2025-02-14 01:16:00,completed,1.0,North
1948,2025-02-14 14:58:00,completed,1.0,Central
1949,2025-02-14 11:49:00,completed,1.0,Central
1950,2025-02-14 12:53:00,cancelled,1.0,East
1951,2025-02-14 06:58:00,completed,1.0,South
1952,2025-02-14 11:32:00,processing,1.0,East
1953,2025-02-14 01:00:00,completed,1.0,South
1954,2025-02-14 12:13:00,completed,1.0,Central
1955,2025-02-14 17:18:00,completed,1.0,North
1956,2025-02-14 06:57:00,completed,1.0,Central
1957,2025-02-14 06:23:00,completed,1.0,Central
1958,2025-02-14 22:30:00,completed,1.0,North
1959,2025-02-14 02:04:00,completed,1.0,East
1960,2025-02-14 14:14:00,refunded,1.0,East
1961,2025-02-14 06:57:00,completed,1.0,South
1962,2025-02-14 17:17:00,completed,1.0,East
1963,2025-02-14 14:40:00,completed,1.0,Central
1964,2025-02-14 17:49:00,completed,1.0,South
1965,2025-02-14 10:57:00,completed,1.0,South
1966,2025-02-14 11:43:00,completed,1.0,North
1967,2025-02-14 09:50:00,completed,1.0,Central
1968,2025-02-14 07:26:00,completed,1.0,Central
1969,2025-02-14 15:49:00,completed,1.0,South
1970,2025-02-14 06:21:00,processing,1.0,Central
1971,2025-02-14 21:48:00,completed,1.0,South
1972,2025-02-14 22:34:00,completed,1.0,South
1973,2025-02-14 16:14:00,completed,1.0,North
1974,2025-02-14 14:50:00,completed,1.0,Central
1975,2025-02-14 08:01:00,completed,1.0,South
1976,2025-02-14 00:04:00,completed,1.0,Central
1977,2025-02-14 07:39:00,completed,1.0,South
1978,2025-02-14 00:10:00,completed,1.0,South
1979,2025-02-14 07:57:00,completed,1.0,South
1980,2025-02-14 12:33:00,completed,1.0,South
1981,2025-02-14 03:53:00,completed,1.0,North
1982,2025-02-14 09:11:00,processing,1.0,South
1983,2025-02-14 12:12:00,completed,1.0,East
1984,2025-02-14 06:07:00,completed,1.0,South
1985,2025-02-14 23:52:00,completed,1.0,East
1986,2025-02-14 03:46:00,completed,1.0,East
1987,2025-02-14 00:03:00,completed,1.0,South
1988,2025-02-14 02:13:00,processing,1.0,North
1989,2025-02-14 00:44:00,completed,1.0,Central
1990,2025-02-14 22:12:00,completed,1.0,East
1991,2025-02-14 22:41:00,completed,1.0,East
1992,2025-02-14 12:09:00,completed,1.0,East
1993,2025-02-14 02:46:00,completed,1.0,Central
1994,2025-02-14 07:56:00,processing,1.0,East
1995,2025-02-14 20:12:00,processing,1.0,South
1996,2025-02-14 14:21:00,completed,1.0,South
1997,2025-02-14 02:42:00,completed,1.0,East
1998,2025-02-14 01:20:00,completed,1.0,South
1999,2025-02-14 22:51:00,completed,1.0,South
2000,2025-02-14 22:07:00,completed,1.0,South
2001,2025-02-14 22:50:00,completed,1.0,North
2002,2025-02-14 05:02:00,completed,1.0,North
2003,2025-02-15 06:02:00,completed,1.0,Central
2004,2025-02-15 06:07:00,completed,1.0,South
2005,2025-02-15 08:56:00,processing,1.0,North
2006,2025-02-15 19:17:00,completed,1.0,North
2007,2025-02-15 00:23:00,completed,1.0,Central
2008,2025-02-15 23:21:00,completed,1.0,Central
2009,2025-02-15 20:46:00,completed,1.0,Central
2010,2025-02-15 20:49:00,completed,1.0,North
2011,2025-02-15 12:36:00,completed,1.0,South
2012,2025-02-15 12:44:00,refunded,1.0,East
2013,2025-02-15 17:16:00,completed,1.0,South
2014,2025-02-15 16:59:00,processing,1.0,South
2015,2025-02-15 22:33:00,completed,1.0,East
2016,2025-02-15 18:48:00,completed,1.0,South
2017,2025-02-15 16:06:00,completed,1.0,East
2018,2025-02-15 16:37:00,completed,1.0,South
2019,2025-02-15 18:09:00,completed,1.0,East
2020,2025-02-15 10:32:00,completed,1.0,North
2021,2025-02-15 16:03:00,completed,1.0,North
2022,2025-02-15 17:17:00,completed,1.0,South
2023,2025-02-15 05:22:00,completed,1.0,North
2024,2025-02-15 11:26:00,completed,1.0,North
2025,2025-02-15 23:25:00,completed,1.0,East
2026,2025-02-15 18:02:00,completed,1.0,North
2027,2025-02-15 15:29:00,processing,1.0,North
2028,2025-02-15 10:08:00,completed,1.0,Central
2029,2025-02-15 22:03:00,completed,1.0,Central
2030,2025-02-15 10:33:00,processing,1.0,South
2031,2025-02-15 10:20:00,completed,1.0,North
2032,2025-02-15 10:26:00,completed,1.0,North
2033,2025-02-15 03:54:00,processing,1.0,Central
2034,2025-02-15 11:25:00,completed,1.0,East
2035,2025-02-15 09:07:00,completed,1.0,Central
2036,2025-02-15 23:23:00,refunded,1.0,South
2037,2025-02-15 11:02:00,completed,1.0,South
2038,2025-02-15 07:13:00,completed,1.0,Central
2039,2025-02-15 11:21:00,completed,1.0,North
2040,2025-02-15 03:03:00,completed,1.0,East
2041,2025-02-15 04:43:00,completed,1.0,South
2042,2025-02-15 14:56:00,completed,1.0,North
2043,2025-02-15 05:20:00,completed,1.0,East
2044,2025-02-15 10:02:00,completed,1.0,South
2045,2025-02-15 07:33:00,completed,1.0,North
2046,2025-02-15 17:02:00,cancelled,1.0,South
2047,2025-02-15 09:59:00,completed,1.0,North
2048,2025-02-15 00:19:00,completed,1.0,Central
2049,2025-02-15 12:12:00,completed,1.0,Central
2050,2025-02-15 15:46:00,completed,1.0,South
2051,2025-02-15 09:48:00,completed,1.0,East
2052,2025-02-15 19:36:00,completed,1.0,North
2053,2025-02-15 22:05:00,processing,1.0,South
2054,2025-02-15 09:44:00,completed,1.0,East
2055,2025-02-15 12:32:00,processing,1.0,North
2056,2025-02-15 20:31:00,unknown_status,1.0,East
2057,2025-02-15 12:37:00,completed,1.0,Central
2058,2025-02-15 06:33:00,processing,1.0,North
2059,2025-02-15 18:21:00,completed,1.0,South
2060,2025-02-15 03:44:00,completed,1.0,Central
2061,2025-02-15 07:54:00,completed,1.0,East
2062,2025-02-15 18:38:00,completed,1.0,North
2063,2025-02-15 07:25:00,completed,1.0,North
2064,2025-02-15 05:25:00,completed,1.0,East
2065,2025-02-16 11:34:00,completed,1.0,Central
2066,2025-02-16 06:25:00,completed,1.0,South
2067,2025-02-16 07:22:00,completed,1.0,Central
2068,2025-02-16 01:07:00,refunded,1.0,East
2069,2025-02-16 21:04:00,completed,1.0,Central
2070,2025-02-16 09:54:00,processing,1.0,East
2071,2025-02-16 21:58:00,completed,1.0,South
2072,2025-02-16 09:36:00,completed,1.0,Central
2073,2025-02-16 05:10:00,completed,1.0,East
2074,2025-02-16 01:38:00,completed,1.0,East
2075,2025-02-16 10:30:00,completed,1.0,East
2076,2025-02-16 09:07:00,completed,1.0,East
2077,2025-02-16 00:08:00,refunded,1.0,North
2078,2025-02-16 03:52:00,processing,1.0,North
2079,2025-02-16 14:55:00,completed,1.0,East
2080,2025-02-16 12:37:00,completed,1.0,East
2081,2025-02-16 16:43:00,completed,1.0,Central
2082,2025-02-16 15:40:00,completed,1.0,East
2083,2025-02-16 12:29:00,completed,1.0,North
2084,2025-02-16 07:18:00,completed,1.0,East
2085,2025-02-16 22:11:00,completed,1.0,Central
2086,2025-02-16 18:15:00,processing,1.0,South
2087,2025-02-16 18:48:00,completed,1.0,East
2088,2025-02-16 03:40:00,completed,1.0,Central
2089,2025-02-16 01:35:00,completed,1.0,East
2090,2025-02-16 23:53:00,completed,1.0,South
2091,2025-02-16 14:28:00,completed,1.0,North
2092,2025-02-16 11:35:00,completed,1.0,East
2093,2025-02-16 11:53:00,completed,1.0,South
2094,2025-02-16 21:01:00,completed,1.0,South
2095,2025-02-16 05:34:00,completed,1.0,Central
2096,2025-02-16 17:48:00,completed,1.0,Central
2097,2025-02-16 02:46:00,completed,1.0,South
2098,2025-02-16 09:12:00,completed,1.0,South
2099,2025-02-16 15:25:00,completed,1.0,South
2100,2025-02-16 19:49:00,completed,1.0,South
2101,2025-02-16 03:57:00,completed,1.0,Central
2102,2025-02-16 06:02:00,completed,1.0,Central
2103,2025-02-16 19:38:00,processing,1.0,Central
2104,2025-02-16 19:51:00,completed,1.0,South
2105,2025-02-16 11:19:00,completed,1.0,Central
2106,2025-02-16 07:18:00,completed,1.0,Central
2107,2025-02-16 06:57:00,completed,1.0,North
2108,2025-02-16 19:16:00,completed,1.0,South
2109,2025-02-16 22:05:00,completed,1.0,East
2110,2025-02-16 22:42:00,processing,1.0,Central
2111,2025-02-16 06:00:00,completed,1.0,South
2112,2025-02-16 23:47:00,completed,1.0,East
2113,2025-02-16 19:46:00,completed,1.0,Central
2114,2025-02-16 01:55:00,processing,1.0,South
2115,2025-02-16 07:23:00,completed,1.0,South
2116,2025-02-16 02:44:00,completed,1.0,South
2117,2025-02-16 22:17:00,completed,1.0,South
2118,2025-02-16 13:11:00,completed,1.0,South
2119,2025-02-16 20:28:00,completed,1.0,South
2120,2025-02-16 07:56:00,refunded,1.0,Central
2121,2025-02-16 19:18:00,completed,1.0,East
2122,2025-02-16 20:08:00,completed,1.0,North
2123,2025-02-16 02:11:00,processing,1.0,North
2124,2025-02-17 21:40:00,completed,1.0,South
2125,2025-02-17 15:39:00,completed,1.0,East
2126,2025-02-17 07:36:00,completed,1.0,Central
2127,2025-02-17 17:38:00,completed,1.0,Central
2128,2025-02-17 17:39:00,completed,1.0,South
2129,2025-02-17 20:42:00,completed,1.0,South
2130,2025-02-17 21:18:00,completed,1.0,South
2131,2025-02-17 08:25:00,completed,1.0,North
2132,2025-02-17 00:19:00,completed,1.0,Central
2133,2025-02-17 16:44:00,completed,1.0,Central
2134,2025-02-17 20:40:00,completed,1.0,Central
2135,2025-02-17 07:59:00,processing,1.0,South
2136,2025-02-17 05:03:00,completed,1.0,Central
2137,2025-02-17 21:15:00,completed,1.0,East
2138,2025-02-17 06:03:00,completed,1.0,Central
2139,2025-02-17 14:42:00,completed,1.0,Central
2140,2025-02-17 09:48:00,completed,1.0,East
2141,2025-02-17 00:55:00,completed,1.0,North
2142,2025-02-17 02:32:00,cancelled,1.0,South
2143,2025-02-17 21:32:00,cancelled,1.0,Central
2144,2025-02-17 02:53:00,completed,1.0,East
2145,2025-02-17 05:40:00,completed,1.0,East
2146,2025-02-17 15:58:00,completed,1.0,North
2147,2025-02-17 13:37:00,completed,1.0,North
2148,2025-02-17 21:37:00,completed,1.0,Central
2149,2025-02-17 19:19:00,processing,1.0,East
2150,2025-02-17 01:24:00,cancelled,1.0,East
2151,2025-02-17 07:59:00,processing,1.0,Central
2152,2025-02-17 20:16:00,completed,1.0,East
2153,2025-02-17 23:09:00,completed,1.0,East
2154,2025-02-17 22:13:00,completed,1.0,South
2155,2025-02-17 03:55:00,completed,1.0,North
2156,2025-02-17 00:54:00,completed,1.0,East
2157,2025-02-17 15:33:00,completed,1.0,North
2158,2025-02-17 02:53:00,completed,1.0,Central
2159,2025-02-17 10:33:00,completed,1.0,East
2160,2025-02-17 09:52:00,completed,1.0,Central
2161,2025-02-17 10:06:00,completed,1.0,Central
2162,2025-02-17 02:37:00,completed,1.0,Central
2163,2025-02-17 21:36:00,completed,1.0,East
2164,2025-02-17 18:26:00,completed,1.0,East
2165,2025-02-17 09:45:00,completed,1.0,South
2166,2025-02-17 11:18:00,completed,1.0,South
2167,2025-02-17 15:39:00,completed,1.0,North
2168,2025-02-17 04:05:00,completed,1.0,Central
2169,2025-02-17 00:15:00,completed,1.0,Central
2170,2025-02-17 00:40:00,completed,1.0,East
2171,2025-02-17 19:03:00,completed,1.0,North
2172,2025-02-17 11:48:00,completed,1.0,North
2173,2025-02-17 19:16:00,completed,1.0,East
2174,2025-02-17 21:47:00,completed,1.0,South
2175,2025-02-17 10:47:00,completed,1.0,East
2176,2025-02-17 06:37:00,completed,1.0,East
2177,2025-02-17 10:23:00,completed,1.0,South
2178,2025-02-17 19:21:00,completed,1.0,South
2179,2025-02-17 15:16:00,completed,1.0,South
2180,2025-02-17 13:21:00,completed,1.0,South
2181,2025-02-17 21:07:00,completed,1.0,North
2182,2025-02-17 17:00:00,completed,1.0,North
2183,2025-02-17 02:09:00,completed,1.0,North
2184,2025-02-17 21:07:00,completed,1.0,South
2185,2025-02-17 11:56:00,completed,1.0,East
2186,2025-02-17 13:03:00,completed,1.0,South
2187,2025-02-17 22:09:00,completed,1.0,North
2188,2025-02-18 15:32:00,completed,1.0,North
2189,2025-02-18 07:59:00,cancelled,1.0,South
2190,2025-02-18 22:33:00,unknown_status,1.0,Central
2191,2025-02-18 17:41:00,completed,1.0,Central
2192,2025-02-18 02:50:00,completed,1.0,Central
2193,2025-02-18 03:52:00,completed,1.0,South
2194,2025-02-18 21:57:00,completed,1.0,South
2195,2025-02-18 10:04:00,processing,1.0,South
2196,2025-02-18 01:19:00,completed,1.0,North
2197,2025-02-18 01:21:00,completed,1.0,East
2198,2025-02-18 04:07:00,cancelled,1.0,South
2199,2025-02-18 01:01:00,completed,1.0,East
2200,2025-02-18 16:08:00,cancelled,1.0,East
2201,2025-02-18 02:08:00,unknown_status,1.0,Central
2202,2025-02-18 06:26:00,cancelled,1.0,South
2203,2025-02-18 00:21:00,processing,1.0,North
2204,2025-02-18 22:00:00,completed,1.0,South
2205,2025-02-18 20:42:00,completed,1.0,South
2206,2025-02-18 10:33:00,completed,1.0,North
2207,2025-02-18 16:56:00,completed,1.0,North
2208,2025-02-18 04:26:00,completed,1.0,Central
2209,2025-02-18 10:00:00,cancelled,1.0,East
2210,2025-02-18 16:22:00,completed,1.0,Central
2211,2025-02-18 21:05:00,completed,1.0,Central
2212,2025-02-18 10:38:00,completed,1.0,Central
2213,2025-02-18 02:36:00,completed,1.0,North
2214,2025-02-18 18:35:00,completed,1.0,North
2215,2025-02-18 01:49:00,completed,1.0,South
2216,2025-02-18 22:57:00,processing,1.0,East
2217,2025-02-18 17:40:00,completed,1.0,Central
2218,2025-02-18 06:00:00,completed,1.0,South
2219,2025-02-18 18:46:00,cancelled,1.0,South
2220,2025-02-18 03:05:00,completed,1.0,South
2221,2025-02-18 01:51:00,completed,1.0,North
2222,2025-02-18 04:20:00,completed,1.0,Central
2223,2025-02-18 08:16:00,completed,1.0,North
2224,2025-02-18 19:37:00,completed,1.0,Central
2225,2025-02-18 07:06:00,completed,1.0,North
2226,2025-02-18 12:45:00,unknown_status,1.0,South
2227,2025-02-18 22:59:00,completed,1.0,Central
2228,2025-02-18 14:15:00,completed,1.0,South
2229,2025-02-18 20:52:00,completed,1.0,South
2230,2025-02-18 07:02:00,completed,1.0,East
2231,2025-02-18 02:30:00,completed,1.0,Central
2232,2025-02-18 00:31:00,completed,1.0,North
2233,2025-02-18 04:38:00,completed,1.0,South
2234,2025-02-18 11:17:00,completed,1.0,East
2235,2025-02-18 09:13:00,completed,1.0,South
2236,2025-02-18 17:25:00,completed,1.0,East
2237,2025-02-18 11:55:00,completed,1.0,Central
2238,2025-02-18 01:41:00,completed,1.0,South
2239,2025-02-18 21:07:00,completed,1.0,South
2240,2025-02-18 12:06:00,completed,1.0,East
2241,2025-02-18 06:15:00,completed,1.0,North
2242,2025-02-18 19:26:00,processing,1.0,North
2243,2025-02-18 22:36:00,completed,1.0,North
2244,2025-02-18 03:02:00,completed,1.0,Central
2245,2025-02-18 11:36:00,completed,1.0,Central
2246,2025-02-18 18:27:00,completed,1.0,East
2247,2025-02-18 15:22:00,completed,1.0,South
2248,2025-02-19 14:37:00,processing,,North
2249,2025-02-19 04:55:00,completed,,Central
2250,2025-02-19 16:09:00,completed,,East
2251,2025-02-19 11:23:00,processing,,Central
2252,2025-02-19 07:24:00,completed,,East
2253,2025-02-19 19:07:00,processing,,North
2254,2025-02-19 13:08:00,completed,,South
2255,2025-02-19 20:15:00,completed,,South
2256,2025-02-19 07:46:00,completed,,Central
2257,2025-02-19 16:49:00,completed,,Central
2258,2025-02-19 04:48:00,completed,,Central
2259,2025-02-19 23:10:00,completed,,North
2260,2025-02-19 20:49:00,cancelled,,South
2261,2025-02-19 21:09:00,completed,,North
2262,2025-02-19 19:38:00,completed,,North
2263,2025-02-19 06:05:00,completed,,Central
2264,2025-02-19 10:43:00,completed,,East
2265,2025-02-19 11:00:00,cancelled,,East
2266,2025-02-19 15:33:00,completed,,South
2267,2025-02-19 12:43:00,completed,,North
2268,2025-02-19 16:36:00,completed,,East
2269,2025-02-19 01:33:00,completed,,South
2270,2025-02-19 16:32:00,completed,,East
2271,2025-02-19 21:19:00,completed,,North
2272,2025-02-19 00:44:00,cancelled,,North
2273,2025-02-19 17:28:00,completed,,East
2274,2025-02-19 10:02:00,completed,,South
2275,2025-02-19 12:17:00,completed,,North
2276,2025-02-19 21:27:00,completed,,Central
2277,2025-02-19 20:18:00,completed,,North
2278,2025-02-19 09:33:00,completed,,Central
2279,2025-02-19 01:45:00,completed,,Central
2280,2025-02-19 01:08:00,cancelled,,South
2281,2025-02-19 05:49:00,completed,,Central
2282,2025-02-19 02:59:00,completed,,Central
2283,2025-02-19 18:17:00,completed,,North
2284,2025-02-19 03:41:00,completed,,East
2285,2025-02-19 10:13:00,processing,,North
2286,2025-02-19 23:48:00,completed,,East
2287,2025-02-20 05:15:00,processing,,North
2288,2025-02-20 21:09:00,completed,,East
2289,2025-02-20 17:23:00,unknown_status,,South
2290,2025-02-20 03:06:00,completed,,East
2291,2025-02-20 22:55:00,completed,,North
2292,2025-02-20 11:44:00,processing,,East
2293,2025-02-20 07:43:00,completed,,East
2294,2025-02-20 05:37:00,completed,,Central
2295,2025-02-20 05:01:00,completed,,North
2296,2025-02-20 16:28:00,completed,,Central
2297,2025-02-20 04:34:00,completed,,Central
2298,2025-02-20 00:14:00,completed,,South
2299,2025-02-20 01:43:00,processing,,East
2300,2025-02-20 14:17:00,completed,,North
2301,2025-02-20 12:53:00,cancelled,,East
2302,2025-02-20 22:06:00,refunded,,South
2303,2025-02-20 05:33:00,completed,,North
2304,2025-02-20 12:07:00,completed,,South
2305,2025-02-20 19:37:00,processing,,South
2306,2025-02-20 18:45:00,completed,,South
2307,2025-02-20 23:21:00,completed,,East
2308,2025-02-20 18:29:00,completed,,South
2309,2025-02-20 13:41:00,completed,,Central
2310,2025-02-20 11:28:00,completed,,North
2311,2025-02-20 09:38:00,completed,,South
2312,2025-02-20 08:22:00,completed,,East
2313,2025-02-20 19:15:00,completed,,South
2314,2025-02-20 10:15:00,completed,,East
2315,2025-02-20 07:41:00,completed,,Central
2316,2025-02-20 22:05:00,completed,,South
2317,2025-02-20 02:37:00,completed,,Central
2318,2025-02-20 21:21:00,completed,,North
2319,2025-02-21 21:36:00,processing,,North
2320,2025-02-21 19:01:00,completed,,South
2321,2025-02-21 08:08:00,completed,,North
2322,2025-02-21 16:11:00,completed,,East
2323,2025-02-21 16:34:00,completed,,Central
2324,2025-02-21 14:31:00,completed,,South
2325,2025-02-21 11:12:00,completed,,South
2326,2025-02-21 23:45:00,completed,,South
2327,2025-02-21 03:31:00,completed,,South
2328,2025-02-21 06:51:00,completed,,North
2329,2025-02-21 10:26:00,completed,,North
2330,2025-02-21 00:11:00,completed,,Central
2331,2025-02-21 12:56:00,completed,,North
2332,2025-02-21 18:58:00,completed,,East
2333,2025-02-21 19:46:00,completed,,North
2334,2025-02-21 14:29:00,completed,,Central
2335,2025-02-21 22:55:00,completed,,Central
2336,2025-02-21 16:41:00,cancelled,,South
2337,2025-02-21 08:21:00,completed,,East
2338,2025-02-21 07:27:00,completed,,Central
2339,2025-02-21 21:09:00,completed,,North
2340,2025-02-21 16:04:00,completed,,East
2341,2025-02-21 14:52:00,completed,,East
2342,2025-02-21 20:34:00,processing,,North
2343,2025-02-21 17:16:00,completed,,South
2344,2025-02-21 06:23:00,processing,,North
2345,2025-02-21 02:23:00,completed,,North
2346,2025-02-21 15:59:00,completed,,Central
2347,2025-02-21 09:55:00,completed,,South
2348,2025-02-21 13:35:00,completed,,South
2349,2025-02-21 23:24:00,processing,,North
2350,2025-02-21 06:14:00,completed,,South
2351,2025-02-21 04:20:00,completed,,East
2352,2025-02-21 16:39:00,completed,,East
2353,2025-02-21 09:31:00,completed,,Central
2354,2025-02-21 13:29:00,completed,,South
2355,2025-02-21 18:51:00,completed,,East
2356,2025-02-21 20:50:00,completed,,Central
2357,2025-02-21 14:04:00,completed,,North
2358,2025-02-22 11:00:00,completed,,East
2359,2025-02-22 14:13:00,completed,,East
2360,2025-02-22 00:01:00,completed,,Central
2361,2025-02-22 11:06:00,completed,,South
2362,2025-02-22 23:07:00,completed,,North
2363,2025-02-22 04:58:00,completed,,East
2364,2025-02-22 23:41:00,completed,,North
2365,2025-02-22 12:48:00,cancelled,,North
2366,2025-02-22 18:20:00,completed,,East
2367,2025-02-22 23:16:00,completed,,Central
2368,2025-02-22 21:13:00,completed,,East
2369,2025-02-22 23:31:00,refunded,,East
2370,2025-02-22 19:53:00,completed,,South
2371,2025-02-22 18:59:00,completed,,South
2372,2025-02-22 19:36:00,completed,,North
2373,2025-02-22 14:23:00,completed,,South
2374,2025-02-22 02:59:00,processing,,South
2375,2025-02-22 18:33:00,completed,,North
2376,2025-02-22 09:36:00,completed,,North
2377,2025-02-22 23:28:00,processing,,East
2378,2025-02-22 03:41:00,completed,,North
2379,2025-02-22 12:25:00,completed,,South
2380,2025-02-22 22:53:00,completed,,South
2381,2025-02-22 06:12:00,completed,,Central
2382,2025-02-22 12:16:00,completed,,Central
2383,2025-02-22 23:54:00,completed,,East
2384,2025-02-22 23:04:00,completed,,Central
2385,2025-02-22 11:35:00,completed,,South
2386,2025-02-22 19:28:00,completed,,Central
2387,2025-02-22 18:13:00,completed,,Central
2388,2025-02-22 08:44:00,completed,,North
2389,2025-02-22 15:28:00,completed,,East
2390,2025-02-22 16:23:00,completed,,South
2391,2025-02-22 17:11:00,completed,,Central
2392,2025-02-22 12:08:00,completed,,Central
2393,2025-02-23 14:46:00,completed,,East
2394,2025-02-23 20:24:00,completed,,East
2395,2025-02-23 00:11:00,processing,,South
2396,2025-02-23 05:56:00,completed,,East
2397,2025-02-23 07:52:00,completed,,East
2398,2025-02-23 00:08:00,processing,,Central
2399,2025-02-23 23:43:00,completed,,South
2400,2025-02-23 21:45:00,completed,,South
2401,2025-02-23 11:34:00,completed,,East
2402,2025-02-23 21:12:00,completed,,Central
2403,2025-02-23 03:58:00,completed,,South
2404,2025-02-23 11:37:00,completed,,East
2405,2025-02-23 07:53:00,completed,,East
2406,2025-02-23 20:24:00,completed,,North
2407,2025-02-23 02:12:00,completed,,East
2408,2025-02-23 09:06:00,completed,,South
2409,2025-02-23 03:05:00,processing,,North
2410,2025-02-23 03:49:00,completed,,Central
2411,2025-02-23 15:22:00,completed,,South
2412,2025-02-23 07:01:00,completed,,East
2413,2025-02-23 19:07:00,refunded,,East
2414,2025-02-23 04:42:00,completed,,South
2415,2025-02-23 10:48:00,processing,,Central
2416,2025-02-23 16:00:00,completed,,Central
2417,2025-02-23 09:03:00,processing,,North
2418,2025-02-23 15:05:00,completed,,North
2419,2025-02-23 04:49:00,completed,,South
2420,2025-02-23 17:25:00,completed,,Central
2421,2025-02-23 05:58:00,completed,,North
2422,2025-02-23 23:13:00,completed,,Central
2423,2025-02-23 02:09:00,processing,,North
2424,2025-02-23 10:45:00,completed,,South
2425,2025-02-23 12:59:00,completed,,East
2426,2025-02-23 04:02:00,completed,,South
2427,2025-02-23 06:42:00,completed,,Central
2428,2025-02-23 11:24:00,processing,,Central
2429,2025-02-23 13:14:00,completed,,North
2430,2025-02-23 07:03:00,completed,,East
2431,2025-02-23 01:42:00,completed,,Central
2432,2025-02-23 12:29:00,completed,,North
2433,2025-02-23 01:59:00,completed,,East
2434,2025-02-23 12:20:00,processing,,South
2435,2025-02-23 04:09:00,cancelled,,Central
2436,2025-02-23 03:31:00,completed,,East
2437,2025-02-23 19:28:00,completed,,East
2438,2025-02-23 08:21:00,completed,,Central
2439,2025-02-23 02:59:00,completed,,Central
2440,2025-02-23 13:33:00,completed,,East
2441,2025-02-24 21:15:00,completed,,East
2442,2025-02-24 16:46:00,processing,,South
2443,2025-02-24 00:49:00,completed,,Central
2444,2025-02-24 16:39:00,completed,,South
2445,2025-02-24 08:15:00,completed,,Central
2446,2025-02-24 08:27:00,completed,,East
2447,2025-02-24 06:24:00,completed,,North
2448,2025-02-24 06:21:00,completed,,South
2449,2025-02-24 22:16:00,completed,,East
2450,2025-02-24 14:27:00,cancelled,,South
2451,2025-02-24 05:40:00,completed,,Central
2452,2025-02-24 06:39:00,completed,,Central
2453,2025-02-24 12:37:00,completed,,South
2454,2025-02-24 03:26:00,completed,,South
2455,2025-02-24 02:53:00,completed,,Central
2456,2025-02-24 16:54:00,completed,,North
2457,2025-02-24 14:30:00,completed,,Central
2458,2025-02-24 14:27:00,cancelled,,Central
2459,2025-02-24 03:16:00,processing,,North
2460,2025-02-24 12:12:00,completed,,South
2461,2025-02-24 01:05:00,completed,,Central
2462,2025-02-24 03:57:00,completed,,North
2463,2025-02-24 08:30:00,completed,,Central
2464,2025-02-24 21:39:00,completed,,North
2465,2025-02-24 13:36:00,completed,,South
2466,2025-02-24 09:12:00,completed,,South
2467,2025-02-24 14:40:00,completed,,South
2468,2025-02-24 08:59:00,completed,,North
2469,2025-02-24 20:24:00,processing,,Central
2470,2025-02-24 19:12:00,completed,,North
2471,2025-02-24 03:53:00,completed,,South
2472,2025-02-24 07:04:00,completed,,North
2473,2025-02-24 05:07:00,completed,,East
2474,2025-02-24 22:04:00,completed,,North
2475,2025-02-24 14:39:00,processing,,South
2476,2025-02-24 02:26:00,completed,,North
2477,2025-02-24 05:30:00,completed,,South
2478,2025-02-24 05:41:00,processing,,East
2479,2025-02-24 15:00:00,processing,,South
2480,2025-02-24 02:41:00,completed,,North
2481,2025-02-24 21:27:00,unknown_status,,North
2482,2025-02-24 17:02:00,completed,,East
2483,2025-02-24 12:09:00,completed,,East
2484,2025-02-24 14:19:00,completed,,North
2485,2025-02-24 05:36:00,completed,,North
2486,2025-02-24 15:22:00,completed,,Central
2487,2025-02-24 22:16:00,completed,,East
2488,2025-02-24 23:49:00,completed,,North
2489,2025-02-24 03:52:00,completed,,North
2490,2025-02-25 04:09:00,completed,,Central
2491,2025-02-25 21:41:00,completed,,North
2492,2025-02-25 19:43:00,completed,,North
2493,2025-02-25 01:02:00,completed,,East
2494,2025-02-25 02:19:00,completed,,North
2495,2025-02-25 13:52:00,completed,,East
2496,2025-02-25 09:20:00,completed,,South
2497,2025-02-25 21:40:00,completed,,Central
2498,2025-02-25 16:15:00,processing,,East
2499,2025-02-25 12:39:00,completed,,North
2500,2025-02-25 04:06:00,completed,,Central
2501,2025-02-25 10:10:00,completed,,North
2502,2025-02-25 06:53:00,completed,,South
2503,2025-02-25 17:41:00,completed,,East
2504,2025-02-25 17:53:00,completed,,Central
2505,2025-02-25 03:32:00,completed,,East
2506,2025-02-25 05:20:00,completed,,East
2507,2025-02-25 22:44:00,completed,,South
2508,2025-02-25 02:35:00,completed,,North
2509,2025-02-25 13:04:00,completed,,South
2510,2025-02-25 04:11:00,completed,,North
2511,2025-02-25 11:37:00,completed,,South
2512,2025-02-25 16:46:00,cancelled,,East
2513,2025-02-25 22:26:00,completed,,East
2514,2025-02-25 04:26:00,completed,,North
2515,2025-02-25 22:19:00,completed,,South
2516,2025-02-25 23:26:00,completed,,North
2517,2025-02-25 04:42:00,completed,,South
2518,2025-02-25 15:03:00,processing,,South
2519,2025-02-25 13:06:00,completed,,North
2520,2025-02-25 18:59:00,completed,,North
2521,2025-02-25 09:37:00,cancelled,,East
2522,2025-02-25 02:37:00,completed,,South
2523,2025-02-25 21:58:00,completed,,Central
2524,2025-02-25 14:11:00,processing,,Central
2525,2025-02-25 15:20:00,completed,,Central
2526,2025-02-25 11:00:00,completed,,South
2527,2025-02-26 19:51:00,completed,,East
2528,2025-02-26 13:00:00,completed,,South
2529,2025-02-26 15:31:00,processing,,Central
2530,2025-02-26 04:31:00,completed,,Central
2531,2025-02-26 07:29:00,processing,,Central
2532,2025-02-26 03:22:00,completed,,Central
2533,2025-02-26 11:58:00,completed,,North
2534,2025-02-26 15:54:00,completed,,Central
2535,2025-02-26 14:01:00,cancelled,,North
2536,2025-02-26 22:02:00,completed,,North
2537,2025-02-26 23:36:00,completed,,North
2538,2025-02-26 21:58:00,completed,,South
2539,2025-02-26 02:41:00,completed,,Central
2540,2025-02-26 14:23:00,completed,,North
2541,2025-02-26 14:32:00,completed,,North
2542,2025-02-26 21:42:00,completed,,South
2543,2025-02-26 17:50:00,completed,,South
2544,2025-02-26 09:34:00,completed,,North
2545,2025-02-26 23:08:00,completed,,Central
2546,2025-02-26 13:36:00,completed,,North
2547,2025-02-26 23:31:00,processing,,Central
2548,2025-02-26 00:23:00,completed,,North
2549,2025-02-26 16:05:00,cancelled,,East
2550,2025-02-26 04:25:00,completed,,Central
2551,2025-02-26 19:33:00,completed,,South
2552,2025-02-26 13:12:00,completed,,East
2553,2025-02-26 14:03:00,completed,,Central
2554,2025-02-26 08:33:00,completed,,Central
2555,2025-02-26 22:50:00,refunded,,Central
2556,2025-02-26 11:49:00,processing,,East
2557,2025-02-26 14:57:00,completed,,East
2558,2025-02-26 18:33:00,completed,,East
2559,2025-02-26 15:31:00,completed,,Central
2560,2025-02-26 05:15:00,completed,,Central
2561,2025-02-26 02:47:00,completed,,East
2562,2025-02-26 09:51:00,completed,,North
2563,2025-02-26 18:10:00,completed,,Central
2564,2025-02-26 09:51:00,completed,,East
2565,2025-02-26 19:28:00,completed,,North
2566,2025-02-26 04:48:00,completed,,North
2567,2025-02-26 23:46:00,completed,,North
2568,2025-02-26 07:15:00,completed,,Central
2569,2025-02-27 10:41:00,completed,,East
2570,2025-02-27 08:50:00,completed,,North
2571,2025-02-27 13:17:00,unknown_status,,South
2572,2025-02-27 10:23:00,completed,,Central
2573,2025-02-27 16:47:00,completed,,North
2574,2025-02-27 21:35:00,completed,,South
2575,2025-02-27 09:48:00,completed,,South
2576,2025-02-27 22:39:00,processing,,East
2577,2025-02-27 16:27:00,completed,,South
2578,2025-02-27 03:50:00,completed,,Central
2579,2025-02-27 04:50:00,completed,,South
2580,2025-02-27 20:49:00,completed,,South
2581,2025-02-27 09:42:00,completed,,Central
2582,2025-02-27 11:16:00,completed,,North
2583,2025-02-27 18:47:00,completed,,East
2584,2025-02-27 17:51:00,completed,,Central
2585,2025-02-27 20:38:00,completed,,Central
2586,2025-02-27 04:20:00,completed,,East
2587,2025-02-27 09:30:00,processing,,East
2588,2025-02-27 08:24:00,completed,,North
2589,2025-02-27 15:08:00,cancelled,,Central
2590,2025-02-27 12:39:00,completed,,North
2591,2025-02-27 14:22:00,processing,,South
2592,2025-02-27 12:10:00,completed,,East
2593,2025-02-27 03:54:00,completed,,Central
2594,2025-02-27 12:16:00,completed,,North
2595,2025-02-27 09:28:00,completed,,North
2596,2025-02-27 02:25:00,completed,,North
2597,2025-02-27 09:43:00,completed,,North
2598,2025-02-27 12:42:00,completed,,North
2599,2025-02-27 14:17:00,processing,,South
2600,2025-02-27 02:41:00,completed,,East
2601,2025-02-27 12:24:00,completed,,East
2602,2025-02-27 23:21:00,completed,,East
2603,2025-02-27 06:24:00,completed,,Central
2604,2025-02-27 08:13:00,completed,,North
2605,2025-02-27 00:56:00,completed,,East
2606,2025-02-28 13:45:00,unknown_status,,Central
2607,2025-02-28 16:48:00,completed,,North
2608,2025-02-28 01:03:00,processing,,East
2609,2025-02-28 14:24:00,completed,,North
2610,2025-02-28 14:41:00,completed,,Central
2611,2025-02-28 02:31:00,completed,,South
2612,2025-02-28 02:04:00,completed,,South
2613,2025-02-28 03:36:00,completed,,North
2614,2025-02-28 16:02:00,completed,,Central
2615,2025-02-28 07:32:00,completed,,South
2616,2025-02-28 13:25:00,completed,,East
2617,2025-02-28 22:40:00,completed,,South
2618,2025-02-28 07:01:00,completed,,South
2619,2025-02-28 16:36:00,completed,,East
2620,2025-02-28 22:12:00,completed,,Central
2621,2025-02-28 22:18:00,completed,,North
2622,2025-02-28 01:57:00,completed,,South
2623,2025-02-28 16:27:00,processing,,South
2624,2025-02-28 23:48:00,completed,,Central
2625,2025-02-28 14:10:00,completed,,Central
2626,2025-02-28 15:07:00,completed,,South
2627,2025-02-28 02:28:00,completed,,South
2628,2025-02-28 06:49:00,completed,,East
2629,2025-02-28 02:35:00,completed,,South
2630,2025-02-28 15:33:00,completed,,Central
2631,2025-02-28 02:20:00,completed,,South
2632,2025-02-28 23:37:00,completed,,East
2633,2025-02-28 23:25:00,completed,,Central
2634,2025-02-28 04:21:00,completed,,South
2635,2025-02-28 00:16:00,unknown_status,,North
2636,2025-02-28 09:34:00,cancelled,,South
2637,2025-02-28 03:40:00,completed,,North
2638,2025-02-28 03:50:00,completed,,South
2639,2025-02-28 14:34:00,completed,,North
2640,2025-02-28 00:50:00,completed,,South
2641,2025-02-28 08:07:00,completed,,North
2642,2025-02-28 09:57:00,completed,,North
2643,2025-02-28 00:37:00,completed,,Central
2644,2025-02-28 14:45:00,completed,,South
2645,2025-02-28 23:40:00,completed,,Central
2646,2025-02-28 16:44:00,completed,,Central
2647,2025-02-28 18:56:00,completed,,Central
2648,2025-02-28 16:18:00,completed,,North
2649,2025-02-28 20:26:00,completed,,South
2650,2025-03-01 02:59:00,completed,,South
2651,2025-03-01 09:36:00,processing,,East
2652,2025-03-01 02:31:00,completed,,Central
2653,2025-03-01 07:58:00,processing,,South
2654,2025-03-01 21:23:00,completed,,East
2655,2025-03-01 12:50:00,completed,,North
2656,2025-03-01 02:08:00,completed,,South
2657,2025-03-01 12:54:00,completed,,East
2658,2025-03-01 01:42:00,completed,,South
2659,2025-03-01 20:31:00,completed,,East
2660,2025-03-01 22:21:00,completed,,East
2661,2025-03-01 00:01:00,completed,,Central
2662,2025-03-01 11:48:00,completed,,Central
2663,2025-03-01 16:59:00,cancelled,,Central
2664,2025-03-01 05:44:00,processing,,North
2665,2025-03-01 08:06:00,completed,,North
2666,2025-03-01 11:13:00,completed,,North
2667,2025-03-01 14:06:00,completed,,South
2668,2025-03-01 09:01:00,completed,,South
2669,2025-03-01 09:49:00,completed,,East
2670,2025-03-01 04:41:00,completed,,South
2671,2025-03-01 17:14:00,completed,,Central
2672,2025-03-01 01:48:00,completed,,Central
2673,2025-03-01 05:26:00,completed,,Central
2674,2025-03-01 23:11:00,completed,,South
2675,2025-03-01 00:29:00,completed,,East
2676,2025-03-01 17:56:00,completed,,Central
2677,2025-03-01 18:09:00,cancelled,,North
2678,2025-03-01 20:03:00,completed,,Central
2679,2025-03-01 07:59:00,completed,,North
2680,2025-03-01 08:56:00,completed,,Central
2681,2025-03-01 21:08:00,completed,,East
2682,2025-03-01 16:00:00,completed,,East
2683,2025-03-01 16:24:00,completed,,South
2684,2025-03-01 07:16:00,completed,,South
2685,2025-03-01 09:51:00,completed,,North
2686,2025-03-01 03:20:00,completed,,East
2687,2025-03-01 00:13:00,completed,,North
2688,2025-03-02 15:41:00,refunded,,South
2689,2025-03-02 06:49:00,completed,,East
2690,2025-03-02 09:49:00,completed,,South
2691,2025-03-02 06:32:00,completed,,South
2692,2025-03-02 13:12:00,completed,,North
2693,2025-03-02 17:03:00,completed,,East
2694,2025-03-02 22:15:00,completed,,North
2695,2025-03-02 03:04:00,completed,,North
2696,2025-03-02 06:13:00,completed,,Central
2697,2025-03-02 05:37:00,completed,,East
2698,2025-03-02 02:00:00,completed,,Central
2699,2025-03-02 06:59:00,completed,,East
2700,2025-03-02 00:24:00,completed,,Central
2701,2025-03-02 07:22:00,completed,,East
2702,2025-03-02 20:48:00,cancelled,,Central
2703,2025-03-02 18:41:00,completed,,North
2704,2025-03-02 15:04:00,completed,,South
2705,2025-03-02 12:25:00,completed,,North
2706,2025-03-02 06:44:00,completed,,North
2707,2025-03-02 11:11:00,completed,,East
2708,2025-03-02 12:31:00,completed,,North
2709,2025-03-02 00:18:00,completed,,East
2710,2025-03-02 14:26:00,completed,,North
2711,2025-03-02 20:01:00,completed,,Central
2712,2025-03-02 09:16:00,completed,,East
2713,2025-03-02 20:58:00,cancelled,,East
2714,2025-03-02 19:27:00,completed,,East
2715,2025-03-02 08:12:00,completed,,South
2716,2025-03-02 00:48:00,refunded,,South
2717,2025-03-02 20:21:00,completed,,East
2718,2025-03-02 04:29:00,completed,,North
2719,2025-03-02 11:57:00,completed,,North
2720,2025-03-02 19:57:00,completed,,East
2721,2025-03-02 22:26:00,completed,,South
2722,2025-03-02 22:18:00,completed,,Central
2723,2025-03-02 07:21:00,completed,,Central
2724,2025-03-02 19:52:00,completed,,East
2725,2025-03-02 08:23:00,completed,,East
2726,2025-03-02 15:26:00,completed,,Central
2727,2025-03-02 02:55:00,cancelled,,North
2728,2025-03-03 13:48:00,completed,,East
2729,2025-03-03 00:45:00,completed,,North
2730,2025-03-03 20:07:00,completed,,East
2731,2025-03-03 13:06:00,completed,,North
2732,2025-03-03 19:10:00,completed,,South
2733,2025-03-03 02:17:00,completed,,South
2734,2025-03-03 22:28:00,completed,,East
2735,2025-03-03 22:39:00,completed,,Central
2736,2025-03-03 22:20:00,cancelled,,East
2737,2025-03-03 00:07:00,completed,,South
2738,2025-03-03 00:08:00,completed,,North
2739,2025-03-03 16:58:00,completed,,East
2740,2025-03-03 05:34:00,completed,,East
2741,2025-03-03 11:50:00,completed,,North
2742,2025-03-03 14:02:00,cancelled,,North
2743,2025-03-03 12:05:00,processing,,East
2744,2025-03-03 22:15:00,processing,,North
2745,2025-03-03 06:04:00,completed,,North
2746,2025-03-03 10:37:00,completed,,East
2747,2025-03-03 03:58:00,completed,,South
2748,2025-03-03 08:33:00,completed,,East
2749,2025-03-03 04:22:00,completed,,South
2750,2025-03-03 08:37:00,completed,,South
2751,2025-03-03 12:27:00,processing,,Central
2752,2025-03-03 23:01:00,completed,,South
2753,2025-03-03 16:01:00,completed,,Central
2754,2025-03-03 22:02:00,refunded,,North
2755,2025-03-03 20:36:00,completed,,East
2756,2025-03-03 01:21:00,processing,,Central
2757,2025-03-03 21:11:00,completed,,Central
2758,2025-03-03 18:32:00,completed,,Central
2759,2025-03-03 22:16:00,completed,,South
2760,2025-03-03 12:31:00,completed,,East
2761,2025-03-03 03:27:00,completed,,South
2762,2025-03-03 23:49:00,completed,,North
2763,2025-03-04 20:30:00,completed,,South
2764,2025-03-04 19:24:00,completed,,Central
2765,2025-03-04 02:14:00,completed,,North
2766,2025-03-04 19:27:00,completed,,North
2767,2025-03-04 12:36:00,completed,,Central
2768,2025-03-04 14:55:00,completed,,North
2769,2025-03-04 02:52:00,completed,,East
2770,2025-03-04 03:48:00,completed,,South
2771,2025-03-04 00:43:00,completed,,North
2772,2025-03-04 00:09:00,completed,,East
2773,2025-03-04 16:01:00,completed,,East
2774,2025-03-04 03:25:00,completed,,East
2775,2025-03-04 01:52:00,completed,,East
2776,2025-03-04 15:11:00,completed,,Central
2777,2025-03-04 16:45:00,cancelled,,East
2778,2025-03-04 02:34:00,completed,,East
2779,2025-03-04 00:46:00,cancelled,,North
2780,2025-03-04 01:33:00,completed,,North
2781,2025-03-04 13:21:00,completed,,South
2782,2025-03-04 18:53:00,completed,,North
2783,2025-03-04 09:50:00,completed,,South
2784,2025-03-04 19:41:00,completed,,East
2785,2025-03-04 12:21:00,cancelled,,North
2786,2025-03-04 10:53:00,completed,,East
2787,2025-03-04 08:33:00,cancelled,,East
2788,2025-03-04 18:44:00,completed,,North
2789,2025-03-04 11:15:00,completed,,Central
2790,2025-03-04 09:20:00,processing,,South
2791,2025-03-04 15:49:00,cancelled,,Central
2792,2025-03-04 22:39:00,completed,,East
2793,2025-03-04 00:44:00,completed,,Central
2794,2025-03-04 21:21:00,refunded,,North
2795,2025-03-04 03:39:00,completed,,North
2796,2025-03-04 02:26:00,completed,,South
2797,2025-03-04 07:21:00,cancelled,,North
2798,2025-03-04 10:40:00,completed,,Central
2799,2025-03-04 21:28:00,completed,,North
2800,2025-03-04 16:11:00,completed,,North
2801,2025-03-04 07:21:00,completed,,Central
2802,2025-03-04 06:49:00,completed,,East
2803,2025-03-04 11:54:00,completed,,North
2804,2025-03-04 06:06:00,processing,,East
2805,2025-03-04 02:29:00,processing,,North
2806,2025-03-04 02:24:00,processing,,East
2807,2025-03-04 05:06:00,completed,,South
2808,2025-03-04 22:16:00,completed,,South
2809,2025-03-04 08:00:00,processing,,Central
2810,2025-03-04 01:56:00,completed,,South
2811,2025-03-04 23:23:00,completed,,South
2812,2025-03-04 10:43:00,completed,,Central
2813,2025-03-04 12:27:00,processing,,Central
2814,2025-03-04 12:46:00,completed,,Central
2815,2025-03-04 00:14:00,cancelled,,Central
2816,2025-03-04 03:26:00,completed,,North
2817,2025-03-04 07:58:00,cancelled,,South
2818,2025-03-04 00:24:00,completed,,Central
2819,2025-03-04 13:46:00,completed,,Central
2820,2025-03-04 00:22:00,completed,,Central
2821,2025-03-04 14:55:00,completed,,East
2822,2025-03-04 21:08:00,completed,,South
2823,2025-03-05 05:29:00,completed,,Central
2824,2025-03-05 07:39:00,cancelled,,Central
2825,2025-03-05 20:24:00,completed,,South
2826,2025-03-05 19:47:00,completed,,South
2827,2025-03-05 22:27:00,completed,,South
2828,2025-03-05 02:02:00,processing,,North
2829,2025-03-05 05:05:00,completed,,South
2830,2025-03-05 09:37:00,completed,,North
2831,2025-03-05 00:30:00,completed,,East
2832,2025-03-05 19:58:00,completed,,North
2833,2025-03-05 15:00:00,completed,,East
2834,2025-03-05 09:54:00,completed,,North
2835,2025-03-05 02:11:00,cancelled,,North
2836,2025-03-05 22:35:00,completed,,North
2837,2025-03-05 14:58:00,completed,,South
2838,2025-03-05 09:36:00,completed,,South
2839,2025-03-05 08:46:00,completed,,North
2840,2025-03-05 13:56:00,completed,,East
2841,2025-03-05 02:53:00,completed,,Central
2842,2025-03-05 02:04:00,completed,,East
2843,2025-03-05 15:28:00,completed,,North
2844,2025-03-05 14:01:00,completed,,Central
2845,2025-03-05 15:19:00,completed,,East
2846,2025-03-05 09:47:00,completed,,Central
2847,2025-03-05 08:40:00,completed,,Central
2848,2025-03-05 22:25:00,completed,,South
2849,2025-03-05 17:47:00,completed,,North
2850,2025-03-05 20:05:00,completed,,East
2851,2025-03-05 04:47:00,completed,,Central
2852,2025-03-05 17:46:00,completed,,South
2853,2025-03-05 23:13:00,completed,,Central
2854,2025-03-05 09:49:00,completed,,South
2855,2025-03-06 21:36:00,completed,,East
2856,2025-03-06 17:34:00,processing,,East
2857,2025-03-06 07:17:00,completed,,Central
2858,2025-03-06 08:44:00,completed,,North
2859,2025-03-06 14:34:00,completed,,North
2860,2025-03-06 03:47:00,completed,,Central
2861,2025-03-06 23:31:00,completed,,East
2862,2025-03-06 05:28:00,completed,,South
2863,2025-03-06 23:26:00,completed,,South
2864,2025-03-06 04:09:00,completed,,South
2865,2025-03-06 19:52:00,completed,,East
2866,2025-03-06 01:12:00,completed,,Central
2867,2025-03-06 17:28:00,completed,,South
2868,2025-03-06 20:02:00,completed,,North
2869,2025-03-06 08:49:00,refunded,,Central
2870,2025-03-06 06:37:00,completed,,Central
2871,2025-03-06 10:25:00,completed,,South
2872,2025-03-06 09:52:00,cancelled,,East
2873,2025-03-06 22:18:00,completed,,Central
2874,2025-03-06 17:14:00,completed,,South
2875,2025-03-06 12:30:00,completed,,Central
2876,2025-03-06 00:11:00,completed,,South
2877,2025-03-06 22:54:00,completed,,North
2878,2025-03-06 16:43:00,completed,,North
2879,2025-03-06 18:30:00,completed,,Central
2880,2025-03-06 09:46:00,processing,,East
2881,2025-03-06 08:56:00,completed,,Central
2882,2025-03-06 01:08:00,completed,,Central
2883,2025-03-06 20:37:00,completed,,North
2884,2025-03-06 10:03:00,completed,,North
2885,2025-03-06 12:49:00,cancelled,,Central
2886,2025-03-06 06:48:00,completed,,Central
2887,2025-03-06 15:28:00,completed,,South
2888,2025-03-06 03:20:00,completed,,Central
2889,2025-03-06 08:35:00,completed,,Central
2890,2025-03-06 11:41:00,completed,,North
2891,2025-03-06 11:44:00,completed,,North
2892,2025-03-06 19:57:00,completed,,South
2893,2025-03-06 18:57:00,completed,,East
2894,2025-03-06 07:40:00,completed,,Central
2895,2025-03-06 22:52:00,completed,,North
2896,2025-03-07 01:46:00,completed,,East
2897,2025-03-07 02:47:00,completed,,Central
2898,2025-03-07 05:16:00,completed,,Central
2899,2025-03-07 22:06:00,completed,,East
2900,2025-03-07 02:15:00,processing,,South
2901,2025-03-07 07:34:00,processing,,North
2902,2025-03-07 10:08:00,completed,,East
2903,2025-03-07 06:36:00,cancelled,,Central
2904,2025-03-07 16:35:00,completed,,South
2905,2025-03-07 20:20:00,completed,,North
2906,2025-03-07 23:16:00,completed,,North
2907,2025-03-07 12:12:00,completed,,South
2908,2025-03-07 20:10:00,completed,,North
2909,2025-03-07 17:57:00,completed,,South
2910,2025-03-07 16:38:00,completed,,North
2911,2025-03-07 12:42:00,completed,,North
2912,2025-03-07 18:18:00,completed,,South
2913,2025-03-07 14:05:00,cancelled,,Central
2914,2025-03-07 06:09:00,completed,,South
2915,2025-03-07 18:03:00,completed,,North
2916,2025-03-07 14:35:00,completed,,North
2917,2025-03-07 03:40:00,completed,,East
2918,2025-03-07 19:48:00,completed,,North
2919,2025-03-07 21:24:00,completed,,North
2920,2025-03-07 19:08:00,completed,,North
2921,2025-03-07 13:03:00,completed,,South
2922,2025-03-07 22:51:00,processing,,North
2923,2025-03-07 22:17:00,completed,,North
2924,2025-03-07 00:51:00,completed,,East
2925,2025-03-07 10:03:00,completed,,East
2926,2025-03-07 02:16:00,completed,,North
2927,2025-03-08 16:28:00,completed,,Central
2928,2025-03-08 03:01:00,completed,,East
2929,2025-03-08 18:12:00,completed,,South
2930,2025-03-08 12:39:00,cancelled,,Central
2931,2025-03-08 21:39:00,completed,,Central
2932,2025-03-08 00:16:00,completed,,South
2933,2025-03-08 08:23:00,unknown_status,,South
2934,2025-03-08 23:45:00,completed,,North
2935,2025-03-08 16:35:00,completed,,Central
2936,2025-03-08 02:48:00,completed,,South
2937,2025-03-08 00:19:00,processing,,South
2938,2025-03-08 18:25:00,completed,,East
2939,2025-03-08 01:18:00,processing,,East
2940,2025-03-08 14:59:00,completed,,North
2941,2025-03-08 01:43:00,completed,,North
2942,2025-03-08 05:20:00,cancelled,,North
2943,2025-03-08 11:35:00,completed,,North
2944,2025-03-08 04:23:00,completed,,East
2945,2025-03-08 04:35:00,completed,,North
2946,2025-03-08 16:33:00,completed,,Central
2947,2025-03-08 02:23:00,completed,,East
2948,2025-03-08 03:21:00,completed,,Central
2949,2025-03-08 23:16:00,completed,,Central
2950,2025-03-08 20:17:00,processing,,East
2951,2025-03-08 03:34:00,completed,,East
2952,2025-03-08 10:41:00,completed,,South
2953,2025-03-08 21:54:00,completed,,Central
2954,2025-03-08 11:35:00,completed,,Central
2955,2025-03-08 10:34:00,completed,,South
2956,2025-03-08 18:27:00,processing,,East
2957,2025-03-08 12:30:00,completed,,Central
2958,2025-03-08 03:58:00,cancelled,,North
2959,2025-03-08 17:31:00,cancelled,,South
2960,2025-03-08 15:52:00,completed,,East
2961,2025-03-08 00:06:00,completed,,South
2962,2025-03-08 17:22:00,completed,,East
2963,2025-03-08 13:27:00,completed,,North
2964,2025-03-08 16:36:00,completed,,East
2965,2025-03-08 13:57:00,completed,,East
2966,2025-03-08 01:38:00,completed,,South
2967,2025-03-08 01:11:00,completed,,South
2968,2025-03-08 06:47:00,completed,,Central
2969,2025-03-08 18:12:00,completed,,East
2970,2025-03-08 19:03:00,completed,,South
2971,2025-03-08 08:34:00,completed,,South
2972,2025-03-09 08:44:00,completed,,East
2973,2025-03-09 21:15:00,completed,,East
2974,2025-03-09 01:59:00,completed,,East
2975,2025-03-09 21:24:00,completed,,North
2976,2025-03-09 21:10:00,completed,,South
2977,2025-03-09 13:12:00,completed,,East
2978,2025-03-09 15:55:00,completed,,East
2979,2025-03-09 19:47:00,completed,,Central
2980,2025-03-09 01:27:00,completed,,North
2981,2025-03-09 02:08:00,completed,,East
2982,2025-03-09 09:13:00,completed,,South
2983,2025-03-09 17:02:00,completed,,East
2984,2025-03-09 07:13:00,cancelled,,South
2985,2025-03-09 21:48:00,completed,,South
2986,2025-03-09 13:06:00,completed,,South
2987,2025-03-09 23:22:00,completed,,East
2988,2025-03-09 13:41:00,completed,,Central
2989,2025-03-09 21:30:00,completed,,East
2990,2025-03-09 19:29:00,completed,,North
2991,2025-03-09 11:28:00,completed,,South
2992,2025-03-09 17:37:00,completed,,East
2993,2025-03-09 03:56:00,completed,,North
2994,2025-03-09 12:23:00,completed,,South
2995,2025-03-09 10:17:00,completed,,Central
2996,2025-03-09 03:21:00,completed,,South
2997,2025-03-09 01:33:00,completed,,Central
2998,2025-03-09 08:51:00,completed,,South
2999,2025-03-09 13:17:00,completed,,South
3000,2025-03-09 22:48:00,completed,,North
3001,2025-03-09 02:01:00,completed,,South
3002,2025-03-09 18:31:00,completed,,Central
3003,2025-03-09 17:59:00,completed,,Central
3004,2025-03-09 11:55:00,completed,,North
3005,2025-03-09 23:41:00,processing,,North
3006,2025-03-10 15:35:00,completed,,South
3007,2025-03-10 02:28:00,completed,,Central
3008,2025-03-10 01:42:00,completed,,East
3009,2025-03-10 07:05:00,completed,,East
3010,2025-03-10 00:03:00,completed,,Central
3011,2025-03-10 01:31:00,cancelled,,South
3012,2025-03-10 15:43:00,completed,,East
3013,2025-03-10 23:39:00,completed,,Central
3014,2025-03-10 11:19:00,processing,,South
3015,2025-03-10 21:56:00,completed,,East
3016,2025-03-10 15:19:00,unknown_status,,South
3017,2025-03-10 11:49:00,completed,,East
3018,2025-03-10 18:48:00,completed,,East
3019,2025-03-10 14:13:00,completed,,Central
3020,2025-03-10 18:58:00,completed,,South
3021,2025-03-10 06:46:00,processing,,East
3022,2025-03-10 01:45:00,completed,,South
3023,2025-03-10 00:59:00,completed,,Central
3024,2025-03-10 07:02:00,completed,,North
3025,2025-03-10 07:18:00,completed,,South
3026,2025-03-10 01:45:00,completed,,Central
3027,2025-03-10 11:10:00,processing,,East
3028,2025-03-10 08:04:00,processing,,East
3029,2025-03-10 09:47:00,completed,,East
3030,2025-03-10 01:01:00,completed,,South
3031,2025-03-10 00:05:00,processing,,Central
3032,2025-03-10 22:43:00,completed,,East
3033,2025-03-10 07:26:00,completed,,South
3034,2025-03-10 08:16:00,completed,,East
3035,2025-03-10 22:01:00,completed,,East
3036,2025-03-10 23:05:00,completed,,Central
3037,2025-03-10 22:50:00,completed,,South
3038,2025-03-10 14:01:00,unknown_status,,North
3039,2025-03-10 01:48:00,completed,,East
3040,2025-03-10 12:12:00,completed,,Central
3041,2025-03-10 16:13:00,completed,,North
3042,2025-03-10 22:00:00,completed,,South
3043,2025-03-10 10:15:00,completed,,Central
3044,2025-03-10 03:06:00,completed,,North
3045,2025-03-10 08:41:00,completed,,Central
3046,2025-03-10 18:07:00,completed,,East
3047,2025-03-11 13:39:00,completed,,East
3048,2025-03-11 16:28:00,completed,,North
3049,2025-03-11 09:09:00,completed,,South
3050,2025-03-11 10:51:00,completed,,East
3051,2025-03-11 07:01:00,completed,,South
3052,2025-03-11 10:13:00,completed,,North
3053,2025-03-11 07:29:00,completed,,East
3054,2025-03-11 08:29:00,completed,,East
3055,2025-03-11 20:03:00,completed,,North
3056,2025-03-11 22:16:00,processing,,South
3057,2025-03-11 03:13:00,completed,,North
3058,2025-03-11 22:26:00,completed,,Central
3059,2025-03-11 17:35:00,completed,,East
3060,2025-03-11 21:31:00,completed,,East
3061,2025-03-11 02:40:00,completed,,South
3062,2025-03-11 03:52:00,processing,,South
3063,2025-03-11 16:06:00,cancelled,,Central
3064,2025-03-11 10:34:00,completed,,South
3065,2025-03-11 23:47:00,completed,,South
3066,2025-03-11 16:12:00,completed,,North
3067,2025-03-11 10:18:00,completed,,East
3068,2025-03-11 20:48:00,completed,,South
3069,2025-03-11 00:45:00,completed,,North
3070,2025-03-11 20:12:00,completed,,South
3071,2025-03-11 11:24:00,completed,,East
3072,2025-03-11 20:28:00,completed,,North
3073,2025-03-11 14:59:00,completed,,North
3074,2025-03-11 15:05:00,completed,,Central
3075,2025-03-11 04:45:00,processing,,Central
3076,2025-03-11 12:07:00,completed,,Central
3077,2025-03-11 02:26:00,completed,,North
3078,2025-03-11 13:34:00,refunded,,Central
3079,2025-03-11 16:54:00,completed,,North
3080,2025-03-11 20:02:00,completed,,East
3081,2025-03-11 14:03:00,cancelled,,Central
3082,2025-03-11 19:03:00,completed,,East
3083,2025-03-11 22:26:00,completed,,Central
3084,2025-03-12 05:43:00,completed,,East
3085,2025-03-12 23:50:00,completed,,Central
3086,2025-03-12 18:57:00,completed,,South
3087,2025-03-12 08:45:00,processing,,East
3088,2025-03-12 20:00:00,unknown_status,,East
3089,2025-03-12 07:07:00,completed,,East
3090,2025-03-12 08:42:00,completed,,East
3091,2025-03-12 08:16:00,completed,,South
3092,2025-03-12 06:23:00,completed,,South
3093,2025-03-12 16:29:00,completed,,Central
3094,2025-03-12 23:02:00,cancelled,,East
3095,2025-03-12 13:25:00,completed,,Central
3096,2025-03-12 03:51:00,completed,,Central
3097,2025-03-12 22:40:00,completed,,East
3098,2025-03-12 12:22:00,completed,,East
3099,2025-03-12 01:26:00,processing,,North
3100,2025-03-12 19:27:00,completed,,Central
3101,2025-03-12 04:41:00,completed,,East
3102,2025-03-12 07:29:00,completed,,South
3103,2025-03-12 00:15:00,completed,,Central
3104,2025-03-12 15:49:00,refunded,,East
3105,2025-03-12 06:15:00,completed,,North
3106,2025-03-12 09:03:00,completed,,North
3107,2025-03-12 00:17:00,completed,,North
3108,2025-03-12 05:38:00,completed,,Central
3109,2025-03-12 22:10:00,completed,,North
3110,2025-03-12 09:00:00,completed,,East
3111,2025-03-12 11:20:00,completed,,North
3112,2025-03-12 19:22:00,completed,,South
3113,2025-03-12 18:42:00,completed,,North
3114,2025-03-12 20:45:00,completed,,East
3115,2025-03-12 15:47:00,completed,,East
3116,2025-03-12 10:50:00,completed,,North
3117,2025-03-12 11:28:00,completed,,North
3118,2025-03-12 16:50:00,completed,,South
3119,2025-03-12 03:11:00,completed,,East
3120,2025-03-12 19:08:00,completed,,Central
3121,2025-03-12 21:17:00,completed,,North
3122,2025-03-12 04:20:00,completed,,Central
3123,2025-03-12 17:35:00,completed,,North
3124,2025-03-12 09:41:00,completed,,North
3125,2025-03-12 16:22:00,processing,,North
3126,2025-03-12 06:38:00,completed,,North
3127,2025-03-12 04:13:00,completed,,South
3128,2025-03-12 04:53:00,processing,,South
3129,2025-03-12 15:01:00,completed,,Central
3130,2025-03-12 13:48:00,completed,,Central
3131,2025-03-12 02:24:00,cancelled,,East
3132,2025-03-12 10:52:00,completed,,Central
3133,2025-03-12 17:32:00,completed,,North
3134,2025-03-13 09:10:00,completed,,North
3135,2025-03-13 10:19:00,completed,,South
3136,2025-03-13 22:59:00,completed,,North
3137,2025-03-13 23:22:00,completed,,Central
3138,2025-03-13 12:59:00,completed,,Central
3139,2025-03-13 19:05:00,completed,,North
3140,2025-03-13 20:05:00,cancelled,,South
3141,2025-03-13 05:41:00,completed,,South
3142,2025-03-13 11:32:00,completed,,East
3143,2025-03-13 17:28:00,completed,,East
3144,2025-03-13 09:12:00,completed,,North
3145,2025-03-13 19:51:00,completed,,North
3146,2025-03-13 01:03:00,completed,,East
3147,2025-03-13 01:19:00,completed,,East
3148,2025-03-13 13:41:00,processing,,North
3149,2025-03-13 19:32:00,cancelled,,North
3150,2025-03-13 00:26:00,completed,,North
3151,2025-03-13 02:09:00,completed,,East
3152,2025-03-13 15:49:00,completed,,South
3153,2025-03-13 16:43:00,completed,,Central
3154,2025-03-13 09:28:00,completed,,South
3155,2025-03-13 14:08:00,completed,,Central
3156,2025-03-13 20:35:00,completed,,North
3157,2025-03-13 07:40:00,refunded,,South
3158,2025-03-13 18:05:00,processing,,North
3159,2025-03-13 22:54:00,completed,,Central
3160,2025-03-13 04:47:00,refunded,,North
3161,2025-03-13 21:00:00,processing,,East
3162,2025-03-13 04:02:00,completed,,East
3163,2025-03-13 19:18:00,completed,,South
3164,2025-03-13 06:46:00,completed,,East
3165,2025-03-13 21:01:00,refunded,,North
3166,2025-03-13 11:53:00,completed,,East
3167,2025-03-13 19:41:00,completed,,North
3168,2025-03-13 17:09:00,completed,,North
3169,2025-03-13 01:39:00,completed,,North
3170,2025-03-13 11:13:00,refunded,,East
3171,2025-03-13 21:25:00,completed,,South
3172,2025-03-13 18:44:00,cancelled,,North
3173,2025-03-13 22:15:00,processing,,East
3174,2025-03-13 02:04:00,completed,,Central
3175,2025-03-13 13:52:00,completed,,South
3176,2025-03-13 14:50:00,completed,,Central
3177,2025-03-13 06:10:00,completed,,Central
3178,2025-03-14 14:07:00,completed,,South
3179,2025-03-14 05:51:00,completed,,Central
3180,2025-03-14 13:33:00,completed,,East
3181,2025-03-14 04:09:00,completed,,North
3182,2025-03-14 02:10:00,completed,,North
3183,2025-03-14 22:27:00,completed,,East
3184,2025-03-14 19:25:00,completed,,Central
3185,2025-03-14 22:52:00,completed,,East
3186,2025-03-14 15:55:00,refunded,,East
3187,2025-03-14 04:58:00,completed,,East
3188,2025-03-14 02:51:00,completed,,North
3189,2025-03-14 13:40:00,processing,,East
3190,2025-03-14 23:58:00,completed,,North
3191,2025-03-14 11:11:00,completed,,Central
3192,2025-03-14 16:52:00,completed,,East
3193,2025-03-14 16:07:00,completed,,East
3194,2025-03-14 10:08:00,completed,,North
3195,2025-03-14 23:33:00,processing,,Central
3196,2025-03-14 08:12:00,completed,,East
3197,2025-03-14 21:42:00,completed,,North
3198,2025-03-14 06:39:00,completed,,East
3199,2025-03-14 00:40:00,processing,,North
3200,2025-03-14 05:28:00,completed,,Central
3201,2025-03-14 08:58:00,cancelled,,South
3202,2025-03-14 20:59:00,completed,,North
3203,2025-03-14 04:57:00,completed,,East
3204,2025-03-14 13:13:00,completed,,East
3205,2025-03-14 16:13:00,completed,,North
3206,2025-03-14 04:53:00,completed,,Central
3207,2025-03-14 14:38:00,completed,,North
3208,2025-03-14 15:41:00,completed,,South
3209,2025-03-14 13:06:00,unknown_status,,North
3210,2025-03-14 04:08:00,completed,,Central
3211,2025-03-14 14:13:00,completed,,East
3212,2025-03-14 16:10:00,completed,,South
3213,2025-03-14 15:12:00,completed,,Central
3214,2025-03-14 21:05:00,completed,,South
3215,2025-03-14 14:44:00,completed,,South
3216,2025-03-14 22:42:00,completed,,Central
3217,2025-03-14 20:30:00,completed,,South
3218,2025-03-14 14:08:00,completed,,Central
3219,2025-03-14 11:45:00,completed,,East
3220,2025-03-14 08:12:00,unknown_status,,South
3221,2025-03-15 22:11:00,cancelled,,Central
3222,2025-03-15 11:01:00,completed,,East
3223,2025-03-15 08:16:00,completed,,East
3224,2025-03-15 22:36:00,completed,,North
3225,2025-03-15 18:00:00,completed,,East
3226,2025-03-15 16:34:00,processing,,North
3227,2025-03-15 04:06:00,completed,,South
3228,2025-03-15 18:09:00,completed,,Central
3229,2025-03-15 19:01:00,completed,,North
3230,2025-03-15 11:26:00,completed,,Central
3231,2025-03-15 15:11:00,completed,,North
3232,2025-03-15 18:45:00,completed,,North
3233,2025-03-15 20:21:00,completed,,North
3234,2025-03-15 03:35:00,processing,,North
3235,2025-03-15 04:30:00,processing,,South
3236,2025-03-15 19:38:00,completed,,South
3237,2025-03-15 12:03:00,completed,,South
3238,2025-03-15 08:43:00,completed,,Central
3239,2025-03-15 05:15:00,completed,,North
3240,2025-03-15 18:34:00,processing,,South
3241,2025-03-15 02:41:00,completed,,North
3242,2025-03-15 16:06:00,cancelled,,North
3243,2025-03-15 01:37:00,processing,,East
3244,2025-03-15 08:57:00,completed,,East
3245,2025-03-15 04:24:00,completed,,South
3246,2025-03-15 17:22:00,processing,,Central
3247,2025-03-15 04:51:00,completed,,Central
3248,2025-03-15 01:41:00,completed,,Central
3249,2025-03-15 02:32:00,completed,,East
3250,2025-03-15 13:53:00,completed,,Central
3251,2025-03-16 16:01:00,completed,,Central
3252,2025-03-16 17:58:00,completed,,East
3253,2025-03-16 23:10:00,completed,,Central
3254,2025-03-16 17:09:00,completed,,South
3255,2025-03-16 14:08:00,completed,,South
3256,2025-03-16 11:21:00,completed,,Central
3257,2025-03-16 12:18:00,completed,,North
3258,2025-03-16 03:31:00,completed,,North
3259,2025-03-16 23:16:00,completed,,Central
3260,2025-03-16 11:46:00,completed,,South
3261,2025-03-16 16:55:00,completed,,North
3262,2025-03-16 00:32:00,completed,,South
3263,2025-03-16 13:24:00,completed,,North
3264,2025-03-16 12:18:00,completed,,East
3265,2025-03-16 22:06:00,completed,,North
3266,2025-03-16 21:23:00,completed,,East
3267,2025-03-16 07:04:00,completed,,South
3268,2025-03-16 08:12:00,completed,,Central
3269,2025-03-16 10:09:00,completed,,Central
3270,2025-03-16 20:41:00,completed,,North
3271,2025-03-16 07:32:00,completed,,North
3272,2025-03-16 23:34:00,completed,,Central
3273,2025-03-16 12:16:00,completed,,East
3274,2025-03-16 16:22:00,completed,,North
3275,2025-03-16 21:44:00,completed,,South
3276,2025-03-16 13:36:00,completed,,East
3277,2025-03-16 12:20:00,completed,,Central
3278,2025-03-16 08:55:00,completed,,North
3279,2025-03-16 12:07:00,processing,,South
3280,2025-03-16 12:51:00,completed,,South
3281,2025-03-16 09:46:00,processing,,North
3282,2025-03-16 23:55:00,completed,,East
3283,2025-03-16 02:24:00,completed,,East
3284,2025-03-16 03:26:00,completed,,North
3285,2025-03-16 21:33:00,completed,,East
3286,2025-03-16 14:09:00,completed,,Central
3287,2025-03-16 05:17:00,completed,,South
3288,2025-03-17 14:54:00,processing,,South
3289,2025-03-17 05:20:00,completed,,South
3290,2025-03-17 04:05:00,completed,,North
3291,2025-03-17 18:18:00,completed,,Central
3292,2025-03-17 10:36:00,completed,,North
3293,2025-03-17 17:27:00,completed,,Central
3294,2025-03-17 09:45:00,completed,,Central
3295,2025-03-17 17:37:00,completed,,South
3296,2025-03-17 08:44:00,completed,,North
3297,2025-03-17 17:35:00,processing,,Central
3298,2025-03-17 14:32:00,completed,,South
3299,2025-03-17 08:38:00,completed,,East
3300,2025-03-17 18:19:00,completed,,Central
3301,2025-03-17 16:18:00,completed,,Central
3302,2025-03-17 01:23:00,completed,,East
3303,2025-03-17 20:13:00,completed,,North
3304,2025-03-17 20:09:00,completed,,Central
3305,2025-03-17 12:05:00,completed,,East
3306,2025-03-17 04:13:00,completed,,South
3307,2025-03-17 14:42:00,completed,,South
3308,2025-03-17 04:35:00,completed,,South
3309,2025-03-17 19:33:00,completed,,Central
3310,2025-03-17 11:31:00,completed,,South
3311,2025-03-17 07:46:00,processing,,South
3312,2025-03-17 14:15:00,processing,,North
3313,2025-03-17 13:57:00,completed,,North
3314,2025-03-17 00:24:00,completed,,Central
3315,2025-03-17 12:54:00,completed,,Central
3316,2025-03-17 20:01:00,cancelled,,East
3317,2025-03-17 17:42:00,completed,,North
3318,2025-03-17 01:46:00,completed,,East
3319,2025-03-17 10:38:00,completed,,South
3320,2025-03-17 09:27:00,completed,,North
3321,2025-03-17 10:23:00,processing,,North
3322,2025-03-17 10:29:00,processing,,North
3323,2025-03-17 00:03:00,completed,,East
3324,2025-03-17 09:19:00,completed,,South
3325,2025-03-18 15:57:00,completed,,North
3326,2025-03-18 21:14:00,completed,,Central
3327,2025-03-18 20:39:00,completed,,East
3328,2025-03-18 05:57:00,completed,,East
3329,2025-03-18 02:04:00,completed,,North
3330,2025-03-18 19:14:00,completed,,East
3331,2025-03-18 12:14:00,processing,,North
3332,2025-03-18 14:41:00,completed,,Central
3333,2025-03-18 02:34:00,completed,,East
3334,2025-03-18 20:11:00,completed,,South
3335,2025-03-18 09:02:00,completed,,Central
3336,2025-03-18 18:47:00,processing,,Central
3337,2025-03-18 12:11:00,completed,,South
3338,2025-03-18 20:16:00,completed,,Central
3339,2025-03-18 08:31:00,refunded,,South
3340,2025-03-18 08:56:00,processing,,South
3341,2025-03-18 05:10:00,completed,,Central
3342,2025-03-18 21:14:00,processing,,North
3343,2025-03-18 02:48:00,processing,,North
3344,2025-03-18 17:41:00,completed,,Central
3345,2025-03-18 04:33:00,completed,,South
3346,2025-03-18 14:51:00,completed,,South
3347,2025-03-18 05:49:00,completed,,Central
3348,2025-03-18 07:57:00,completed,,North
3349,2025-03-18 18:31:00,completed,,South
3350,2025-03-18 00:44:00,completed,,Central
3351,2025-03-18 23:24:00,completed,,Central
3352,2025-03-18 19:48:00,completed,,South
3353,2025-03-18 20:18:00,completed,,North
3354,2025-03-18 11:12:00,completed,,North
3355,2025-03-18 04:10:00,completed,,South
3356,2025-03-18 01:18:00,completed,,South
3357,2025-03-18 07:12:00,completed,,Central
3358,2025-03-19 14:27:00,completed,,East
3359,2025-03-19 07:59:00,completed,,North
3360,2025-03-19 11:27:00,completed,,East
3361,2025-03-19 10:34:00,completed,,Central
3362,2025-03-19 02:31:00,completed,,North
3363,2025-03-19 04:11:00,processing,,North
3364,2025-03-19 10:40:00,completed,,South
3365,2025-03-19 04:03:00,processing,,South
3366,2025-03-19 23:20:00,completed,,Central
3367,2025-03-19 21:29:00,completed,,Central
3368,2025-03-19 22:48:00,completed,,North
3369,2025-03-19 09:56:00,completed,,East
3370,2025-03-19 04:33:00,completed,,Central
3371,2025-03-19 00:06:00,completed,,North
3372,2025-03-19 03:28:00,completed,,South
3373,2025-03-19 16:29:00,cancelled,,South
3374,2025-03-19 11:34:00,completed,,South
3375,2025-03-19 13:03:00,completed,,East
3376,2025-03-19 20:34:00,completed,,East
3377,2025-03-19 15:13:00,processing,,East
3378,2025-03-19 21:30:00,completed,,East
3379,2025-03-19 17:49:00,completed,,Central
3380,2025-03-19 21:51:00,completed,,East
3381,2025-03-19 05:22:00,completed,,East
3382,2025-03-19 04:19:00,completed,,Central
3383,2025-03-19 00:04:00,completed,,East
3384,2025-03-19 12:22:00,completed,,East
3385,2025-03-19 09:35:00,processing,,Central
3386,2025-03-19 05:33:00,completed,,South
3387,2025-03-19 02:49:00,processing,,North
3388,2025-03-19 09:01:00,completed,,Central
3389,2025-03-19 22:45:00,completed,,South
3390,2025-03-19 16:08:00,completed,,Central
3391,2025-03-19 07:05:00,completed,,Central
3392,2025-03-19 20:14:00,completed,,North
3393,2025-03-19 09:53:00,completed,,South
3394,2025-03-19 08:04:00,refunded,,East
3395,2025-03-19 04:41:00,completed,,South
3396,2025-03-19 22:52:00,completed,,East
3397,2025-03-19 12:07:00,completed,,Central
3398,2025-03-19 13:28:00,completed,,East
3399,2025-03-19 11:48:00,completed,,East
3400,2025-03-19 08:14:00,completed,,North
3401,2025-03-19 19:25:00,completed,,East
3402,2025-03-19 22:31:00,cancelled,,North
3403,2025-03-20 08:16:00,completed,,East
3404,2025-03-20 13:31:00,completed,,Central
3405,2025-03-20 06:00:00,completed,,Central
3406,2025-03-20 10:31:00,completed,,North
3407,2025-03-20 09:49:00,completed,,East
3408,2025-03-20 10:29:00,completed,,Central
3409,2025-03-20 07:55:00,completed,,Central
3410,2025-03-20 00:25:00,completed,,North
3411,2025-03-20 15:38:00,completed,,North
3412,2025-03-20 03:08:00,completed,,Central
3413,2025-03-20 10:32:00,completed,,Central
3414,2025-03-20 23:25:00,completed,,North
3415,2025-03-20 12:28:00,completed,,South
3416,2025-03-20 14:42:00,completed,,North
3417,2025-03-20 21:48:00,processing,,Central
3418,2025-03-20 05:12:00,completed,,South
3419,2025-03-20 12:37:00,completed,,Central
3420,2025-03-20 22:07:00,completed,,Central
3421,2025-03-20 15:36:00,completed,,North
3422,2025-03-20 10:06:00,completed,,North
3423,2025-03-20 01:15:00,completed,,South
3424,2025-03-20 16:55:00,completed,,North
3425,2025-03-20 13:39:00,completed,,East
3426,2025-03-20 08:36:00,completed,,North
3427,2025-03-20 17:30:00,completed,,North
3428,2025-03-20 01:05:00,completed,,South
3429,2025-03-20 09:28:00,completed,,South
3430,2025-03-20 01:57:00,completed,,Central
3431,2025-03-20 23:15:00,completed,,East
3432,2025-03-20 17:40:00,completed,,East
3433,2025-03-21 16:20:00,completed,,North
3434,2025-03-21 13:36:00,completed,,Central
3435,2025-03-21 18:55:00,cancelled,,South
3436,2025-03-21 17:53:00,completed,,North
3437,2025-03-21 22:25:00,completed,,South
3438,2025-03-21 05:48:00,completed,,South
3439,2025-03-21 10:00:00,completed,,South
3440,2025-03-21 16:34:00,refunded,,South
3441,2025-03-21 19:05:00,completed,,East
3442,2025-03-21 20:23:00,completed,,Central
3443,2025-03-21 00:52:00,completed,,South
3444,2025-03-21 08:40:00,completed,,East
3445,2025-03-21 03:09:00,completed,,East
3446,2025-03-21 09:51:00,processing,,East
3447,2025-03-21 01:46:00,completed,,North
3448,2025-03-21 16:34:00,processing,,East
3449,2025-03-21 15:41:00,completed,,Central
3450,2025-03-21 17:28:00,processing,,East
3451,2025-03-21 03:24:00,completed,,East
3452,2025-03-21 22:25:00,completed,,Central
3453,2025-03-21 03:22:00,completed,,North
3454,2025-03-21 05:35:00,completed,,Central
3455,2025-03-21 06:47:00,completed,,East
3456,2025-03-21 09:17:00,completed,,East
3457,2025-03-21 22:00:00,completed,,North
3458,2025-03-21 15:38:00,completed,,North
3459,2025-03-21 21:51:00,completed,,East
3460,2025-03-21 20:33:00,completed,,South
3461,2025-03-21 16:31:00,completed,,North
3462,2025-03-21 11:38:00,processing,,Central
3463,2025-03-21 03:46:00,completed,,North
3464,2025-03-21 19:21:00,completed,,South
3465,2025-03-21 17:24:00,completed,,East
3466,2025-03-21 23:34:00,completed,,South
3467,2025-03-21 12:41:00,completed,,East
3468,2025-03-22 17:20:00,completed,,South
3469,2025-03-22 06:25:00,completed,,North
3470,2025-03-22 05:56:00,completed,,East
3471,2025-03-22 12:44:00,completed,,Central
3472,2025-03-22 03:02:00,completed,,North
3473,2025-03-22 23:38:00,completed,,South
3474,2025-03-22 00:23:00,completed,,South
3475,2025-03-22 15:07:00,completed,,East
3476,2025-03-22 10:08:00,completed,,East
3477,2025-03-22 19:15:00,completed,,East
3478,2025-03-22 04:01:00,completed,,East
3479,2025-03-22 13:52:00,completed,,Central
3480,2025-03-22 09:22:00,completed,,North
3481,2025-03-22 07:29:00,completed,,East
3482,2025-03-22 19:57:00,completed,,Central
3483,2025-03-22 15:37:00,completed,,South
3484,2025-03-22 09:13:00,completed,,South
3485,2025-03-22 00:40:00,completed,,North
3486,2025-03-22 12:36:00,completed,,Central
3487,2025-03-22 03:25:00,completed,,Central
3488,2025-03-22 20:07:00,completed,,East
3489,2025-03-22 04:16:00,completed,,South
3490,2025-03-22 02:56:00,completed,,East
3491,2025-03-22 02:38:00,completed,,North
3492,2025-03-22 09:04:00,completed,,South
3493,2025-03-22 20:45:00,completed,,East
3494,2025-03-22 20:04:00,completed,,North
3495,2025-03-22 08:14:00,completed,,Central
3496,2025-03-22 09:18:00,completed,,Central
3497,2025-03-22 01:07:00,completed,,South
3498,2025-03-22 14:00:00,completed,,South
3499,2025-03-22 15:35:00,completed,,East
3500,2025-03-22 14:37:00,completed,,South
3501,2025-03-22 12:34:00,completed,,South
3502,2025-03-22 19:31:00,completed,,North
3503,2025-03-22 20:49:00,completed,,North
3504,2025-03-22 13:58:00,refunded,,South
3505,2025-03-23 06:10:00,completed,,East
3506,2025-03-23 20:15:00,processing,,East
3507,2025-03-23 03:55:00,processing,,East
3508,2025-03-23 02:56:00,completed,,North
3509,2025-03-23 14:36:00,cancelled,,South
3510,2025-03-23 12:21:00,processing,,East
3511,2025-03-23 05:44:00,processing,,Central
3512,2025-03-23 03:51:00,completed,,South
3513,2025-03-23 02:01:00,completed,,Central
3514,2025-03-23 20:42:00,completed,,South
3515,2025-03-23 04:01:00,completed,,Central
3516,2025-03-23 09:05:00,completed,,North
3517,2025-03-23 23:19:00,completed,,North
3518,2025-03-23 19:40:00,completed,,Central
3519,2025-03-23 03:38:00,refunded,,East
3520,2025-03-23 19:59:00,completed,,East
3521,2025-03-23 18:15:00,completed,,Central
3522,2025-03-23 02:55:00,cancelled,,East
3523,2025-03-23 15:12:00,completed,,North
3524,2025-03-23 05:09:00,completed,,Central
3525,2025-03-23 03:17:00,completed,,Central
3526,2025-03-23 01:49:00,completed,,East
3527,2025-03-23 15:11:00,completed,,North
3528,2025-03-23 08:58:00,completed,,South
3529,2025-03-23 22:23:00,completed,,Central
3530,2025-03-23 14:12:00,completed,,North
3531,2025-03-23 22:58:00,completed,,Central
3532,2025-03-23 08:50:00,processing,,East
3533,2025-03-23 06:16:00,processing,,North
3534,2025-03-23 04:18:00,completed,,East
3535,2025-03-23 20:26:00,completed,,North
3536,2025-03-23 03:29:00,completed,,South
3537,2025-03-23 17:08:00,completed,,Central
3538,2025-03-23 16:10:00,completed,,Central
3539,2025-03-23 19:08:00,completed,,East
3540,2025-03-23 00:00:00,processing,,North
3541,2025-03-24 07:33:00,completed,,East
3542,2025-03-24 19:55:00,completed,,East
3543,2025-03-24 04:11:00,completed,,North
3544,2025-03-24 13:12:00,processing,,East
3545,2025-03-24 13:03:00,completed,,South
3546,2025-03-24 11:47:00,completed,,Central
3547,2025-03-24 09:44:00,cancelled,,South
3548,2025-03-24 21:17:00,completed,,Central
3549,2025-03-24 21:14:00,completed,,East
3550,2025-03-24 10:42:00,completed,,South
3551,2025-03-24 23:14:00,completed,,North
3552,2025-03-24 08:04:00,refunded,,South
3553,2025-03-24 06:59:00,completed,,Central
3554,2025-03-24 12:25:00,completed,,North
3555,2025-03-24 09:47:00,completed,,Central
3556,2025-03-24 14:22:00,cancelled,,South
3557,2025-03-24 21:06:00,completed,,South
3558,2025-03-24 13:51:00,completed,,South
3559,2025-03-24 19:07:00,completed,,South
3560,2025-03-24 11:03:00,completed,,North
3561,2025-03-24 20:43:00,cancelled,,East
3562,2025-03-24 04:04:00,completed,,Central
3563,2025-03-24 07:27:00,completed,,Central
3564,2025-03-24 12:32:00,completed,,East
3565,2025-03-24 07:03:00,completed,,East
3566,2025-03-24 04:10:00,cancelled,,North
3567,2025-03-24 07:38:00,completed,,East
3568,2025-03-24 17:40:00,completed,,South
3569,2025-03-24 20:41:00,completed,,Central
3570,2025-03-24 08:52:00,completed,,North
3571,2025-03-24 03:22:00,processing,,South
3572,2025-03-24 11:46:00,completed,,North
3573,2025-03-24 08:13:00,completed,,South
3574,2025-03-25 16:51:00,completed,2.0,East
3575,2025-03-25 19:52:00,completed,2.0,South
3576,2025-03-25 20:49:00,completed,2.0,Central
3577,2025-03-25 03:58:00,completed,2.0,Central
3578,2025-03-25 01:23:00,completed,2.0,North
3579,2025-03-25 07:33:00,completed,2.0,East
3580,2025-03-25 16:12:00,refunded,2.0,South
3581,2025-03-25 00:26:00,processing,2.0,North
3582,2025-03-25 18:07:00,completed,2.0,North
3583,2025-03-25 17:15:00,completed,2.0,North
3584,2025-03-25 03:17:00,completed,2.0,South
3585,2025-03-25 22:06:00,completed,2.0,North
3586,2025-03-25 02:33:00,completed,2.0,Central
3587,2025-03-25 17:01:00,completed,2.0,South
3588,2025-03-25 09:10:00,completed,2.0,Central
3589,2025-03-25 12:16:00,completed,2.0,South
3590,2025-03-25 08:43:00,completed,2.0,South
3591,2025-03-25 21:23:00,completed,2.0,East
3592,2025-03-25 06:11:00,completed,2.0,East
3593,2025-03-25 17:39:00,completed,2.0,South
3594,2025-03-25 16:51:00,completed,2.0,Central
3595,2025-03-25 22:16:00,completed,2.0,East
3596,2025-03-25 23:47:00,completed,2.0,Central
3597,2025-03-25 17:31:00,processing,2.0,North
3598,2025-03-25 23:04:00,completed,2.0,Central
3599,2025-03-25 13:40:00,processing,2.0,North
3600,2025-03-25 17:26:00,completed,2.0,East
3601,2025-03-25 07:37:00,completed,2.0,Central
3602,2025-03-25 16:01:00,completed,2.0,Central
3603,2025-03-25 10:44:00,completed,2.0,Central
3604,2025-03-25 04:40:00,completed,2.0,East
3605,2025-03-25 08:41:00,cancelled,2.0,Central
3606,2025-03-25 08:15:00,completed,2.0,East
3607,2025-03-25 06:27:00,completed,2.0,North
3608,2025-03-25 11:54:00,cancelled,2.0,Central
3609,2025-03-25 10:36:00,completed,2.0,Central
3610,2025-03-25 21:32:00,completed,2.0,North
3611,2025-03-25 08:36:00,completed,2.0,North
3612,2025-03-25 10:00:00,completed,2.0,North
3613,2025-03-25 16:21:00,completed,2.0,East
3614,2025-03-25 09:50:00,completed,2.0,South
3615,2025-03-25 22:47:00,unknown_status,2.0,Central
3616,2025-03-25 16:34:00,completed,2.0,North
3617,2025-03-25 13:49:00,completed,2.0,North
3618,2025-03-26 21:38:00,completed,2.0,East
3619,2025-03-26 19:02:00,completed,2.0,North
3620,2025-03-26 00:11:00,processing,2.0,North
3621,2025-03-26 09:46:00,completed,2.0,East
3622,2025-03-26 15:51:00,completed,2.0,Central
3623,2025-03-26 07:17:00,completed,2.0,East
3624,2025-03-26 23:43:00,completed,2.0,Central
3625,2025-03-26 10:07:00,completed,2.0,Central
3626,2025-03-26 00:08:00,completed,2.0,East
3627,2025-03-26 12:45:00,completed,2.0,Central
3628,2025-03-26 03:53:00,completed,2.0,Central
3629,2025-03-26 05:07:00,completed,2.0,East
3630,2025-03-26 18:04:00,completed,2.0,Central
3631,2025-03-26 04:37:00,completed,2.0,East
3632,2025-03-26 21:38:00,refunded,2.0,North
3633,2025-03-26 13:23:00,completed,2.0,East
3634,2025-03-26 15:23:00,completed,2.0,North
3635,2025-03-26 06:28:00,completed,2.0,East
3636,2025-03-26 05:47:00,completed,2.0,East
3637,2025-03-26 17:54:00,cancelled,2.0,North
3638,2025-03-26 10:24:00,completed,2.0,Central
3639,2025-03-26 14:54:00,completed,2.0,South
3640,2025-03-26 23:31:00,completed,2.0,East
3641,2025-03-26 00:31:00,completed,2.0,South
3642,2025-03-26 19:12:00,completed,2.0,Central
3643,2025-03-26 15:12:00,completed,2.0,North
3644,2025-03-26 02:29:00,completed,2.0,North
3645,2025-03-26 17:40:00,completed,2.0,North
3646,2025-03-26 09:39:00,refunded,2.0,East
3647,2025-03-26 04:05:00,cancelled,2.0,Central
3648,2025-03-26 15:58:00,completed,2.0,South
3649,2025-03-26 06:21:00,cancelled,2.0,North
3650,2025-03-26 00:02:00,completed,2.0,North
3651,2025-03-26 19:01:00,cancelled,2.0,South
3652,2025-03-26 03:13:00,completed,2.0,East
3653,2025-03-26 21:27:00,completed,2.0,East
3654,2025-03-26 15:02:00,completed,2.0,North
3655,2025-03-26 12:28:00,completed,2.0,North
3656,2025-03-26 02:32:00,completed,2.0,East
3657,2025-03-26 19:13:00,completed,2.0,Central
3658,2025-03-26 03:32:00,cancelled,2.0,North
3659,2025-03-26 06:06:00,completed,2.0,Central
3660,2025-03-26 00:43:00,processing,2.0,Central
3661,2025-03-26 10:46:00,completed,2.0,East
3662,2025-03-26 16:24:00,completed,2.0,South
3663,2025-03-26 17:37:00,refunded,2.0,Central
3664,2025-03-26 02:39:00,completed,2.0,Central
3665,2025-03-26 17:46:00,completed,2.0,East
3666,2025-03-26 14:36:00,unknown_status,2.0,Central
3667,2025-03-26 03:32:00,completed,2.0,East
3668,2025-03-26 19:51:00,completed,2.0,North
3669,2025-03-26 22:07:00,completed,2.0,North
3670,2025-03-26 02:10:00,completed,2.0,North
3671,2025-03-26 04:59:00,completed,2.0,South
3672,2025-03-26 09:05:00,completed,2.0,East
3673,2025-03-26 13:43:00,completed,2.0,North
3674,2025-03-27 21:34:00,completed,2.0,Central
3675,2025-03-27 11:08:00,completed,2.0,East
3676,2025-03-27 05:08:00,completed,2.0,Central
3677,2025-03-27 00:22:00,completed,2.0,South
3678,2025-03-27 09:53:00,completed,2.0,North
3679,2025-03-27 16:29:00,completed,2.0,South
3680,2025-03-27 05:02:00,completed,2.0,Central
3681,2025-03-27 09:44:00,completed,2.0,Central
3682,2025-03-27 04:02:00,completed,2.0,South
3683,2025-03-27 08:35:00,completed,2.0,North
3684,2025-03-27 14:04:00,completed,2.0,North
3685,2025-03-27 20:22:00,completed,2.0,Central
3686,2025-03-27 01:06:00,completed,2.0,South
3687,2025-03-27 16:58:00,completed,2.0,North
3688,2025-03-27 23:32:00,completed,2.0,South
3689,2025-03-27 06:32:00,completed,2.0,North
3690,2025-03-27 15:26:00,completed,2.0,South
3691,2025-03-27 01:40:00,processing,2.0,North
3692,2025-03-27 04:20:00,processing,2.0,North
3693,2025-03-27 20:27:00,completed,2.0,North
3694,2025-03-27 21:08:00,completed,2.0,Central
3695,2025-03-27 01:06:00,cancelled,2.0,Central
3696,2025-03-27 09:31:00,completed,2.0,North
3697,2025-03-27 14:12:00,completed,2.0,Central
3698,2025-03-27 01:11:00,completed,2.0,East
3699,2025-03-27 22:55:00,completed,2.0,South
3700,2025-03-27 20:06:00,completed,2.0,North
3701,2025-03-27 10:37:00,completed,2.0,North
3702,2025-03-27 05:40:00,processing,2.0,North
3703,2025-03-27 13:45:00,completed,2.0,Central
3704,2025-03-27 04:46:00,completed,2.0,North
3705,2025-03-27 04:32:00,completed,2.0,East
3706,2025-03-27 00:45:00,completed,2.0,Central
3707,2025-03-27 02:19:00,completed,2.0,North
3708,2025-03-27 01:06:00,completed,2.0,North
3709,2025-03-27 19:11:00,completed,2.0,Central
3710,2025-03-27 07:46:00,unknown_status,2.0,North
3711,2025-03-27 16:43:00,completed,2.0,South
3712,2025-03-27 01:47:00,completed,2.0,Central
3713,2025-03-27 00:51:00,completed,2.0,South
3714,2025-03-27 17:44:00,completed,2.0,North
3715,2025-03-27 06:51:00,processing,2.0,North
3716,2025-03-27 01:11:00,completed,2.0,North
3717,2025-03-27 01:25:00,processing,2.0,East
3718,2025-03-27 13:53:00,completed,2.0,South
3719,2025-03-27 01:19:00,completed,2.0,East
3720,2025-03-27 12:03:00,completed,2.0,East
3721,2025-03-27 05:46:00,completed,2.0,Central
3722,2025-03-27 19:01:00,completed,2.0,Central
3723,2025-03-27 12:28:00,completed,2.0,Central
3724,2025-03-27 17:44:00,completed,2.0,East
3725,2025-03-27 12:23:00,completed,2.0,North
3726,2025-03-27 10:36:00,completed,2.0,South
3727,2025-03-27 18:44:00,completed,2.0,South
3728,2025-03-27 08:13:00,completed,2.0,North
3729,2025-03-27 22:26:00,completed,2.0,South
3730,2025-03-27 08:36:00,completed,2.0,North
3731,2025-03-27 13:20:00,completed,2.0,Central
3732,2025-03-27 21:47:00,completed,2.0,North
3733,2025-03-27 18:15:00,completed,2.0,East
3734,2025-03-27 00:57:00,completed,2.0,North
3735,2025-03-28 09:29:00,completed,2.0,East
3736,2025-03-28 03:34:00,completed,2.0,South
3737,2025-03-28 22:25:00,completed,2.0,North
3738,2025-03-28 10:07:00,completed,2.0,North
3739,2025-03-28 01:26:00,completed,2.0,East
3740,2025-03-28 15:41:00,completed,2.0,Central
3741,2025-03-28 01:30:00,completed,2.0,North
3742,2025-03-28 23:01:00,completed,2.0,East
3743,2025-03-28 12:51:00,completed,2.0,Central
3744,2025-03-28 14:03:00,completed,2.0,East
3745,2025-03-28 11:26:00,completed,2.0,Central
3746,2025-03-28 19:43:00,completed,2.0,East
3747,2025-03-28 10:08:00,processing,2.0,South
3748,2025-03-28 09:04:00,completed,2.0,Central
3749,2025-03-28 11:51:00,completed,2.0,South
3750,2025-03-28 20:40:00,completed,2.0,South
3751,2025-03-28 10:20:00,completed,2.0,East
3752,2025-03-28 18:06:00,completed,2.0,Central
3753,2025-03-28 10:26:00,completed,2.0,South
3754,2025-03-28 16:00:00,completed,2.0,North
3755,2025-03-28 02:22:00,completed,2.0,East
3756,2025-03-28 20:42:00,completed,2.0,South
3757,2025-03-28 08:09:00,completed,2.0,Central
3758,2025-03-28 09:10:00,completed,2.0,North
3759,2025-03-28 10:39:00,completed,2.0,North
3760,2025-03-28 13:24:00,completed,2.0,East
3761,2025-03-28 21:16:00,completed,2.0,North
3762,2025-03-28 10:04:00,completed,2.0,East
3763,2025-03-28 18:54:00,completed,2.0,North
3764,2025-03-28 05:04:00,completed,2.0,East
3765,2025-03-28 01:16:00,completed,2.0,South
3766,2025-03-28 01:59:00,refunded,2.0,East
3767,2025-03-28 08:16:00,processing,2.0,Central
3768,2025-03-28 15:47:00,completed,2.0,North
3769,2025-03-28 20:19:00,completed,2.0,East
3770,2025-03-28 02:32:00,processing,2.0,Central
3771,2025-03-28 21:45:00,completed,2.0,North
3772,2025-03-28 08:39:00,completed,2.0,Central
3773,2025-03-28 20:52:00,completed,2.0,Central
3774,2025-03-28 22:01:00,completed,2.0,Central
3775,2025-03-28 02:57:00,completed,2.0,Central
3776,2025-03-28 00:24:00,processing,2.0,Central
3777,2025-03-28 00:43:00,processing,2.0,Central
3778,2025-03-28 19:14:00,completed,2.0,South
3779,2025-03-29 19:41:00,completed,2.0,East
3780,2025-03-29 18:44:00,completed,2.0,Central
3781,2025-03-29 22:15:00,completed,2.0,North
3782,2025-03-29 14:10:00,completed,2.0,North
3783,2025-03-29 01:31:00,completed,2.0,North
3784,2025-03-29 07:56:00,completed,2.0,East
3785,2025-03-29 04:48:00,completed,2.0,South
3786,2025-03-29 22:58:00,completed,2.0,South
3787,2025-03-29 08:38:00,completed,2.0,East
3788,2025-03-29 21:04:00,completed,2.0,Central
3789,2025-03-29 14:10:00,cancelled,2.0,South
3790,2025-03-29 08:48:00,completed,2.0,North
3791,2025-03-29 15:48:00,completed,2.0,South
3792,2025-03-29 13:09:00,completed,2.0,Central
3793,2025-03-29 07:30:00,processing,2.0,East
3794,2025-03-29 07:17:00,processing,2.0,South
3795,2025-03-29 19:26:00,completed,2.0,East
3796,2025-03-29 16:47:00,completed,2.0,Central
3797,2025-03-29 17:25:00,processing,2.0,North
3798,2025-03-29 22:12:00,completed,2.0,North
3799,2025-03-29 08:17:00,completed,2.0,South
3800,2025-03-29 13:27:00,completed,2.0,Central
3801,2025-03-29 11:31:00,cancelled,2.0,South
3802,2025-03-29 16:15:00,completed,2.0,North
3803,2025-03-29 23:09:00,completed,2.0,South
3804,2025-03-29 05:03:00,completed,2.0,Central
3805,2025-03-29 00:59:00,completed,2.0,South
3806,2025-03-29 07:49:00,processing,2.0,South
3807,2025-03-29 21:56:00,completed,2.0,South
3808,2025-03-29 04:47:00,completed,2.0,South
3809,2025-03-29 11:51:00,completed,2.0,East
3810,2025-03-29 03:24:00,completed,2.0,East
3811,2025-03-29 23:16:00,completed,2.0,South
3812,2025-03-29 00:44:00,completed,2.0,South
3813,2025-03-29 16:35:00,completed,2.0,North
3814,2025-03-29 04:12:00,completed,2.0,Central
3815,2025-03-29 11:06:00,completed,2.0,East
3816,2025-03-29 17:25:00,unknown_status,2.0,East
3817,2025-03-29 15:03:00,completed,2.0,South
3818,2025-03-29 05:48:00,completed,2.0,North
3819,2025-03-29 20:27:00,completed,2.0,East
3820,2025-03-29 10:50:00,completed,2.0,North
3821,2025-03-29 13:17:00,completed,2.0,East
3822,2025-03-29 10:10:00,completed,2.0,Central
3823,2025-03-29 02:59:00,completed,2.0,Central
3824,2025-03-29 03:03:00,completed,2.0,South
3825,2025-03-29 07:21:00,completed,2.0,North
3826,2025-03-29 14:07:00,completed,2.0,North
3827,2025-03-29 01:40:00,completed,2.0,Central
3828,2025-03-29 00:41:00,processing,2.0,South
3829,2025-03-29 09:19:00,completed,2.0,South
3830,2025-03-29 07:56:00,completed,2.0,South
3831,2025-03-30 03:25:00,completed,2.0,North
3832,2025-03-30 03:30:00,completed,2.0,South
3833,2025-03-30 18:03:00,completed,2.0,North
3834,2025-03-30 16:19:00,refunded,2.0,Central
3835,2025-03-30 10:40:00,completed,2.0,South
3836,2025-03-30 05:56:00,completed,2.0,East
3837,2025-03-30 00:53:00,completed,2.0,North
3838,2025-03-30 09:58:00,completed,2.0,East
3839,2025-03-30 23:39:00,completed,2.0,South
3840,2025-03-30 04:48:00,completed,2.0,South
3841,2025-03-30 03:16:00,completed,2.0,South
3842,2025-03-30 20:00:00,completed,2.0,South
3843,2025-03-30 20:13:00,cancelled,2.0,North
3844,2025-03-30 12:58:00,completed,2.0,Central
3845,2025-03-30 03:07:00,completed,2.0,South
3846,2025-03-30 16:21:00,completed,2.0,North
3847,2025-03-30 03:40:00,completed,2.0,Central
3848,2025-03-30 06:40:00,completed,2.0,Central
3849,2025-03-30 08:49:00,completed,2.0,South
3850,2025-03-30 06:08:00,processing,2.0,North
3851,2025-03-30 01:49:00,completed,2.0,Central
3852,2025-03-30 05:43:00,completed,2.0,South
3853,2025-03-30 13:03:00,completed,2.0,North
3854,2025-03-30 14:56:00,processing,2.0,North
3855,2025-03-30 20:33:00,completed,2.0,South
3856,2025-03-30 08:52:00,completed,2.0,East
3857,2025-03-30 01:23:00,completed,2.0,East
3858,2025-03-30 18:55:00,completed,2.0,East
3859,2025-03-30 10:24:00,completed,2.0,East
3860,2025-03-30 15:38:00,completed,2.0,South
3861,2025-03-30 14:53:00,refunded,2.0,Central
3862,2025-03-30 02:13:00,completed,2.0,East
3863,2025-03-30 16:08:00,completed,2.0,South
3864,2025-03-30 03:15:00,completed,2.0,North
3865,2025-03-30 06:36:00,completed,2.0,South
3866,2025-03-30 17:09:00,completed,2.0,Central
3867,2025-03-30 08:52:00,completed,2.0,East
3868,2025-03-30 15:45:00,completed,2.0,South
3869,2025-03-30 11:48:00,completed,2.0,East
3870,2025-03-30 20:56:00,completed,2.0,South
3871,2025-03-30 00:26:00,completed,2.0,North
3872,2025-03-30 08:13:00,completed,2.0,South
3873,2025-03-30 09:55:00,completed,2.0,East
3874,2025-03-30 09:09:00,processing,2.0,South
3875,2025-03-30 10:43:00,completed,2.0,South
3876,2025-03-30 09:19:00,completed,2.0,East
3877,2025-03-30 11:42:00,completed,2.0,North
3878,2025-03-30 06:22:00,completed,2.0,South
3879,2025-03-31 18:49:00,completed,2.0,East
3880,2025-03-31 05:33:00,completed,2.0,South
3881,2025-03-31 12:04:00,completed,2.0,North
3882,2025-03-31 18:01:00,completed,2.0,Central
3883,2025-03-31 22:12:00,completed,2.0,Central
3884,2025-03-31 22:45:00,completed,2.0,South
3885,2025-03-31 15:16:00,completed,2.0,South
3886,2025-03-31 15:07:00,completed,2.0,South
3887,2025-03-31 16:37:00,completed,2.0,East
3888,2025-03-31 00:34:00,completed,2.0,South
3889,2025-03-31 00:04:00,completed,2.0,East
3890,2025-03-31 16:18:00,completed,2.0,North
3891,2025-03-31 08:10:00,completed,2.0,Central
3892,2025-03-31 19:41:00,completed,2.0,East
3893,2025-03-31 07:45:00,processing,2.0,North
3894,2025-03-31 17:32:00,completed,2.0,North
3895,2025-03-31 16:50:00,completed,2.0,North
3896,2025-03-31 10:37:00,completed,2.0,North
3897,2025-03-31 22:26:00,completed,2.0,Central
3898,2025-03-31 19:39:00,completed,2.0,East
3899,2025-03-31 23:33:00,completed,2.0,South
3900,2025-03-31 17:58:00,completed,2.0,East
3901,2025-03-31 21:27:00,completed,2.0,East
3902,2025-03-31 09:02:00,completed,2.0,North
3903,2025-03-31 04:50:00,completed,2.0,South
3904,2025-03-31 22:21:00,refunded,2.0,South
3905,2025-03-31 08:22:00,completed,2.0,North
3906,2025-03-31 07:05:00,completed,2.0,North
3907,2025-03-31 23:50:00,completed,2.0,South
3908,2025-03-31 01:50:00,completed,2.0,North
3909,2025-03-31 05:59:00,processing,2.0,Central
3910,2025-03-31 03:09:00,completed,2.0,North
3911,2025-03-31 10:24:00,completed,2.0,East
3912,2025-03-31 16:51:00,processing,2.0,East
3913,2025-03-31 17:07:00,completed,2.0,South
3914,2025-03-31 03:26:00,completed,2.0,Central
3915,2025-03-31 23:43:00,processing,2.0,North
3916,2025-03-31 12:43:00,completed,2.0,North
3917,2025-03-31 15:28:00,completed,2.0,South
3918,2025-03-31 15:12:00,refunded,2.0,North
3919,2025-03-31 15:07:00,completed,2.0,North
3920,2025-03-31 06:40:00,completed,2.0,South
3921,2025-03-31 22:54:00,completed,2.0,East
3922,2025-03-31 08:48:00,completed,2.0,East
3923,2025-03-31 11:50:00,completed,2.0,Central
3924,2025-03-31 22:03:00,completed,2.0,South
3925,2025-03-31 09:55:00,completed,2.0,South
3926,2025-03-31 00:03:00,unknown_status,2.0,North
3927,2025-03-31 05:37:00,completed,2.0,East
3928,2025-03-31 02:38:00,completed,2.0,Central
3929,2025-03-31 13:23:00,processing,2.0,North
3930,2025-03-31 19:52:00,completed,2.0,East
3931,2025-03-31 00:05:00,completed,2.0,South
3932,2025-03-31 11:12:00,completed,2.0,East
3933,2025-03-31 13:50:00,cancelled,2.0,North
3934,2025-03-31 07:03:00,unknown_status,2.0,South
3935,2025-03-31 03:45:00,processing,2.0,North
3936,2025-03-31 12:48:00,refunded,2.0,Central
10,2025-01-01 19:44:00,completed,,South
